datetime,cluster_0,cluster_1,cluster_2
2023-01-01 00:00:00,0.2047429240606968,0.8665995691336837,0.8774960898106394
2023-01-01 01:00:00,0.1714075897254195,0.926504496655433,0.8831852370617437
2023-01-01 02:00:00,0.1530280417087031,0.924445114883722,0.8626299091413909
2023-01-01 03:00:00,0.1418326064652087,0.8849101721071729,0.8747658012739195
2023-01-01 04:00:00,0.1467633481119193,0.8743259517195957,0.894160632214515
2023-01-01 05:00:00,0.1550500416288188,0.8815389396318423,0.8764161253287122
2023-01-01 06:00:00,0.164491242053462,0.8606308083129085,0.9043391109292024
2023-01-01 07:00:00,0.1452531066595339,0.8500840118507934,0.9713913848976684
2023-01-01 08:00:00,0.0925284039740469,0.8034008157019521,0.9769460609535764
2023-01-01 09:00:00,0.0477684537569681,0.8595665950401157,0.9729257627250322
2023-01-01 10:00:00,0.0343984864116494,0.885866969239478,0.9702326425539902
2023-01-01 11:00:00,0.0595302909028296,0.9046660965564204,0.9768214662090624
2023-01-01 12:00:00,0.0885205876593496,0.8998536876603669,0.9784472004260892
2023-01-01 13:00:00,0.1399277472028545,0.8867538925869013,0.9653851128871144
2023-01-01 14:00:00,0.1982827965730156,0.8908347584842856,0.9128901226068634
2023-01-01 15:00:00,0.2812473758373385,0.931386187185649,0.9162904888975854
2023-01-01 16:00:00,0.3294319327360664,0.9702074543323392,0.925025896309248
2023-01-01 17:00:00,0.3318084875742594,0.9699430060542488,0.9419828427383324
2023-01-01 18:00:00,0.3266642779306649,0.9650465211057976,0.9815850413702673
2023-01-01 19:00:00,0.306216341218138,0.9195307376337988,0.981259810379128
2023-01-01 20:00:00,0.2837634242438023,0.9060615589416106,0.9702734261556388
2023-01-01 21:00:00,0.2667489799798703,0.9350225847530989,0.9338713253245634
2023-01-01 22:00:00,0.3318394679649203,0.9746473131616132,0.9647531696394378
2023-01-01 23:00:00,0.2943324855729645,0.975267986846126,0.9087981242759556
2023-01-02 00:00:00,0.2452034576266419,0.9331010556688496,0.7544389238544539
2023-01-02 01:00:00,0.2282301678377039,0.8580236871258106,0.6020552114723554
2023-01-02 02:00:00,0.2575091785854763,0.761755905899347,0.4752214204252156
2023-01-02 03:00:00,0.2565028184379627,0.7415822720995136,0.4072978854958528
2023-01-02 04:00:00,0.1975779003567165,0.7048489252726237,0.3312888519436705
2023-01-02 05:00:00,0.1357036010891783,0.5252964356366325,0.2427837521422143
2023-01-02 06:00:00,0.0906809638528262,0.4701087443657171,0.2218106618893692
2023-01-02 07:00:00,0.0511124087314979,0.4184972600999221,0.1756672578699448
2023-01-02 08:00:00,0.0133154583133124,0.3135058147455352,0.1572891076405843
2023-01-02 09:00:00,0.0008853070097031,0.1889137878916622,0.1185920892977247
2023-01-02 10:00:00,0.00038149543837,0.0936827238868264,0.0488012701857323
2023-01-02 11:00:00,0.0006536701146294,0.0376148488786485,0.0425038454579372
2023-01-02 12:00:00,0.0009298511579924,0.007921074340546,0.0457790797831965
2023-01-02 13:00:00,0.0015465434080635,0.0011631441272162,0.0865563925574807
2023-01-02 14:00:00,0.0334076180177576,0.0009436046375947,0.1655805344675101
2023-01-02 15:00:00,0.1206796893886491,0.0305862765686184,0.2766264092688467
2023-01-02 16:00:00,0.1994775198643503,0.1027093097275378,0.3583144455953361
2023-01-02 17:00:00,0.2021379938312605,0.1125971943724389,0.3872160007751066
2023-01-02 18:00:00,0.1510442588843551,0.0814044241811715,0.4455114283592872
2023-01-02 19:00:00,0.1108933430092007,0.0732640659107881,0.563177727406321
2023-01-02 20:00:00,0.108846484446058,0.0948295640010459,0.6107541081172968
2023-01-02 21:00:00,0.1660846144545312,0.1365341392217897,0.6536027590433756
2023-01-02 22:00:00,0.2882709939495411,0.165071265370238,0.6908096893160951
2023-01-02 23:00:00,0.3397506732566684,0.2095267912920783,0.672220557343726
2023-01-03 00:00:00,0.4023914118997412,0.2268097166921578,0.663611234403124
2023-01-03 01:00:00,0.4530078912872115,0.2338599815867305,0.6092672566183253
2023-01-03 02:00:00,0.4908445613836151,0.241291058608909,0.6259123951781029
2023-01-03 03:00:00,0.4667124794978721,0.2763997339734844,0.6710864702860514
2023-01-03 04:00:00,0.3965302588892918,0.3219205429351408,0.6409683695026472
2023-01-03 05:00:00,0.3150724850448907,0.3770080719118804,0.6618851680381624
2023-01-03 06:00:00,0.2481223461674709,0.4214550451515547,0.8113268590440937
2023-01-03 07:00:00,0.1639523459415809,0.4658777495614843,0.8441629783779967
2023-01-03 08:00:00,0.097505672305238,0.5061994346917844,0.772397985645369
2023-01-03 09:00:00,0.0516166874006682,0.5592477944941302,0.6813230982013777
2023-01-03 10:00:00,0.0424299477751738,0.5666833064135383,0.6840530750798244
2023-01-03 11:00:00,0.0474678016955556,0.6606254203646791,0.5386521146188374
2023-01-03 12:00:00,0.0506035954344506,0.6940963034536324,0.8215939203898112
2023-01-03 13:00:00,0.0936814149220784,0.7055166936388202,0.8525082768957599
2023-01-03 14:00:00,0.1683948904860253,0.7184014226876053,0.7721299751132142
2023-01-03 15:00:00,0.2499485982009788,0.6608565180909399,0.7143239320493212
2023-01-03 16:00:00,0.2951238357942868,0.6447813838135962,0.6847791578255448
2023-01-03 17:00:00,0.347844684825224,0.6414242819243786,0.7323839150223077
2023-01-03 18:00:00,0.37767389397216,0.6155528196322372,0.7563949098774031
2023-01-03 19:00:00,0.4038480761783575,0.5987379753511715,0.7262510879367006
2023-01-03 20:00:00,0.4105155982223212,0.6070485379960802,0.721969398797727
2023-01-03 21:00:00,0.4178314380396425,0.5707388609842537,0.6966230635549507
2023-01-03 22:00:00,0.4661295304890551,0.6419155363943062,0.8057683402416753
2023-01-03 23:00:00,0.4724107926187951,0.6866212639154172,0.8332499242296406
2023-01-04 00:00:00,0.4331197847727857,0.71754378898471,0.8334572642457252
2023-01-04 01:00:00,0.3777404688542185,0.72818390528361,0.7667177331213857
2023-01-04 02:00:00,0.3374053917679132,0.7178758078930425,0.7468600179634842
2023-01-04 03:00:00,0.316001017888387,0.6774884859720866,0.7496324052997664
2023-01-04 04:00:00,0.2990272060718412,0.6025836826149934,0.7475817811255361
2023-01-04 05:00:00,0.2790716956643497,0.5817539629593393,0.5809916312398474
2023-01-04 06:00:00,0.2685207541471992,0.6173496931986091,0.4325058896557178
2023-01-04 07:00:00,0.2835542766097324,0.6479246663112266,0.3815834288503609
2023-01-04 08:00:00,0.2635511884502336,0.6123045768613129,0.3777871225394454
2023-01-04 09:00:00,0.3341480563668644,0.7571080338721181,0.4391953836079516
2023-01-04 10:00:00,0.3215124513588699,0.5927701401554681,0.3590346847484315
2023-01-04 11:00:00,0.2747861232632905,0.6606851091571883,0.290862008637073
2023-01-04 12:00:00,0.1779171937431385,0.5446882263507719,0.3501026645984525
2023-01-04 13:00:00,0.1386764704012403,0.4306285365734225,0.1474639831804761
2023-01-04 14:00:00,0.1032988347259222,0.4025503420362286,0.0589831670125325
2023-01-04 15:00:00,0.1076774269926781,0.3721902915854859,0.102779608146817
2023-01-04 16:00:00,0.114218090094772,0.2224219982920129,0.1972441049962262
2023-01-04 17:00:00,0.0973351328980688,0.1124760917588776,0.3154474722793678
2023-01-04 18:00:00,0.0952625508401908,0.0644163290659586,0.2922141255896076
2023-01-04 19:00:00,0.1047647233102835,0.0431985243473177,0.3271752712773342
2023-01-04 20:00:00,0.0963872554255466,0.0846768126768224,0.4013606364430945
2023-01-04 21:00:00,0.0763136732812021,0.142479281799466,0.5945091309890248
2023-01-04 22:00:00,0.073929697859521,0.1793174525491552,0.8350290036668965
2023-01-04 23:00:00,0.1230605092703127,0.2121951408635557,0.8870744829863505
2023-01-05 00:00:00,0.2041998626359927,0.279165255478005,0.9275152979333416
2023-01-05 01:00:00,0.3838206817901212,0.3864069951125999,0.97717522328196
2023-01-05 02:00:00,0.595959245769027,0.5096587791941525,0.9808083016887988
2023-01-05 03:00:00,0.7329568488925111,0.6162547597698136,0.9839802785636552
2023-01-05 04:00:00,0.8103606467153512,0.7756095961028454,0.9867954409979528
2023-01-05 05:00:00,0.8016382292205212,0.9451407825245576,0.975984616996416
2023-01-05 06:00:00,0.714541285645728,0.9803381963492998,0.9911392031152264
2023-01-05 07:00:00,0.5975507521161846,0.984097945144753,0.9941073461295732
2023-01-05 08:00:00,0.6348711369084377,0.9971220820557836,0.9755938349206464
2023-01-05 09:00:00,0.7029640160354913,0.9972650116565182,0.843892839219835
2023-01-05 10:00:00,0.545040719649371,0.998037665498023,0.581926535936742
2023-01-05 11:00:00,0.3894427071988972,0.998139468673008,0.641651060066971
2023-01-05 12:00:00,0.3550643609240164,0.9971287608925812,0.7592309129004384
2023-01-05 13:00:00,0.4458908099754184,0.9906770918104384,0.7659977370617437
2023-01-05 14:00:00,0.5469212812535903,0.9769235654594072,0.8221440782733992
2023-01-05 15:00:00,0.6162309257033604,0.9754228467255636,0.8217922285491345
2023-01-05 16:00:00,0.6317209184559341,0.9821890257542428,0.9170695223839456
2023-01-05 17:00:00,0.6634111591413909,0.9732204480888016,0.9616459179547876
2023-01-05 18:00:00,0.6331065199733559,0.9126957787407768,0.9228158713945376
2023-01-05 19:00:00,0.6358850703519933,0.8395510187336043,0.8162087739682665
2023-01-05 20:00:00,0.6366276896856968,0.7923634940502691,0.6799292470894608
2023-01-05 21:00:00,0.6163336093129674,0.7820679627212823,0.5611186791089625
2023-01-05 22:00:00,0.657204506443996,0.8633716371324327,0.5029436653735591
2023-01-05 23:00:00,0.670903673358992,0.9313052993973876,0.417151846916847
2023-01-06 00:00:00,0.6906944349700329,0.9271177279403786,0.309702990101833
2023-01-06 01:00:00,0.729338804880778,0.8896681031370475,0.5207512970843347
2023-01-06 02:00:00,0.7565462916505102,0.8464313893536337,0.5904109259836035
2023-01-06 03:00:00,0.8254839018279431,0.7438942310856838,0.5422073329975402
2023-01-06 04:00:00,0.8531431808970333,0.6474856395347445,0.5208333722906175
2023-01-06 05:00:00,0.8673455606099048,0.682387679230933,0.5192653416028989
2023-01-06 06:00:00,0.8520988638884102,0.6469884947234509,0.4797260589848936
2023-01-06 07:00:00,0.8063410777671665,0.6374082471810135,0.4061614984001209
2023-01-06 08:00:00,0.768534314398672,0.7270773064856435,0.2940609252530765
2023-01-06 09:00:00,0.9715227956086202,0.6698765941694671,0.2313389591142243
2023-01-06 10:00:00,0.9969003932927948,0.6671051885567459,0.1664644713495291
2023-01-06 11:00:00,0.9740710694805468,0.6643377098382688,0.1583043149873322
2023-01-06 12:00:00,0.936465419195836,0.6550480524698893,0.1426539935317693
2023-01-06 13:00:00,0.919600966709112,0.5694663368798548,0.1325656619726442
2023-01-06 14:00:00,0.8624284594666725,0.3904156232970992,0.1242297420314714
2023-01-06 15:00:00,0.6724549929300944,0.4128162034975937,0.0924721652386235
2023-01-06 16:00:00,0.616522131402508,0.4377000487707799,0.0668000941183052
2023-01-06 17:00:00,0.499014449275397,0.3079232655319513,0.039787289363886
2023-01-06 18:00:00,0.3947247539470399,0.2025148385490467,0.0206501959196103
2023-01-06 19:00:00,0.2737709400700587,0.1678865680507585,0.0030127136535893
2023-01-06 20:00:00,0.2103717903685725,0.1728521733502157,0.001211685292861
2023-01-06 21:00:00,0.1894904242621528,0.1800221119051665,0.0008220325887592
2023-01-06 22:00:00,0.1240102566924749,0.1884729316811156,0.0167949421733033
2023-01-06 23:00:00,0.0909773041220272,0.152322813576343,0.0375639531347486
2023-01-07 00:00:00,0.062488691479552,0.0941930331435858,0.0408851122544481
2023-01-07 01:00:00,0.0338175744792215,0.0739619778651817,0.0680420912948309
2023-01-07 02:00:00,0.0015029946183846,0.0548321359297808,0.0872982015796736
2023-01-07 03:00:00,0.0009961268481086,0.0485029793253131,0.0892178451313692
2023-01-07 04:00:00,0.0003475655917248,0.0444545138115976,0.0987859917621986
2023-01-07 05:00:00,0.0,0.0578809485715978,0.1064506932800891
2023-01-07 06:00:00,0.0,0.0457919477637297,0.1101996851902382
2023-01-07 07:00:00,0.0002779033448961,0.0331453665409212,0.1262785289801803
2023-01-07 08:00:00,0.0001110699441697,0.0358902683445051,0.1487173636754354
2023-01-07 09:00:00,0.0,0.0335260395910225,0.1536266476500268
2023-01-07 10:00:00,0.0,0.0312118592605092,0.1202918735204958
2023-01-07 11:00:00,0.0,0.0021809156424079,0.1195780553069769
2023-01-07 12:00:00,0.0002115711667179,0.000962552291895,0.1170931727278466
2023-01-07 13:00:00,0.0012836429028729,0.0007024271036285,0.13489844752293
2023-01-07 14:00:00,0.028520587223028,0.0011622979750041,0.1581816346037621
2023-01-07 15:00:00,0.0676668391508214,0.001389065209557,0.2235159967459884
2023-01-07 16:00:00,0.0945917999043184,0.0071059516052794,0.2736779724071228
2023-01-07 17:00:00,0.1176524045420628,0.0343169289476731,0.2685115165959776
2023-01-07 18:00:00,0.1589811081979789,0.0526290781357709,0.3146835822685092
2023-01-07 19:00:00,0.2286896767959096,0.0588038154676848,0.2795044986251133
2023-01-07 20:00:00,0.2588921465904884,0.0567424531076468,0.2610375086466471
2023-01-07 21:00:00,0.2576530119952033,0.0586990281647326,0.2760463384241839
2023-01-07 22:00:00,0.2999054232453988,0.0812659076615875,0.3340225967706418
2023-01-07 23:00:00,0.2953888824562621,0.0689200793995576,0.3175979361814611
2023-01-08 00:00:00,0.3276882420957478,0.0692436508103913,0.2785880269567951
2023-01-08 01:00:00,0.319747374727835,0.0680735999462651,0.2859822722042308
2023-01-08 02:00:00,0.322352876850203,0.0820465181388107,0.2761267524918699
2023-01-08 03:00:00,0.324276517419254,0.0873808767281326,0.3466705792869617
2023-01-08 04:00:00,0.3336344263912026,0.0895657492618934,0.3655853162403979
2023-01-08 05:00:00,0.3404823378020641,0.092778065625359,0.4220200161528743
2023-01-08 06:00:00,0.3252158164978027,0.0959935609032126,0.5149339928346521
2023-01-08 07:00:00,0.321933140162549,0.1063750304427801,0.3884454022825154
2023-01-08 08:00:00,0.3009673255720949,0.110446343234941,0.2701861188302632
2023-01-08 09:00:00,0.2762201938753814,0.0955221933477065,0.2507982752681558
2023-01-08 10:00:00,0.2710045895545311,0.0921181136486577,0.1511636434816846
2023-01-08 11:00:00,0.2173951716204873,0.0835710880803126,0.1708948845956839
2023-01-08 12:00:00,0.2183015175115049,0.08735598302355,0.2935241406259973
2023-01-08 13:00:00,0.276010572520736,0.094839240990433,0.4051641202440449
2023-01-08 14:00:00,0.3282526271795136,0.1419352667004454,0.5340290225409214
2023-01-08 15:00:00,0.4208259161780862,0.1974222239326028,0.5921579809749827
2023-01-08 16:00:00,0.4903295305040147,0.2579385470720677,0.6196501286201227
2023-01-08 17:00:00,0.5231554913364984,0.284968924678229,0.6622802135991115
2023-01-08 18:00:00,0.6079567413704068,0.3059304866915435,0.7473141632828058
2023-01-08 19:00:00,0.6556696798287186,0.3112123137206034,0.8935213462979186
2023-01-08 20:00:00,0.7156626102971095,0.298711396510305,0.8701761594784805
2023-01-08 21:00:00,0.7408616870057348,0.3302520708320967,0.8861382926990783
2023-01-08 22:00:00,0.7527132501789168,0.4939241736542945,0.6095271017037186
2023-01-08 23:00:00,0.773959711486218,0.4398327154271743,0.6226227563970229
2023-01-09 00:00:00,0.7469772357566684,0.5011639953438752,0.8603048885569853
2023-01-09 01:00:00,0.8342092644934561,0.5346236197777043,0.963405671462514
2023-01-09 02:00:00,0.8218350316963944,0.6823792364083084,0.9541111553416532
2023-01-09 03:00:00,0.8629244449091893,0.6328328762179106,0.9617240818497402
2023-01-09 04:00:00,0.8760957717895508,0.5842932766559077,0.9453814325768964
2023-01-09 05:00:00,0.928038640739092,0.5444778414333568,0.9439230837853126
2023-01-09 06:00:00,0.9610151590085496,0.5978777985167659,0.9343320185842078
2023-01-09 07:00:00,0.9582086014591792,0.6245945325863906,0.9336106605779112
2023-01-09 08:00:00,0.9690295263053544,0.675074624080284,0.9609803405462528
2023-01-09 09:00:00,0.9704668256971573,0.7270303800994274,0.8177002084021474
2023-01-09 10:00:00,0.9228838502971176,0.8744699627745385,0.6365486609390358
2023-01-09 11:00:00,0.9329032773285908,0.6579928304634842,0.6586411607031728
2023-01-09 12:00:00,0.933807373046875,0.6841426082685882,0.8464673921173694
2023-01-09 13:00:00,0.9401859021654316,0.7417564298592362,0.8389441172281901
2023-01-09 14:00:00,0.9429860644870334,0.8289660752988329,0.8826599993736916
2023-01-09 15:00:00,0.955927636888292,0.95837582482232,0.9023233114504348
2023-01-09 16:00:00,0.963398565653882,0.9491618411992888,0.9055519540325488
2023-01-09 17:00:00,0.9788593279769996,0.9731217147478092,0.9193816340826696
2023-01-09 18:00:00,0.9782456385543924,0.9727325314789816,0.9410677330166686
2023-01-09 19:00:00,0.97227100920833,0.9520810258154776,0.9168433208091586
2023-01-09 20:00:00,0.9677220388175616,0.9762829487619836,0.9231413174298854
2023-01-09 21:00:00,0.9454051186056698,0.9760542913200028,0.9683999610103032
2023-01-09 22:00:00,0.887382282930262,0.9517461053686204,0.9111618715174058
2023-01-09 23:00:00,0.8084482492185107,0.9290056228637696,0.9396683624367308
2023-01-10 00:00:00,0.831338508456361,0.9072061862820894,0.9548603444317588
2023-01-10 01:00:00,0.8981552809671639,0.929669779110578,0.969680465124791
2023-01-10 02:00:00,0.9249765109392551,0.9401642294491038,0.9756480260612138
2023-01-10 03:00:00,0.9294584997339186,0.950603728200875,0.9832163293377246
2023-01-10 04:00:00,0.965933207592933,0.965699900209514,0.9880048402773788
2023-01-10 05:00:00,0.9796586473003712,0.97264319463493,0.986506786221772
2023-01-10 06:00:00,0.9859316364612454,0.9688037859848122,0.9829070022682738
2023-01-10 07:00:00,0.9890483002257502,0.9083799474379596,0.9805540633357428
2023-01-10 08:00:00,0.9874434626959508,0.97022739734525,0.9780319033105388
2023-01-10 09:00:00,0.9830178809321783,0.9717949854782204,0.8653966741624222
2023-01-10 10:00:00,0.9938622798795014,0.923152331433265,0.7055856106328029
2023-01-10 11:00:00,0.9622063293955684,0.865811298096102,0.6470951099021761
2023-01-10 12:00:00,0.9789426061842176,0.845023965523913,0.6132851784525354
2023-01-10 13:00:00,0.9927013496947444,0.8371314628451478,0.5854407167123034
2023-01-10 14:00:00,0.9981013154671862,0.95659605662028,0.6516296910304649
2023-01-10 15:00:00,0.9991360552170696,0.983104132359324,0.8751030903236539
2023-01-10 16:00:00,0.9985909960628334,0.998380570629843,0.8567286535026202
2023-01-10 17:00:00,0.9976321575688382,0.9998631789014232,0.8062289649364995
2023-01-10 18:00:00,0.997409290737576,0.9992606967103248,0.7372202779732498
2023-01-10 19:00:00,0.9978179339489908,0.9983374807569714,0.7264193553550571
2023-01-10 20:00:00,0.9972969659792832,0.9915804738312765,0.8645927703458499
2023-01-10 21:00:00,0.9954666405721426,0.9836654818915074,0.7941015374426748
2023-01-10 22:00:00,0.9864275471057766,0.9490008946337732,0.6189266840616862
2023-01-10 23:00:00,0.9691577955009112,0.8616034750844918,0.587296010622012
2023-01-11 00:00:00,0.9206521526660796,0.7215140754101323,0.5688760405272439
2023-01-11 01:00:00,0.8713082332237094,0.5597798497069115,0.4971308412115558
2023-01-11 02:00:00,0.8776891309451433,0.519586832694758,0.4384705303541196
2023-01-11 03:00:00,0.7554956510955212,0.5151266366048576,0.3674601791730893
2023-01-11 04:00:00,0.6415896041720521,0.5500788470498876,0.4690136317334144
2023-01-11 05:00:00,0.5450618656632168,0.5342578654195748,0.4922290876799938
2023-01-11 06:00:00,0.4680142137739393,0.4557378775154064,0.5269954640880908
2023-01-11 07:00:00,0.4214559972675797,0.4787361388112984,0.4320995558321087
2023-01-11 08:00:00,0.5777123862621831,0.4513988229963515,0.3157242450838775
2023-01-11 09:00:00,0.5063055231680278,0.3577726915770886,0.2902361645418055
2023-01-11 10:00:00,0.3480794180452434,0.2309696347105737,0.2783922619289822
2023-01-11 11:00:00,0.3640527023988611,0.1741058156381245,0.2152456052942213
2023-01-11 12:00:00,0.3968074711319668,0.1517940502540738,0.2317548857794867
2023-01-11 13:00:00,0.2886706364700218,0.2175876798193439,0.2358004002789266
2023-01-11 14:00:00,0.2162806847516228,0.2358803406260372,0.2491856119991128
2023-01-11 15:00:00,0.3284540363386565,0.2717875312356388,0.312569152295979
2023-01-11 16:00:00,0.4442050519332387,0.2561545745999205,0.3522105762381959
2023-01-11 17:00:00,0.4271650314331054,0.2097573747821882,0.3959103581172968
2023-01-11 18:00:00,0.3137376183777853,0.2546033173604728,0.4039101101993735
2023-01-11 19:00:00,0.3648248684951682,0.3494763919730592,0.4000005753211726
2023-01-11 20:00:00,0.3909107236301198,0.3789443829480339,0.4071996710658853
2023-01-11 21:00:00,0.3459947233885722,0.3597941803776361,0.3993644885767519
2023-01-11 22:00:00,0.273948526070788,0.2703414399639454,0.4319611328100067
2023-01-11 23:00:00,0.2841374858532076,0.2234371222701727,0.5236997323877671
2023-01-12 00:00:00,0.2909688918419134,0.1623450190413232,0.4550685524161345
2023-01-12 01:00:00,0.2436005056293961,0.1573314970614863,0.4152679022620706
2023-01-12 02:00:00,0.222595202377419,0.2081662657993291,0.4161055446450227
2023-01-12 03:00:00,0.3789528787525651,0.2899054483650556,0.4135945217282164
2023-01-12 04:00:00,0.4487927131403505,0.3062912654253392,0.4206265577303818
2023-01-12 05:00:00,0.3717736309649898,0.2385779424430498,0.4280078005946539
2023-01-12 06:00:00,0.2931816406499327,0.1992054858238868,0.4209444180033566
2023-01-12 07:00:00,0.2972227997250027,0.1415941177629956,0.3914603142956503
2023-01-12 08:00:00,0.1945608924416934,0.1448249700022678,0.3481875930736267
2023-01-12 09:00:00,0.1096960610034419,0.1156416944428986,0.2093762665792228
2023-01-12 10:00:00,0.1111941711575377,0.0660305163439582,0.0797253730250339
2023-01-12 11:00:00,0.1156876952040429,0.0513742484298406,0.0902003166722316
2023-01-12 12:00:00,0.1183639437544579,0.063936710357666,0.1153317853516223
2023-01-12 13:00:00,0.154723092621448,0.0731410232244753,0.1212460386986826
2023-01-12 14:00:00,0.1616475044512281,0.0805399932113348,0.1661029516481885
2023-01-12 15:00:00,0.2399971500720853,0.1333420650631773,0.2651290924720515
2023-01-12 16:00:00,0.3405412225162282,0.1620313934251374,0.2980895182665656
2023-01-12 17:00:00,0.3085269070918264,0.2306689405752942,0.2749931983698427
2023-01-12 18:00:00,0.2528221872117784,0.1561083746891395,0.2199139439202601
2023-01-12 19:00:00,0.1760036586936003,0.0809366562787224,0.2583621124816097
2023-01-12 20:00:00,0.1380898555119832,0.0457535019887039,0.2939919989093456
2023-01-12 21:00:00,0.0989866841073129,0.0342596274575376,0.3008341025682836
2023-01-12 22:00:00,0.0723623995687447,0.0033472472546147,0.2066754079332538
2023-01-12 23:00:00,0.091411085689769,0.0394281382654227,0.2324209961236692
2023-01-13 00:00:00,0.1211101751701504,0.0678673678753422,0.261583530824948
2023-01-13 01:00:00,0.1134493654849482,0.0389072618453331,0.2373759949129391
2023-01-13 02:00:00,0.0911700725555419,0.0207013063181459,0.195832654541614
2023-01-13 03:00:00,0.1035248415142882,0.0372501732477175,0.2264319837482926
2023-01-13 04:00:00,0.1218714667301552,0.0726823713265213,0.2622647410124735
2023-01-13 05:00:00,0.1246945881376079,0.1164514060113944,0.2827699137668983
2023-01-13 06:00:00,0.1103424207836973,0.123991849375706,0.3031524318495607
2023-01-13 07:00:00,0.0674048592062557,0.0817493130179012,0.3004310645309149
2023-01-13 08:00:00,0.0230757368156333,0.0238086468254039,0.3260887604133755
2023-01-13 09:00:00,0.0010010716961879,0.0034994486889808,0.1955310721802555
2023-01-13 10:00:00,0.0012586455719143,0.0011328750965641,0.1442964170493331
2023-01-13 11:00:00,0.0013781809339336,0.0007256004545423,0.1486174382415472
2023-01-13 12:00:00,0.0051961241204754,0.0002201409900889,0.1821200426887063
2023-01-13 13:00:00,0.0176516062293956,0.0003035504833545,0.2538520557428497
2023-01-13 14:00:00,0.0311749047703213,0.0096227998047872,0.3781172870810515
2023-01-13 15:00:00,0.0563783972871069,0.0898699666939529,0.4443226748821782
2023-01-13 16:00:00,0.0714369614919026,0.1292687888238944,0.4390541774774689
2023-01-13 17:00:00,0.0844162118201162,0.11758007255255,0.4244008921330271
2023-01-13 18:00:00,0.0799312544803993,0.1171429601370119,0.3912233106451097
2023-01-13 19:00:00,0.0513844162810082,0.0970010196461397,0.364759026010052
2023-01-13 20:00:00,0.0248229464674307,0.0876944205340217,0.377169272478889
2023-01-13 21:00:00,0.0220733900475346,0.0772884312797995,0.3680548854902679
2023-01-13 22:00:00,0.0016270357798906,0.0164514495656381,0.2854570345161787
2023-01-13 23:00:00,0.0087544088270149,0.0105558018279231,0.2756321882110795
2023-01-14 00:00:00,0.0136993285877252,0.0120345237208347,0.2696474985359541
2023-01-14 01:00:00,0.0110429548749736,0.0134037943447337,0.2702677764144598
2023-01-14 02:00:00,0.0025453201306411,0.0205402588532641,0.2648220031090032
2023-01-14 03:00:00,0.0080440149587743,0.0372263239879234,0.2751587637109694
2023-01-14 04:00:00,0.0164181780970953,0.0286026417819503,0.2845692229426764
2023-01-14 05:00:00,0.0154394998269922,0.0440318588337867,0.2833957578621658
2023-01-14 06:00:00,0.0150526243876787,0.05219955070346,0.2801525483723559
2023-01-14 07:00:00,0.0100803644049401,0.0349953279775731,0.2665279893314137
2023-01-14 08:00:00,0.0007878136790655,0.0121932890680101,0.2389615968941084
2023-01-14 09:00:00,0.0002889060506633,0.0013413604568032,0.2175864955179052
2023-01-14 10:00:00,0.0003908911561654,0.0,0.0876606913173899
2023-01-14 11:00:00,0.0004549435540741,0.0,0.1042276153377458
2023-01-14 12:00:00,0.0010649102186065,0.0,0.1074479841718486
2023-01-14 13:00:00,0.0160616141518736,0.0,0.0945036084044213
2023-01-14 14:00:00,0.0371536125544629,0.0004189594898348,0.1086614996779198
2023-01-14 15:00:00,0.045423905444301,0.0012361683876685,0.1290057219711004
2023-01-14 16:00:00,0.0363677167424968,0.0010513515254251,0.1242037964802162
2023-01-14 17:00:00,0.0149836185710882,0.0002593530548943,0.1333049699371936
2023-01-14 18:00:00,0.0016002888773001,0.0,0.1369675701739741
2023-01-14 19:00:00,0.0118140508146846,0.0008792861614351,0.1284816568973017
2023-01-14 20:00:00,0.0135471158557467,0.0113968977741166,0.0922572145275041
2023-01-14 21:00:00,0.0050260385656668,0.0166774018138062,0.0812652531792135
2023-01-14 22:00:00,0.0009306042022954,0.0012450670105179,0.0796195338754092
2023-01-14 23:00:00,0.0006430616565779,0.0004906697210922,0.076226276509902
2023-01-15 00:00:00,0.0007916244806027,0.0003022224295373,0.0974013057409548
2023-01-15 01:00:00,0.0008885361789877,0.0007100455901202,0.1067300988178627
2023-01-15 02:00:00,0.0009491992931739,0.001680860721987,0.1316770619037104
2023-01-15 03:00:00,0.0008058684324127,0.019889550271377,0.1874483925065184
2023-01-15 04:00:00,0.000674294880013,0.0240589906187618,0.2916980070226332
2023-01-15 05:00:00,0.0004710110963559,0.0304498353035621,0.4304917980642879
2023-01-15 06:00:00,0.0004217215612822,0.0419906514142853,0.4746940245036206
2023-01-15 07:00:00,0.0002437884511511,0.0259211421792024,0.5295668552124422
2023-01-15 08:00:00,0.0,0.0147517237787932,0.7020221504510618
2023-01-15 09:00:00,0.0,0.0058416583958794,0.5353864891077179
2023-01-15 10:00:00,0.0,0.0051288129457461,0.503694169661578
2023-01-15 11:00:00,0.0,0.0015301832965776,0.6562208194358675
2023-01-15 12:00:00,0.0,0.001344958161996,0.7473927011676863
2023-01-15 13:00:00,0.001229022063461,0.0020754863234127,0.5988716611675187
2023-01-15 14:00:00,0.0044640388364106,0.0246351462563658,0.6811081007415173
2023-01-15 15:00:00,0.035698977171206,0.0534924338845645,0.8300021863451191
2023-01-15 16:00:00,0.0530359324286965,0.1125311384014054,0.8068859343435251
2023-01-15 17:00:00,0.0594748936447442,0.2061286159590178,0.7321355389613731
2023-01-15 18:00:00,0.0971168630263384,0.2518956489812315,0.6921012448329551
2023-01-15 19:00:00,0.1490170698539883,0.2135262956806257,0.6755222900241029
2023-01-15 20:00:00,0.1573354239557303,0.1803641973757276,0.6554831523521273
2023-01-15 21:00:00,0.1581429266462139,0.1641727779425826,0.6064245513841218
2023-01-15 22:00:00,0.2231775826098872,0.1981782819710525,0.4284106921526341
2023-01-15 23:00:00,0.2312679602429757,0.2230548297657686,0.4136443979599896
2023-01-16 00:00:00,0.2246478928460015,0.2410804898131127,0.4221153009950725
2023-01-16 01:00:00,0.2246881590949164,0.2368880627202052,0.424617608388265
2023-01-16 02:00:00,0.2349482361787285,0.2375947353886623,0.4168875981000514
2023-01-16 03:00:00,0.2577578818875979,0.2626584028106888,0.4027614188350104
2023-01-16 04:00:00,0.3103370993745093,0.3291835769329195,0.3523279062283584
2023-01-16 05:00:00,0.3526957159728007,0.3514491763769412,0.2923705718096565
2023-01-16 06:00:00,0.4058555029576121,0.352214677661073,0.2669879720101948
2023-01-16 07:00:00,0.4959536533729702,0.4585490429323483,0.2671531820608899
2023-01-16 08:00:00,0.5501073404075273,0.5061318749695821,0.2503865528730006
2023-01-16 09:00:00,0.5160556275860156,0.41099700273252,0.2613054568471472
2023-01-16 10:00:00,0.5486636769537832,0.4446609690298442,0.1137665673798205
2023-01-16 11:00:00,0.610868619158377,0.4861352724187514,0.0814181683110255
2023-01-16 12:00:00,0.6608425776163737,0.5604090332205779,0.0944965960932713
2023-01-16 13:00:00,0.7061877998651243,0.5506582119885612,0.1169038052652396
2023-01-16 14:00:00,0.7697261268017339,0.6158456381629495,0.1362217407600552
2023-01-16 15:00:00,0.8138280943328259,0.7012357898786956,0.2326785816865809
2023-01-16 16:00:00,0.8622621835446825,0.8111295326083314,0.3466372552260854
2023-01-16 17:00:00,0.8825952180849961,0.8719800874298694,0.3769017278758529
2023-01-16 18:00:00,0.9038723777322208,0.9062587451311498,0.362245879142113
2023-01-16 19:00:00,0.945795464359857,0.9528640859267292,0.3652461432164011
2023-01-16 20:00:00,0.97630073198306,0.9712243516460742,0.4337429813310212
2023-01-16 21:00:00,0.985171810474271,0.9554016886193768,0.5096505358328227
2023-01-16 22:00:00,0.99378556519552,0.9401679007835636,0.4894327961541468
2023-01-16 23:00:00,0.9953445141611534,0.9005152384440104,0.5527685124889697
2023-01-17 00:00:00,0.9971562055201312,0.8956948947283178,0.6224310086443533
2023-01-17 01:00:00,0.9970252342473448,0.9436001247829862,0.6910723985410204
2023-01-17 02:00:00,0.9973393328049602,0.979982139238345,0.7173287915248496
2023-01-17 03:00:00,0.9976939500546922,0.994365034539715,0.7731953415216184
2023-01-17 04:00:00,0.9973194895226972,0.9915998278100504,0.7869583204680798
2023-01-17 05:00:00,0.9982081519232854,0.986877288693696,0.7980072264577829
2023-01-17 06:00:00,0.9997406972000022,0.9903007550956376,0.802588144938151
2023-01-17 07:00:00,0.9998421482011384,0.9975091803307626,0.6802675490285836
2023-01-17 08:00:00,0.9990833195206388,0.9968225441726984,0.6439221793530033
2023-01-17 09:00:00,0.99856403762219,0.9866506507973264,0.6307820712818819
2023-01-17 10:00:00,0.9971293530433006,0.9822799053067476,0.4964901886734308
2023-01-17 11:00:00,0.9971403857461766,0.9849272771598466,0.4485764363232781
2023-01-17 12:00:00,0.996955968196096,0.9966664470099156,0.4716403967414806
2023-01-17 13:00:00,0.9983665615904564,0.9971116352704614,0.4944849014282226
2023-01-17 14:00:00,0.9901682504641464,0.9973704051348118,0.5212889076058381
2023-01-17 15:00:00,0.9300581115523197,0.9976873304329666,0.6002242892396216
2023-01-17 16:00:00,0.966702529807496,0.998120217541464,0.4875325221641391
2023-01-17 17:00:00,0.9638688517551796,0.999151423086528,0.3878182507807912
2023-01-17 18:00:00,0.913790073270112,1.0,0.4508147987664915
2023-01-17 19:00:00,0.7597090122746486,0.9986281519621804,0.380921268774793
2023-01-17 20:00:00,0.6182256399416456,0.9970992780199236,0.395495382009768
2023-01-17 21:00:00,0.6328884293051327,0.9730009347005608,0.3604414727952745
2023-01-17 22:00:00,0.7530965150571337,0.7837019434162215,0.2288290098601696
2023-01-17 23:00:00,0.8717297261057336,0.8043583888633579,0.2550528189715217
2023-01-18 00:00:00,0.9077414905323702,0.8501163432800692,0.3234107509937162
2023-01-18 01:00:00,0.9740321932275312,0.86630455964531,0.4050758664124931
2023-01-18 02:00:00,0.9816737611309376,0.9139520857069228,0.4488589950636321
2023-01-18 03:00:00,0.9800283924426908,0.9777688294454338,0.6445251539641735
2023-01-18 04:00:00,0.9975661389967972,0.9876316170287288,0.8899278204425488
2023-01-18 05:00:00,0.9987012825760188,0.9967423700818828,0.980935476963816
2023-01-18 06:00:00,1.0,0.9980603355208252,0.9821040084938596
2023-01-18 07:00:00,1.0,0.999322370766035,0.9783236996021146
2023-01-18 08:00:00,1.0,1.0,0.9721581109988144
2023-01-18 09:00:00,1.0,1.0,0.9163338343302408
2023-01-18 10:00:00,1.0,1.0,0.7922839744418275
2023-01-18 11:00:00,1.0,1.0,0.6169950494579239
2023-01-18 12:00:00,1.0,1.0,0.6087199691074346
2023-01-18 13:00:00,1.0,1.0,0.7150743615393544
2023-01-18 14:00:00,1.0,1.0,0.717157382591098
2023-01-18 15:00:00,1.0,1.0,0.8164569536844889
2023-01-18 16:00:00,0.9970225633359422,1.0,0.8372261009964288
2023-01-18 17:00:00,0.9782306322085312,1.0,0.9294185887754352
2023-01-18 18:00:00,0.9783741601931504,1.0,0.9679246385113086
2023-01-18 19:00:00,0.9254526001176024,1.0,0.9819394155265458
2023-01-18 20:00:00,0.7139587308846268,0.999339003968083,0.9783032517028012
2023-01-18 21:00:00,0.5508770194708132,0.9974294955434362,0.8552301568922653
2023-01-18 22:00:00,0.5126910817389395,0.959319120918224,0.5726753340827094
2023-01-18 23:00:00,0.6106344001745087,0.8124788134705787,0.3687220991047379
2023-01-19 00:00:00,0.61964081003775,0.6458004128699208,0.3396985998340681
2023-01-19 01:00:00,0.6595879349054075,0.5739371059766781,0.2489608908011243
2023-01-19 02:00:00,0.8465354894500932,0.5471542458129085,0.0902032852172851
2023-01-19 03:00:00,0.9114918178982204,0.5218548322814742,0.0688511483809527
2023-01-19 04:00:00,0.9378406300264246,0.527711023692212,0.0023632817019044
2023-01-19 05:00:00,0.9633009792153352,0.650433951733159,0.0
2023-01-19 06:00:00,0.9792382452223036,0.8099911259669883,0.0129720899793836
2023-01-19 07:00:00,0.9977416337705124,0.8924882801529629,0.2115428276311338
2023-01-19 08:00:00,0.9992070135727428,0.940399076424393,0.2109213062361175
2023-01-19 09:00:00,0.9985812286925472,0.972519918204912,0.2283804556902717
2023-01-19 10:00:00,0.9984455981285744,0.9835712644788952,0.2927634638119367
2023-01-19 11:00:00,0.9993703910727906,0.9449767567753012,0.4075755371766932
2023-01-19 12:00:00,0.9989498206992552,0.9761413842244864,0.2207541465759277
2023-01-19 13:00:00,0.9999272277931762,0.9706888915666568,0.1957230474434647
2023-01-19 14:00:00,0.9998855528488656,0.9731864243551016,0.2730618987987244
2023-01-19 15:00:00,1.0,0.9969217356513528,0.3392457588046205
2023-01-19 16:00:00,1.0,0.999515739141726,0.3514808159248501
2023-01-19 17:00:00,1.0,0.999596446168189,0.4499221860972884
2023-01-19 18:00:00,1.0,0.999985822665146,0.5220345733991636
2023-01-19 19:00:00,1.0,1.0,0.4774335085176954
2023-01-19 20:00:00,1.0,1.0,0.4539614331488515
2023-01-19 21:00:00,0.9994012888740093,1.0,0.4362436774509405
2023-01-19 22:00:00,1.0,0.9989457223929612,0.4304302034814373
2023-01-19 23:00:00,0.9985700463936996,0.9991866217719184,0.3589291463490405
2023-01-20 00:00:00,0.9902405894659704,0.9985132934221256,0.2988716449612885
2023-01-20 01:00:00,0.9562838747610454,0.9970919135349248,0.1841961231107026
2023-01-20 02:00:00,0.9122474022160948,0.985236912770988,0.1343269091026455
2023-01-20 03:00:00,0.8927214691062378,0.979789637272654,0.0925944365707098
2023-01-20 04:00:00,0.8723531423830518,0.982915473140143,0.1215553517435111
2023-01-20 05:00:00,0.8537266862158682,0.9796385359919928,0.2416978069380218
2023-01-20 06:00:00,0.781351697211172,0.97768173654095,0.1602718993729236
2023-01-20 07:00:00,0.621517787571826,0.9790716888078675,0.1128165394652123
2023-01-20 08:00:00,0.5551558616114598,0.9770641202240988,0.06180814668244
2023-01-20 09:00:00,0.4977390579148835,0.9738374753715164,0.0032962950226528
2023-01-20 10:00:00,0.4336465978934095,0.9315279480678584,0.0092950899616565
2023-01-20 11:00:00,0.3474198945986679,0.9078931995466644,0.0265818717432957
2023-01-20 12:00:00,0.305648440629049,0.9011880400913214,0.0438405337676503
2023-01-20 13:00:00,0.329104771021924,0.8409951340918448,0.0660699255326214
2023-01-20 14:00:00,0.3641476942822824,0.7911787500568465,0.1299632179970835
2023-01-20 15:00:00,0.4250168379615335,0.8505654303856145,0.2079446830001531
2023-01-20 16:00:00,0.504677459305408,0.8947652180989584,0.2539636761534448
2023-01-20 17:00:00,0.5811281843123093,0.9131569457209968,0.2669590750550912
2023-01-20 18:00:00,0.5902222246905557,0.91403131547317,0.2609271317525626
2023-01-20 19:00:00,0.6382855153551288,0.9076492334502976,0.306453125149596
2023-01-20 20:00:00,0.7073945344663134,0.8683044894847994,0.3395196020213607
2023-01-20 21:00:00,0.6595973594515931,0.7586819330851237,0.3604226501938564
2023-01-20 22:00:00,0.4251729117499457,0.6565850388770009,0.5413446473140342
2023-01-20 23:00:00,0.3664343107759563,0.6282574522729013,0.5696536045448453
2023-01-21 00:00:00,0.4288902656704771,0.6434050073810652,0.5518316365534963
2023-01-21 01:00:00,0.4414208449569403,0.6585942343169567,0.5276350414051729
2023-01-21 02:00:00,0.4783526433059593,0.6476810025233848,0.5024336521921594
2023-01-21 03:00:00,0.5540080631480497,0.606621316834992,0.5223485379437216
2023-01-21 04:00:00,0.5897722446840572,0.5737985816656375,0.5453890912673053
2023-01-21 05:00:00,0.5273517206603405,0.6078655267852584,0.6022293972813226
2023-01-21 06:00:00,0.4334440168991588,0.67181863971785,0.6087841239630007
2023-01-21 07:00:00,0.4186840213202183,0.7253386740591011,0.5115508098228305
2023-01-21 08:00:00,0.3808313304302739,0.6446777138055539,0.4646727851792878
2023-01-21 09:00:00,0.3194903034010743,0.3906507959552839,0.3798778228510439
2023-01-21 10:00:00,0.1537218748354444,0.2094139273649727,0.169411675602782
2023-01-21 11:00:00,0.1221736973407221,0.1603895659540213,0.1087915429881974
2023-01-21 12:00:00,0.1153350460763071,0.2221653009551802,0.0594241245120179
2023-01-21 13:00:00,0.1023660570967431,0.3319838234022552,0.066376246658026
2023-01-21 14:00:00,0.1252733141768212,0.3609955310821533,0.1077640640969369
2023-01-21 15:00:00,0.1953842780169318,0.4685973419862635,0.1132453072304819
2023-01-21 16:00:00,0.2364729650659499,0.4930478685042437,0.1174070087133669
2023-01-21 17:00:00,0.2201094128727133,0.4435823680528628,0.1196015465493295
2023-01-21 18:00:00,0.1896395278132819,0.3519463274214003,0.1126957524056528
2023-01-21 19:00:00,0.1768736465304505,0.2620666665968552,0.090420596739825
2023-01-21 20:00:00,0.1696010430653889,0.2004385804818346,0.0919250179739559
2023-01-21 21:00:00,0.1775868328568203,0.1871662919038261,0.0820613608640783
2023-01-21 22:00:00,0.228239050098494,0.1960127275753644,0.0532116609461167
2023-01-21 23:00:00,0.2330119033264958,0.2400377716114318,0.0141558989979862
2023-01-22 00:00:00,0.1944559633342269,0.2188664292977526,0.0005648712706721
2023-01-22 01:00:00,0.1818597332324857,0.1677674288843192,6.97783395355823e-05
2023-01-22 02:00:00,0.1695584082135967,0.1465956136292102,0.0040278606165468
2023-01-22 03:00:00,0.1610788060169594,0.137605725550184,0.0456209809951532
2023-01-22 04:00:00,0.1721186762541727,0.1139735006818584,0.0642129019194958
2023-01-22 05:00:00,0.2257543264650831,0.0915170183368757,0.0848275072434369
2023-01-22 06:00:00,0.2994421089396757,0.0830573427910898,0.1044544986650055
2023-01-22 07:00:00,0.2503269825106353,0.0778575972014782,0.1161252634198057
2023-01-22 08:00:00,0.2062091484568477,0.0742221579832189,0.092556920706057
2023-01-22 09:00:00,0.1712261111128564,0.065235881244435,0.063869368796255
2023-01-22 10:00:00,0.2159519226722468,0.0683883124706792,0.0448720735662123
2023-01-22 11:00:00,0.2090218643736995,0.0655461760128245,0.0668652384888892
2023-01-22 12:00:00,0.2079863704107945,0.0459968864528182,0.075231346429563
2023-01-22 13:00:00,0.2281391542721418,0.0520176747265984,0.0892259560379327
2023-01-22 14:00:00,0.2187074960446825,0.0697852349748798,0.1338348201676911
2023-01-22 15:00:00,0.2243330463085299,0.0892900018131031,0.1874904352075913
2023-01-22 16:00:00,0.252687650568345,0.0951381758147595,0.2476170047435885
2023-01-22 17:00:00,0.2747504757899864,0.1113525442048615,0.2474395371730031
2023-01-22 18:00:00,0.2824420991286733,0.1225188082339716,0.2031478476680182
2023-01-22 19:00:00,0.2701197387346255,0.1106218613830267,0.1678703345504461
2023-01-22 20:00:00,0.2659064679363974,0.1045776699103561,0.1592141623590506
2023-01-22 21:00:00,0.2547776465322457,0.1214173845216339,0.1524294357673794
2023-01-22 22:00:00,0.1826312464047101,0.1075798156214695,0.1139477654999377
2023-01-22 23:00:00,0.2966754794899934,0.1290132952671425,0.1022429910360598
2023-01-23 00:00:00,0.3894129718830383,0.1421229862699321,0.1176249864054661
2023-01-23 01:00:00,0.3280784631866256,0.1574982147590787,0.1420227102204865
2023-01-23 02:00:00,0.3471812064351599,0.1655075713699939,0.1364482734717574
2023-01-23 03:00:00,0.3317884198980393,0.1610898153454649,0.0947321162504308
2023-01-23 04:00:00,0.2359704659655203,0.163657127642164,0.0617850294300154
2023-01-23 05:00:00,0.1896718000274857,0.1602531063790415,0.0540220269969865
2023-01-23 06:00:00,0.1596667719822304,0.157215443311953,0.0551836630877326
2023-01-23 07:00:00,0.2064042029037974,0.1233803057203105,0.0791463664933747
2023-01-23 08:00:00,0.2067667175741756,0.0967765088174857,0.0897871746736414
2023-01-23 09:00:00,0.1651498383166743,0.085987507128248,0.0702486786187863
2023-01-23 10:00:00,0.2903585620954925,0.0865013926636938,0.0393553816415126
2023-01-23 11:00:00,0.3059885657690709,0.0828527001773609,0.0036268518641104
2023-01-23 12:00:00,0.3187345429962757,0.0880588035957486,0.0007461476949305
2023-01-23 13:00:00,0.2986032214819216,0.0962891064438165,0.0010070874800089
2023-01-23 14:00:00,0.3164170193516351,0.1247212349199781,0.0024499004962397
2023-01-23 15:00:00,0.2733599282557668,0.1275229337168675,0.0192990127731772
2023-01-23 16:00:00,0.2389402202531403,0.1282720238554711,0.0367014143202039
2023-01-23 17:00:00,0.2375166899238536,0.1154068170809278,0.0486226097431058
2023-01-23 18:00:00,0.2273844581803465,0.0965554106469247,0.0423254109675588
2023-01-23 19:00:00,0.1974411135405497,0.0873506536670759,0.0314342753559935
2023-01-23 20:00:00,0.1634195856019562,0.0871059006335688,0.0225131835033691
2023-01-23 21:00:00,0.15114520110336,0.0877569937238506,0.0125870560508927
2023-01-23 22:00:00,0.1907310984493081,0.0729110895418653,0.0007196832326502
2023-01-23 23:00:00,0.1477828680300245,0.063331173915489,0.0007052721540912
2023-01-24 00:00:00,0.1281032725876452,0.0615651701010909,0.0009519862972832
2023-01-24 01:00:00,0.121164695889342,0.0657937105964211,0.0013026369163413
2023-01-24 02:00:00,0.1158679116005991,0.0568013097725662,0.0015084369509827
2023-01-24 03:00:00,0.1195747595207364,0.0458586940578385,0.0094893524070191
2023-01-24 04:00:00,0.1264946834713805,0.0408321942379272,0.0015757687730726
2023-01-24 05:00:00,0.1264716480292526,0.034969625909344,0.0011245277192857
2023-01-24 06:00:00,0.1589053752375584,0.0325223032165976,0.000827249358682
2023-01-24 07:00:00,0.1757091821408739,0.02136039772844,0.0011826757512061
2023-01-24 08:00:00,0.131758544959274,0.0161436687107958,0.0013328607565437
2023-01-24 09:00:00,0.0848731573890237,0.0059741341989803,0.0012956503169988
2023-01-24 10:00:00,0.0974006746329513,0.0040425249174529,0.0
2023-01-24 11:00:00,0.1160744592255237,0.0015475601931802,0.0
2023-01-24 12:00:00,0.1384374207141352,0.0013985450750862,0.0
2023-01-24 13:00:00,0.1458690680709539,0.0016310273432264,0.0013349792536567
2023-01-24 14:00:00,0.1976546430899426,0.0104378095639297,0.0257713584338917
2023-01-24 15:00:00,0.1973250519995596,0.0014211889965082,0.0393826201850292
2023-01-24 16:00:00,0.169386676713532,0.0013287714104247,0.0101025303204854
2023-01-24 17:00:00,0.1765365943410038,0.0013782732626971,0.0006691490123474
2023-01-24 18:00:00,0.1640005205191818,0.0008030358482809,0.0008589399406333
2023-01-24 19:00:00,0.1630595384859571,0.0,0.0003863576970069
2023-01-24 20:00:00,0.1417887444589652,0.0,0.0
2023-01-24 21:00:00,0.1351151980605779,0.0,0.0
2023-01-24 22:00:00,0.1674888648238836,0.0,0.0
2023-01-24 23:00:00,0.1684440117256314,0.0002289492320391,0.0
2023-01-25 00:00:00,0.1522857184503592,0.0008671443446788,0.0
2023-01-25 01:00:00,0.1327240700815238,0.0007627758325314,0.0007705220989152
2023-01-25 02:00:00,0.1028112687316595,0.0007048257036146,0.0007127429924759
2023-01-25 03:00:00,0.0796862910775577,0.0028097633442847,0.0058235822160259
2023-01-25 04:00:00,0.0953482179080738,0.0150240527258978,0.0001384136723537
2023-01-25 05:00:00,0.0986825251111797,0.0259382580620011,0.0
2023-01-25 06:00:00,0.1066605366912542,0.0155926728560254,0.0
2023-01-25 07:00:00,0.1099089547699573,0.0006228147768506,0.0
2023-01-25 08:00:00,0.0918885539559757,0.0,0.0
2023-01-25 09:00:00,0.0593124417697682,0.0001386707904292,0.0
2023-01-25 10:00:00,0.0866939741022446,0.0013891084521424,0.0
2023-01-25 11:00:00,0.0809338981030034,0.001134853737027,0.0
2023-01-25 12:00:00,0.0703915895200243,0.001024232191198,0.0001321750528672
2023-01-25 13:00:00,0.0642154263515098,0.000362989949245,0.0001905615033667
2023-01-25 14:00:00,0.0604270252526975,0.0,0.0009128930521946
2023-01-25 15:00:00,0.0619745254516601,0.00065102842119,0.0013557469922732
2023-01-25 16:00:00,0.0518299785314821,0.0012126829889085,0.0014129658929662
2023-01-25 17:00:00,0.0503064604366526,0.0008426577437157,0.0063128479165968
2023-01-25 18:00:00,0.0380871681606068,0.0,0.0288674352215785
2023-01-25 19:00:00,0.0170743660210004,0.0,0.0312975064601773
2023-01-25 20:00:00,0.0013284870222503,0.0,0.0251241295166264
2023-01-25 21:00:00,0.0008316982805339,0.0,0.0372128120434829
2023-01-25 22:00:00,0.0093013601365432,0.0,0.0368085269834481
2023-01-25 23:00:00,0.008250286766127,0.0,0.0463220995236066
2023-01-26 00:00:00,0.0087796138002981,0.0,0.0698245974148021
2023-01-26 01:00:00,0.0229142261486427,0.0,0.0681952401703479
2023-01-26 02:00:00,0.0447611536075866,0.0,0.0430110517670126
2023-01-26 03:00:00,0.0688052878660314,0.0,0.0371956057797849
2023-01-26 04:00:00,0.094462142271154,0.0,0.0513679607241761
2023-01-26 05:00:00,0.1125175695793301,0.0,0.0726203123728434
2023-01-26 06:00:00,0.1049922728071025,0.0,0.0822782282735787
2023-01-26 07:00:00,0.0726785846785003,0.0,0.0797491681342031
2023-01-26 08:00:00,0.0319960604306139,0.0,0.0545346035676844
2023-01-26 09:00:00,0.0177769419414545,0.0,0.0502419705484427
2023-01-26 10:00:00,0.0181027424880881,0.0,0.0229884853550032
2023-01-26 11:00:00,0.0046174717105292,0.0,0.0083802657968857
2023-01-26 12:00:00,0.0175216949843113,0.0,0.0246024848588931
2023-01-26 13:00:00,0.0331200146986768,0.0,0.0236170054261201
2023-01-26 14:00:00,0.041844087488511,0.0,0.0268816086981031
2023-01-26 15:00:00,0.0584021736593807,0.0,0.0309904599501416
2023-01-26 16:00:00,0.0826439203000536,0.0,0.0463723513035992
2023-01-26 17:00:00,0.0827343791138892,0.0004138432297052,0.0638951974756577
2023-01-26 18:00:00,0.1069310365938672,0.0012051899448718,0.0832262459923239
2023-01-26 19:00:00,0.1246428022197648,0.0004891920713038,0.0821066603941075
2023-01-26 20:00:00,0.0821023595099355,0.000206676963108,0.0714026011672674
2023-01-26 21:00:00,0.0832624996409696,0.0013549639508615,0.074081117031621
2023-01-26 22:00:00,0.1715401224061554,0.0358282783452202,0.0873726723240871
2023-01-26 23:00:00,0.2730616027233647,0.0279964231977275,0.0674222497379078
2023-01-27 00:00:00,0.2010852090673509,0.0112424481148813,0.0482503421166363
2023-01-27 01:00:00,0.120511674413494,0.0098524124793757,0.028389410645354
2023-01-27 02:00:00,0.0947067550584381,0.0201654266687779,0.001918980498719
2023-01-27 03:00:00,0.1678966307172588,0.0458319639068802,0.0010739261028813
2023-01-27 04:00:00,0.2361199840221529,0.0541971477807736,0.0014048557655484
2023-01-27 05:00:00,0.1848794650408177,0.0337277584605746,0.0011440149319717
2023-01-27 06:00:00,0.243407582925036,0.0296723675104527,0.0006506742994769
2023-01-27 07:00:00,0.3222738512201247,0.0588779122221703,0.0
2023-01-27 08:00:00,0.3111615586124994,0.10128588068719,0.0
2023-01-27 09:00:00,0.2540699079924938,0.123683027192658,0.0
2023-01-27 10:00:00,0.3135734149833131,0.0879591820286769,0.0
2023-01-27 11:00:00,0.3318846568562626,0.0604791033501718,0.0
2023-01-27 12:00:00,0.3260780674180174,0.0444309582897261,0.0
2023-01-27 13:00:00,0.2606162526249106,0.0634710695229324,2.5467545378441903e-05
2023-01-27 14:00:00,0.3622846229403627,0.1040514310201009,0.0012909777803358
2023-01-27 15:00:00,0.564992879730424,0.1317833685407451,0.0374690870833552
2023-01-27 16:00:00,0.6919600729848824,0.1479908181171791,0.0784229764751359
2023-01-27 17:00:00,0.69471243316052,0.1547601176243202,0.0973294996747783
2023-01-27 18:00:00,0.7493435822281183,0.1592272403193455,0.1104855420542698
2023-01-27 19:00:00,0.5380876235712587,0.1521299048966052,0.1028414567311604
2023-01-27 20:00:00,0.6199402590982275,0.1464027400110282,0.0694314405029895
2023-01-27 21:00:00,0.7184145777833227,0.1735724062701455,0.0415599299412147
2023-01-27 22:00:00,0.7728319074593338,0.2020869504392536,0.0458072334333182
2023-01-27 23:00:00,0.8688721251643561,0.176548851860894,0.05997755948235
2023-01-28 00:00:00,0.8989097994137434,0.1667757478414797,0.0702942586412616
2023-01-28 01:00:00,0.9258429458717896,0.1874962382846408,0.0681053189670338
2023-01-28 02:00:00,0.9176423689898324,0.2263454705281974,0.0610888939277798
2023-01-28 03:00:00,0.9006876727334814,0.2207706083659253,0.0593258119096943
2023-01-28 04:00:00,0.8916949166191949,0.2057274338466669,0.069961945215861
2023-01-28 05:00:00,0.8819195741142323,0.2264223909066393,0.0666649201337029
2023-01-28 06:00:00,0.904345743017259,0.269085606718375,0.0596475601196289
2023-01-28 07:00:00,0.8917292613609165,0.250557743645961,0.0531172986124076
2023-01-28 08:00:00,0.8620510225981669,0.22687562306722,0.0608605029536228
2023-01-28 09:00:00,0.8138498885958803,0.1790997187296549,0.0435672106306537
2023-01-28 10:00:00,0.8435082965426974,0.179696429009531,0.0298409278875862
2023-01-28 11:00:00,0.7916580274993298,0.1600236284966562,0.0271940780620948
2023-01-28 12:00:00,0.6950819539088828,0.1727208935357387,0.053637471853518
2023-01-28 13:00:00,0.7062370823878867,0.1893677306331061,0.0928638028163535
2023-01-28 14:00:00,0.8429332527459836,0.2052155195497998,0.0874504388547411
2023-01-28 15:00:00,0.8445232428756415,0.2345722796870213,0.0782068570454915
2023-01-28 16:00:00,0.8067867802638633,0.29056273566352,0.0722397074979894
2023-01-28 17:00:00,0.71365753809611,0.2901592441633636,0.0673131148020426
2023-01-28 18:00:00,0.7042080561319987,0.212869363672593,0.0569059568292954
2023-01-28 19:00:00,0.6810205309998755,0.132371561200011,0.047200703542996
2023-01-28 20:00:00,0.6077008387621711,0.1186181750952028,0.0392730333446677
2023-01-28 21:00:00,0.6229182629803427,0.1344832135181801,0.0372761464586444
2023-01-28 22:00:00,0.7024731542549881,0.1658260004193175,0.0272096235767688
2023-01-28 23:00:00,0.7843779582603305,0.1801840059118333,0.0353343693259494
2023-01-29 00:00:00,0.8200404410268747,0.1962866564981298,0.052569870855294
2023-01-29 01:00:00,0.8250959246766334,0.2122206033444872,0.0650846724416695
2023-01-29 02:00:00,0.7975566153432809,0.1984628103916941,0.0551328705806358
2023-01-29 03:00:00,0.7676672561495912,0.1888005686741249,0.0478648336884243
2023-01-29 04:00:00,0.7966854338552438,0.213591254614537,0.0737639735726749
2023-01-29 05:00:00,0.7802586461983475,0.2564791324091893,0.0478557165152107
2023-01-29 06:00:00,0.7239577816981895,0.2965232141656813,0.0462293122328963
2023-01-29 07:00:00,0.6469790701772652,0.3019401684306026,0.0431983887759688
2023-01-29 08:00:00,0.7769612331016391,0.2601637902602651,0.0090898914274826
2023-01-29 09:00:00,0.6730271414214489,0.2527460958443436,0.050210672266343
2023-01-29 10:00:00,0.8421109610912847,0.3518690595439836,0.1299559251934874
2023-01-29 11:00:00,0.7704447484483905,0.2380450660107182,0.1482441027959188
2023-01-29 12:00:00,0.7310933412290087,0.2636250888600069,0.1421154129738901
2023-01-29 13:00:00,0.6634197983087278,0.2503067309560339,0.1394413382399316
2023-01-29 14:00:00,0.6643182717117608,0.1945483388464435,0.1329709034340054
2023-01-29 15:00:00,0.5503895859313167,0.107279478334913,0.0814036762013154
2023-01-29 16:00:00,0.4543072959176855,0.0839254669114655,0.0689577588848039
2023-01-29 17:00:00,0.3925207518284617,0.0783796871409696,0.088816250071806
2023-01-29 18:00:00,0.3725190645729015,0.0498491175034466,0.1622115046370263
2023-01-29 19:00:00,0.355442643944734,0.0013526966369229,0.2273974854961719
2023-01-29 20:00:00,0.3008338096095067,0.0,0.2335795390060524
2023-01-29 21:00:00,0.1905549928253772,0.0011217013683194,0.2178898543314217
2023-01-29 22:00:00,0.1475398563871196,0.0302918946820926,0.1667896322175568
2023-01-29 23:00:00,0.1837638530855864,0.0106362860187206,0.2065759266124052
2023-01-30 00:00:00,0.2098957604052973,0.0187000472561206,0.2610747549268934
2023-01-30 01:00:00,0.1839907060261645,0.0570365494372797,0.3524968702029558
2023-01-30 02:00:00,0.1782506930282692,0.0587091025184182,0.2726916861689947
2023-01-30 03:00:00,0.1484604676564534,0.0641561489479214,0.3046409553951687
2023-01-30 04:00:00,0.0931555149601955,0.0848120567845363,0.3947415990767136
2023-01-30 05:00:00,0.0515176034441181,0.0869683424631754,0.4757887787289089
2023-01-30 06:00:00,0.037205095774208,0.0831586706872079,0.5390139264998093
2023-01-30 07:00:00,0.023963062591802,0.0971751587063658,0.4411329397189072
2023-01-30 08:00:00,0.0013798759653677,0.0988887922436583,0.5245127786997876
2023-01-30 09:00:00,0.0012458336898703,0.1115226628733616,0.6234926102208156
2023-01-30 10:00:00,0.0011662050010332,0.1029985325009215,0.5451555890974655
2023-01-30 11:00:00,0.0411474654097962,0.1356338987163469,0.68026008792952
2023-01-30 12:00:00,0.0787183350207758,0.1552930182101679,0.8617484335805855
2023-01-30 13:00:00,0.0974792592665728,0.1797602036420036,0.878305915134405
2023-01-30 14:00:00,0.1160367329915364,0.2229328467175851,0.8826391556683708
2023-01-30 15:00:00,0.1190750622281841,0.3026921936109954,0.8894976821600222
2023-01-30 16:00:00,0.1429661816241694,0.3609203139161752,0.8996093662735684
2023-01-30 17:00:00,0.1438196850757973,0.4201425898308847,0.8754370633293601
2023-01-30 18:00:00,0.1399441910725014,0.4487605609145819,0.797394827300427
2023-01-30 19:00:00,0.1550301617267085,0.429089111440322,0.701836997387456
2023-01-30 20:00:00,0.1688622610241759,0.3986668072494806,0.6372376984240962
2023-01-30 21:00:00,0.1653480412913303,0.3774770256740595,0.5478945355010189
2023-01-30 22:00:00,0.2483942025627186,0.2998209778779472,0.463417464611577
2023-01-30 23:00:00,0.2172617008483487,0.2610147700590245,0.3485703437156927
2023-01-31 00:00:00,0.1515079128975962,0.2676269618514316,0.2211567498500051
2023-01-31 01:00:00,0.0893772349638097,0.2531394023521274,0.1894229190801483
2023-01-31 02:00:00,0.0359559300678228,0.2385631386750664,0.1957618333155812
2023-01-31 03:00:00,0.0013753760094736,0.2235308597290438,0.1952736642625596
2023-01-31 04:00:00,0.0010777123613295,0.2009340329887041,0.2218543033973843
2023-01-31 05:00:00,0.0009656571874431,0.2009274601157194,0.2413557806825326
2023-01-31 06:00:00,0.0006568727929607,0.1578171346701827,0.2474281678791918
2023-01-31 07:00:00,0.0005264445847156,0.1219144521975049,0.2695911850025451
2023-01-31 08:00:00,0.0006704735600091,0.1033124035479975,0.4533399553859935
2023-01-31 09:00:00,0.0007505977855009,0.0929683797499712,0.4432801810744541
2023-01-31 10:00:00,0.0009444106638041,0.0752789132735308,0.4396558415655996
2023-01-31 11:00:00,0.0016290798685909,0.0679623846914254,0.3928927362354752
2023-01-31 12:00:00,0.0301103081578522,0.0788754809136484,0.265984513401206
2023-01-31 13:00:00,0.0419944022216048,0.0699451390434714,0.1832342926972831
2023-01-31 14:00:00,0.055008518929575,0.04440611484004,0.2198237001506331
2023-01-31 15:00:00,0.0311186200653026,0.0481559731601889,0.2666314380620819
2023-01-31 16:00:00,0.0142408909361346,0.0464757696475858,0.3048085278155757
2023-01-31 17:00:00,0.0226322377429289,0.0454156468896304,0.3431745557224049
2023-01-31 18:00:00,0.0488863073143304,0.039804552115646,0.3729520576452118
2023-01-31 19:00:00,0.0848839797225653,0.0440863246232076,0.307498109106924
2023-01-31 20:00:00,0.1543231805165608,0.0477718543383031,0.2378151338863996
2023-01-31 21:00:00,0.1755242534712249,0.0503306529101203,0.2108347338009503
2023-01-31 22:00:00,0.1314149417129217,0.0383552830982831,0.2397033248851501
2023-01-31 23:00:00,0.1218553734760658,0.045706368349736,0.2475366498909744
2023-02-01 00:00:00,0.1467655569899316,0.0600723191803576,0.2391226026746961
2023-02-01 01:00:00,0.1987367985295314,0.0727716380474614,0.2741447056041044
2023-02-01 02:00:00,0.2719934812558243,0.0749452441346411,0.2989511100295322
2023-02-01 03:00:00,0.3067520895814584,0.0755798115449793,0.3396841716143041
2023-02-01 04:00:00,0.2920530605939478,0.0905568926942114,0.4185467701332241
2023-02-01 05:00:00,0.2383861448250565,0.0948728533352122,0.4596303568945991
2023-02-01 06:00:00,0.1630958271961586,0.089965123756259,0.5041694173625871
2023-02-01 07:00:00,0.1079790615567974,0.0857064770717246,0.524252754410887
2023-02-01 08:00:00,0.0810640699723187,0.0410909886453665,0.4397785912931355
2023-02-01 09:00:00,0.0603100131539737,0.0154284055716072,0.3322011988147411
2023-02-01 10:00:00,0.0905897103103936,0.0518189692029766,0.3642104607002407
2023-02-01 11:00:00,0.1245728544160431,0.0802235743578742,0.3443485880209729
2023-02-01 12:00:00,0.14366909569385,0.0905378192078833,0.516153114293915
2023-02-01 13:00:00,0.1434240855422674,0.0903594961353376,0.3951080905066596
2023-02-01 14:00:00,0.2062086747362722,0.1363165472068038,0.4000207162370869
2023-02-01 15:00:00,0.3258711652818069,0.2229540457133374,0.3212807942060084
2023-02-01 16:00:00,0.301651164597156,0.2676258959801368,0.4290894776387931
2023-02-01 17:00:00,0.2773619788924074,0.2864316553851358,0.5917413328208175
2023-02-01 18:00:00,0.277697313844768,0.321589206558427,0.6501439505932377
2023-02-01 19:00:00,0.2477111567079631,0.2929647950565114,0.5850792632383459
2023-02-01 20:00:00,0.2285689372642367,0.2797124619577445,0.5422573307760401
2023-02-01 21:00:00,0.2480825536391314,0.2664657542908114,0.5083192329780728
2023-02-01 22:00:00,0.2889817524579615,0.2689413588031444,0.4851604053397584
2023-02-01 23:00:00,0.2934964279723323,0.2525569629045873,0.4230720311208488
2023-02-02 00:00:00,0.290305327745824,0.269784226137049,0.4056393726199281
2023-02-02 01:00:00,0.3130997006410088,0.2581880793851964,0.3669743802812364
2023-02-02 02:00:00,0.3153115394068699,0.2514321726132063,0.3260961576224931
2023-02-02 03:00:00,0.2665529780917697,0.2686172154993793,0.2970268835429273
2023-02-02 04:00:00,0.2222866326375724,0.2836408490448995,0.2645447581422095
2023-02-02 05:00:00,0.1451777243146709,0.2491321407891566,0.2271531641093734
2023-02-02 06:00:00,0.1071453328226126,0.2169241749383265,0.2179596096861596
2023-02-02 07:00:00,0.0839790643430223,0.1913024054633246,0.1733225186665853
2023-02-02 08:00:00,0.0291857680464102,0.1581808632495356,0.1728399750453974
2023-02-02 09:00:00,0.0012858400936999,0.12898724453122,0.1807188956566106
2023-02-02 10:00:00,0.0160312348721074,0.0899317919039258,0.1677991946538289
2023-02-02 11:00:00,0.0711287002937466,0.072258757609947,0.2199155427272023
2023-02-02 12:00:00,0.0892404481476428,0.0859638990140428,0.1623295568952373
2023-02-02 13:00:00,0.0534405194076837,0.1384258153391819,0.0800728096681482
2023-02-02 14:00:00,0.0531577830221138,0.1601234487458771,0.0537944775001675
2023-02-02 15:00:00,0.084837885463939,0.2069171830719592,0.08004111402175
2023-02-02 16:00:00,0.0737180429346421,0.2130938480102938,0.1144091755736108
2023-02-02 17:00:00,0.0861353032729204,0.1926262768265468,0.1215315098856009
2023-02-02 18:00:00,0.1024837587393966,0.1835181697521334,0.0943356635523777
2023-02-02 19:00:00,0.0897874551660874,0.1682390418707156,0.1185302056518255
2023-02-02 20:00:00,0.0528875986735026,0.1487559313867606,0.1065383121079089
2023-02-02 21:00:00,0.0012190061457016,0.1356673123789768,0.1158620913823445
2023-02-02 22:00:00,0.0005630289807039,0.1631855497173234,0.1123726251078587
2023-02-02 23:00:00,0.0014159656038471,0.2039733649858462,0.1360648753596287
2023-02-03 00:00:00,0.0189708849183874,0.2423415932000852,0.1574675358977972
2023-02-03 01:00:00,0.0283195575078328,0.2500660216886233,0.2009022937101476
2023-02-03 02:00:00,0.0070655287480821,0.2203757030511993,0.3166098594665527
2023-02-03 03:00:00,0.0014457464997285,0.1864129577586853,0.4332542528513989
2023-02-03 04:00:00,0.0372260754404504,0.1583517182107065,0.4641310529771194
2023-02-03 05:00:00,0.0657138871211631,0.1390155507069008,0.4612111110313266
2023-02-03 06:00:00,0.0847665001364315,0.1221870207319072,0.4133504138273352
2023-02-03 07:00:00,0.0706457390504724,0.0914687736361634,0.3503111047682419
2023-02-03 08:00:00,0.0302302097183427,0.0406100605827531,0.3335766402724521
2023-02-03 09:00:00,0.0311605455049502,0.0097159260238697,0.3475785317763784
2023-02-03 10:00:00,0.0981408941979501,0.0,0.3033061619677575
2023-02-03 11:00:00,0.1477208791994581,0.0,0.3169392916112164
2023-02-03 12:00:00,0.1719649539274328,0.0,0.2771896038180083
2023-02-03 13:00:00,0.2048379050360785,0.0,0.1804118062935623
2023-02-03 14:00:00,0.2579330400703779,0.0002221955972559,0.154037078221639
2023-02-03 15:00:00,0.4695614568548265,0.0027316629497054,0.1275177446066164
2023-02-03 16:00:00,0.5672522775487961,0.0888599601446413,0.0780363877614339
2023-02-03 17:00:00,0.5596359492906557,0.2214376661512586,0.019128938515981
2023-02-03 18:00:00,0.5076327043421128,0.3125325324488621,0.0
2023-02-03 19:00:00,0.3773202927283992,0.3105210774864246,0.0
2023-02-03 20:00:00,0.2322294945810355,0.2737079352335213,0.0
2023-02-03 21:00:00,0.1382191975911458,0.2270825205285565,0.0
2023-02-03 22:00:00,0.0902856798732981,0.2137883223739324,0.0
2023-02-03 23:00:00,0.0458600836641648,0.1616806025598563,0.0
2023-02-04 00:00:00,0.0167762785176046,0.1116735327477548,0.0007285592602748
2023-02-04 01:00:00,0.0012422659817863,0.0832579416387221,0.0049204171872606
2023-02-04 02:00:00,0.0,0.0727474455739937,0.0010048930161918
2023-02-04 03:00:00,0.0,0.0588120432461009,0.0006601315697813
2023-02-04 04:00:00,0.000610698282329,0.0466035117510876,0.006290501239253
2023-02-04 05:00:00,0.035410955840466,0.031246599418665,0.0408563259380315
2023-02-04 06:00:00,0.0787519707399256,0.0321111831010556,0.0662216018227969
2023-02-04 07:00:00,0.0946418444315592,0.0292403016215056,0.0701765686857934
2023-02-04 08:00:00,0.0834305379904952,0.014065077491835,0.1234650845621146
2023-02-04 09:00:00,0.1173358337551939,0.0015077700022778,0.1697906910204419
2023-02-04 10:00:00,0.1670022104300704,0.0005327587813333,0.212328907711054
2023-02-04 11:00:00,0.1431120026345346,0.0002429859310972,0.1652237831377515
2023-02-04 12:00:00,0.1376212578193814,0.0004882302159577,0.1454069567661659
2023-02-04 13:00:00,0.1358141501744588,0.0012080392806358,0.2016462126588509
2023-02-04 14:00:00,0.1682641459446327,0.0055124007798487,0.1997969851774328
2023-02-04 15:00:00,0.2913907992294411,0.0392727170115202,0.3076735914143082
2023-02-04 16:00:00,0.4483143114576153,0.0983232142878513,0.3807895105648664
2023-02-04 17:00:00,0.5082932484695335,0.1785957984674989,0.4013689125285429
2023-02-04 18:00:00,0.4441879870844822,0.2734845167671154,0.3704987476074617
2023-02-04 19:00:00,0.3991357610116597,0.3578591876559787,0.3209496043086831
2023-02-04 20:00:00,0.3583446935890547,0.406263960732354,0.268641612109016
2023-02-04 21:00:00,0.363402700112536,0.3781542731266396,0.2432727502062429
2023-02-04 22:00:00,0.4674369992773517,0.4233569335314183,0.190634637097128
2023-02-04 23:00:00,0.4769573647991504,0.4365758194642908,0.1747678401423435
2023-02-05 00:00:00,0.4506495731328827,0.4395371932609409,0.2425648340212753
2023-02-05 01:00:00,0.4820144877714269,0.3929604829526415,0.3178974865308774
2023-02-05 02:00:00,0.5523222957561218,0.3710320790608724,0.3817679196401359
2023-02-05 03:00:00,0.5869472805970635,0.3476430559469983,0.473007540297664
2023-02-05 04:00:00,0.6465131441752116,0.376700977873958,0.6856236364327225
2023-02-05 05:00:00,0.6876243890500536,0.3539756528692308,0.6402801812863816
2023-02-05 06:00:00,0.6713181570464489,0.3331177935880773,0.5727523915907916
2023-02-05 07:00:00,0.6525546709696451,0.272002659591974,0.6058011023826848
2023-02-05 08:00:00,0.6985199498195274,0.1820787105684966,0.8864542643229166
2023-02-05 09:00:00,0.651464957816928,0.1273334260080375,0.8262121443654977
2023-02-05 10:00:00,0.5661793861513823,0.0682991859959621,0.6765006757250018
2023-02-05 11:00:00,0.5179584104251238,0.0612011844036625,0.4035821428485945
2023-02-05 12:00:00,0.5605986305311614,0.0943531475815118,0.5830338344075321
2023-02-05 13:00:00,0.5741091413435593,0.1311832549525242,0.5209966266856474
2023-02-05 14:00:00,0.5488133118822683,0.1767144172020207,0.3491190555048924
2023-02-05 15:00:00,0.5426512200847949,0.2068070430381625,0.3172846167695288
2023-02-05 16:00:00,0.5978932100183824,0.2488942738451989,0.3329922607521606
2023-02-05 17:00:00,0.625199165219575,0.3021321296691894,0.3174267750160366
2023-02-05 18:00:00,0.5802683658849179,0.3687264202466977,0.2980345884958903
2023-02-05 19:00:00,0.5276321741490582,0.4146765649708268,0.2855922817404753
2023-02-05 20:00:00,0.5140141412323597,0.4314334408130521,0.2654525251949535
2023-02-05 21:00:00,0.5024838291741665,0.4125641857097352,0.22763505636477
2023-02-05 22:00:00,0.5126577498866063,0.4010219028572631,0.1378340814627853
2023-02-05 23:00:00,0.5579566332249859,0.4140382077958849,0.128286083539327
2023-02-06 00:00:00,0.6457911846684474,0.4544856034073175,0.1571247390672272
2023-02-06 01:00:00,0.7176040668113559,0.4781927937775656,0.2289571512758342
2023-02-06 02:00:00,0.8485936869203655,0.4843151023964477,0.2700765117321139
2023-02-06 03:00:00,0.8919858994826771,0.4872531438964644,0.2603081566056395
2023-02-06 04:00:00,0.8975607616449494,0.5231450975330827,0.2283342087190915
2023-02-06 05:00:00,0.8930075963338217,0.5167321208255743,0.1987906842449911
2023-02-06 06:00:00,0.8512255600075317,0.4924500456043318,0.1607041732937681
2023-02-06 07:00:00,0.883705737544041,0.5051036052454531,0.1286143648858164
2023-02-06 08:00:00,0.9870811786526948,0.6179181267233456,0.0798471301209692
2023-02-06 09:00:00,0.9693718953849444,0.6585665497125364,0.0575481676587871
2023-02-06 10:00:00,1.0,0.4857720269097222,0.0646856251884909
2023-02-06 11:00:00,1.0,0.5296727644851784,0.0861640069998946
2023-02-06 12:00:00,0.9888892610088672,0.5287853487176832,0.1490302880605062
2023-02-06 13:00:00,0.971076195536096,0.557509341271095,0.2268809524236941
2023-02-06 14:00:00,0.9006472880544226,0.5154321785845788,0.1876277549594056
2023-02-06 15:00:00,0.9105176115347668,0.5103557016335282,0.1384975162206911
2023-02-06 16:00:00,0.914792702868094,0.5297277799618789,0.1611313282274732
2023-02-06 17:00:00,0.9075546077653474,0.5538878175947402,0.2573215260225184
2023-02-06 18:00:00,0.889641693214965,0.5184816846660539,0.283719960381003
2023-02-06 19:00:00,0.8803160299662671,0.4279931526558072,0.2887048627815994
2023-02-06 20:00:00,0.8715784908120149,0.3283439570782231,0.2524329073288861
2023-02-06 21:00:00,0.8821357091267904,0.2784485162473192,0.2484043875550912
2023-02-06 22:00:00,0.9126807381125056,0.256150547975029,0.2218784631467333
2023-02-06 23:00:00,0.9129585752300188,0.2576254177716822,0.189244504068412
2023-02-07 00:00:00,0.9044683182161618,0.2312124165055019,0.1701450932259653
2023-02-07 01:00:00,0.8326549997516707,0.1855182180217668,0.2182524282168718
2023-02-07 02:00:00,0.7313383794298358,0.1586157317255057,0.2315265524621103
2023-02-07 03:00:00,0.679836768730014,0.1574016201729868,0.208005556094101
2023-02-07 04:00:00,0.6281239456600612,0.1585715892268162,0.2099259600919835
2023-02-07 05:00:00,0.5832725334790797,0.1417034747553806,0.2155174024743971
2023-02-07 06:00:00,0.5150450990090962,0.1376210123884911,0.1665799991757262
2023-02-07 07:00:00,0.7699637039034974,0.1451084426805085,0.1325133851930207
2023-02-07 08:00:00,0.7543527285257975,0.1577660850450104,0.0935610369140026
2023-02-07 09:00:00,0.6498044705858417,0.1925484682220259,0.085614475549436
2023-02-07 10:00:00,0.7999793127471325,0.3719442794525545,0.0420568102325489
2023-02-07 11:00:00,0.7129114281897451,0.4751791283975239,0.0473380825098823
2023-02-07 12:00:00,0.678337480507645,0.548767077377419,0.0659869932660869
2023-02-07 13:00:00,0.6945304216123095,0.5672676890504126,0.0807498716840557
2023-02-07 14:00:00,0.6236356146195355,0.6421705881754557,0.1000814461240581
2023-02-07 15:00:00,0.5852272853352665,0.6548548492730832,0.1535744409935147
2023-02-07 16:00:00,0.6289056313583274,0.5962276926227644,0.175485704459396
2023-02-07 17:00:00,0.6950493606866575,0.6564507390938553,0.1672733765022427
2023-02-07 18:00:00,0.6994547469943178,0.6745242698519838,0.1514349498000799
2023-02-07 19:00:00,0.7077279277876312,0.6210787389792648,0.1384942554960063
2023-02-07 20:00:00,0.7429631644604253,0.4774664819630143,0.1095107256197461
2023-02-07 21:00:00,0.783512274424235,0.4547556630926194,0.0850834332260431
2023-02-07 22:00:00,0.8786782595067243,0.4678412823895224,0.0815892687030866
2023-02-07 23:00:00,0.7752241714327943,0.4521145618039798,0.0629536077088
2023-02-08 00:00:00,0.7695447042876599,0.4045667040581797,0.0379885964923434
2023-02-08 01:00:00,0.705451114504945,0.4127759216657651,0.0127329873103721
2023-02-08 02:00:00,0.6641319405798818,0.371287246155583,0.0015235344568888
2023-02-08 03:00:00,0.6352540948032553,0.3273180886810901,0.001087658935123
2023-02-08 04:00:00,0.6750653958788104,0.3328380179561042,0.0009960824368046
2023-02-08 05:00:00,0.7143531874114392,0.2804418732138241,0.0010093992052514
2023-02-08 06:00:00,0.6616532849330528,0.2433984045888863,0.0007942556555754
2023-02-08 07:00:00,0.7100070972068637,0.2136302773469414,0.0001080394570344
2023-02-08 08:00:00,0.7169624122918821,0.202615504171334,0.0
2023-02-08 09:00:00,0.7086896241879931,0.2027395597470352,0.0
2023-02-08 10:00:00,0.8276026576173072,0.2491413191253064,0.0
2023-02-08 11:00:00,0.7319674678877288,0.15549570906396,0.0
2023-02-08 12:00:00,0.7709574044919482,0.1517062911800309,0.0
2023-02-08 13:00:00,0.7847215615066827,0.15252340073679,0.0
2023-02-08 14:00:00,0.7093218541612811,0.1414295738818598,0.0
2023-02-08 15:00:00,0.7955994512520584,0.1120235171972536,0.0
2023-02-08 16:00:00,0.8447930267433715,0.1105487580392874,0.0
2023-02-08 17:00:00,0.8441616756464142,0.0977062010297588,0.0
2023-02-08 18:00:00,0.7974507855434043,0.0702369446847953,0.0
2023-02-08 19:00:00,0.7220447951672124,0.05310432583678,0.0012132915016872
2023-02-08 20:00:00,0.6347867320565617,0.0453750206754098,0.0348920000144858
2023-02-08 21:00:00,0.5543282998153587,0.0330635040414099,0.0554422537485758
2023-02-08 22:00:00,0.6647305956073836,0.0513818684746237,0.1298227964663038
2023-02-08 23:00:00,0.6153370586096072,0.0454539570933073,0.1484698290918387
2023-02-09 00:00:00,0.5403138687408048,0.0663630167643229,0.1596293613022449
2023-02-09 01:00:00,0.465061656789842,0.089117685953776,0.1650785231122783
2023-02-09 02:00:00,0.414574835035536,0.0845594265881706,0.165225676461762
2023-02-09 03:00:00,0.3933683548098296,0.0981397722281661,0.1367077640458649
2023-02-09 04:00:00,0.3278197805865917,0.1037235353507247,0.1226398407244214
2023-02-09 05:00:00,0.2952724064097685,0.0984619178023992,0.1126512943529615
2023-02-09 06:00:00,0.2433277017929974,0.0907044317208084,0.0975187619527181
2023-02-09 07:00:00,0.1460459536197138,0.0683868866340786,0.082633799197627
2023-02-09 08:00:00,0.1157534706826303,0.0383161707641252,0.0299956147966821
2023-02-09 09:00:00,0.0955896517809699,0.0213272618312461,0.0072135500658571
2023-02-09 10:00:00,0.1160164674123128,0.0254523590499279,0.0058752348999571
2023-02-09 11:00:00,0.0687380631764729,0.0178327182539148,0.0295548271509556
2023-02-09 12:00:00,0.0542161745183608,0.0199855234887864,0.0535749220380596
2023-02-09 13:00:00,0.0500341957690669,0.0360178522814333,0.076153605592017
2023-02-09 14:00:00,0.0531087903415455,0.0562081383723838,0.0819310721229104
2023-02-09 15:00:00,0.0652908811382218,0.038607728247549,0.1320206300885069
2023-02-09 16:00:00,0.0774102351244758,0.0252145556063433,0.232981289134306
2023-02-09 17:00:00,0.0960460129906149,0.0227474620918822,0.3223363979190004
2023-02-09 18:00:00,0.0958027091680788,0.01466300362855,0.3490222326291153
2023-02-09 19:00:00,0.0896383266822964,0.0183324907340255,0.3662680566700456
2023-02-09 20:00:00,0.0711360398460837,0.0343503811780144,0.3803678696451623
2023-02-09 21:00:00,0.0584363002403109,0.0576663017272949,0.3836483487895891
2023-02-09 22:00:00,0.0584971203523523,0.0609281951305913,0.3449293055565529
2023-02-09 23:00:00,0.0195423520468418,0.0568604235555611,0.3434278918247597
2023-02-10 00:00:00,0.0014222692819981,0.0471771480211245,0.3564679264243132
2023-02-10 01:00:00,0.0013802670965007,0.0444780354406319,0.4021431293362886
2023-02-10 02:00:00,0.0013429522514343,0.0581626564848656,0.4348215823080025
2023-02-10 03:00:00,0.00131223599116,0.0871555244221406,0.4738282923604928
2023-02-10 04:00:00,0.001567576835358,0.131350323265674,0.5012220572801976
2023-02-10 05:00:00,0.0134400257877275,0.1786853908713347,0.5708870622846816
2023-02-10 06:00:00,0.0158184895328446,0.2238703989515117,0.6101122011546216
2023-02-10 07:00:00,0.0005914455924937,0.2241885023179397,0.6294898347916945
2023-02-10 08:00:00,0.0,0.1543899377187093,0.5027549640805113
2023-02-10 09:00:00,3.039953755397423e-05,0.1300644757700901,0.5792402753642961
2023-02-10 10:00:00,0.0001397873061934,0.0936948785594865,0.5017041147144792
2023-02-10 11:00:00,0.0015396148550744,0.100145749017304,0.5738924843033933
2023-02-10 12:00:00,0.0294227693595138,0.1343912470574472,0.6201167745527878
2023-02-10 13:00:00,0.0408265567293354,0.1668387885187186,0.5825940690009422
2023-02-10 14:00:00,0.0581336956398159,0.2252401619954826,0.5635178556629256
2023-02-10 15:00:00,0.0987787340201583,0.3799543583315182,0.5805740870681463
2023-02-10 16:00:00,0.1682537677241306,0.5416569990270278,0.5978711679870007
2023-02-10 17:00:00,0.2517766266866447,0.6148259702071645,0.5231603298311919
2023-02-10 18:00:00,0.3031309726191502,0.6049817839479135,0.4728691951901305
2023-02-10 19:00:00,0.312228660957486,0.537915946611392,0.4206231154647528
2023-02-10 20:00:00,0.2775180698220246,0.4503083696552351,0.28683171241112
2023-02-10 21:00:00,0.2631582372328814,0.4245841378480001,0.2726100285847982
2023-02-10 22:00:00,0.2629404441983092,0.3517742141399508,0.3523744134341969
2023-02-10 23:00:00,0.2823221293929355,0.275445897594776,0.2458434541241016
2023-02-11 00:00:00,0.2892268436406952,0.2874851507299086,0.1666856045816458
2023-02-11 01:00:00,0.2615735234777911,0.2351795894647735,0.209856737672893
2023-02-11 02:00:00,0.2533962181191039,0.1526189084146537,0.1728300861283844
2023-02-11 03:00:00,0.2308025297775767,0.1456209725024653,0.2221634652879503
2023-02-11 04:00:00,0.166600650432063,0.1400016219008202,0.2757125430636936
2023-02-11 05:00:00,0.1440508809744143,0.1115779198852239,0.3347243795207902
2023-02-11 06:00:00,0.14027173612632,0.1184847658755732,0.3667879852594113
2023-02-11 07:00:00,0.0911213837417901,0.107202974020266,0.4800002403508604
2023-02-11 08:00:00,0.0634631456113329,0.093389632655125,0.5852371415281608
2023-02-11 09:00:00,0.0471163668663673,0.1143662952909282,0.7677501136181402
2023-02-11 10:00:00,0.0310932682230581,0.0787260251886704,0.8021127943899118
2023-02-11 11:00:00,0.0508302333308201,0.0917435159870222,0.934933169994479
2023-02-11 12:00:00,0.0887265859865674,0.1731005213619057,0.8504802791121738
2023-02-11 13:00:00,0.1127128975064146,0.2930247799243802,0.9490044475380892
2023-02-11 14:00:00,0.1224490707995844,0.4073950013304068,0.94604452295241
2023-02-11 15:00:00,0.1630754564322677,0.524718145919002,0.8888698839673809
2023-02-11 16:00:00,0.2882246285482169,0.6849217040866029,0.9356188805274714
2023-02-11 17:00:00,0.3900049683315302,0.7898826786116058,0.9512831619362426
2023-02-11 18:00:00,0.4746985045912998,0.8811824648988014,0.9702410853766148
2023-02-11 19:00:00,0.4776250770668578,0.9135494232177734,0.9680368915881986
2023-02-11 20:00:00,0.4226352295844383,0.9080765294093712,0.922830675162521
2023-02-11 21:00:00,0.374378913368275,0.9088240604774624,0.8609538857453789
2023-02-11 22:00:00,0.3542081156587289,0.8759247586618062,0.7585199486975576
2023-02-11 23:00:00,0.3463001329135271,0.8797941083222433,0.7750533515331792
2023-02-12 00:00:00,0.337718564700457,0.8782011044570823,0.884172233880735
2023-02-12 01:00:00,0.3343473415748745,0.8832745333902197,0.9094593197691674
2023-02-12 02:00:00,0.3394004410388423,0.8636338414709552,0.8085513301924163
2023-02-12 03:00:00,0.3659122582354577,0.8783134946636125,0.692514746796851
2023-02-12 04:00:00,0.3990429663190655,0.9773007717007904,0.5209149098863789
2023-02-12 05:00:00,0.4497781064775255,0.9988832629584018,0.3814278677398083
2023-02-12 06:00:00,0.5081608170777364,0.997785795747844,0.4033052968043907
2023-02-12 07:00:00,0.5988854598375707,0.961628627153783,0.421530628516004
2023-02-12 08:00:00,0.5213075447705836,0.8627651563656875,0.5616532431708442
2023-02-12 09:00:00,0.7875338068195418,0.8031180793163823,0.3596429404090432
2023-02-12 10:00:00,0.6153420763078078,0.7625404993693033,0.3215333246717266
2023-02-12 11:00:00,0.7027537308487237,0.8830811369652841,0.3771300892424739
2023-02-12 12:00:00,0.7445692642062318,0.969925727719575,0.3955741879207636
2023-02-12 13:00:00,0.7308720607383579,0.940140898710762,0.4413429179222755
2023-02-12 14:00:00,0.6472327475454293,0.9573935652090833,0.3501337182288076
2023-02-12 15:00:00,0.7105823872136134,0.9808060577492308,0.3120777871873644
2023-02-12 16:00:00,0.7469452315685796,0.9890618199616475,0.3439711106368919
2023-02-12 17:00:00,0.7594459103602988,0.9798615835850536,0.4037658280017329
2023-02-12 18:00:00,0.7219189382066913,0.9445030361998314,0.3917345969505559
2023-02-12 19:00:00,0.6416730506747377,0.8660448423398086,0.3436224164526447
2023-02-12 20:00:00,0.6106385218551735,0.7232377856385473,0.2834546768587399
2023-02-12 21:00:00,0.546498181773167,0.5926059897429024,0.3007564684923957
2023-02-12 22:00:00,0.5509780902488559,0.6020577203214558,0.3726150085723478
2023-02-12 23:00:00,0.5367339202781128,0.5029366764367795,0.33960521922392
2023-02-13 00:00:00,0.5163631408043157,0.4528111258363412,0.3327207612056358
2023-02-13 01:00:00,0.4890740307327968,0.4477486812990475,0.36948518347896
2023-02-13 02:00:00,0.4741033697439954,0.4188469064001944,0.4261996590234096
2023-02-13 03:00:00,0.4243002607931498,0.3875195060680115,0.4559333885417265
2023-02-13 04:00:00,0.3582329298156539,0.3850122916153053,0.4964900094699236
2023-02-13 05:00:00,0.3232310940237606,0.3550056226892409,0.4732845889197455
2023-02-13 06:00:00,0.2883758046268637,0.3441415394053739,0.4634439867306379
2023-02-13 07:00:00,0.1949161236582238,0.3446241157506806,0.4648779731949949
2023-02-13 08:00:00,0.1710422833760579,0.3905553646336973,0.5734749401316923
2023-02-13 09:00:00,0.158396702186734,0.4078011154349333,0.3946622072481641
2023-02-13 10:00:00,0.1487171533061008,0.448419483658535,0.3232292630314048
2023-02-13 11:00:00,0.1940962909873015,0.5263965659671359,0.2928314427145166
2023-02-13 12:00:00,0.2934982636395623,0.5672196625104916,0.3975654287275925
2023-02-13 13:00:00,0.3740847095165377,0.5714024515712962,0.4355245368932587
2023-02-13 14:00:00,0.4080430993846818,0.5741503581502079,0.4845478877522587
2023-02-13 15:00:00,0.5130224290236928,0.6067743566301134,0.5298120056102478
2023-02-13 16:00:00,0.5672540695838679,0.6258570212943881,0.5500738293516869
2023-02-13 17:00:00,0.5942550204158608,0.6562441844566195,0.6591500861971986
2023-02-13 18:00:00,0.5587218322005926,0.6646465600705614,0.7286945978800455
2023-02-13 19:00:00,0.5356316395055235,0.7068145321864707,0.7097646114872951
2023-02-13 20:00:00,0.5397418511459251,0.7570746552710439,0.7309806393642051
2023-02-13 21:00:00,0.5633311256084567,0.7566880525327196,0.7479713290345434
2023-02-13 22:00:00,0.5748662761613434,0.7793169769586301,0.8288372731676289
2023-02-13 23:00:00,0.666529702205284,0.7545264935960957,0.88735006993113
2023-02-14 00:00:00,0.691859151802811,0.8019600382038191,0.918628063077241
2023-02-14 01:00:00,0.7372314696218453,0.8655828463485817,0.9438892127641664
2023-02-14 02:00:00,0.8095903864093855,0.877466126984241,0.951646387187484
2023-02-14 03:00:00,0.8183907527549594,0.9212471457088696,0.9388385224186516
2023-02-14 04:00:00,0.8333404391419654,0.9682712430268332,0.9178788739871356
2023-02-14 05:00:00,0.8458106969696244,0.9696597367330314,0.8459685643513998
2023-02-14 06:00:00,0.8416919614754471,0.9655416775373072,0.7342273955251656
2023-02-14 07:00:00,0.8664976007798139,0.910401313133489,0.6653516339320762
2023-02-14 08:00:00,0.8910883174223059,0.9315155129027524,0.9085982141931072
2023-02-14 09:00:00,0.8123150619806028,0.8760568082722184,0.9719230863783096
2023-02-14 10:00:00,0.982297267789155,0.941727744208442,0.6219776237712187
2023-02-14 11:00:00,0.9903811442306616,0.904904141145594,0.8939874873441809
2023-02-14 12:00:00,0.984888036266651,0.8988960615170547,0.969981573765574
2023-02-14 13:00:00,0.969091010249518,0.9848698884053948,0.908136573492312
2023-02-14 14:00:00,0.8666053722107333,0.9668412115059648,0.8563603357551923
2023-02-14 15:00:00,0.710284532285204,0.9364364038105883,0.8697900772094727
2023-02-14 16:00:00,0.5728817765229668,0.969353467031242,0.8831517213310291
2023-02-14 17:00:00,0.591717319550857,0.9645514831044316,0.8531727884330002
2023-02-14 18:00:00,0.6810558730480717,0.89916110817903,0.7360306253620222
2023-02-14 19:00:00,0.7473131815592448,0.8447065727383483,0.5541800985149309
2023-02-14 20:00:00,0.7899040801852357,0.8149472591923732,0.436233204174665
2023-02-14 21:00:00,0.7827402470158595,0.7980091899049049,0.3839567611420076
2023-02-14 22:00:00,0.8612395392523872,0.8907199996748781,0.3998675720364439
2023-02-14 23:00:00,0.8714952344208761,0.8380546756819183,0.4147678216298421
2023-02-15 00:00:00,0.8418778999179017,0.7622450005774404,0.4054742171094309
2023-02-15 01:00:00,0.75919537450753,0.7297291381686342,0.382005069770065
2023-02-15 02:00:00,0.7234362901425829,0.7136602869220808,0.3799393441942003
2023-02-15 03:00:00,0.6879022168178184,0.6727332133872836,0.3698838271346746
2023-02-15 04:00:00,0.6539379194671032,0.6881058262843711,0.3185039844388276
2023-02-15 05:00:00,0.5741256280662187,0.7122839104895498,0.2415905684427498
2023-02-15 06:00:00,0.4928118574853037,0.708008700726079,0.1637740929921468
2023-02-15 07:00:00,0.4390046674441668,0.6649023972305597,0.0859758199429979
2023-02-15 08:00:00,0.5926783879597981,0.7095882939357383,0.0508096872591504
2023-02-15 09:00:00,0.6456368577246572,0.6325800200692968,0.0437076399528902
2023-02-15 10:00:00,0.6763852250342275,0.5270610525717143,0.0678151962803859
2023-02-15 11:00:00,0.652715477288938,0.5068748527103,0.0888799218570484
2023-02-15 12:00:00,0.6388401891670975,0.4860103675742555,0.1297425055036357
2023-02-15 13:00:00,0.5539301096224317,0.5875270039427514,0.1497496109382779
2023-02-15 14:00:00,0.4376674571068458,0.5103454870336196,0.156523538570778
2023-02-15 15:00:00,0.3053172507317238,0.4561527336344999,0.1824091306698867
2023-02-15 16:00:00,0.2698850101894802,0.5035769705678902,0.2168656112321841
2023-02-15 17:00:00,0.3157042506473516,0.5653753000147203,0.1821242469588136
2023-02-15 18:00:00,0.3910410170461617,0.6096312189413831,0.1450637041353711
2023-02-15 19:00:00,0.4192032175126419,0.5684808967939389,0.1025053566577387
2023-02-15 20:00:00,0.4098089816523533,0.4823734323962841,0.078357551612106
2023-02-15 21:00:00,0.3735884373484094,0.3522419228273279,0.0544130334667131
2023-02-15 22:00:00,0.3299605036093518,0.1883639759487576,0.0248578673873851
2023-02-15 23:00:00,0.2910210603202869,0.1260145855884926,0.0192783381424698
2023-02-16 00:00:00,0.2706698467528898,0.093778325062172,0.0039904768170874
2023-02-16 01:00:00,0.2807901170518663,0.0569042271258784,0.0150480488546533
2023-02-16 02:00:00,0.2836034251194374,0.0253873412905175,0.0267964021053189
2023-02-16 03:00:00,0.2594066663505205,0.0037704897082709,0.0217661514780879
2023-02-16 04:00:00,0.2098607050827126,0.0012911114038205,0.032513242531446
2023-02-16 05:00:00,0.1433465995040594,0.000487791556938,0.0409777865690343
2023-02-16 06:00:00,0.0869554398106593,0.0,0.0631793573790905
2023-02-16 07:00:00,0.0016333943878123,0.0,0.0777356998593199
2023-02-16 08:00:00,0.0004317452704984,0.0,0.0568523593977385
2023-02-16 09:00:00,0.0,0.0,0.0638838141572241
2023-02-16 10:00:00,0.0,0.0,0.0882457985597498
2023-02-16 11:00:00,0.0,0.0,0.0951130249921013
2023-02-16 12:00:00,0.0,0.0,0.1009304266349942
2023-02-16 13:00:00,0.0011993502479752,0.0,0.0967589079164991
2023-02-16 14:00:00,0.0579244015263576,0.0,0.0911907822478051
2023-02-16 15:00:00,0.1675650185229731,0.0007239810002395,0.1373617321837182
2023-02-16 16:00:00,0.2620728249643363,0.0355316256386002,0.1865181829415115
2023-02-16 17:00:00,0.3045952538259668,0.0868431259604061,0.228130923377143
2023-02-16 18:00:00,0.355941625981549,0.1246141919902726,0.2530598172954484
2023-02-16 19:00:00,0.418933255999696,0.1427830901800417,0.2584325192021388
2023-02-16 20:00:00,0.4602733390783173,0.1619225623560886,0.2388380742540546
2023-02-16 21:00:00,0.4847794186835195,0.1889384805766585,0.2130070979299109
2023-02-16 22:00:00,0.4707789654825248,0.250996408898846,0.1459401027829039
2023-02-16 23:00:00,0.5529382182102577,0.2622466212004618,0.1552644430422315
2023-02-17 00:00:00,0.5405337514440998,0.23585991142622,0.1602609251059737
2023-02-17 01:00:00,0.4283991935206395,0.1883332433264239,0.1651604970296223
2023-02-17 02:00:00,0.3403491147982529,0.1461643214319266,0.1634028963014191
2023-02-17 03:00:00,0.276225819307215,0.0984427741929596,0.190943798987694
2023-02-17 04:00:00,0.2540647562812356,0.0554315716612572,0.1683517297108968
2023-02-17 05:00:00,0.312733282450757,0.0055044472607132,0.1444400993047976
2023-02-17 06:00:00,0.3811992866541046,0.0002473690151389,0.1114335363986445
2023-02-17 07:00:00,0.3669408365012773,0.0,0.0752582970787497
2023-02-17 08:00:00,0.2750164106780407,0.0,0.0671354228375004
2023-02-17 09:00:00,0.2779049811020396,0.0,0.0283895688119277
2023-02-17 10:00:00,0.3485860902499529,0.0003291485356349,0.0
2023-02-17 11:00:00,0.4617372525283714,0.001194720174752,0.0007531903927622
2023-02-17 12:00:00,0.4483340861750584,0.0016063693302129,0.0008145633086659
2023-02-17 13:00:00,0.3947320779164632,0.0014053711704179,0.0105432614781498
2023-02-17 14:00:00,0.245987879684548,0.0007957979744555,0.0648542245229085
2023-02-17 15:00:00,0.1509666676614798,0.0010313761779685,0.1332440680148554
2023-02-17 16:00:00,0.1244130789064893,0.0015991801529927,0.200885002909143
2023-02-17 17:00:00,0.0978408140294692,0.0008414130584866,0.2776121625713273
2023-02-17 18:00:00,0.0750949102289536,0.0007686829255297,0.3228290813421112
2023-02-17 19:00:00,0.03798778306425,0.0466297448070999,0.4122710804534114
2023-02-17 20:00:00,0.0013399665651757,0.0400166986814511,0.5117671084559821
2023-02-17 21:00:00,0.0347868192429636,0.0534763756920309,0.6325323519363901
2023-02-17 22:00:00,0.0,0.1188620282154457,0.693977907592175
2023-02-17 23:00:00,0.0655749031141692,0.2028202106750089,0.585311152576621
2023-02-18 00:00:00,0.1643101841795678,0.2764272689819336,0.6138003885356429
2023-02-18 01:00:00,0.2578545801000657,0.3133518649082558,0.6620116140328202
2023-02-18 02:00:00,0.2527932902566748,0.4963753192253362,0.8036370183907303
2023-02-18 03:00:00,0.3098770808550267,0.7041142033595664,0.9001247742596794
2023-02-18 04:00:00,0.3492405601576263,0.8473761066112643,0.9972364325928532
2023-02-18 05:00:00,0.3395082498687545,0.9405676025191164,0.9996494000254116
2023-02-18 06:00:00,0.3915041116328021,0.9841840002271864,1.0
2023-02-18 07:00:00,0.4793513444514056,0.9876858362185408,1.0
2023-02-18 08:00:00,0.6307259805841383,0.9838225576612684,1.0
2023-02-18 09:00:00,0.7757696170432895,0.9827249907200633,1.0
2023-02-18 10:00:00,0.7090689621719659,0.9693828345903384,1.0
2023-02-18 11:00:00,0.7295486973781211,0.969044364355748,1.0
2023-02-18 12:00:00,0.938455874623816,0.9678558898127936,1.0
2023-02-18 13:00:00,0.6702769410376455,0.9753044508641062,1.0
2023-02-18 14:00:00,0.5485455818425596,0.99205237432243,0.9988731122484392
2023-02-18 15:00:00,0.3965621181562835,0.9967617739259806,0.9982645838868384
2023-02-18 16:00:00,0.3113973904279322,0.994783360973682,0.996889052048228
2023-02-18 17:00:00,0.3485811831904393,0.9794426120184604,0.9899073363908756
2023-02-18 18:00:00,0.3033265958424487,0.9201482324039236,0.9420722574969522
2023-02-18 19:00:00,0.2712232708151824,0.8728739981557808,0.7675137145846498
2023-02-18 20:00:00,0.3354870244568469,0.7941574956856522,0.6825243351506252
2023-02-18 21:00:00,0.4251667596156301,0.7623327666637945,0.6486260096232096
2023-02-18 22:00:00,0.488791247598486,0.8807729334613077,0.8480268802518159
2023-02-18 23:00:00,0.4911694573421104,0.8314076217950559,0.7845313034805597
2023-02-19 00:00:00,0.364888074351292,0.7263916707506366,0.733222110598695
2023-02-19 01:00:00,0.4348359372880723,0.6615688567068062,0.6819887067757401
2023-02-19 02:00:00,0.1709295955358767,0.7039255160911411,0.6450519468270096
2023-02-19 03:00:00,0.076449992609959,0.7161354083640903,0.5691602572896122
2023-02-19 04:00:00,0.0683940158170812,0.749634957781025,0.4852086110831865
2023-02-19 05:00:00,0.0982712180006737,0.6655106731489593,0.4586746645908729
2023-02-19 06:00:00,0.1113877460068347,0.5636106830796385,0.501292842665529
2023-02-19 07:00:00,0.1143002743814505,0.5499154134513505,0.4628975952372831
2023-02-19 08:00:00,0.0868906226812624,0.5514067450380014,0.8739558575200099
2023-02-19 09:00:00,0.1849331138959897,0.5573199231640186,0.9536149330388488
2023-02-19 10:00:00,0.4003598892610837,0.5387175238989537,0.8216826681997262
2023-02-19 11:00:00,0.4358007970199086,0.4635265995474423,0.8602028017729716
2023-02-19 12:00:00,0.7356292967702828,0.3470282819535997,0.7779415822496601
2023-02-19 13:00:00,0.6867388743980258,0.2731312988630307,0.7328655486013375
2023-02-19 14:00:00,0.4798884173623877,0.2847568162905625,0.6520535992641074
2023-02-19 15:00:00,0.1693901828691071,0.2765997624864765,0.7194660037171606
2023-02-19 16:00:00,0.0470136715695748,0.2844544049181969,0.7562411719677495
2023-02-19 17:00:00,0.0312954954851686,0.4078422029033985,0.7430766517040777
2023-02-19 18:00:00,0.1098370785806693,0.4568720565122717,0.6381355079950071
2023-02-19 19:00:00,0.1071129710066552,0.5092808389975354,0.6200812922583685
2023-02-19 20:00:00,0.0959717058667949,0.5758610348296321,0.6724392853531183
2023-02-19 21:00:00,0.1664387361676085,0.6453505871342677,0.7524634997049967
2023-02-19 22:00:00,0.3754432326048807,0.6997645789501713,0.8553682464400149
2023-02-19 23:00:00,0.6228250771566154,0.6892030005361519,0.8838990155388328
2023-02-20 00:00:00,0.6336043473162682,0.6899231929405063,0.8865159664278716
2023-02-20 01:00:00,0.6607086705226524,0.724959139730416,0.8716720506256702
2023-02-20 02:00:00,0.7700037582247865,0.6999132118973077,0.8684564353593813
2023-02-20 03:00:00,0.8166265955158308,0.6679367084129183,0.8502518273646535
2023-02-20 04:00:00,0.7686377880620021,0.7088307960360658,0.8712780335370232
2023-02-20 05:00:00,0.7751303186603621,0.766551232805439,0.8759688146753248
2023-02-20 06:00:00,0.7308750059090409,0.7595717673208199,0.8613501530067593
2023-02-20 07:00:00,0.4895865527632969,0.8539013706780727,0.6204594116584927
2023-02-20 08:00:00,0.7213128220801259,0.9954472865933686,0.9698571192672828
2023-02-20 09:00:00,0.9529730416590872,0.9747495246089362,0.9558397617215424
2023-02-20 10:00:00,0.926204276240729,0.8637292961669124,0.8588172875198663
2023-02-20 11:00:00,0.9759355027691212,0.89408116558798,0.8714123333201689
2023-02-20 12:00:00,0.9839582318573996,0.916981410356908,0.696826280332079
2023-02-20 13:00:00,0.9338295194837782,0.9563938963646982,0.8779916015325808
2023-02-20 14:00:00,0.6695121783836215,0.8369476841945274,0.7039588946922153
2023-02-20 15:00:00,0.6752731285843194,0.6978739757163852,0.8278302211387485
2023-02-20 16:00:00,0.5460179163739572,0.7286500276303759,0.7822401570338828
2023-02-20 17:00:00,0.4283206805684208,0.8033287571925742,0.876197503283133
2023-02-20 18:00:00,0.5815362306981304,0.8337757353689157,0.9731005656173806
2023-02-20 19:00:00,0.8353947938657275,0.7616247476315966,0.9983697872535854
2023-02-20 20:00:00,0.9635816586563012,0.8325856900682637,1.0
2023-02-20 21:00:00,0.9742502200058084,0.977090262120066,1.0
2023-02-20 22:00:00,0.9967885983535668,0.9996434535855564,1.0
2023-02-20 23:00:00,0.9986635781581104,1.0,1.0
2023-02-21 00:00:00,0.9999902513292102,1.0,1.0
2023-02-21 01:00:00,1.0,1.0,1.0
2023-02-21 02:00:00,0.9992062406602248,1.0,1.0
2023-02-21 03:00:00,0.9987737088421592,1.0,0.9989316447887546
2023-02-21 04:00:00,0.9989902365441417,1.0,0.9981950466928916
2023-02-21 05:00:00,0.9988777684230428,1.0,0.9973581133325116
2023-02-21 06:00:00,0.9982175640031402,1.0,0.9981576570498396
2023-02-21 07:00:00,0.9971514464982972,0.997992069892634,0.997752510644252
2023-02-21 08:00:00,0.9886368178074656,0.9972682373196468,0.9969419498069612
2023-02-21 09:00:00,0.9985191401313332,0.998578835157008,0.9970960959889528
2023-02-21 10:00:00,1.0,0.997778119604572,1.0
2023-02-21 11:00:00,1.0,0.9824075574189228,1.0
2023-02-21 12:00:00,1.0,0.99785441978305,0.9970811737908256
2023-02-21 13:00:00,1.0,0.9845809811860128,1.0
2023-02-21 14:00:00,1.0,0.9984350578457702,1.0
2023-02-21 15:00:00,1.0,0.9984748129751168,1.0
2023-02-21 16:00:00,0.995291304744147,0.996970856111813,0.9969066108753478
2023-02-21 17:00:00,0.9858299018510804,0.9997812314750324,0.9692969758526172
2023-02-21 18:00:00,0.9694849338406832,1.0,0.8773883183797201
2023-02-21 19:00:00,0.9092726738624324,0.9996275652467816,0.7429362652348537
2023-02-21 20:00:00,0.8532784281213299,0.99884924857445,0.6114341854269987
2023-02-21 21:00:00,0.7941881254607556,0.9973828870486589,0.4604688501046374
2023-02-21 22:00:00,0.8918102675793218,0.9971976342544056,0.3541009659860648
2023-02-21 23:00:00,0.8396613644618613,0.9863863147162144,0.2885291124481002
2023-02-22 00:00:00,0.7985725028842103,0.947454552245296,0.2486815733068129
2023-02-22 01:00:00,0.7790762583414713,0.8945802302142374,0.227387537364087
2023-02-22 02:00:00,0.7835841365889007,0.7479964611577052,0.2044493949491214
2023-02-22 03:00:00,0.707401013841816,0.6562805082283768,0.1662545928768083
2023-02-22 04:00:00,0.5959350532955593,0.5392574640660504,0.1304898776260076
2023-02-22 05:00:00,0.4327848596510544,0.433688417758817,0.0916653520920697
2023-02-22 06:00:00,0.2754480885524376,0.3648146881776697,0.0632969070883358
2023-02-22 07:00:00,0.1561500628789266,0.2965936707515342,0.069894182915781
2023-02-22 08:00:00,0.2163959764966777,0.2712618790420831,0.0699472193624459
2023-02-22 09:00:00,0.1892911063300238,0.256373019000284,0.0729369415956385
2023-02-22 10:00:00,0.2402085478788887,0.2778356994678772,0.1371600931765986
2023-02-22 11:00:00,0.2734810822929432,0.3500448052400078,0.1408671865276262
2023-02-22 12:00:00,0.3477594338211359,0.4234778522665984,0.121893239956276
2023-02-22 13:00:00,0.3184667054344626,0.4293204756344066,0.1271038429409849
2023-02-22 14:00:00,0.2498244241951337,0.3088591955845652,0.1147912764081768
2023-02-22 15:00:00,0.1701673222523109,0.2119421740762548,0.0663133228526395
2023-02-22 16:00:00,0.137946138194963,0.1672418211020675,0.0623677758609547
2023-02-22 17:00:00,0.1335995220670513,0.1548705965864892,0.071880677167107
2023-02-22 18:00:00,0.1088565471125584,0.1518705545687207,0.0690237914814668
2023-02-22 19:00:00,0.0825622736238965,0.145923097928365,0.0784508387247721
2023-02-22 20:00:00,0.054017562492221,0.1161941243152992,0.0766007339253145
2023-02-22 21:00:00,0.0371753943511863,0.1236165855445113,0.0669654911639643
2023-02-22 22:00:00,0.0799791251911836,0.0926575707454307,0.0475097723256528
2023-02-22 23:00:00,0.0715550254372989,0.0632905258851892,0.0372186303138732
2023-02-23 00:00:00,0.0649979769014844,0.0657123444127101,0.034324588728886
2023-02-23 01:00:00,0.0498493278727811,0.0601885365504844,0.0237712404307197
2023-02-23 02:00:00,0.0404867019528657,0.0564344490275663,0.0110339506778841
2023-02-23 03:00:00,0.0374180105776568,0.0489805632946538,0.0014711610632005
2023-02-23 04:00:00,0.0507035909914502,0.0468681357265297,0.0012602393144096
2023-02-23 05:00:00,0.0704627177294562,0.0531404392392027,0.0014926565238852
2023-02-23 06:00:00,0.0683150338191612,0.0524113225001914,0.0012713581128837
2023-02-23 07:00:00,0.0530792685116038,0.0473919834186828,0.0006923539186614
2023-02-23 08:00:00,0.0311798983150058,0.0411656432681613,0.0006775080768111
2023-02-23 09:00:00,0.0111903096336165,0.0313729858086779,0.0009172706822164
2023-02-23 10:00:00,0.0228127171011532,0.0366178571788314,0.0014658858573514
2023-02-23 11:00:00,0.0131663298295214,0.0092980047456579,0.0150324694471421
2023-02-23 12:00:00,0.0037811659519968,0.0008631636893827,0.0296270979775322
2023-02-23 13:00:00,0.0009913717220032,0.0003643557916279,0.0572861877142214
2023-02-23 14:00:00,0.0005417567452574,0.0,0.0836628792332667
2023-02-23 15:00:00,9.810846615460964e-05,0.0,0.0995013526841706
2023-02-23 16:00:00,0.0016096919969795,0.0,0.2477020968019572
2023-02-23 17:00:00,0.0615959307726691,0.0,0.3658213677749135
2023-02-23 18:00:00,0.1024775879055846,0.0014064132777694,0.4171388102512733
2023-02-23 19:00:00,0.1439223102494782,0.0548284895279828,0.4804235190347908
2023-02-23 20:00:00,0.1848018932965845,0.1193764162998573,0.5533808508729623
2023-02-23 21:00:00,0.1887184373693528,0.227143630482792,0.5873434995514115
2023-02-23 22:00:00,0.1538247454400156,0.2910782620797749,0.5821473146575729
2023-02-23 23:00:00,0.1637239549674239,0.3813746957217946,0.5931505892011855
2023-02-24 00:00:00,0.211128973493389,0.4420246329962038,0.5822996376386654
2023-02-24 01:00:00,0.2866069319980596,0.4932191870570962,0.6305302903543111
2023-02-24 02:00:00,0.3728809419021108,0.5435241203682095,0.6782652256535548
2023-02-24 03:00:00,0.4272401021196951,0.5757090702555537,0.6893559530669567
2023-02-24 04:00:00,0.4294542113160775,0.6422885913474886,0.6952936135086358
2023-02-24 05:00:00,0.392590695736455,0.7157711889229569,0.7388226471695245
2023-02-24 06:00:00,0.3901962704128689,0.7932556844225117,0.6612949558332855
2023-02-24 07:00:00,0.436272021212609,0.823755282981723,0.7350080621008779
2023-02-24 08:00:00,0.5367095486011381,0.8622118507335389,0.6194151928222257
2023-02-24 09:00:00,0.8397903629377776,0.868450513852188,0.4495067923676734
2023-02-24 10:00:00,0.9282630658617208,0.8884463777729109,0.5786474701625849
2023-02-24 11:00:00,0.9295540728600196,0.7832169719770843,0.6193680622998405
2023-02-24 12:00:00,0.9781060935625064,0.7915641747268976,0.6031682444553749
2023-02-24 13:00:00,0.9852674583983576,0.8553758259692223,0.590721127254511
2023-02-24 14:00:00,0.9376848943872388,0.9437096726660636,0.6377106180378035
2023-02-24 15:00:00,0.9091357686161216,0.969512085509456,0.6344772475996827
2023-02-24 16:00:00,0.900081428827024,0.9714323367947848,0.6680450906940535
2023-02-24 17:00:00,0.8851970099156199,0.966497882518893,0.690201020708271
2023-02-24 18:00:00,0.8999980540057413,0.9676211456847348,0.7239838955449123
2023-02-24 19:00:00,0.8796243979260813,0.9627181844773636,0.6935942500245337
2023-02-24 20:00:00,0.8815208198198305,0.9351588978486902,0.6568862316655177
2023-02-24 21:00:00,0.8943014456555735,0.8823267369488486,0.5924280406602846
2023-02-24 22:00:00,0.931154893114676,0.8648867139629289,0.4441980209225923
2023-02-24 23:00:00,0.8921684003343769,0.7936063560785032,0.409163300507988
2023-02-25 00:00:00,0.8122035381840724,0.7688335437400668,0.4634267831939498
2023-02-25 01:00:00,0.6878001175674737,0.6878117019054936,0.4369970209458295
2023-02-25 02:00:00,0.5467017569573097,0.6330864491805531,0.4482163167467304
2023-02-25 03:00:00,0.436398872363022,0.6227960461884542,0.4989377501743292
2023-02-25 04:00:00,0.4018060802634245,0.6206568939233916,0.5260064399320316
2023-02-25 05:00:00,0.4255509750515807,0.6004740989286136,0.6793961711958343
2023-02-25 06:00:00,0.4332152160943723,0.5618204400430318,0.8815542171204013
2023-02-25 07:00:00,0.4106459648780574,0.5542553639879414,0.920814283533034
2023-02-25 08:00:00,0.4207131270489662,0.8670620388454862,0.9074624691134184
2023-02-25 09:00:00,0.6429194469077913,0.8575162139593386,0.8628158444672628
2023-02-25 10:00:00,0.8565498239853803,0.8582587709613875,0.3821405632043976
2023-02-25 11:00:00,0.9682174165264452,0.906620430790521,0.4555473841872869
2023-02-25 12:00:00,0.9755057602926016,0.9574996786179886,0.5105865157507603
2023-02-25 13:00:00,0.9715153906080458,0.9739681848513534,0.3963478188109554
2023-02-25 14:00:00,0.9968165011187784,0.9449291478574664,0.4556703177932041
2023-02-25 15:00:00,0.9979741308424208,0.9731275770399306,0.381877559462404
2023-02-25 16:00:00,0.998513125126658,0.9936739292020113,0.3808402656729704
2023-02-25 17:00:00,0.9981597950255948,0.9973676469590927,0.3546350298364178
2023-02-25 18:00:00,0.9978197820825516,0.9986805510676764,0.3887426822014104
2023-02-25 19:00:00,0.9971702488419276,1.0,0.4285471377029918
2023-02-25 20:00:00,0.9736331927230936,0.9972377602570976,0.465296592587739
2023-02-25 21:00:00,0.8155341335371429,0.7834388415018717,0.5166636650858362
2023-02-25 22:00:00,0.7628089025908825,0.4650858492633096,0.6297489630630593
2023-02-25 23:00:00,0.3342545468822803,0.3642977624157675,0.5820098655675751
2023-02-26 00:00:00,0.0737576391182693,0.1714257516112982,0.5746540992088567
2023-02-26 01:00:00,0.0015339504659565,0.1844355888616025,0.5126027344099058
2023-02-26 02:00:00,0.0,0.1479734977086385,0.4231900202682594
2023-02-26 03:00:00,0.0014700772715549,0.1750929901023316,0.4380434696970422
2023-02-26 04:00:00,0.1608955042034971,0.1901152617011974,0.3244381574244281
2023-02-26 05:00:00,0.2616253366657332,0.1620109875996907,0.272445765975254
2023-02-26 06:00:00,0.1980816429736567,0.2763133391835331,0.1841914451200198
2023-02-26 07:00:00,0.1497536079556334,0.1601713428310319,0.2265572236254324
2023-02-26 08:00:00,0.1376222044813866,0.0642180910297468,0.1267373094371721
2023-02-26 09:00:00,0.1299451612958721,0.0582754845712699,0.0975961778678146
2023-02-26 10:00:00,0.1258843319088805,0.0185285720949858,0.1408317392947627
2023-02-26 11:00:00,0.0928978592741723,0.0089701706287907,0.1349613830155017
2023-02-26 12:00:00,0.0524758591371424,0.0015858859797708,0.1617350180943806
2023-02-26 13:00:00,0.0154214349447512,0.0002833355486003,0.1163138244666305
2023-02-26 14:00:00,0.0014219093166924,0.0006112432947345,0.0840868435653985
2023-02-26 15:00:00,0.0009495943200354,0.0003834062931584,0.0766748306798
2023-02-26 16:00:00,0.0002027960384593,4.943523531645732e-05,0.1084764798482259
2023-02-26 17:00:00,0.0635622061935125,0.0,0.1299641997206445
2023-02-26 18:00:00,0.2291096893011355,0.0,0.1138226658690209
2023-02-26 19:00:00,0.2076286521612429,0.0,0.0942155192880069
2023-02-26 20:00:00,0.1961328749563179,0.0,0.0701039211422789
2023-02-26 21:00:00,0.1913186896081064,0.0,0.0323452018444834
2023-02-26 22:00:00,0.2399617394590689,0.0,0.0080906402051838
2023-02-26 23:00:00,0.1490925924450743,0.0,0.0255333403356714
2023-02-27 00:00:00,0.1152305626401714,0.0,0.0655766561919567
2023-02-27 01:00:00,0.082325444501989,3.9606312521142896e-05,0.0866281752492867
2023-02-27 02:00:00,0.0489001581871431,0.0007404579835779,0.0638553909226959
2023-02-27 03:00:00,0.0188918581195906,0.0013254989985547,0.0443043120546278
2023-02-27 04:00:00,0.0351489303158778,0.015367183809966,0.0485655793956681
2023-02-27 05:00:00,0.0880439842448515,0.03935785581863,0.068362600663129
2023-02-27 06:00:00,0.0361297212395013,0.0649647151722627,0.0833343057071461
2023-02-27 07:00:00,0.0006984706018485,0.0993548304426903,0.0859182254940855
2023-02-27 08:00:00,0.0002396694974961,0.1009452927346323,0.0781776157079958
2023-02-27 09:00:00,0.0001921388838026,0.1187310031816071,0.0667973125682157
2023-02-27 10:00:00,0.0202384657329983,0.1733496391695309,0.0405633788482815
2023-02-27 11:00:00,0.0124572803771573,0.2124184408998177,0.0384886175199271
2023-02-27 12:00:00,0.0228590373120276,0.2761671963860007,0.061266585892322
2023-02-27 13:00:00,0.0399203865356694,0.3459545147964378,0.0778568725959927
2023-02-27 14:00:00,0.0591486341813031,0.4069480194764979,0.0829216078215954
2023-02-27 15:00:00,0.0995608521442787,0.4036380247352949,0.0868846855911554
2023-02-27 16:00:00,0.1895351908565346,0.3530206804961161,0.0669351746054256
2023-02-27 17:00:00,0.3056176799574708,0.3126008650835822,0.0384468050564036
2023-02-27 18:00:00,0.3465698747073903,0.3110599019169028,0.0206751749406453
2023-02-27 19:00:00,0.3667249258826761,0.3419529908622791,0.0453657340380101
2023-02-27 20:00:00,0.3465230013030806,0.3516182135912328,0.0660395622253418
2023-02-27 21:00:00,0.2860161432253769,0.3750962961732952,0.0298314378931631
2023-02-27 22:00:00,0.3061356310750924,0.3231831952637317,0.0025833140011706
2023-02-27 23:00:00,0.345697736428454,0.2627803858588723,0.001112103851792
2023-02-28 00:00:00,0.4196409711650773,0.2033380464790693,0.000761283378975
2023-02-28 01:00:00,0.3565319379170736,0.1509687362932691,0.0005987508624207
2023-02-28 02:00:00,0.3054388286241519,0.1196916196860519,0.0009944212982078
2023-02-28 03:00:00,0.2789969070284974,0.1070459333120607,0.0015047804202908
2023-02-28 04:00:00,0.260422974630119,0.1401099971696442,0.0095363956650877
2023-02-28 05:00:00,0.2912641381905749,0.1629111579820221,0.0182888028668422
2023-02-28 06:00:00,0.2030030076020683,0.1377018643360512,0.0648227859945858
2023-02-28 07:00:00,0.1263783492294012,0.1129508252237357,0.0812359884673473
2023-02-28 08:00:00,0.0816572647468716,0.1001032894732905,0.0814417063021192
2023-02-28 09:00:00,0.064399663139792,0.0979406459658753,0.0644681032966165
2023-02-28 10:00:00,0.0911162881290211,0.1055366385216806,0.0727521905712052
2023-02-28 11:00:00,0.1063434049194934,0.1274158206640505,0.1010926564534505
2023-02-28 12:00:00,0.1002056692160812,0.1492548573250864,0.1396893987468644
2023-02-28 13:00:00,0.0855582368140127,0.1568704376033708,0.1506166130888696
2023-02-28 14:00:00,0.0860945383707682,0.1956089992149203,0.1645361208448223
2023-02-28 15:00:00,0.078208282882092,0.1794363564135981,0.1788344352073918
2023-02-28 16:00:00,0.0783035801906211,0.1589479399662391,0.2618766454310199
2023-02-28 17:00:00,0.0904000272937849,0.1641030054466397,0.3230543666415744
2023-02-28 18:00:00,0.101204187262292,0.2226365937127007,0.3915105567258947
2023-02-28 19:00:00,0.1282288280187868,0.3128947027368483,0.4380995713028253
2023-02-28 20:00:00,0.1544413028978833,0.4161059840831881,0.5035337825226628
2023-02-28 21:00:00,0.2150637558083129,0.4867755665498621,0.5471924161599352
2023-02-28 22:00:00,0.2370449826608296,0.5795999368031819,0.6241757339901394
2023-02-28 23:00:00,0.1162602153478884,0.5770543509838628,0.5713651772418054
2023-03-01 00:00:00,0.0895740705377915,0.5840269802442563,0.5283425368514716
2023-03-01 01:00:00,0.135084168583739,0.5479988319421905,0.5190902597763959
2023-03-01 02:00:00,0.1770154074126599,0.506235275393218,0.5118602942797094
2023-03-01 03:00:00,0.1991039319755205,0.5496233117346669,0.567657815085517
2023-03-01 04:00:00,0.1554882409525852,0.644312905330284,0.5532837225720774
2023-03-01 05:00:00,0.1614713551951389,0.6942268726872463,0.5427142997193181
2023-03-01 06:00:00,0.1418900723550833,0.7079156333324955,0.4719674431420619
2023-03-01 07:00:00,0.1139912067675123,0.6302846023459839,0.3681350097157597
2023-03-01 08:00:00,0.1284396882150687,0.5594614050746743,0.4491782468907973
2023-03-01 09:00:00,0.1549881930444754,0.6414034693848852,0.3158661836113026
2023-03-01 10:00:00,0.1804177870158276,0.4712477618572759,0.4366165407342848
2023-03-01 11:00:00,0.1773052059747035,0.4513294712390775,0.3960659192278494
2023-03-01 12:00:00,0.1776944266425238,0.5232054891149982,0.3399999811758403
2023-03-01 13:00:00,0.1713231965607287,0.4598984453413222,0.3407832797056709
2023-03-01 14:00:00,0.1887426563337737,0.4520871436673831,0.2344077210021175
2023-03-01 15:00:00,0.2047913619895386,0.4225616236917334,0.2385984900730108
2023-03-01 16:00:00,0.2683635381312152,0.4018202155244116,0.2555543114157284
2023-03-01 17:00:00,0.3208907928342133,0.3542915356704612,0.2661352749743493
2023-03-01 18:00:00,0.3568949138416963,0.3043538557937721,0.2299334893818774
2023-03-01 19:00:00,0.3155056978362838,0.2376402717789793,0.1660041481840844
2023-03-01 20:00:00,0.2573669439826915,0.168837682873595,0.1405244948817234
2023-03-01 21:00:00,0.1732904833126691,0.1512846409105787,0.1558341933231727
2023-03-01 22:00:00,0.1239886587741328,0.1588439824534397,0.2295962595472148
2023-03-01 23:00:00,0.071568115084779,0.1585917496213726,0.2223596448212667
2023-03-02 00:00:00,0.0637169445262235,0.2008632117626713,0.2177098405127431
2023-03-02 01:00:00,0.0797702050676532,0.2716180576997645,0.2150272793240017
2023-03-02 02:00:00,0.0966612497965494,0.3306537173152749,0.2118781625834945
2023-03-02 03:00:00,0.1031281200109743,0.3401978748296601,0.1898310293559155
2023-03-02 04:00:00,0.0995133437362371,0.3815390455956552,0.1721910370720757
2023-03-02 05:00:00,0.0967106164670458,0.4468421936035156,0.158466755175123
2023-03-02 06:00:00,0.0862481781080657,0.4890177608315461,0.1332225752811806
2023-03-02 07:00:00,0.0462019946060928,0.411054642371882,0.1067971014509014
2023-03-02 08:00:00,0.0252405966029447,0.3564994194928337,0.0873319775450463
2023-03-02 09:00:00,0.0010670396237591,0.2871585796081942,0.0806651162166221
2023-03-02 10:00:00,0.0105699916291081,0.2197346406824448,0.0845019957598517
2023-03-02 11:00:00,0.0043912822125004,0.1498843875585818,0.1000848821565216
2023-03-02 12:00:00,0.0012349891506768,0.1290345425699271,0.1355099911783255
2023-03-02 13:00:00,0.0005312526927274,0.1140581392774394,0.166825395004422
2023-03-02 14:00:00,6.39437070859024e-05,0.0953566326814539,0.2025754747827068
2023-03-02 15:00:00,0.0001801482213088,0.0998818757487278,0.1621224482854207
2023-03-02 16:00:00,0.0014583690493714,0.1211691837684781,0.1526465369205848
2023-03-02 17:00:00,0.0294928145564459,0.1283076463961133,0.1278013925926358
2023-03-02 18:00:00,0.0427100268843906,0.1407819518855974,0.1169798888412176
2023-03-02 19:00:00,0.0503495160271139,0.1519719876495062,0.1194294293721516
2023-03-02 20:00:00,0.0535981795367072,0.1652617898641848,0.1162541146371878
2023-03-02 21:00:00,0.0557157806321686,0.1806762015897464,0.1173458964216943
2023-03-02 22:00:00,0.0560440502914727,0.2394990328869788,0.1345268300935334
2023-03-02 23:00:00,0.0425824994355245,0.2327854056763493,0.1531445161969054
2023-03-03 00:00:00,0.0299256712782616,0.2085875810361376,0.1718484778809391
2023-03-03 01:00:00,0.0274266281159095,0.1613982518513997,0.208239633273455
2023-03-03 02:00:00,0.0365659559474271,0.1234311099145926,0.2221042502160166
2023-03-03 03:00:00,0.0395117631924697,0.0886172640557382,0.229740862752877
2023-03-03 04:00:00,0.044074190987481,0.0791253763086655,0.249846570632037
2023-03-03 05:00:00,0.0353921114229688,0.0742280716989554,0.2814141254799038
2023-03-03 06:00:00,0.023929147159352,0.0680033132141711,0.3015235810498007
2023-03-03 07:00:00,0.0008504184242946,0.0539689438015806,0.2976845759971469
2023-03-03 08:00:00,0.0010424977034525,0.0477576306442809,0.2278913984111711
2023-03-03 09:00:00,0.0075747686273911,0.0615022930444455,0.2528714541516272
2023-03-03 10:00:00,0.0481893802000806,0.1339557825350293,0.4495965733247645
2023-03-03 11:00:00,0.0562001677120433,0.1180190432305429,0.5028515547708748
2023-03-03 12:00:00,0.0655525805903416,0.1449637085783715,0.5765536563848358
2023-03-03 13:00:00,0.0700035983440922,0.1247880973067938,0.56925720638699
2023-03-03 14:00:00,0.057151013729619,0.1364215565662758,0.4572650498034907
2023-03-03 15:00:00,0.0725874713822907,0.1658590284048342,0.5232850554721807
2023-03-03 16:00:00,0.1002652037377451,0.1898222655252693,0.5168493199192621
2023-03-03 17:00:00,0.1351910362056657,0.214548170176986,0.458166443444545
2023-03-03 18:00:00,0.1656496758554496,0.2651637332891327,0.4076116443459505
2023-03-03 19:00:00,0.2066363259857776,0.3215952122133542,0.4051034045375251
2023-03-03 20:00:00,0.2432410109276865,0.3703279526405085,0.4223010368596495
2023-03-03 21:00:00,0.3042565202401354,0.4620947635251712,0.4785250370798547
2023-03-03 22:00:00,0.4204248556124619,0.5422639613058052,0.4770607652227863
2023-03-03 23:00:00,0.5086007616878335,0.578355010038887,0.496295036054125
2023-03-04 00:00:00,0.4969485912447661,0.5770665368223502,0.4508422169030882
2023-03-04 01:00:00,0.4341477771210514,0.5421008861142825,0.4294230112063339
2023-03-04 02:00:00,0.372239508660011,0.4962893015418956,0.5833990511551401
2023-03-04 03:00:00,0.2972601519690619,0.4719807042015923,0.6476650986016965
2023-03-04 04:00:00,0.2324256741143519,0.510794391819075,0.7014983027589087
2023-03-04 05:00:00,0.1801318966485316,0.5034748245688045,0.7939030329386393
2023-03-04 06:00:00,0.1459419610453587,0.5094598633011961,0.9737506349102344
2023-03-04 07:00:00,0.0810525697820326,0.4840403834199593,0.9895134688981996
2023-03-04 08:00:00,0.1017960263233558,0.7519098076165891,0.9949746848711
2023-03-04 09:00:00,0.1639392679812861,0.7237054787430108,0.997442575841168
2023-03-04 10:00:00,0.2949156948164397,0.643416591719085,0.968161879022137
2023-03-04 11:00:00,0.4084629093120301,0.746912442001642,0.9695148062861824
2023-03-04 12:00:00,0.4997248119778103,0.7842662381190879,0.9988317863613952
2023-03-04 13:00:00,0.5588691374834845,0.8130870893889782,0.9984600746553708
2023-03-04 14:00:00,0.5718999205071942,0.8381626652736289,0.9986826765771004
2023-03-04 15:00:00,0.614621678208993,0.801611722684374,0.9978994107713888
2023-03-04 16:00:00,0.6591167075961244,0.5458784960453806,0.9978365991629804
2023-03-04 17:00:00,0.7190703691220751,0.3840754094466664,1.0
2023-03-04 18:00:00,0.6827907749250823,0.2924938575894225,1.0
2023-03-04 19:00:00,0.6017007469351774,0.3189928593978383,0.9972124754213818
2023-03-04 20:00:00,0.5599773319718105,0.4934112932167801,0.9285751292908112
2023-03-04 21:00:00,0.4865445732291228,0.8053208706425685,0.9120755600773433
2023-03-04 22:00:00,0.3599025751251021,0.9754367872001298,0.9449621898676056
2023-03-04 23:00:00,0.272131274728214,0.9709197368497164,0.938102952795091
2023-03-05 00:00:00,0.3034986358842039,0.9673424483903872,0.9435938479853612
2023-03-05 01:00:00,0.441499064950382,0.8971872329711914,0.9238584119510028
2023-03-05 02:00:00,0.5699317283879698,0.8349216031093223,0.8896217969507954
2023-03-05 03:00:00,0.5479807323879665,0.7703080925286985,0.8349045211193609
2023-03-05 04:00:00,0.3954868862052369,0.6642574048509784,0.751749786676145
2023-03-05 05:00:00,0.3018911710751602,0.6100810197443743,0.6694208780924479
2023-03-05 06:00:00,0.1785799288282207,0.5630673380459056,0.5370604290681726
2023-03-05 07:00:00,0.1096253418454936,0.5007457343581455,0.5919597818960551
2023-03-05 08:00:00,0.1240969639198452,0.5375122011097428,0.5909096493440515
2023-03-05 09:00:00,0.1138963652592079,0.4250328042148764,0.6884639590394263
2023-03-05 10:00:00,0.1136889410953895,0.2093350528891569,0.4969874784058216
2023-03-05 11:00:00,0.1095701549567428,0.2980749435674131,0.422133317959854
2023-03-05 12:00:00,0.097967082378911,0.2589538486954433,0.3145266296037661
2023-03-05 13:00:00,0.0888992758358226,0.1703204010047164,0.3120054996091556
2023-03-05 14:00:00,0.0739618142445882,0.0959167760961196,0.3503494823680204
2023-03-05 15:00:00,0.0385667518073437,0.0472948126543581,0.3402475313423506
2023-03-05 16:00:00,0.0317827163178936,0.0122317461406483,0.2534228056864022
2023-03-05 17:00:00,0.0546636768415862,0.0009218049205206,0.2375505017299278
2023-03-05 18:00:00,0.0828515548332064,0.0007555776951359,0.2770566067664451
2023-03-05 19:00:00,0.0902812854916441,0.0015612696510514,0.2648418993731729
2023-03-05 20:00:00,0.0627015384973264,0.0261407564668094,0.1850625580432368
2023-03-05 21:00:00,0.0421607595643186,0.0586308217516132,0.1763859511980044
2023-03-05 22:00:00,0.0246386259209875,0.1068305501750871,0.1696635928808474
2023-03-05 23:00:00,0.0042873667735679,0.1479116140627393,0.1236001416748645
2023-03-06 00:00:00,0.0004863310483546,0.1590868889116773,0.0911633407368379
2023-03-06 01:00:00,0.0,0.1567678124296899,0.1076576873367907
2023-03-06 02:00:00,0.0,0.1600761156456143,0.1147204170040055
2023-03-06 03:00:00,0.0,0.1277233455695358,0.1159491141637166
2023-03-06 04:00:00,0.0137809764326008,0.1101260909847184,0.1392906787348728
2023-03-06 05:00:00,0.057764263714061,0.1737845738728841,0.1599238082474353
2023-03-06 06:00:00,0.0786863121331906,0.2790390681597142,0.1382282434725293
2023-03-06 07:00:00,0.0703005697212967,0.3035168725680681,0.1001575297000361
2023-03-06 08:00:00,0.0979968145781872,0.3511081723605885,0.097047674889658
2023-03-06 09:00:00,0.1083940851922128,0.2498421295016419,0.1191983386582019
2023-03-06 10:00:00,0.1359170909021415,0.1696048998365215,0.1584491542741364
2023-03-06 11:00:00,0.1713465124953027,0.1990523556478662,0.1772973895852082
2023-03-06 12:00:00,0.185893286287395,0.1728973544501011,0.1949054057302038
2023-03-06 13:00:00,0.1764127756255904,0.1266464298846674,0.2234195353938084
2023-03-06 14:00:00,0.191127839431264,0.0631540663102093,0.2027222689460305
2023-03-06 15:00:00,0.2427967794580397,0.0115518332306855,0.1275091545254576
2023-03-06 16:00:00,0.2478612669153151,0.0002226595785103,0.1180202002618827
2023-03-06 17:00:00,0.2127628949732562,0.0,0.1239836449716605
2023-03-06 18:00:00,0.1754621368607664,0.0013926375925151,0.1404669238071815
2023-03-06 19:00:00,0.1434910531137503,0.0212875281284058,0.1862393391677756
2023-03-06 20:00:00,0.1310953205707026,0.0310263863576003,0.3171286162208108
2023-03-06 21:00:00,0.1322304384381163,0.0184879571783776,0.4763894688849355
2023-03-06 22:00:00,0.0756527162065693,0.0009670078364852,0.4230320422477971
2023-03-06 23:00:00,0.0928236456478343,0.0013247638746024,0.4206336619807225
2023-03-07 00:00:00,0.1214058492697921,0.0401649798443114,0.4456754120346767
2023-03-07 01:00:00,0.1449548380047667,0.0880734125773111,0.4035784076241886
2023-03-07 02:00:00,0.1759401209214154,0.1292060286391015,0.3417549507290709
2023-03-07 03:00:00,0.213386666541006,0.1791195557787527,0.3228930928348716
2023-03-07 04:00:00,0.195699479844835,0.2323690052905113,0.320790454453113
2023-03-07 05:00:00,0.1884134205338222,0.2505332286061804,0.3195847093669418
2023-03-07 06:00:00,0.2091002651289397,0.2599935469284556,0.3215872290866827
2023-03-07 07:00:00,0.1571894626991421,0.212329795937133,0.4148205542096905
2023-03-07 08:00:00,0.2264145153020721,0.1747634582270204,0.3640374685424605
2023-03-07 09:00:00,0.2834338923684912,0.2122030756831948,0.2993757537766999
2023-03-07 10:00:00,0.3258238524393319,0.1309494995603374,0.2476223341000625
2023-03-07 11:00:00,0.3938758326511757,0.1031958939982395,0.2191240148606643
2023-03-07 12:00:00,0.3506053086199792,0.0987409376630596,0.1835014711018481
2023-03-07 13:00:00,0.2344460331536585,0.054251750310262,0.1084327931497611
2023-03-07 14:00:00,0.152589246338489,0.0519119290744557,0.0479846674632402
2023-03-07 15:00:00,0.1198322165246103,0.0439672703836478,0.0133803856918235
2023-03-07 16:00:00,0.0996453504936367,0.0577448629865459,0.026831786227382
2023-03-07 17:00:00,0.0694251761716954,0.0436082322613086,0.0778448815439261
2023-03-07 18:00:00,0.0310774515656863,0.0014989761745228,0.1783943487927804
2023-03-07 19:00:00,0.0010302448584363,0.0,0.2911725916893654
2023-03-07 20:00:00,0.0,0.0,0.3880552544313319
2023-03-07 21:00:00,0.0,0.0,0.4767453670501709
2023-03-07 22:00:00,0.0077379739362429,0.0002676166740118,0.5789666316088508
2023-03-07 23:00:00,0.0651089116638782,0.0267892055262148,0.5546098285251193
2023-03-08 00:00:00,0.1064331274406582,0.0965983026167925,0.5316253658992792
2023-03-08 01:00:00,0.1801911709355373,0.1915260015749464,0.5419879879047668
2023-03-08 02:00:00,0.2361777779323602,0.2564767638063119,0.5249779910043954
2023-03-08 03:00:00,0.2658383113886017,0.3091101147770103,0.5794241381626503
2023-03-08 04:00:00,0.2602839376412186,0.3057300296484255,0.5764208665860244
2023-03-08 05:00:00,0.2457520260530359,0.3524872758030112,0.6073137591866886
2023-03-08 06:00:00,0.1560606208502077,0.4277825152951907,0.5798194610994626
2023-03-08 07:00:00,0.0629003842671712,0.4086141492806229,0.6277992289050731
2023-03-08 08:00:00,0.0277294832117417,0.4006814115187701,0.5545064281014835
2023-03-08 09:00:00,0.0661786163554472,0.2958139609667211,0.8584758534150965
2023-03-08 10:00:00,0.1075353575687782,0.1548297849355959,0.5378293913174299
2023-03-08 11:00:00,0.2262218294579998,0.1760537546444562,0.4484312752493067
2023-03-08 12:00:00,0.3319869727091072,0.2136997366263196,0.5101736308702456
2023-03-08 13:00:00,0.4229570448009017,0.2304167435839285,0.5066017465653763
2023-03-08 14:00:00,0.4150303126939761,0.2836927806629854,0.27737032821755
2023-03-08 15:00:00,0.4225507109772926,0.4860906507454666,0.2465995713776233
2023-03-08 16:00:00,0.4779644885094337,0.693640391031901,0.2183678383920707
2023-03-08 17:00:00,0.542493162591473,0.7690243908003265,0.1848326851339901
2023-03-08 18:00:00,0.5597508187387503,0.5630913513158661,0.1910854414397595
2023-03-08 19:00:00,0.5176971317116731,0.3174392257640564,0.1749768101311976
2023-03-08 20:00:00,0.4409228150361504,0.1558276017506917,0.0925648913663976
2023-03-08 21:00:00,0.3458053987789777,0.0830654303232828,0.1052119685154335
2023-03-08 22:00:00,0.2070990325578677,0.0178636850095262,0.1576724356296015
2023-03-08 23:00:00,0.1351758545520258,0.0,0.2233167972440033
2023-03-09 00:00:00,0.1279332941653681,0.0,0.3448266235052371
2023-03-09 01:00:00,0.1514044462465772,0.0,0.527724822362264
2023-03-09 02:00:00,0.1695684358185412,0.0175117417877795,0.6045966756110097
2023-03-09 03:00:00,0.1496243359995823,0.1691565326615876,0.4763799710990556
2023-03-09 04:00:00,0.1853578636069703,0.3952589642767813,0.4194486437280194
2023-03-09 05:00:00,0.3075042612412396,0.5063662731569577,0.5419299259684445
2023-03-09 06:00:00,0.3155210049323786,0.5795336315055298,0.5391115924112158
2023-03-09 07:00:00,0.205864931243697,0.6888087403540517,0.3947143539104586
2023-03-09 08:00:00,0.162088719068789,0.6768317129097733,0.3396724532632267
2023-03-09 09:00:00,0.2087950706481933,0.5951815025479186,0.1994701771954306
2023-03-09 10:00:00,0.3871964457767461,0.4410742747238259,0.0482346836258383
2023-03-09 11:00:00,0.5961509935216965,0.3857318716111526,0.034041018657435
2023-03-09 12:00:00,0.782690964493097,0.3513473732019562,0.2038135435066971
2023-03-09 13:00:00,0.9021823795792324,0.3406172453188428,0.2180076923245698
2023-03-09 14:00:00,0.9444634805317798,0.4441349615458569,0.2007453145544513
2023-03-09 15:00:00,0.9298881642958696,0.6366129949981091,0.2834048177681717
2023-03-09 16:00:00,0.9011263379863664,0.8136773015938553,0.4864503121843525
2023-03-09 17:00:00,0.860270306954976,0.9289003384658714,0.5709802481084087
2023-03-09 18:00:00,0.8026274138805913,0.9676262786964964,0.5108024559768976
2023-03-09 19:00:00,0.7001234970840753,0.8998157900143293,0.4729346044702467
2023-03-09 20:00:00,0.6018708110634797,0.7003037415298761,0.3985499899371776
2023-03-09 21:00:00,0.4627519027859557,0.7998385335884842,0.3034856724583246
2023-03-09 22:00:00,0.4083900358162674,0.9172147177403268,0.2104323081720888
2023-03-09 23:00:00,0.3319490345474941,0.8844435573403352,0.1128273384243834
2023-03-10 00:00:00,0.3297943227431353,0.8494515948825412,0.0612861502404306
2023-03-10 01:00:00,0.3029913045222463,0.8241085071189731,0.0113678177197774
2023-03-10 02:00:00,0.3174775301241407,0.758773037031585,0.0010206465627632
2023-03-10 03:00:00,0.3244284897847892,0.696273177277808,0.0077340423671248
2023-03-10 04:00:00,0.3698510889913521,0.6953821649738386,0.0327801147317574
2023-03-10 05:00:00,0.2946688271815481,0.6399693676069671,0.0671926432964848
2023-03-10 06:00:00,0.2085158123689539,0.4731498278823553,0.0662411427965351
2023-03-10 07:00:00,0.1860590292737375,0.3047770347470551,0.0891491478564692
2023-03-10 08:00:00,0.1553223296707751,0.142361369787478,0.1491438173780254
2023-03-10 09:00:00,0.0593277987311868,0.0103981097539265,0.2208016370636185
2023-03-10 10:00:00,0.0419297685810163,0.000678384226132,0.2177355398539624
2023-03-10 11:00:00,0.0009765176991232,0.0,0.2638473230249741
2023-03-10 12:00:00,0.0,0.0,0.2747167824140561
2023-03-10 13:00:00,0.0,0.0,0.3129891087027157
2023-03-10 14:00:00,0.0,0.0,0.4175765639037089
2023-03-10 15:00:00,0.0555071877498252,0.0124230599091723,0.5486645729713191
2023-03-10 16:00:00,0.2191863091163386,0.0919371492722455,0.8112171023499732
2023-03-10 17:00:00,0.2600445311053905,0.1838867243598489,0.9253219716689166
2023-03-10 18:00:00,0.2312068502887401,0.2797809145808999,0.973034593794081
2023-03-10 19:00:00,0.2477418893302967,0.3838786876279544,0.967855861763549
2023-03-10 20:00:00,0.2087530871621923,0.452991404564552,0.9083405102000516
2023-03-10 21:00:00,0.2533918362037808,0.4925371385088154,0.8719566382613837
2023-03-10 22:00:00,0.3782873496510624,0.5522757028442582,0.837174658681832
2023-03-10 23:00:00,0.4316519880606458,0.5810530980428059,0.8210048862532073
2023-03-11 00:00:00,0.4807894525964276,0.5699722283805897,0.7230856184865914
2023-03-11 01:00:00,0.6724826775345147,0.5617876458012201,0.7266386723985858
2023-03-11 02:00:00,0.7958515578625249,0.5675230540481268,0.818942481396245
2023-03-11 03:00:00,0.8587409000770718,0.5934428701213762,0.8418439322826909
2023-03-11 04:00:00,0.9248411452848148,0.6185032261742486,0.8442349839054681
2023-03-11 05:00:00,0.903466636059331,0.6724267192915374,0.8460458992353452
2023-03-11 06:00:00,0.914368130802329,0.7251107178482354,0.8075393695457309
2023-03-11 07:00:00,0.9801254428290074,0.8066585671667958,0.8119492717817718
2023-03-11 08:00:00,0.9831639333488116,0.8821837917652006,0.5391264663023108
2023-03-11 09:00:00,0.928252999299492,0.9236658445370742,0.4651840527852376
2023-03-11 10:00:00,0.8098538810131597,0.9438410116956124,0.2930150094375112
2023-03-11 11:00:00,0.9020274729510538,0.9712289797714332,0.323396615732729
2023-03-11 12:00:00,0.7626714612923416,0.9757850466210858,0.2760422525842205
2023-03-11 13:00:00,0.6577208930370854,0.9895071017196754,0.3679548400679445
2023-03-11 14:00:00,0.5984808183183856,0.9816374373591804,0.2686240844477235
2023-03-11 15:00:00,0.7017617973626828,0.9466035132314644,0.1452642211727067
2023-03-11 16:00:00,0.6440719903684129,0.8222204563664455,0.1187050576303519
2023-03-11 17:00:00,0.5851048893398708,0.7719359865375593,0.1510899090299419
2023-03-11 18:00:00,0.5065659058639427,0.8049444778292787,0.3692313346987456
2023-03-11 19:00:00,0.3874379902883292,0.8050022031746659,0.4842597285127328
2023-03-11 20:00:00,0.2418241126864564,0.812417750265084,0.6917806139179304
2023-03-11 21:00:00,0.4418084294188256,0.7666655054279402,0.996974303052316
2023-03-11 22:00:00,0.9861492144516092,0.6894278152316224,0.98355830572789
2023-03-11 23:00:00,0.9983252450531604,0.3800429051218469,0.9816153345544352
2023-03-12 00:00:00,0.997000803355298,0.2214168816610099,0.9867783870572358
2023-03-12 01:00:00,0.9973212846743514,0.7629402572033452,0.9984608164020612
2023-03-12 02:00:00,0.9978476723814322,0.9830889296687506,1.0
2023-03-12 03:00:00,0.994716659870023,0.9225990258011164,0.9987274525212304
2023-03-12 04:00:00,0.9889059503094044,0.96951460994147,0.9968054715324848
2023-03-12 05:00:00,0.9751930392645544,0.9968265271654316,0.9825979837405135
2023-03-12 06:00:00,0.980779186572904,0.9881261813095192,0.8679450539981618
2023-03-12 07:00:00,0.8832934822132384,0.9972965483571968,0.998076058680715
2023-03-12 08:00:00,0.7727918531380448,0.9999187413383934,0.9943690455816928
2023-03-12 09:00:00,0.7909551134296492,1.0,0.9711644384596084
2023-03-12 10:00:00,0.9071954091389974,0.9992090144188576,0.9776379516701292
2023-03-12 11:00:00,0.923181820539088,0.9919095756181704,0.948218308243097
2023-03-12 12:00:00,0.9535571391286414,0.9836505035948908,0.9238348443523732
2023-03-12 13:00:00,0.9060685463200988,0.9399170657388524,0.968074673920675
2023-03-12 14:00:00,0.7865520832585353,0.8257591771144492,0.9939619388455658
2023-03-12 15:00:00,0.4209011333440643,0.689309419370165,0.9996201197306316
2023-03-12 16:00:00,0.3170988809049519,0.3944999813254363,0.9689888829499288
2023-03-12 17:00:00,0.3474272185680913,0.4065249870026033,0.9701321701598324
2023-03-12 18:00:00,0.3854085183611103,0.6029600099800458,0.918923664716334
2023-03-12 19:00:00,0.348617436839085,0.7653945661058612,0.8234535011590696
2023-03-12 20:00:00,0.2902515604605082,0.7930497188194126,0.6482026904237036
2023-03-12 21:00:00,0.2025162004957012,0.6753895609986548,0.4690835211012099
2023-03-12 22:00:00,0.1544914058610504,0.7501751020842907,0.4542680503496157
2023-03-12 23:00:00,0.1906911874908247,0.7179111499412387,0.3227231767442491
2023-03-13 00:00:00,0.2229590197793798,0.6314958388509313,0.2120808557747236
2023-03-13 01:00:00,0.2060889418608223,0.4861005069383609,0.1606909200256946
2023-03-13 02:00:00,0.1378812041937136,0.3400363813038745,0.1547251261916815
2023-03-13 03:00:00,0.0640607581419103,0.2811270508111692,0.1053775291816861
2023-03-13 04:00:00,0.0270302739797853,0.2675969398099612,0.167433502627354
2023-03-13 05:00:00,0.0007659465658898,0.2251160472047095,0.2782598570281384
2023-03-13 06:00:00,0.0,0.1746941173777861,0.2651275528801812
2023-03-13 07:00:00,0.0,0.1393495470869775,0.2469726263308057
2023-03-13 08:00:00,0.0,0.0979959029777377,0.3121453874251422
2023-03-13 09:00:00,0.0,0.0498635628644157,0.4459849229825088
2023-03-13 10:00:00,0.0035015839377259,0.0071490406990051,0.6181614850860795
2023-03-13 11:00:00,0.0692450766469918,0.0146776792270685,0.7807697314842075
2023-03-13 12:00:00,0.1075048890768313,0.0241517101237976,0.7944241318048215
2023-03-13 13:00:00,0.114136116177428,0.0506015384898466,0.4866718077192119
2023-03-13 14:00:00,0.1313630155488556,0.0860846276376761,0.5283307094199985
2023-03-13 15:00:00,0.1512392712574379,0.1555928646349439,0.6010712050144968
2023-03-13 16:00:00,0.249495484470542,0.2991419726727055,0.7464622235765644
2023-03-13 17:00:00,0.3104061644061718,0.4097361813962849,0.9078402612723556
2023-03-13 18:00:00,0.3126621667076559,0.6517345391067804,0.977126613941068
2023-03-13 19:00:00,0.3654151071909985,0.8563300176383624,0.9828561770370584
2023-03-13 20:00:00,0.3772186360328026,0.9244537602842244,0.97628426707648
2023-03-13 21:00:00,0.3288514349195692,0.9458180845173356,0.954846724965214
2023-03-13 22:00:00,0.3237059802011727,0.9613706863004398,0.9718108052521748
2023-03-13 23:00:00,0.2834684147554285,0.9438632765626596,0.9054656184576696
2023-03-14 00:00:00,0.2708977655647627,0.933260581072639,0.8605486177930645
2023-03-14 01:00:00,0.3571092131870245,0.9293943105959424,0.8639616561091803
2023-03-14 02:00:00,0.4599142152499529,0.9279846365934884,0.8632135328903697
2023-03-14 03:00:00,0.4961769409429014,0.9659995284734988,0.8747674592959336
2023-03-14 04:00:00,0.4854494605968201,0.9809521662643532,0.8826823826708825
2023-03-14 05:00:00,0.4506128364139133,0.9925361115948048,0.9071853425767686
2023-03-14 06:00:00,0.4292442331127092,0.9968456879160764,0.9443362865572662
2023-03-14 07:00:00,0.4194966889674367,0.9806313390046164,0.9710130286372564
2023-03-14 08:00:00,0.3932761460347892,0.9583884968477135,0.700776735941569
2023-03-14 09:00:00,0.3463735923268436,0.9356300129609948,0.6293185162388422
2023-03-14 10:00:00,0.3455437133514803,0.9156142527761024,0.659274372400022
2023-03-14 11:00:00,0.2891097754434822,0.8951696570402656,0.6823405565000048
2023-03-14 12:00:00,0.1904371548322291,0.8462949578278984,0.780991797353707
2023-03-14 13:00:00,0.1587914953044816,0.7176592396754844,0.8382093953151328
2023-03-14 14:00:00,0.1408017266030405,0.6498046669305539,0.9724219982920128
2023-03-14 15:00:00,0.0980133870068718,0.7758687711229512,0.9956814416872908
2023-03-14 16:00:00,0.1354672862034218,0.91904541090423,0.9978751263587304
2023-03-14 17:00:00,0.1760478923523348,0.9687437325521232,0.9983866666656692
2023-03-14 18:00:00,0.2375298948848949,0.9689433590259428,0.9982229276420244
2023-03-14 19:00:00,0.2875691177019107,0.9515461952857722,0.9969008670133702
2023-03-14 20:00:00,0.3693264730615553,0.8980844597411312,0.9875464034236334
2023-03-14 21:00:00,0.3752952884225284,0.8060612865522796,0.9753792581994548
2023-03-14 22:00:00,0.2656041749941757,0.6714534385531556,0.95195738474528
2023-03-14 23:00:00,0.1706191254597084,0.5534360455531699,0.8847186705645393
2023-03-15 00:00:00,0.1399554107703414,0.4420915740767336,0.8332399106493183
2023-03-15 01:00:00,0.1545885263704786,0.354353496451783,0.7988966680040547
2023-03-15 02:00:00,0.1772867308722602,0.3245547550176483,0.7493376918867523
2023-03-15 03:00:00,0.1819078750859678,0.3383965445499794,0.700844082177854
2023-03-15 04:00:00,0.1689367317685894,0.3190056763443292,0.6423062623715867
2023-03-15 05:00:00,0.0863415119694728,0.2931975102892109,0.6026560808318893
2023-03-15 06:00:00,0.0388359626134236,0.2717982491636588,0.525412201102263
2023-03-15 07:00:00,0.1920054660123937,0.2230912470350078,0.3272025896832834
2023-03-15 08:00:00,0.214055856068929,0.300108150719038,0.1882638432621176
2023-03-15 09:00:00,0.1146190189847759,0.2466860845977184,0.0904187034158145
2023-03-15 10:00:00,0.0991781552632649,0.1110985582950068,0.0506775051939721
2023-03-15 11:00:00,0.1363110074809953,0.1216439873564477,0.0326810572661605
2023-03-15 12:00:00,0.0935633977254231,0.1434578498204549,0.0013982754906797
2023-03-15 13:00:00,0.0467151321616827,0.0964976993261599,4.561897975946564e-07
2023-03-15 14:00:00,0.0291245349871566,0.0730487645841112,0.0
2023-03-15 15:00:00,0.0159891286706612,0.0643327890657911,0.0
2023-03-15 16:00:00,0.001562343313803,0.0415206707380955,0.0
2023-03-15 17:00:00,0.0005650337225471,0.0497090582754097,0.0984315544951195
2023-03-15 18:00:00,0.0,0.0561185444102567,0.4201997167923871
2023-03-15 19:00:00,0.0,0.037613673926958,0.6486652785656498
2023-03-15 20:00:00,0.0,0.0208717420989391,0.5890140346452302
2023-03-15 21:00:00,0.0,0.0178819193559534,0.563168050416934
2023-03-15 22:00:00,0.0,0.0015266338984171,0.4483379678788528
2023-03-15 23:00:00,0.0035306413968404,0.0006851164344089,0.3764961996888802
2023-03-16 00:00:00,0.0242493892806807,0.0,0.3925762675166909
2023-03-16 01:00:00,0.0452604967784258,0.0,0.466313034880395
2023-03-16 02:00:00,0.0625583471036424,0.0,0.5621039399913713
2023-03-16 03:00:00,0.0636118767308253,0.0,0.6599338942883061
2023-03-16 04:00:00,0.0401132819699306,0.0003146782420039,0.6582855804293763
2023-03-16 05:00:00,0.0359811689339432,0.0001686651722278,0.5685595671335856
2023-03-16 06:00:00,0.0385896068772459,0.000369163510067,0.555995430042541
2023-03-16 07:00:00,0.0052908658981323,0.0006915942516202,0.5329340891121259
2023-03-16 08:00:00,0.0011564134772306,0.0,0.5401692515105204
2023-03-16 09:00:00,0.0006852504474664,0.0,0.780281618529675
2023-03-16 10:00:00,0.0368651167240018,0.0004934419214335,0.689917106254428
2023-03-16 11:00:00,0.0767071106854607,0.0013743942859126,0.6944018158258176
2023-03-16 12:00:00,0.1294694461074529,0.0176375632971719,0.7899421710594028
2023-03-16 13:00:00,0.1387911567500993,0.0582877327414119,0.8406381794050628
2023-03-16 14:00:00,0.1737610654893264,0.1514706424638336,0.6591339859307981
2023-03-16 15:00:00,0.2578693838680492,0.3450928497937769,0.4495541020935657
2023-03-16 16:00:00,0.4000320683896931,0.4799652956669626,0.3372857181075351
2023-03-16 17:00:00,0.5041310678120532,0.5610952034495235,0.3109913495631
2023-03-16 18:00:00,0.5029870326222937,0.5721585111680374,0.2958206257788963
2023-03-16 19:00:00,0.5144607163722219,0.5363267699098275,0.2806903988707299
2023-03-16 20:00:00,0.5501121789022209,0.4614114605523402,0.2608022471658545
2023-03-16 21:00:00,0.5758044065213671,0.4646315683726392,0.2791519913018918
2023-03-16 22:00:00,0.633828351700228,0.4723138435214173,0.3002929344675899
2023-03-16 23:00:00,0.6527335410024605,0.6279182200338326,0.3030575864455279
2023-03-17 00:00:00,0.6817850973091873,0.73351957283768,0.3235947291056315
2023-03-17 01:00:00,0.7445464882196164,0.788407148099413,0.3401114519904641
2023-03-17 02:00:00,0.7205292103337306,0.6754117479511336,0.3498623651616713
2023-03-17 03:00:00,0.6440609950645296,0.5661894215477837,0.3559415527418548
2023-03-17 04:00:00,0.6720636779186772,0.575878059162813,0.3171821544372957
2023-03-17 05:00:00,0.7404281578811944,0.6140308442458607,0.2807516272551094
2023-03-17 06:00:00,0.9282955157211404,0.5790963749480403,0.2165268418056513
2023-03-17 07:00:00,0.7079429252474916,0.4530670284445769,0.1210624914543301
2023-03-17 08:00:00,0.591023264367596,0.363610993802937,0.1266781605926214
2023-03-17 09:00:00,0.5122771216373818,0.3351548092038023,0.1608377578211765
2023-03-17 10:00:00,0.5063076736101138,0.3282498440711326,0.1230024823955461
2023-03-17 11:00:00,0.4942874191633237,0.3321743198469573,0.1474848448061475
2023-03-17 12:00:00,0.5516277029623393,0.32904588630776,0.2054467544057011
2023-03-17 13:00:00,0.5278445303050521,0.3157542733585133,0.2172021304859834
2023-03-17 14:00:00,0.4336659331726872,0.428299148098316,0.2167378251069511
2023-03-17 15:00:00,0.4729971464942483,0.3977422293494729,0.1529976784014234
2023-03-17 16:00:00,0.5882219551435482,0.4056601726930905,0.1240786267261879
2023-03-17 17:00:00,0.5816847904055726,0.3876859066533107,0.1029421885808308
2023-03-17 18:00:00,0.5046631230248345,0.3360963787128723,0.0798536983190798
2023-03-17 19:00:00,0.4588146225299711,0.3278559609955432,0.068362881155575
2023-03-17 20:00:00,0.4560143885269664,0.3256653617410099,0.0628948679157331
2023-03-17 21:00:00,0.4272342429441564,0.2977913594713398,0.0621505344615263
2023-03-17 22:00:00,0.4356032695645601,0.1998794717726364,0.0723915474087584
2023-03-17 23:00:00,0.4072627304426205,0.1698137615241256,0.0805156838660146
2023-03-18 00:00:00,0.3473429196800282,0.1653912721895704,0.1154185627021041
2023-03-18 01:00:00,0.3294594708610983,0.205728203642602,0.1456559989966598
2023-03-18 02:00:00,0.3474328580245473,0.2563818420460022,0.1543944957209568
2023-03-18 03:00:00,0.3935011383754755,0.2943902794831718,0.1541889999427047
2023-03-18 04:00:00,0.4020561205795387,0.3285992706523222,0.1548029277838912
2023-03-18 05:00:00,0.3927757724437838,0.3831315695070753,0.1583334511401606
2023-03-18 06:00:00,0.3971462047177981,0.4078350986530578,0.0988181782703773
2023-03-18 07:00:00,0.4325693152309243,0.3837240786334268,0.0450424641565559
2023-03-18 08:00:00,0.2743716769748264,0.2518328217899098,0.0520550035962871
2023-03-18 09:00:00,0.2387766090093874,0.1626960903990502,0.0819266777412564
2023-03-18 10:00:00,0.240053700465782,0.1503245503294701,0.0486699919295466
2023-03-18 11:00:00,0.2526697084015491,0.1124031286613614,0.0668530604418586
2023-03-18 12:00:00,0.1705835029190661,0.0937155181286381,0.0675898907231349
2023-03-18 13:00:00,0.1678072237500957,0.0778298518236945,0.0765158148372874
2023-03-18 14:00:00,0.2085428736568276,0.0774691151637657,0.0949523963180242
2023-03-18 15:00:00,0.1842657008202247,0.0966378754260493,0.102428396542867
2023-03-18 16:00:00,0.2197913095062854,0.0962700095831179,0.1241160724677291
2023-03-18 17:00:00,0.2815002834095674,0.1164216036890067,0.1648345648073682
2023-03-18 18:00:00,0.3116934252720253,0.1270792297288483,0.197675723655551
2023-03-18 19:00:00,0.2821890139112285,0.1185631985757865,0.2060429317499298
2023-03-18 20:00:00,0.2093347568137973,0.0848679449044021,0.2003191436817443
2023-03-18 21:00:00,0.1631780114828371,0.0598449333041322,0.1798406177096896
2023-03-18 22:00:00,0.1318721794614605,0.0290974207173765,0.1567515789293775
2023-03-18 23:00:00,0.1192710913863836,0.0278457808338738,0.1271177974401735
2023-03-19 00:00:00,0.1014794905980428,0.0410918811567468,0.1014992302539301
2023-03-19 01:00:00,0.0899062203425987,0.0570673334832285,0.0862903220980775
2023-03-19 02:00:00,0.0864294463512944,0.0693770483428356,0.0793259985306683
2023-03-19 03:00:00,0.0861764655393712,0.0710135113959219,0.0819127699908088
2023-03-19 04:00:00,0.0882729829526415,0.0558634832793591,0.0798245037303251
2023-03-19 05:00:00,0.0846256228054271,0.0372208672411301,0.0806720817790312
2023-03-19 06:00:00,0.0637365789974437,0.0090957096978729,0.0685389135398116
2023-03-19 07:00:00,0.0691101364060944,0.001128084908903,0.0683251315472172
2023-03-19 08:00:00,0.0447393379180259,0.0009348127577039,0.0776102028641046
2023-03-19 09:00:00,0.0379811061753167,0.0014115233047335,0.081409402922088
2023-03-19 10:00:00,0.0347935187271217,0.0008013314670986,0.061722666609521
2023-03-19 11:00:00,0.0346077068958407,0.0003189530247956,0.0477164960375019
2023-03-19 12:00:00,0.03928477156396,0.0,0.03324480812534
2023-03-19 13:00:00,0.0416855029031342,0.0,0.0232362419951195
2023-03-19 14:00:00,0.0477695270301469,0.0,0.0255319620269575
2023-03-19 15:00:00,0.0488560974987503,0.0,0.0353007589290344
2023-03-19 16:00:00,0.0447732194576388,0.0,0.0638162622264787
2023-03-19 17:00:00,0.0392712596195196,0.0,0.0944084279677447
2023-03-19 18:00:00,0.045394667223388,0.0,0.1267522456599217
2023-03-19 19:00:00,0.0620450225530886,0.0,0.1525434208851234
2023-03-19 20:00:00,0.0720290810454125,0.0,0.1564708410524854
2023-03-19 21:00:00,0.0675533799564137,0.0,0.1696129289327883
2023-03-19 22:00:00,0.0686992383470722,0.000634796479169,0.1691757113325829
2023-03-19 23:00:00,0.0770768464780321,0.0010372548321493,0.1595656895170024
2023-03-20 00:00:00,0.0716080618839637,0.0,0.1570438169965557
2023-03-20 01:00:00,0.0565197421055214,0.0,0.1528157790501912
2023-03-20 02:00:00,0.0429676915305891,0.0,0.1489538889305264
2023-03-20 03:00:00,0.0363033316493813,0.0,0.1513263291003657
2023-03-20 04:00:00,0.0191474553027184,0.0,0.1625632421643126
2023-03-20 05:00:00,0.0014262024094076,0.0,0.1711839671228446
2023-03-20 06:00:00,9.928692400065902e-05,0.0,0.1285882790883382
2023-03-20 07:00:00,0.0,0.0,0.0741723705740536
2023-03-20 08:00:00,0.0,0.0,0.0703237337224623
2023-03-20 09:00:00,0.0,0.0,0.0772521776311537
2023-03-20 10:00:00,0.0,0.0,0.0643003454395369
2023-03-20 11:00:00,0.0,0.0,0.0740735437355789
2023-03-20 12:00:00,0.0,0.0,0.0539940946242388
2023-03-20 13:00:00,0.0004155892951815,0.0,0.0416112662919985
2023-03-20 14:00:00,0.0006170089727912,0.0,0.0322730778868681
2023-03-20 15:00:00,0.0011169552023893,0.0005060130474614,0.0194959301574557
2023-03-20 16:00:00,0.0273035971167819,0.0061032320159712,0.0493310012069403
2023-03-20 17:00:00,0.0457083228366826,0.0288520252782534,0.0661937161987903
2023-03-20 18:00:00,0.0533020496368408,0.0624603617425058,0.0844589401693905
2023-03-20 19:00:00,0.0681648534886977,0.0990877315109851,0.1134541338565302
2023-03-20 20:00:00,0.0791851679484049,0.1069655021031697,0.1237746079762776
2023-03-20 21:00:00,0.0890990565804874,0.0953856636496151,0.1295799951927334
2023-03-20 22:00:00,0.1006957596423579,0.090263053482654,0.14217663045023
2023-03-20 23:00:00,0.1140110165465111,0.0796469520120059,0.1512311369765038
2023-03-21 00:00:00,0.0940138218449611,0.0753131099775725,0.1527557186051911
2023-03-21 01:00:00,0.0763992001028621,0.0773776980007396,0.1429346262239942
2023-03-21 02:00:00,0.0943805189693675,0.0706316910538018,0.1568580959357467
2023-03-21 03:00:00,0.0970066061206892,0.055630557677325,0.1595210912180882
2023-03-21 04:00:00,0.0611506490146412,0.0477501516248665,0.187840040992288
2023-03-21 05:00:00,0.0331311993349611,0.0367117516355576,0.2036171863281649
2023-03-21 06:00:00,0.0011157373976863,0.018945951087802,0.1237980641570745
2023-03-21 07:00:00,0.0,0.0011608257792354,0.0358809478142682
2023-03-21 08:00:00,0.0,0.0006777558451384,0.0221698264670527
2023-03-21 09:00:00,0.0007179702808654,0.0001906312369053,0.0398556851094065
2023-03-21 10:00:00,0.0015134075108696,0.0,0.0403340712092281
2023-03-21 11:00:00,0.029381725133634,0.0,0.0536150558322083
2023-03-21 12:00:00,0.0492073975357354,0.0,0.1364105822993259
2023-03-21 13:00:00,0.0737640670701569,0.0,0.0887942080404244
2023-03-21 14:00:00,0.0894713168050728,0.0,0.090563320646099
2023-03-21 15:00:00,0.1292533617393643,0.0,0.1020225239735023
2023-03-21 16:00:00,0.1687635978062947,0.0,0.1168552099489698
2023-03-21 17:00:00,0.1674649879044177,0.000378178615196,0.1225234714208864
2023-03-21 18:00:00,0.1371853725582945,0.0014629660089031,0.1250535834069345
2023-03-21 19:00:00,0.1029701326407638,0.0154555763294494,0.1139029568316889
2023-03-21 20:00:00,0.123215165792727,0.0181438432020299,0.0827055585150625
2023-03-21 21:00:00,0.1293810909869624,0.0030726926778656,0.0429501463385189
2023-03-21 22:00:00,0.1265776040507298,0.0014706931862176,0.0329894933825224
2023-03-21 23:00:00,0.0867017811419917,0.0008510514801623,0.0239613227594911
2023-03-22 00:00:00,0.0900824163474288,0.0001507113182466,0.0092595363754073
2023-03-22 01:00:00,0.0845868213503968,0.0,0.0010348749316595
2023-03-22 02:00:00,0.0422188518873227,0.0,0.0007582022473703
2023-03-22 03:00:00,0.0246923686632143,0.0,0.0008429701811347
2023-03-22 04:00:00,0.0153815543729495,0.0,0.0003823088664634
2023-03-22 05:00:00,0.0084563100260067,0.0,0.0
2023-03-22 06:00:00,0.0,0.0,0.0
2023-03-22 07:00:00,0.0,0.0,0.0
2023-03-22 08:00:00,0.001114079765245,0.0,0.0
2023-03-22 09:00:00,0.0014404997326969,0.0,0.0
2023-03-22 10:00:00,0.0010489022809695,0.0,0.0
2023-03-22 11:00:00,0.0009701248087914,0.0,6.636451272403493e-05
2023-03-22 12:00:00,0.0008507561839483,0.0,0.0006028265734903
2023-03-22 13:00:00,0.0014021423907061,0.0,0.0004785785488053
2023-03-22 14:00:00,0.0386669616294063,0.0,0.0008839006517447
2023-03-22 15:00:00,0.0768035065894033,0.0,0.0008223773607241
2023-03-22 16:00:00,0.078281327789905,0.0,0.0012269343426024
2023-03-22 17:00:00,0.0598766990736419,0.0,0.0290718881133335
2023-03-22 18:00:00,0.0476670689832151,0.0,0.113797947472217
2023-03-22 19:00:00,0.0327274565603218,0.0,0.1730209363052268
2023-03-22 20:00:00,0.0189367322360768,0.0,0.1870325842713998
2023-03-22 21:00:00,0.0050057706490061,0.0,0.2195599562202403
2023-03-22 22:00:00,0.0006974845929862,0.0,0.2331379722146427
2023-03-22 23:00:00,0.0,0.0,0.2790056116440716
2023-03-23 00:00:00,0.0,0.0,0.3504634433322482
2023-03-23 01:00:00,0.0,0.0,0.333299061831306
2023-03-23 02:00:00,0.0,0.0,0.26266272551094
2023-03-23 03:00:00,0.000371331093358,0.0,0.2374978595309787
2023-03-23 04:00:00,0.0012061989385318,0.0,0.2296465331432866
2023-03-23 05:00:00,0.0073553012087454,0.0,0.2367428673638237
2023-03-23 06:00:00,0.0105417701933119,0.0,0.2111161830378513
2023-03-23 07:00:00,0.0003127124574449,0.0,0.1326189555373846
2023-03-23 08:00:00,0.0,0.0,0.1303527168199127
2023-03-23 09:00:00,0.0,0.0,0.1589507098291434
2023-03-23 10:00:00,0.0,0.000587931255889,0.1510387892816581
2023-03-23 11:00:00,0.0,0.0011607747451931,0.2093459484623927
2023-03-23 12:00:00,0.0,0.0105601401110879,0.2625554278005961
2023-03-23 13:00:00,0.0003161792661629,0.0312744480332517,0.2578287031136307
2023-03-23 14:00:00,0.0054771861219717,0.0539618613673191,0.2775251756306567
2023-03-23 15:00:00,0.0472169608072517,0.0923156504537545,0.3162642413494633
2023-03-23 16:00:00,0.0801146497913435,0.1835653641644646,0.3842341198640711
2023-03-23 17:00:00,0.0877219555424708,0.3008613477345385,0.54433716668023
2023-03-23 18:00:00,0.0841413292230344,0.3935759893429825,0.6270956759359322
2023-03-23 19:00:00,0.0749704417060403,0.4768358648212906,0.6435224215189616
2023-03-23 20:00:00,0.064100517946131,0.5390537096784006,0.6687550731733733
2023-03-23 21:00:00,0.060044994541243,0.560333409340553,0.6848942158268947
2023-03-23 22:00:00,0.0612599943198409,0.6362864862080493,0.7584473011540431
2023-03-23 23:00:00,0.0825994388729918,0.5956200135299583,0.7416028882942948
2023-03-24 00:00:00,0.1016776935726988,0.5995845327190323,0.5875852450825809
2023-03-24 01:00:00,0.1040256958381802,0.625568682851355,0.4609501907248902
2023-03-24 02:00:00,0.0857196134679457,0.6721642064113242,0.3867051539078258
2023-03-24 03:00:00,0.0219468115981108,0.7180990518308153,0.3971946893953809
2023-03-24 04:00:00,0.0007225493200464,0.7260382502686743,0.2910713339163587
2023-03-24 05:00:00,0.0005827670782999,0.714131710576076,0.2683683345520418
2023-03-24 06:00:00,0.0011211921966153,0.6266446207083908,0.2278871349259918
2023-03-24 07:00:00,0.0006043455179999,0.4697754258423849,0.1714092025569841
2023-03-24 08:00:00,0.0013968991298301,0.3505610718446619,0.1173898285510493
2023-03-24 09:00:00,0.0449186988126218,0.266214978461172,0.0944239485497568
2023-03-24 10:00:00,0.1051953843995636,0.2058323037390615,0.0564277873319738
2023-03-24 11:00:00,0.1431477303598441,0.1915426410101597,0.0846545836504767
2023-03-24 12:00:00,0.1448422553492527,0.1794599240122277,0.2337457557129704
2023-03-24 13:00:00,0.148428526579165,0.1630610110712986,0.2298005515453862
2023-03-24 14:00:00,0.1663898954204484,0.1518529186061784,0.083167739942962
2023-03-24 15:00:00,0.2071395356670703,0.1594180102441825,0.0337621822855831
2023-03-24 16:00:00,0.2237760693419213,0.2775938058990279,0.0805847551308426
2023-03-24 17:00:00,0.2524822926988789,0.422855314865611,0.224693902956894
2023-03-24 18:00:00,0.2608278872920018,0.5459487438201904,0.3793245702008017
2023-03-24 19:00:00,0.2161258373385161,0.7138069564220952,0.4699902908474791
2023-03-24 20:00:00,0.1740826033299265,0.8126977378246831,0.5547037311628753
2023-03-24 21:00:00,0.1453696162092919,0.7968802078097474,0.6463821822521733
2023-03-24 22:00:00,0.1570497774610332,0.7743561314601524,0.7092633434370452
2023-03-24 23:00:00,0.156148450047362,0.7153879240447399,0.5685516821792702
2023-03-25 00:00:00,0.1671411944370643,0.6525556526932061,0.4081164855583041
2023-03-25 01:00:00,0.1598033367418775,0.5715639139312545,0.4160569867277457
2023-03-25 02:00:00,0.1813012758890787,0.4834414852990044,0.3775879838108237
2023-03-25 03:00:00,0.1998565555397981,0.4745689404556175,0.3274387876971874
2023-03-25 04:00:00,0.2381457316330055,0.4823927863750582,0.2605520042718625
2023-03-25 05:00:00,0.2286559242049073,0.5151397184608808,0.237051792394102
2023-03-25 06:00:00,0.2199607238270878,0.5511574729595309,0.2099740427303937
2023-03-25 07:00:00,0.2395047175338844,0.5215371044632656,0.2052605230044695
2023-03-25 08:00:00,0.2652960197598326,0.5387015747868158,0.2054991597443624
2023-03-25 09:00:00,0.3210311933280595,0.5789884944367253,0.1672261485866472
2023-03-25 10:00:00,0.4469666278440188,0.6405597761565563,0.0857837059918572
2023-03-25 11:00:00,0.5876624817941702,0.8071309725443522,0.0709773044960171
2023-03-25 12:00:00,0.6469350889617321,0.8698964274786656,0.0015783165794572
2023-03-25 13:00:00,0.658247293210497,0.9246241812612496,0.000260202713262
2023-03-25 14:00:00,0.6527054637086157,0.9603030385534748,0.0
2023-03-25 15:00:00,0.6580108941770066,0.9768287870619032,0.0
2023-03-25 16:00:00,0.681820832046808,0.9802863052467894,0.0
2023-03-25 17:00:00,0.6978388300129011,0.9796473995532864,0.0006772591397653
2023-03-25 18:00:00,0.682752487706203,0.9752182274862052,0.0349786752968831
2023-03-25 19:00:00,0.6700326882156671,0.9739714105144824,0.0813302105548335
2023-03-25 20:00:00,0.6677973036672554,0.9781423331865298,0.0969875560087316
2023-03-25 21:00:00,0.6916539715785606,0.981129044800802,0.1087364612841138
2023-03-25 22:00:00,0.6271501538021113,0.97848818037245,0.1470408252641266
2023-03-25 23:00:00,0.5549838262445786,0.9793043853410708,0.1215173800786336
2023-03-26 00:00:00,0.4384462880153282,0.9408453212064856,0.1030917611776613
2023-03-26 01:00:00,0.3010458385243135,0.9046405156453452,0.1525779565175374
2023-03-26 02:00:00,0.2334577928181567,0.8721698125203451,0.2398913327385397
2023-03-26 03:00:00,0.1765194811852149,0.762868787728104,0.2828644210217046
2023-03-26 04:00:00,0.1183959900164136,0.6685491075702742,0.3205749100329829
2023-03-26 05:00:00,0.0605592540666168,0.6326189072303522,0.3161151985716975
2023-03-26 06:00:00,0.0095905564189736,0.4869907899619707,0.3124395180371851
2023-03-26 07:00:00,0.0003609092406977,0.298963560777552,0.3939213145012949
2023-03-26 08:00:00,0.0,0.1821529070536295,0.3401099139568853
2023-03-26 09:00:00,0.0,0.1148212189767874,0.2920226832620459
2023-03-26 10:00:00,0.0,0.0642941278569838,0.2282320035049339
2023-03-26 11:00:00,0.0,0.0019327183954076,0.2147128472920337
2023-03-26 12:00:00,0.0,0.0008714214649075,0.2251534119150997
2023-03-26 13:00:00,0.0,0.00073123328826,0.2055557101380591
2023-03-26 14:00:00,0.0,0.0003029793695686,0.2739353211097468
2023-03-26 15:00:00,0.0055340244099984,0.0276021139294493,0.192329550101087
2023-03-26 16:00:00,0.0474636554718017,0.065843240887511,0.2229116477218328
2023-03-26 17:00:00,0.0716338438146254,0.0627333743899476,0.3044963069990569
2023-03-26 18:00:00,0.159493322465934,0.0799799432941511,0.388222900091433
2023-03-26 19:00:00,0.2499096346836464,0.095220079608992,0.4435163790883581
2023-03-26 20:00:00,0.3203928361531176,0.1507082289340449,0.4873524226394354
2023-03-26 21:00:00,0.3811543907215393,0.2012850007200552,0.4182572536219179
2023-03-26 22:00:00,0.3521349196340523,0.202827316483641,0.3986827735028235
2023-03-26 23:00:00,0.3442981991113401,0.1095475051917281,0.3308493405385734
2023-03-27 00:00:00,0.2275080992505441,0.1612590224135155,0.2711298294316709
2023-03-27 01:00:00,0.1260177060669543,0.1658729829040228,0.2382076113831763
2023-03-27 02:00:00,0.0973453942467184,0.1475029716304704,0.1989315569011214
2023-03-27 03:00:00,0.0746750130372888,0.1385171156303555,0.2153507712619756
2023-03-27 04:00:00,0.0307550403027752,0.1652704851300108,0.1175310214360555
2023-03-27 05:00:00,0.0003079600583494,0.2159375926248388,0.0283420397565255
2023-03-27 06:00:00,0.0,0.109989000301735,0.0112232534713994
2023-03-27 07:00:00,0.0,0.0288364910611919,0.0012015532823949
2023-03-27 08:00:00,0.0328223113141028,0.0463233309633591,0.0005499140109891
2023-03-27 09:00:00,0.1470942941366457,0.0069477737339493,0.0015917233392304
2023-03-27 10:00:00,0.3127901896931767,0.0,0.0005615797697329
2023-03-27 11:00:00,0.4055744822508369,0.0010076243113848,0.0
2023-03-27 12:00:00,0.5174763529908424,0.0010296032319661,0.0
2023-03-27 13:00:00,0.5578457062540491,0.0185708590582305,0.0006935300390704
2023-03-27 14:00:00,0.5408860655391917,0.0752427764967376,0.0339178859797957
2023-03-27 15:00:00,0.5483446947110244,0.1559311034632664,0.0779198665244906
2023-03-27 16:00:00,0.6494015712364046,0.2692170641780679,0.0965690145305558
2023-03-27 17:00:00,0.6949935987883923,0.3942659072626649,0.077523764441995
2023-03-27 18:00:00,0.8548568650787952,0.4805749459983476,0.0655694568858427
2023-03-27 19:00:00,0.9508264953014898,0.5172166871089561,0.0879230686262542
2023-03-27 20:00:00,0.9799598961873772,0.5356683762244929,0.1140391359142228
2023-03-27 21:00:00,0.9690057405459336,0.4992142611858891,0.0994436063018499
2023-03-27 22:00:00,0.9785577424990584,0.5441889653798022,0.0795384014354032
2023-03-27 23:00:00,0.9161129621119282,0.4743533586364946,0.055852590822706
2023-03-28 00:00:00,0.8520892710467569,0.5643531232098349,0.014692298337525
2023-03-28 01:00:00,0.911250930985594,0.6930680461958343,0.0102739828863954
2023-03-28 02:00:00,0.9492857191297744,0.7282282791885675,0.0006502379778943
2023-03-28 03:00:00,0.9728992561888852,0.8919185127308166,0.0566853962692559
2023-03-28 04:00:00,0.9222983316658367,0.9760598170211892,0.579609613792569
2023-03-28 05:00:00,0.668944938510072,0.9968035735336004,0.787205322116029
2023-03-28 06:00:00,0.2634586352928012,0.9928810051064084,0.9808837541567732
2023-03-28 07:00:00,0.5973009424271927,0.9973859350665722,0.9983662530487658
2023-03-28 08:00:00,0.8546645345251545,0.9999848004260092,1.0
2023-03-28 09:00:00,0.974573936337739,1.0,1.0
2023-03-28 10:00:00,1.0,1.0,1.0
2023-03-28 11:00:00,1.0,1.0,1.0
2023-03-28 12:00:00,1.0,0.9977547452340718,1.0
2023-03-28 13:00:00,1.0,0.991170029235042,1.0
2023-03-28 14:00:00,1.0,0.9687329335929522,1.0
2023-03-28 15:00:00,1.0,0.6730976291731292,1.0
2023-03-28 16:00:00,1.0,0.5114748275357913,1.0
2023-03-28 17:00:00,0.9987347110424164,0.997534599179536,1.0
2023-03-28 18:00:00,0.997636972689161,0.9989650327395768,1.0
2023-03-28 19:00:00,0.9975365501603268,0.9978220914703568,0.9987626699061176
2023-03-28 20:00:00,0.997329403372372,0.9986730806188644,0.9972610411301156
2023-03-28 21:00:00,0.9729163942773358,0.9987941910238828,0.9969741628060932
2023-03-28 22:00:00,0.9940885250864464,0.9983184664857154,0.9969659412608426
2023-03-28 23:00:00,0.9838842659993888,0.9977418363483904,0.997888745825275
2023-03-29 00:00:00,0.9963298560747134,0.9985095971550038,0.998600002986933
2023-03-29 01:00:00,0.9820097910812478,0.9983951281877904,0.9975660205666536
2023-03-29 02:00:00,0.969525913787044,1.0,0.987451232336705
2023-03-29 03:00:00,0.9446176765790952,1.0,0.978881262486277
2023-03-29 04:00:00,0.8593655006558287,0.9969337687772862,0.9807363273271548
2023-03-29 05:00:00,0.6385745347714891,0.9967841229407616,0.982202349145428
2023-03-29 06:00:00,0.9789087226967406,0.997000267303068,0.979103861291424
2023-03-29 07:00:00,0.9825294594359554,0.9968158528695698,0.9282852122986238
2023-03-29 08:00:00,0.976132576761682,0.9883091184828016,0.9903375276553084
2023-03-29 09:00:00,0.953881874583126,0.985190407123441,0.9922742999457066
2023-03-29 10:00:00,0.9734654301911396,0.9877706010357228,0.9717031522513994
2023-03-29 11:00:00,0.934216549193937,0.9780087065852544,0.933888734555712
2023-03-29 12:00:00,0.8812946182450437,0.9357107823191124,0.6766394914365282
2023-03-29 13:00:00,0.8494925717123194,0.8645282259174422,0.6028456781424728
2023-03-29 14:00:00,0.7619966245165058,0.9035545112260804,0.5112685642990411
2023-03-29 15:00:00,0.6704249849506453,0.8700334511551202,0.3943214961905885
2023-03-29 16:00:00,0.4558599151037877,0.8955325270010754,0.267878566692078
2023-03-29 17:00:00,0.276477779438293,0.9063945845061656,0.1650513854681277
2023-03-29 18:00:00,0.2147180582183638,0.8937520482181723,0.1542124561235016
2023-03-29 19:00:00,0.2429761419109269,0.7684271101858101,0.1721568699755699
2023-03-29 20:00:00,0.2803942642959894,0.6600701575185738,0.1769078728420282
2023-03-29 21:00:00,0.3056302039451848,0.6329015111611559,0.1740253423553666
2023-03-29 22:00:00,0.3285125548543494,0.630544089024363,0.2199508349100749
2023-03-29 23:00:00,0.3129163084466473,0.5354121152092428,0.2402970151963576
2023-03-30 00:00:00,0.3028969717960731,0.4695974767597672,0.214786688486735
2023-03-30 01:00:00,0.3026718329759984,0.4388088245017856,0.1861676297156639
2023-03-30 02:00:00,0.3102758709901299,0.4260922163919686,0.1559368184968537
2023-03-30 03:00:00,0.3016807534336265,0.4637282034930061,0.0967565471050786
2023-03-30 04:00:00,0.2821872966741425,0.6319881108851214,0.0722877652037377
2023-03-30 05:00:00,0.2157197403751946,0.736068519891477,0.067305097392961
2023-03-30 06:00:00,0.122385539260565,0.5863374510621713,0.0651779595543356
2023-03-30 07:00:00,0.1828987208846347,0.368020169875201,0.0742385901656805
2023-03-30 08:00:00,0.1740112491682464,0.4867664271709965,0.0673984546287387
2023-03-30 09:00:00,0.2401593993691837,0.5748974575715906,0.0560363601235782
2023-03-30 10:00:00,0.2800508168787738,0.4951527928994372,0.0336407103569679
2023-03-30 11:00:00,0.2015906689213771,0.3685483745500153,0.0336150873720256
2023-03-30 12:00:00,0.1534846834107941,0.2774217268999885,0.0449328321257447
2023-03-30 13:00:00,0.1883222293230443,0.3817432378631791,0.0462943525875316
2023-03-30 14:00:00,0.2899278316622466,0.4633137057809269,0.0471589023770849
2023-03-30 15:00:00,0.2674968663383932,0.3545706521451863,0.0678401834824505
2023-03-30 16:00:00,0.1771296925014919,0.2501087749705595,0.0972755750020345
2023-03-30 17:00:00,0.2265073053197923,0.2743052968791887,0.1463455195520438
2023-03-30 18:00:00,0.3253596592572779,0.3617773648180993,0.2005074476104935
2023-03-30 19:00:00,0.3312124629425846,0.3640584150950114,0.2141641604354958
2023-03-30 20:00:00,0.2932598637599571,0.3024064123240951,0.2229954370486191
2023-03-30 21:00:00,0.2849959267510308,0.234183888030208,0.200065703173868
2023-03-30 22:00:00,0.1280669137543323,0.1555099440555946,0.1878920318254458
2023-03-30 23:00:00,0.0965913370543835,0.1172574010549807,0.1977989502202451
2023-03-31 00:00:00,0.0905876066170486,0.0896721260220396,0.169452522315231
2023-03-31 01:00:00,0.1376676091960832,0.0939813080955954,0.2097333926780551
2023-03-31 02:00:00,0.1378553638271257,0.1241980113235174,0.2327519491607067
2023-03-31 03:00:00,0.094528502109004,0.1630988424899531,0.202067883186091
2023-03-31 04:00:00,0.1065497772366392,0.1614149060903811,0.2126065079682793
2023-03-31 05:00:00,0.1516020531747855,0.1038021433587167,0.2030991136638167
2023-03-31 06:00:00,0.1019166030135809,0.0536713880651137,0.1526291814504885
2023-03-31 07:00:00,0.0833858461940989,0.0180431023921841,0.1528997164146573
2023-03-31 08:00:00,0.093996805303237,0.0083143329308703,0.1125203745037901
2023-03-31 09:00:00,0.182505355161779,0.022556057942459,0.1472363635605456
2023-03-31 10:00:00,0.3157856931873396,0.0511362739637786,0.1064607208850337
2023-03-31 11:00:00,0.3328475391163545,0.0711578247593898,0.1489001045040056
2023-03-31 12:00:00,0.3282661032832526,0.0721259210623946,0.1494791811587763
2023-03-31 13:00:00,0.3899731090645385,0.0912678241729736,0.1535886058620378
2023-03-31 14:00:00,0.402165833641501,0.1363137072207881,0.1269418234918631
2023-03-31 15:00:00,0.3728509868671691,0.1885060921213985,0.1222320397694905
2023-03-31 16:00:00,0.376409996568767,0.2449200542923671,0.1062224074905993
2023-03-31 17:00:00,0.3804347374859978,0.2910666559256759,0.1305643483704211
2023-03-31 18:00:00,0.3041232239966299,0.2781972074820325,0.115855569932975
2023-03-31 19:00:00,0.1704824905769497,0.287096166922376,0.1359052050347421
2023-03-31 20:00:00,0.082026673298256,0.332561391630983,0.2233302982804043
2023-03-31 21:00:00,0.0476973804773068,0.4376920656441084,0.3177085281197542
2023-03-31 22:00:00,0.0310080616302739,0.4054816875582427,0.302386344647875
2023-03-31 23:00:00,0.0354888754732468,0.4412918698553946,0.3262334820491815
2023-04-01 00:00:00,0.0083770459773493,0.4035579005098031,0.2936963972702525
2023-04-01 01:00:00,0.0038278250912435,0.3801670464035732,0.2136489300946005
2023-04-01 02:00:00,0.0186378538998123,0.3637485379487081,0.2190951179055606
2023-04-01 03:00:00,0.0033457107793271,0.335721977395949,0.2214872883815391
2023-04-01 04:00:00,0.001279432789173,0.2802911708557528,0.2293614125719257
2023-04-01 05:00:00,0.0004424398241479,0.2166705567852344,0.2546105415992488
2023-04-01 06:00:00,0.0149246563319287,0.1784825200348897,0.2226556609658634
2023-04-01 07:00:00,0.0418243731548583,0.1514777248980952,0.1892150741776609
2023-04-01 08:00:00,0.0966561074350394,0.1416364019992304,0.152560881539887
2023-04-01 09:00:00,0.136502794190949,0.1755345568937414,0.2732487223506753
2023-04-01 10:00:00,0.190719551510281,0.1813008613835752,0.2527212255141314
2023-04-01 11:00:00,0.2526594641941045,0.1525081840215945,0.3048315250795651
2023-04-01 12:00:00,0.2850782357010187,0.1513889139773798,0.2562556547277114
2023-04-01 13:00:00,0.3588819799859539,0.1704655207839666,0.2124452061123318
2023-04-01 14:00:00,0.3477911466087391,0.3100422363655239,0.116658374374988
2023-04-01 15:00:00,0.3640424488416684,0.5445753281412561,0.1228246501847809
2023-04-01 16:00:00,0.4373725940978605,0.6247731984830369,0.1411568300396788
2023-04-01 17:00:00,0.5307625010122661,0.6126818002439012,0.1556161104464063
2023-04-01 18:00:00,0.5775365876216514,0.6310632415846282,0.1609226067860921
2023-04-01 19:00:00,0.5617014489142723,0.6326382612091264,0.1528477902505912
2023-04-01 20:00:00,0.594872376498054,0.6111030173457526,0.1510314614165063
2023-04-01 21:00:00,0.592612082662146,0.5967156637727824,0.106244776763168
2023-04-01 22:00:00,0.7445146803762398,0.7036535786647422,0.087279291713939
2023-04-01 23:00:00,0.7255935294955385,0.636571240580939,0.041510254339455
2023-04-02 00:00:00,0.648495636734308,0.5771882160037172,0.0014385351168563
2023-04-02 01:00:00,0.5430746779722326,0.4983926131055247,0.0009862262439104
2023-04-02 02:00:00,0.4440213667801003,0.4171642976648667,0.0011533311769074
2023-04-02 03:00:00,0.4956328790951398,0.3756957630705989,0.0007581083603154
2023-04-02 04:00:00,0.5772756673152151,0.4361047417509789,1.7037189084719988e-05
2023-04-02 05:00:00,0.6985870997111002,0.4898894066904105,0.0
2023-04-02 06:00:00,0.6760655758427638,0.4697214855867274,0.0
2023-04-02 07:00:00,0.6382976887272853,0.4746049603605582,0.0
2023-04-02 08:00:00,0.5349951086480633,0.4809493021248213,0.0
2023-04-02 09:00:00,0.4968607815262539,0.4882418096455094,0.0
2023-04-02 10:00:00,0.3283962502199061,0.4579524744569865,0.0
2023-04-02 11:00:00,0.2007305107864679,0.5111594293631759,0.0
2023-04-02 12:00:00,0.1458038886388143,0.5052858552122428,0.0003425634764378
2023-04-02 13:00:00,0.0870116084229712,0.4803195810006335,0.0009737871830759
2023-04-02 14:00:00,0.059826794792624,0.4138096999498754,0.0543286987379485
2023-04-02 15:00:00,0.0486770755325267,0.4227398158678042,0.0360699003817988
2023-04-02 16:00:00,0.0064741891194013,0.4138194408292085,0.0437171977329877
2023-04-02 17:00:00,0.0004588420095007,0.4949952730166366,0.0645764201295142
2023-04-02 18:00:00,0.0004663927103179,0.562236012976154,0.0594959773269354
2023-04-02 19:00:00,0.0,0.5160135147618312,0.0469153484487845
2023-04-02 20:00:00,0.0,0.3866809848087286,0.0545540977926815
2023-04-02 21:00:00,0.0,0.3274477229398839,0.0865429289200726
2023-04-02 22:00:00,0.0950475300059599,0.38484457271551,0.1769279467514138
2023-04-02 23:00:00,0.2750903703028859,0.3534899272170721,0.5799678416033975
2023-04-03 00:00:00,0.4023197834787805,0.356707493464152,0.7954859640084061
2023-04-03 01:00:00,0.4555362735698425,0.3086596906574723,0.6283877332226123
2023-04-03 02:00:00,0.4389687799939922,0.246657009997399,0.5286041739719366
2023-04-03 03:00:00,0.3968361078524122,0.1740305532816967,0.5472447435840282
2023-04-03 04:00:00,0.3245206253201353,0.1371461036158543,0.5871467341005412
2023-04-03 05:00:00,0.2586020519530851,0.1076146668078852,0.6014901828142553
2023-04-03 06:00:00,0.2263127245934181,0.0830412845985562,0.616762264102113
2023-04-03 07:00:00,0.1598417642069798,0.0572375456492106,0.5846332257090051
2023-04-03 08:00:00,0.1901766085157207,0.0362002409361546,0.5202355493907056
2023-04-03 09:00:00,0.27034984850416,0.0337839075942444,0.4494281220280267
2023-04-03 10:00:00,0.4779782871794856,0.042959692821004,0.3450106016171524
2023-04-03 11:00:00,0.597079267688826,0.0502617452658858,0.3975988260281631
2023-04-03 12:00:00,0.513462552837297,0.0689646075753604,0.4231145833831986
2023-04-03 13:00:00,0.4649308382296094,0.085614241805731,0.4401418601765352
2023-04-03 14:00:00,0.3343191442925945,0.0877046117595597,0.4438592873367609
2023-04-03 15:00:00,0.2280609903771893,0.0749681743921018,0.4193450095606785
2023-04-03 16:00:00,0.1458809188767975,0.1039693168565338,0.3984421078675713
2023-04-03 17:00:00,0.0958531276852476,0.1498776557398777,0.3805399096869176
2023-04-03 18:00:00,0.075229149238736,0.1494318480585135,0.3316359348546446
2023-04-03 19:00:00,0.0663128787396001,0.1445090653849583,0.266007725709404
2023-04-03 20:00:00,0.0904468695322672,0.1188260199976902,0.1425592572081322
2023-04-03 21:00:00,0.096283519969267,0.1588378817427392,0.0872762997945149
2023-04-03 22:00:00,0.1614734238269282,0.2418506410386827,0.1221368827071844
2023-04-03 23:00:00,0.1561367745492972,0.2000588342255237,0.1466699441274007
2023-04-04 00:00:00,0.2209428650101805,0.2210306809618582,0.165567772061217
2023-04-04 01:00:00,0.1805912871765934,0.1809272142796734,0.1595948957929424
2023-04-04 02:00:00,0.1299846055460911,0.1466561649359908,0.125273208992154
2023-04-04 03:00:00,0.1686446690091899,0.1377141709421195,0.0977763708900002
2023-04-04 04:00:00,0.2477404681685703,0.0969506712520823,0.0905691876130945
2023-04-04 05:00:00,0.2769658300611708,0.0733599943273207,0.0731128103592816
2023-04-04 06:00:00,0.2578501389696707,0.0448555338616464,0.0373053507867202
2023-04-04 07:00:00,0.2971003429562437,0.014348342527751,0.0487865945872138
2023-04-04 08:00:00,0.2526221586987863,0.0015847203778285,0.0461152176451838
2023-04-04 09:00:00,0.2408271677353803,0.0051615986169553,0.0150577873965493
2023-04-04 10:00:00,0.2715081545262555,0.0293150127323624,0.0172706281437593
2023-04-04 11:00:00,0.4250175703584758,0.0495316234289431,0.0285616766393574
2023-04-04 12:00:00,0.6396713163338456,0.0638081513199151,0.0440168217116711
2023-04-04 13:00:00,0.6500970242070216,0.0796772218218036,0.0699501879074994
2023-04-04 14:00:00,0.5807572330524718,0.0936093751121969,0.0980691231933294
2023-04-04 15:00:00,0.565400746912738,0.1307732100580252,0.1235086310143564
2023-04-04 16:00:00,0.602733855154,0.1664692046595554,0.116044797149359
2023-04-04 17:00:00,0.6678267553740856,0.2715405451706032,0.1068947478836657
2023-04-04 18:00:00,0.6874853769938151,0.4623535333895215,0.1200304896223778
2023-04-04 19:00:00,0.6001357627070807,0.4334832001355738,0.1192980537227555
2023-04-04 20:00:00,0.4863228984907561,0.3966519832611084,0.1093236020967072
2023-04-04 21:00:00,0.4400845134959501,0.4301349742739808,0.1384436616710588
2023-04-04 22:00:00,0.3361409816866607,0.3049908946542179,0.1647005244797351
2023-04-04 23:00:00,0.2836295389661601,0.3459471908270144,0.3071714600706412
2023-04-05 00:00:00,0.2848392436706942,0.408213235194387,0.2992099391089545
2023-04-05 01:00:00,0.368325872358933,0.5397536785773982,0.2734764635173324
2023-04-05 02:00:00,0.3852219036202026,0.5220406663184072,0.2574812882865955
2023-04-05 03:00:00,0.451539318545971,0.6394930353351668,0.2770480797960867
2023-04-05 04:00:00,0.4332998079412123,0.7489214410968855,0.3400821561127706
2023-04-05 05:00:00,0.432316125607958,0.7866594838161094,0.2682238497765236
2023-04-05 06:00:00,0.3608728545943117,0.6663957951115627,0.2715350973839853
2023-04-05 07:00:00,0.1383016974318261,0.5144711101756376,0.2873986967248854
2023-04-05 08:00:00,0.1401468819262934,0.4183914287417543,0.3520873138328004
2023-04-05 09:00:00,0.0509119735044591,0.5182840231976478,0.3620616813111149
2023-04-05 10:00:00,0.1252113253462548,0.4431263777165631,0.3139619515612235
2023-04-05 11:00:00,0.0756691951377719,0.6329724757499944,0.2937461379306768
2023-04-05 12:00:00,0.1141513328926236,0.6462211795881683,0.3301846170737073
2023-04-05 13:00:00,0.1294103673860138,0.61291852807687,0.3918163324493209
2023-04-05 14:00:00,0.0678611502927892,0.497640316782434,0.3026558667226554
2023-04-05 15:00:00,0.0373914724861095,0.4317421461242476,0.3782788538465313
2023-04-05 16:00:00,0.0399407674284542,0.3906682270025116,0.5254688294105281
2023-04-05 17:00:00,0.053800484713386,0.4185503588782416,0.5932694011264377
2023-04-05 18:00:00,0.0795177852406221,0.5074581601261313,0.5934636577282076
2023-04-05 19:00:00,0.0811050919925465,0.6058993059046128,0.5407366098142138
2023-04-05 20:00:00,0.0856566195394478,0.7672647494895786,0.4909660613614749
2023-04-05 21:00:00,0.0668197519638959,0.8421266686682608,0.4530342342027652
2023-04-05 22:00:00,0.1757196632086061,0.818093879550111,0.5060754258648242
2023-04-05 23:00:00,0.1941858833911372,0.7300036280762915,0.5161450501360925
2023-04-06 00:00:00,0.1966899111379985,0.6353574952268912,0.4385264854805142
2023-04-06 01:00:00,0.1982274304807575,0.5829612569871292,0.4250077562394485
2023-04-06 02:00:00,0.1828062861573462,0.5192703593010995,0.4495308056376338
2023-04-06 03:00:00,0.1383209812874887,0.5159719395481683,0.5079274941114039
2023-04-06 04:00:00,0.1085276346580655,0.5393316543180179,0.5991599996105518
2023-04-06 05:00:00,0.1102535397398705,0.4909725126877329,0.6263009083816429
2023-04-06 06:00:00,0.140050918448205,0.4620730799008039,0.6490079000884411
2023-04-06 07:00:00,0.273086354623433,0.4499374183953977,0.7008307307374243
2023-04-06 08:00:00,0.4059689512439802,0.4968156222424476,0.6578536220625335
2023-04-06 09:00:00,0.3834376381892784,0.482261251000797,0.5374935639449974
2023-04-06 10:00:00,0.2886664914149864,0.2281142839419296,0.9704462936501098
2023-04-06 11:00:00,0.2983691474191504,0.2178750505634382,0.9144760206633924
2023-04-06 12:00:00,0.3497298745548024,0.2841257612689647,0.8354240492278454
2023-04-06 13:00:00,0.3526193269717148,0.3326890484180326,0.7762767754349054
2023-04-06 14:00:00,0.3207449726029938,0.3841686435774261,0.5784734635571249
2023-04-06 15:00:00,0.2242690348157695,0.3389591718810836,0.4752726726282655
2023-04-06 16:00:00,0.1834842987309873,0.3094300990011178,0.4301705687653785
2023-04-06 17:00:00,0.2259154506758147,0.2635688937567418,0.4007528934603423
2023-04-06 18:00:00,0.2151695731418584,0.2115946408190758,0.4103290567211076
2023-04-06 19:00:00,0.154038480683869,0.1711706086701037,0.5012772519604053
2023-04-06 20:00:00,0.1113717228758568,0.1216677941528021,0.4785166145150178
2023-04-06 21:00:00,0.0969871820188036,0.0812442863688749,0.3669832422842387
2023-04-06 22:00:00,0.0973881693447337,0.0844697858773025,0.2983474684696571
2023-04-06 23:00:00,0.0793999550389308,0.0435020798951192,0.2849122558543884
2023-04-07 00:00:00,0.0658374907923679,0.0264171299591563,0.2613081215253842
2023-04-07 01:00:00,0.067444128148696,0.0015517893959494,0.2097959237940171
2023-04-07 02:00:00,0.0742156599082198,0.0009945514155369,0.163730827032351
2023-04-07 03:00:00,0.0826606563493317,8.766012254104115e-05,0.1554323177711636
2023-04-07 04:00:00,0.1007431278041764,0.0,0.152329405148824
2023-04-07 05:00:00,0.1013168049793617,0.0,0.1499913954267314
2023-04-07 06:00:00,0.1332254503287521,0.0,0.1256772934221753
2023-04-07 07:00:00,0.1448470587823905,0.0,0.1389740378248925
2023-04-07 08:00:00,0.1336261688494214,0.0,0.1371193867103726
2023-04-07 09:00:00,0.0964269684810264,0.0,0.1335531706903495
2023-04-07 10:00:00,0.0599156174005246,0.0008228958821764,0.1229718385958204
2023-04-07 11:00:00,0.0415956642892625,0.0003515649465174,0.0893816760942047
2023-04-07 12:00:00,0.0198050328329497,0.0,0.0765945397171319
2023-04-07 13:00:00,0.0010635954102659,0.0,0.0656441847483317
2023-04-07 14:00:00,0.0,0.0,0.0461263909838558
2023-04-07 15:00:00,0.0001052267411175,0.0,0.0085418216543259
2023-04-07 16:00:00,0.0163426648557575,0.0,0.0012880142997292
2023-04-07 17:00:00,0.0731813907623291,0.0007197366041295,0.0008067593855016
2023-04-07 18:00:00,0.0938810320461497,0.0219789984958623,0.0
2023-04-07 19:00:00,0.1003624995549519,0.04842997415393,0.0
2023-04-07 20:00:00,0.11201166639141,0.1121517723681879,0.0
2023-04-07 21:00:00,0.1432442548228245,0.1128434667400285,0.0
2023-04-07 22:00:00,0.1549156156240725,0.0994795093349382,0.0005772713742224
2023-04-07 23:00:00,0.1567131164027195,0.0922256591273289,0.0188379798060149
2023-04-08 00:00:00,0.147550760530958,0.0515157101201076,0.0718600142235849
2023-04-08 01:00:00,0.1424943232068828,0.0195707203515994,0.0865573509066712
2023-04-08 02:00:00,0.1470392474941179,0.0010508248229431,0.0767891079771752
2023-04-08 03:00:00,0.154917228455637,0.0006549058396831,0.075307243010577
2023-04-08 04:00:00,0.142367400375067,0.0001549666223962,0.0564753775503121
2023-04-08 05:00:00,0.1152607155781166,0.0,0.0346226988275066
2023-04-08 06:00:00,0.0567605448704139,0.0,0.009202765873055
2023-04-08 07:00:00,0.0365139982279609,0.0,0.0008226091565649
2023-04-08 08:00:00,0.0332613817227432,0.0,0.0005455359913944
2023-04-08 09:00:00,0.0154898758807213,0.0,0.0006182489831463
2023-04-08 10:00:00,0.0310667414291232,0.0,0.0
2023-04-08 11:00:00,0.0015559948347752,0.0,5.879667070176866e-05
2023-04-08 12:00:00,0.0002194717039469,0.0,0.0
2023-04-08 13:00:00,0.0,0.0,0.0
2023-04-08 14:00:00,0.0,0.0,0.0
2023-04-08 15:00:00,0.0003761263454661,0.0123291767500584,0.0
2023-04-08 16:00:00,0.0580870871450386,0.048000484120612,0.0
2023-04-08 17:00:00,0.1140010941262338,0.0008752011006174,0.0009650330917507
2023-04-08 18:00:00,0.0883158749225092,0.0,0.0014056594543207
2023-04-08 19:00:00,0.1066405165429208,0.0,0.009662849840775
2023-04-08 20:00:00,0.1058789094289143,0.001391636390312,0.011054003939909
2023-04-08 21:00:00,0.0970874814426197,0.0364687286950404,0.001387109164319
2023-04-08 22:00:00,0.0739264254476509,0.001312531287374,0.0216983658036375
2023-04-08 23:00:00,0.0772666931152343,0.0011645921694686,0.0109387118052812
2023-04-09 00:00:00,0.0854025401321112,0.0097369734757865,0.0014950087647032
2023-04-09 01:00:00,0.0913641967025457,0.0179944209803163,0.0015812913576761
2023-04-09 02:00:00,0.1138785890504425,0.0151736670070224,0.0077569539250891
2023-04-09 03:00:00,0.1219335256838331,0.0229010418349621,0.01459639290579
2023-04-09 04:00:00,0.1096202579199099,0.0291070575807608,0.0099594686545577
2023-04-09 05:00:00,0.0823625396279727,0.0139995626374786,0.0011389964546253
2023-04-09 06:00:00,0.0101614925596449,0.0132587104061849,0.0
2023-04-09 07:00:00,0.0011159863347321,0.0330356102363736,0.0
2023-04-09 08:00:00,0.0006222428839191,0.0381929477055867,0.0
2023-04-09 09:00:00,0.0001676698136173,0.0552064530989703,0.0
2023-04-09 10:00:00,0.0007643263324413,0.0121479743446399,0.0013529054479661
2023-04-09 11:00:00,0.0009399025268804,0.0165267707475649,0.0172438866951886
2023-04-09 12:00:00,0.0006230193025925,0.0011256987752478,0.0337764737652797
2023-04-09 13:00:00,0.0004369063315048,0.0004374949760686,0.0015820132361518
2023-04-09 14:00:00,0.0006908610755322,0.1138122876485188,0.083546848858104
2023-04-09 15:00:00,0.0013405368998159,0.2196703923293967,0.0440923914410709
2023-04-09 16:00:00,0.0005212270356471,0.2036439515406789,0.0016110601767995
2023-04-09 17:00:00,0.0,0.2516352210948669,0.0697148781196743
2023-04-09 18:00:00,0.0,0.283475994284636,0.1546282160515878
2023-04-09 19:00:00,0.0,0.2877543424469193,0.1681428680232927
2023-04-09 20:00:00,0.0,0.2570019422792921,0.1421107147254195
2023-04-09 21:00:00,0.0,0.2228561631994309,0.1452470059488333
2023-04-09 22:00:00,0.0,0.1832248182857737,0.2692066423254075
2023-04-09 23:00:00,0.0,0.2338369469237483,0.3256573053746441
2023-04-10 00:00:00,0.0003408259815639,0.1694029803369559,0.2954957656611024
2023-04-10 01:00:00,0.0007102906314376,0.1584218062606512,0.2304417915593564
2023-04-10 02:00:00,0.0144822531276279,0.1647943842644785,0.20383415035173
2023-04-10 03:00:00,0.0341705231884725,0.1783763474109126,0.1957744461259031
2023-04-10 04:00:00,0.0268330515599718,0.1789016443140366,0.1974463244668798
2023-04-10 05:00:00,0.0073927301986544,0.1732756203296137,0.2195832277435103
2023-04-10 06:00:00,0.0009064062748079,0.1173336248771817,0.2025864295710146
2023-04-10 07:00:00,0.0014892232184316,0.0917258215885536,0.1706989956837074
2023-04-10 08:00:00,0.0026767226605633,0.0685307091357661,0.1152346999037499
2023-04-10 09:00:00,0.0130262959237192,0.0873949247248032,0.0844291144726323
2023-04-10 10:00:00,0.037568167144177,0.0812794180477366,0.0462181614894492
2023-04-10 11:00:00,0.0424875543008442,0.0787135199004528,0.0929397928948495
2023-04-10 12:00:00,0.0401047070821126,0.0854714711507161,0.1530009040645524
2023-04-10 13:00:00,0.0900048368117388,0.0762144023296879,0.1035897755155376
2023-04-10 14:00:00,0.1490605461831186,0.0857801530875411,0.0982761266184788
2023-04-10 15:00:00,0.1793825299132104,0.0885746292039459,0.1299274552102182
2023-04-10 16:00:00,0.1883839314279992,0.1609352289461622,0.1531188160765405
2023-04-10 17:00:00,0.1991520738290026,0.4306410605611365,0.1717677085228215
2023-04-10 18:00:00,0.3113704382204542,0.6691982231888116,0.1620674016428928
2023-04-10 19:00:00,0.3937723449632233,0.6223905086517334,0.1420117008919809
2023-04-10 20:00:00,0.4609636309879278,0.5016915704689774,0.1330198493658327
2023-04-10 21:00:00,0.6184372792836108,0.4696521338294534,0.1499913603651757
2023-04-10 22:00:00,0.6732081712460986,0.5126032720204272,0.1502135805055207
2023-04-10 23:00:00,0.7964195831149232,0.4856379826863606,0.1411056401682835
2023-04-11 00:00:00,0.91502837885439,0.4960678060070362,0.1430857765908335
2023-04-11 01:00:00,0.9735867992725248,0.4908178600610471,0.1642837127049763
2023-04-11 02:00:00,0.9824848891862856,0.5205348192476759,0.1782268293542799
2023-04-11 03:00:00,0.9916304014866648,0.5270198357650657,0.1720534804599737
2023-04-11 04:00:00,0.9968884193819332,0.551863355574265,0.1585394027186375
2023-04-11 05:00:00,0.9973077680550368,0.5901304724948858,0.136921394105051
2023-04-11 06:00:00,0.997725648817673,0.6108385129691728,0.077829220715691
2023-04-11 07:00:00,0.9990013596279168,0.6455954289903827,0.044362325294345
2023-04-11 08:00:00,0.9997879040786642,0.6331325044818953,0.073936429678225
2023-04-11 09:00:00,0.9970084015840018,0.6820782399645038,0.2759762277790144
2023-04-11 10:00:00,0.9816084624895084,0.8302091336717793,0.2863192651786056
2023-04-11 11:00:00,0.9897083550496818,0.8451782800013723,0.2677970275380253
2023-04-11 12:00:00,0.9812143425536312,0.8532308192034952,0.2165556203306111
2023-04-11 13:00:00,0.9418494903963376,0.7476828986523198,0.1690462290071973
2023-04-11 14:00:00,0.7136903276630476,0.7994289585188323,0.1281308309704649
2023-04-11 15:00:00,0.4489862124125163,0.7343035772734997,0.105599048090916
2023-04-11 16:00:00,0.2723117030523961,0.737619446773155,0.117083565861571
2023-04-11 17:00:00,0.1673823828790702,0.7741434901368385,0.1641466921451045
2023-04-11 18:00:00,0.1154931736927406,0.7452896529552984,0.2530303281896254
2023-04-11 19:00:00,0.0971402373968386,0.8375302389556286,0.2513348822500191
2023-04-11 20:00:00,0.0725550978791479,0.8781520743775212,0.25531336528803
2023-04-11 21:00:00,0.0356372809098436,0.8927222981172449,0.2516706317078833
2023-04-11 22:00:00,0.0250982918770484,0.9455581303515466,0.2404078065959456
2023-04-11 23:00:00,0.0094077271573683,0.7531889934165805,0.1594936380199357
2023-04-12 00:00:00,0.0016317067582622,0.6929343354468251,0.1198134936538397
2023-04-12 01:00:00,0.0013618036812426,0.8202662374459061,0.1529958201389686
2023-04-12 02:00:00,0.0011717704386492,0.8494577532500224,0.2053521287207509
2023-04-12 03:00:00,0.0005583985179078,0.7265721115411496,0.2438731910356509
2023-04-12 04:00:00,0.0,0.626996217989454,0.2264533011741887
2023-04-12 05:00:00,0.0,0.5639140746172736,0.1989643620509727
2023-04-12 06:00:00,0.0,0.488332128213122,0.2384150417801601
2023-04-12 07:00:00,0.0,0.4273563335144442,0.2436906901839511
2023-04-12 08:00:00,0.0004944213075575,0.4190120619106916,0.2750352410709157
2023-04-12 09:00:00,0.0009047646148532,0.3770807256885603,0.334397584005119
2023-04-12 10:00:00,0.018325587892844,0.3979084834553837,0.3883353962617762
2023-04-12 11:00:00,0.0010711406570634,0.3804105683869007,0.4150234281627181
2023-04-12 12:00:00,0.0008749058044034,0.3090094101974387,0.3144012432472378
2023-04-12 13:00:00,0.0470905179291768,0.3954602269565358,0.2461153105193493
2023-04-12 14:00:00,0.0657020363153195,0.3852490755467633,0.1897906446768567
2023-04-12 15:00:00,0.065311777825449,0.359290144801919,0.1210879812053605
2023-04-12 16:00:00,0.0679008165995279,0.303311654944825,0.1012244177799598
2023-04-12 17:00:00,0.0898099880592495,0.3509754620346368,0.1032423154980528
2023-04-12 18:00:00,0.0946126030940635,0.3374102988274269,0.1246474654066796
2023-04-12 19:00:00,0.1141016156065697,0.3102158876805523,0.1413401669146967
2023-04-12 20:00:00,0.1559424283457737,0.2291077944188336,0.1326487227982165
2023-04-12 21:00:00,0.2173289099549935,0.1636006434758504,0.1337111931221158
2023-04-12 22:00:00,0.264396898107591,0.1630450580634322,0.2923900535683227
2023-04-12 23:00:00,0.2785477014928082,0.1642349420809278,0.2452633832794389
2023-04-13 00:00:00,0.2170212284412259,0.185781547446656,0.155307323324914
2023-04-13 01:00:00,0.2276984164917391,0.1201623210719987,0.1115283428453931
2023-04-13 02:00:00,0.2442406797720716,0.0841125319985782,0.1011456344641891
2023-04-13 03:00:00,0.2710858918482961,0.076216786515479,0.0969312471501967
2023-04-13 04:00:00,0.2719645843007206,0.0642312040515974,0.0925846894582112
2023-04-13 05:00:00,0.2605800130008872,0.0555170283598058,0.0767412840151319
2023-04-13 06:00:00,0.4804405433679717,0.0544721939984489,0.0301590686530069
2023-04-13 07:00:00,0.5607570464314978,0.0944782004636876,0.0007508790570926
2023-04-13 08:00:00,0.5356038629619124,0.1326217604618446,0.0003852396229513
2023-04-13 09:00:00,0.4938213108411801,0.100598323578928,0.0
2023-04-13 10:00:00,0.3512840941061381,0.0581514835357666,0.0
2023-04-13 11:00:00,0.3059386895372977,0.0014921859198925,0.0
2023-04-13 12:00:00,0.2410621923558852,0.001072433259752,0.0
2023-04-13 13:00:00,0.2499883907293182,0.0125319462975645,0.0
2023-04-13 14:00:00,0.1775247162463618,0.0246669151424582,0.0
2023-04-13 15:00:00,0.1451991118636785,0.0189402006030861,0.0003378367891498
2023-04-13 16:00:00,0.1225529932508281,0.0304350580265319,0.0334907345522462
2023-04-13 17:00:00,0.1001234849294026,0.0658748430364272,0.1036000836129282
2023-04-13 18:00:00,0.0873368861628513,0.0728368525411568,0.1650421292174096
2023-04-13 19:00:00,0.1110993647107891,0.07783244637882,0.1445187423743453
2023-04-13 20:00:00,0.154724915822347,0.0916984502006979,0.0921976566314697
2023-04-13 21:00:00,0.1864949706333135,0.1248650924832213,0.0741631143233355
2023-04-13 22:00:00,0.1885223762661803,0.1529923841065051,0.1103135300617592
2023-04-13 23:00:00,0.2003740360534269,0.1373679030175302,0.1314025299221861
2023-04-14 00:00:00,0.2039571992712083,0.1163841228859097,0.130885266790203
2023-04-14 01:00:00,0.1891706628737106,0.1173287162593766,0.1303312591477936
2023-04-14 02:00:00,0.1983212271547005,0.1308702955058976,0.1513340426426307
2023-04-14 03:00:00,0.1736888231015672,0.136377869867811,0.1720906675251481
2023-04-14 04:00:00,0.1510053756190281,0.1378243694118425,0.144166864600836
2023-04-14 05:00:00,0.1023778728410309,0.1200474243538052,0.142490361251083
2023-04-14 06:00:00,0.0385049425698573,0.1382054885228475,0.147527584842607
2023-04-14 07:00:00,0.0142980342596964,0.1615930187935922,0.210018454034344
2023-04-14 08:00:00,0.0271313537180034,0.1579434965171066,0.4470259519963483
2023-04-14 09:00:00,0.0007337639534395,0.1209317819744932,0.4016150711408627
2023-04-14 10:00:00,0.0,0.1436765638052248,0.4056069274353825
2023-04-14 11:00:00,0.0,0.1281688727584539,0.3021333747439914
2023-04-14 12:00:00,0.0,0.1438624952353683,0.2183760692870694
2023-04-14 13:00:00,0.0011938292216631,0.1714691928788727,0.178692259819679
2023-04-14 14:00:00,0.0347465771475648,0.1304011017668481,0.2079459857317357
2023-04-14 15:00:00,0.0351548050743302,0.1045377347983566,0.2811819431828517
2023-04-14 16:00:00,0.0300414605078354,0.1475413289724612,0.3615270315432081
2023-04-14 17:00:00,0.0333697823138018,0.213800343033535,0.4163681089488509
2023-04-14 18:00:00,0.0075196249812257,0.2361378669738769,0.5375458913690904
2023-04-14 19:00:00,0.0531889410579905,0.2471812410292282,0.6267023242376988
2023-04-14 20:00:00,0.1758787148918201,0.3580720222074222,0.5927355538785847
2023-04-14 21:00:00,0.3017750129201054,0.4091559765385646,0.5421645033593271
2023-04-14 22:00:00,0.3765711971357757,0.4438428084055583,0.5903704259909835
2023-04-14 23:00:00,0.461934376386256,0.3525981607000812,0.6122309242198669
2023-04-15 00:00:00,0.6052048923143374,0.3718433551539003,0.6375458848242666
2023-04-15 01:00:00,0.7035161373662013,0.4872606704437655,0.686369353649663
2023-04-15 02:00:00,0.7323523035236433,0.4801459328021878,0.669043503555597
2023-04-15 03:00:00,0.7696933372347963,0.4098042943119224,0.6416369232476926
2023-04-15 04:00:00,0.8347018933763691,0.4677307138255998,0.6464159535426719
2023-04-15 05:00:00,0.7575113259109796,0.5482540177363975,0.6682555722255332
2023-04-15 06:00:00,0.7676344665826536,0.5227411728279263,0.82849308088714
2023-04-15 07:00:00,0.7782504324819527,0.6077529869827569,0.8429145999983245
2023-04-15 08:00:00,0.7256492913938036,0.5108253940258151,0.8303440224890615
2023-04-15 09:00:00,0.7291986147562662,0.3729253983965107,0.7880876952526616
2023-04-15 10:00:00,0.7081243477615655,0.371685084174661,0.6071377813426497
2023-04-15 11:00:00,0.723762222364837,0.4664897295384625,0.6317972591499876
2023-04-15 12:00:00,0.6993161276275036,0.548133951386595,0.595141360962313
2023-04-15 13:00:00,0.701248944974413,0.6174134896471609,0.7099646867490282
2023-04-15 14:00:00,0.611428092507755,0.6398619670493929,0.6978437386307061
2023-04-15 15:00:00,0.6596974952548158,0.579887200025172,0.6452190361770929
2023-04-15 16:00:00,0.6839503867953431,0.6345256325466181,0.6171656511967478
2023-04-15 17:00:00,0.5343748853097554,0.8185003131043678,0.6033793461868187
2023-04-15 18:00:00,0.4518738914938534,0.910198679157332,0.5688251467312083
2023-04-15 19:00:00,0.493447492325228,0.934735746944652,0.5166989681767482
2023-04-15 20:00:00,0.5766113599141438,0.9148642346749898,0.4709880959753896
2023-04-15 21:00:00,0.6133575766694311,0.9118919933543486,0.4047804907256481
2023-04-15 22:00:00,0.5103530135809207,0.6446229336308498,0.3439367612202962
2023-04-15 23:00:00,0.4930604127497455,0.5780118353226605,0.3340860223458483
2023-04-16 00:00:00,0.4738263211219139,0.5070572818805968,0.3233895847220826
2023-04-16 01:00:00,0.4372492584527707,0.4618700423271827,0.3184156573675816
2023-04-16 02:00:00,0.3761046602835063,0.4243190101548737,0.2789459820666344
2023-04-16 03:00:00,0.3379809092852025,0.3685715915330874,0.2646171189601125
2023-04-16 04:00:00,0.3964976672253577,0.3294321524551491,0.2515578269958496
2023-04-16 05:00:00,0.4872488430122924,0.3521015223334817,0.16433879440906
2023-04-16 06:00:00,0.4416152231054369,0.3541184702729867,0.1399914891112084
2023-04-16 07:00:00,0.3121466324999442,0.2773317199906492,0.0979009329103956
2023-04-16 08:00:00,0.2600234505397821,0.238130158069087,0.0957731639637666
2023-04-16 09:00:00,0.1630924963483623,0.2429129594291736,0.072719933939915
2023-04-16 10:00:00,0.3647109807706347,0.4114929819418714,0.1091975558037851
2023-04-16 11:00:00,0.3899951542125028,0.2362479477926017,0.1039860762801824
2023-04-16 12:00:00,0.3249902382395626,0.2755180807674632,0.0981350739796956
2023-04-16 13:00:00,0.3123074668684816,0.1691282730476529,0.1175701501322727
2023-04-16 14:00:00,0.2847126418468999,0.1572211232839846,0.1575995426551968
2023-04-16 15:00:00,0.2866625349506054,0.1083142850913253,0.196751080307306
2023-04-16 16:00:00,0.326108315411736,0.1086538211972105,0.160107039937786
2023-04-16 17:00:00,0.3758310367858488,0.2145372153886782,0.1552559230841842
2023-04-16 18:00:00,0.4626069271486569,0.3080851984959022,0.1507350510241938
2023-04-16 19:00:00,0.535209436042636,0.3329214379678364,0.1346019319459503
2023-04-16 20:00:00,0.5354370244967392,0.3492173431745541,0.1145007914187861
2023-04-16 21:00:00,0.5086889298133601,0.365360104180629,0.0940399543911802
2023-04-16 22:00:00,0.4941944125431036,0.3268577039631363,0.0861504498650045
2023-04-16 23:00:00,0.5048480610442317,0.3069002534828934,0.0744915242288626
2023-04-17 00:00:00,0.5059112754522586,0.2636494262545716,0.0970902863670797
2023-04-17 01:00:00,0.4508669469870773,0.2588923242357042,0.1144016373391244
2023-04-17 02:00:00,0.3928994010476505,0.3193258802875194,0.1315999264810599
2023-04-17 03:00:00,0.3903272229861589,0.3921782097785301,0.1373844871334001
2023-04-17 04:00:00,0.4676386032229155,0.4884765662398992,0.1300330255545821
2023-04-17 05:00:00,0.4832212441886951,0.5037653134539236,0.130390022315231
2023-04-17 06:00:00,0.5499241944232018,0.4832013525993995,0.0974823680578493
2023-04-17 07:00:00,0.5192848747851802,0.440946837655859,0.1481900028153961
2023-04-17 08:00:00,0.5041635036468506,0.3810897200715308,0.1070688635695214
2023-04-17 09:00:00,0.5789917200998542,0.3300467799691593,0.1373353308322382
2023-04-17 10:00:00,0.5236386239918229,0.2433833047455432,0.1924911480323941
2023-04-17 11:00:00,0.3950560170840593,0.1751924714231802,0.1721160115759357
2023-04-17 12:00:00,0.3469042871512618,0.2848337366690043,0.1387514320074343
2023-04-17 13:00:00,0.3236353771359312,0.3369278689615088,0.1109041419683718
2023-04-17 14:00:00,0.2505300902073679,0.4092081964405534,0.1182609679652195
2023-04-17 15:00:00,0.1561956779629576,0.4811191870496164,0.1510813540103388
2023-04-17 16:00:00,0.0784114762848498,0.6265141605551725,0.180036856458078
2023-04-17 17:00:00,0.0781764937382118,0.7122367877586215,0.181911250345068
2023-04-17 18:00:00,0.1302087891335581,0.7367241148855171,0.2252075344908471
2023-04-17 19:00:00,0.1824019064311108,0.7543839473350376,0.2865535792182473
2023-04-17 20:00:00,0.1948856871112499,0.731293612835454,0.3267609543270535
2023-04-17 21:00:00,0.238900250079585,0.7498803886712766,0.3169155619502847
2023-04-17 22:00:00,0.1704251649332981,0.5585877879772311,0.2151715864543042
2023-04-17 23:00:00,0.114518217011994,0.4210311338013294,0.1673661844403136
2023-04-18 00:00:00,0.0826359262653425,0.34906192854339,0.1414441244274962
2023-04-18 01:00:00,0.0713430198968625,0.458382204467175,0.1718061391045065
2023-04-18 02:00:00,0.0932655147477692,0.5363687035305048,0.2347328117470336
2023-04-18 03:00:00,0.1431399817560233,0.5087620448442846,0.2921067094491198
2023-04-18 04:00:00,0.1808778881247526,0.4547678489311069,0.3055952686110353
2023-04-18 05:00:00,0.1320218221814024,0.3674772440218458,0.2816072850445517
2023-04-18 06:00:00,0.1241603902741974,0.3327852121365616,0.1730302330715204
2023-04-18 07:00:00,0.1038860807231828,0.3184603335810643,0.146417220433553
2023-04-18 08:00:00,0.0835576711916456,0.2543721417196436,0.1304397746628406
2023-04-18 09:00:00,0.070658478082395,0.2513687532711652,0.1638702317780139
2023-04-18 10:00:00,0.0100572720851773,0.1729195601020763,0.2358204741883122
2023-04-18 11:00:00,0.0038541146353179,0.1583294541228051,0.1785913573371039
2023-04-18 12:00:00,0.0015680174422419,0.1464365042892156,0.107238351130018
2023-04-18 13:00:00,0.001567163498573,0.1207923071057188,0.1039796950770359
2023-04-18 14:00:00,0.0008474732536116,0.0545426910998774,0.1214426639033298
2023-04-18 15:00:00,0.0,0.0313422676005394,0.0825306948493508
2023-04-18 16:00:00,0.0,0.0538216852674297,0.0770473947712019
2023-04-18 17:00:00,0.0,0.0828321774800618,0.0698938323002235
2023-04-18 18:00:00,0.0071349186834946,0.112000166201124,0.0748679217170266
2023-04-18 19:00:00,0.0762535544002757,0.1785141408833024,0.0949507601120892
2023-04-18 20:00:00,0.1223801047194237,0.2397545459223728,0.0688329397463331
2023-04-18 21:00:00,0.1429447239520503,0.2370845975439532,0.0122822803609511
2023-04-18 22:00:00,0.1890795308780047,0.2246216605691348,0.0395586256887398
2023-04-18 23:00:00,0.1624758337058273,0.1763177354351368,0.0865981158088235
2023-04-19 00:00:00,0.132449327730665,0.1603544342751596,0.1130081158058316
2023-04-19 01:00:00,0.0808042170954685,0.1310846267961988,0.0231104656761767
2023-04-19 02:00:00,0.0568015668906417,0.1667963640362608,0.0053752251699859
2023-04-19 03:00:00,0.0783226536769493,0.1769317365160175,0.0429281724823845
2023-04-19 04:00:00,0.1037690101885328,0.1857084168328179,0.0785262444440056
2023-04-19 05:00:00,0.0796791618945551,0.1617314768772499,0.1429899884205238
2023-04-19 06:00:00,0.0598405155481076,0.1463024990231383,0.1072913642023123
2023-04-19 07:00:00,0.0615622716791489,0.1467395062540091,0.1092476237053964
2023-04-19 08:00:00,0.0625164602317062,0.1472408163781259,0.1045639608420577
2023-04-19 09:00:00,0.0507741815903607,0.2245130601272084,0.1257131613937078
2023-04-19 10:00:00,0.0460140362284541,0.3725389857697331,0.1548556954252953
2023-04-19 11:00:00,0.0572738226722268,0.37922818676319,0.2082046963810141
2023-04-19 12:00:00,0.058673059239107,0.4952357641232559,0.1690041902018528
2023-04-19 13:00:00,0.069358231974583,0.3856034824271607,0.163493320053699
2023-04-19 14:00:00,0.1080912585351981,0.3192150686301437,0.1498651738260306
2023-04-19 15:00:00,0.1624948370690439,0.2980314391890382,0.167242452210071
2023-04-19 16:00:00,0.2339583970362844,0.290341152864344,0.1785569533803104
2023-04-19 17:00:00,0.2131634257198159,0.4380948839623944,0.1880149030997083
2023-04-19 18:00:00,0.1682275767419852,0.5894365965151319,0.2266968527650521
2023-04-19 19:00:00,0.1638306472815719,0.5899263597002216,0.2609430013918409
2023-04-19 20:00:00,0.1487480425367168,0.504822793349721,0.3290388552971136
2023-04-19 21:00:00,0.1362203733593809,0.4107471088957942,0.36249804340936
2023-04-19 22:00:00,0.1000578146354824,0.3315829825557135,0.3175683473449907
2023-04-19 23:00:00,0.0722910609899782,0.3930307198194117,0.233535246132246
2023-04-20 00:00:00,0.0766713245242249,0.4013968900917402,0.2214524699192421
2023-04-20 01:00:00,0.0932052556206198,0.3663864852556216,0.2923849018570644
2023-04-20 02:00:00,0.1307697740255617,0.345504163916594,0.3650426833458196
2023-04-20 03:00:00,0.1737901400896458,0.3493885043399786,0.406341008890688
2023-04-20 04:00:00,0.2175504927541695,0.3730801538704267,0.4331132664399988
2023-04-20 05:00:00,0.1773558348612068,0.3978219141367993,0.4285404728908165
2023-04-20 06:00:00,0.1166599872065525,0.3435888726726856,0.3885766478145824
2023-04-20 07:00:00,0.1118929830251955,0.3931758076536889,0.3572845490150202
2023-04-20 08:00:00,0.0915424029032389,0.4109376785801906,0.3733781661862641
2023-04-20 09:00:00,0.0722457147112079,0.5329227992911744,0.4945569412381041
2023-04-20 10:00:00,0.2130120719959533,0.5449213701135972,0.2835797983057359
2023-04-20 11:00:00,0.3039791615180719,0.7421204529556573,0.5288600765801723
2023-04-20 12:00:00,0.2385998520196652,0.6890480845582251,0.5834510201722188
2023-04-20 13:00:00,0.2068285973243464,0.775185884213915,0.5267567650165433
2023-04-20 14:00:00,0.1701820130441703,0.7355275902093625,0.3135758318932228
2023-04-20 15:00:00,0.154800999398325,0.8124173575756597,0.2696036793827231
2023-04-20 16:00:00,0.0793814425374947,0.8244672289081648,0.2201099458083608
2023-04-20 17:00:00,0.0740774238810819,0.7850653610977472,0.2031512821421903
2023-04-20 18:00:00,0.0814438333698347,0.7378505444994159,0.3853319096409417
2023-04-20 19:00:00,0.080415407816569,0.6533204153472302,0.6810578364951938
2023-04-20 20:00:00,0.0509290835436652,0.6301627439611098,0.8387363845226812
2023-04-20 21:00:00,0.0238321119663762,0.5916637377022138,0.8423762227974686
2023-04-20 22:00:00,0.0312084473815618,0.5437346844891318,0.7063222959929821
2023-04-20 23:00:00,0.0435526931987089,0.4152455641553293,0.6397300234027937
2023-04-21 00:00:00,0.076445270987118,0.4533998093573876,0.5960357656665877
2023-04-21 01:00:00,0.1169043662501316,0.5800309212379207,0.5435895296483257
2023-04-21 02:00:00,0.1395577426050223,0.6355069509518692,0.5111088939741546
2023-04-21 03:00:00,0.1503528099434048,0.6213197676964055,0.5029327339596219
2023-04-21 04:00:00,0.1982807240454979,0.5891550678053712,0.4769392652449265
2023-04-21 05:00:00,0.2662626465940787,0.5475429382199555,0.4564959083507263
2023-04-21 06:00:00,0.2925120366165061,0.6648195397620107,0.3026207116694232
2023-04-21 07:00:00,0.2481902066399069,0.7473288891362209,0.3458226833468169
2023-04-21 08:00:00,0.2036861126718957,0.5556669500139024,0.4063914710400151
2023-04-21 09:00:00,0.1909590764762529,0.7860282355663823,0.5028619485742906
2023-04-21 10:00:00,0.3527664655174305,0.6684737112007889,0.3209346634110594
2023-04-21 11:00:00,0.4467228129019145,0.6516738685907102,0.4400440851847331
2023-04-21 12:00:00,0.5044566805845772,0.6071562393038881,0.5274888113433239
2023-04-21 13:00:00,0.6300917793722713,0.6796883321275897,0.5716207214430267
2023-04-21 14:00:00,0.5832884825912176,0.6859525138256596,0.3905998211280972
2023-04-21 15:00:00,0.3818124493742301,0.6216926901948218,0.2911069221745909
2023-04-21 16:00:00,0.3636569150912216,0.570963402978735,0.2827965013341966
2023-04-21 17:00:00,0.3953377701877769,0.4344832881603365,0.3348671969245462
2023-04-21 18:00:00,0.4411638468698738,0.2913504737654542,0.4043079482184516
2023-04-21 19:00:00,0.4406106674593258,0.2505458414165023,0.3854063944099775
2023-04-21 20:00:00,0.4345397559645908,0.2540048306284387,0.314164166357003
2023-04-21 21:00:00,0.4397481235803342,0.2454380085265714,0.2311061846664528
2023-04-21 22:00:00,0.3055364571365656,0.2488017799028384,0.1684924667956782
2023-04-21 23:00:00,0.2728602122637181,0.13169059566423,0.2037638620613447
2023-04-22 00:00:00,0.2774489066180061,0.0883769989013671,0.1959429130055546
2023-04-22 01:00:00,0.3563254019793342,0.073628822962443,0.1836893605250938
2023-04-22 02:00:00,0.3942730847526999,0.067139840593525,0.1842885578379911
2023-04-22 03:00:00,0.389835125480602,0.0702399132298488,0.1569255543690101
2023-04-22 04:00:00,0.3511491865893594,0.0781618146335377,0.1237483819325764
2023-04-22 05:00:00,0.1619834993399825,0.056231045255474,0.0779175524618111
2023-04-22 06:00:00,0.097210080015893,0.0294052580602807,0.014113984855951
2023-04-22 07:00:00,0.102164067474066,0.0064870232070972,0.01057159589007
2023-04-22 08:00:00,0.076604637445188,0.0003416962872922,0.0156790995909497
2023-04-22 09:00:00,0.0326387816005282,0.0,0.0312489154292087
2023-04-22 10:00:00,0.0727704927033069,3.0798849716685176e-05,0.0399081851142683
2023-04-22 11:00:00,0.0694215063955269,0.0009523906738929,0.0575726873734418
2023-04-22 12:00:00,0.0620794997495763,0.0359239917175442,0.0448884889970417
2023-04-22 13:00:00,0.0336083426974178,0.0744486790077359,0.0323435185002345
2023-04-22 14:00:00,0.0069462372586618,0.0865706976722268,0.0166570435162463
2023-04-22 15:00:00,0.0004296115800446,0.0830884540782255,0.0010909870559094
2023-04-22 16:00:00,0.0,0.0465713813413981,0.0004259059631746
2023-04-22 17:00:00,0.0002891686227586,0.0009415710673612,0.0
2023-04-22 18:00:00,0.0014958693311105,0.0,0.0
2023-04-22 19:00:00,0.0007867567679461,0.0,0.0
2023-04-22 20:00:00,0.0,0.0004395468562257,0.0
2023-04-22 21:00:00,0.0,0.0125171690205343,0.0
2023-04-22 22:00:00,0.0003178415734783,0.0340200389911925,0.0
2023-04-22 23:00:00,0.0013413425364525,0.0125900951086306,0.0
2023-04-23 00:00:00,0.006565801458421,0.0116482922454285,1.7998265285117953e-06
2023-04-23 01:00:00,0.0012724165822945,0.0134345690409342,0.0004932868714426
2023-04-23 02:00:00,0.0005990064222049,0.0189072341700784,0.0004315158120946
2023-04-23 03:00:00,0.0002139386008767,0.0189162270695555,0.000175106369592
2023-04-23 04:00:00,0.0002806186676025,0.0153430408122492,0.0
2023-04-23 05:00:00,0.0007059137805614,0.0014422703412623,0.0
2023-04-23 06:00:00,0.0,0.0001850381396175,0.0
2023-04-23 07:00:00,0.0,0.0,0.0
2023-04-23 08:00:00,0.0005311104986402,0.0,0.0
2023-04-23 09:00:00,0.000534238378986,0.0,0.0
2023-04-23 10:00:00,0.0,0.0,0.0007264719289891
2023-04-23 11:00:00,0.0001851842294331,0.0,0.0007911717969607
2023-04-23 12:00:00,0.0010627188713721,0.0,0.0005025871438917
2023-04-23 13:00:00,0.0044552605915692,0.0,0.0007158564586265
2023-04-23 14:00:00,0.0229563549453136,0.0,0.0067075300060845
2023-04-23 15:00:00,0.0205921035966062,0.0008980137070799,0.0574012363658231
2023-04-23 16:00:00,0.0004840352955986,0.0209006639867047,0.1105808393627989
2023-04-23 17:00:00,0.0001142613248887,0.0680259396048153,0.1694414779251697
2023-04-23 18:00:00,0.0,0.1062118539623185,0.2090787108427559
2023-04-23 19:00:00,0.0,0.1111349171283198,0.2372689340628829
2023-04-23 20:00:00,0.0,0.1020743098913454,0.2503342067494112
2023-04-23 21:00:00,0.0,0.0937597658119949,0.2195438497206744
2023-04-23 22:00:00,0.0,0.105404772010504,0.2220876107808032
2023-04-23 23:00:00,0.0004141661855909,0.0929808382894478,0.2398646267410976
2023-04-24 00:00:00,0.0004264946077384,0.0800959736693139,0.2467055071413127
2023-04-24 01:00:00,0.00024011010438,0.0532975150089637,0.2411629171932445
2023-04-24 02:00:00,4.696846008300781e-05,0.0097578740587421,0.2168315625658222
2023-04-24 03:00:00,0.0,0.0,0.1985251638624403
2023-04-24 04:00:00,0.0,0.0,0.1800417120939766
2023-04-24 05:00:00,0.0,0.0,0.138787124671188
2023-04-24 06:00:00,0.0,0.0,0.0688198267244825
2023-04-24 07:00:00,0.0,0.0001364755474664,0.053110543419333
2023-04-24 08:00:00,0.0,0.0005942481795167,0.0747636720245959
2023-04-24 09:00:00,0.0007147843541662,0.0004286797218073,0.1228349582821715
2023-04-24 10:00:00,0.013015890822691,0.0,0.1606404313854142
2023-04-24 11:00:00,0.0462426773083755,0.0003900021509407,0.1591385696448531
2023-04-24 12:00:00,0.0544923427058201,0.0,0.1492648148069194
2023-04-24 13:00:00,0.0546235664218079,0.0,0.1391206301894842
2023-04-24 14:00:00,0.0713437678767185,0.0007450767591887,0.1075087809095195
2023-04-24 15:00:00,0.0869313408346737,0.0016206873008628,0.1194042902366787
2023-04-24 16:00:00,0.0921867408004461,0.0463386505257849,0.2356681730232986
2023-04-24 17:00:00,0.1133026328741335,0.0345376955917458,0.2272992476918339
2023-04-24 18:00:00,0.1140145928251977,0.0186547664255877,0.2928818347407322
2023-04-24 19:00:00,0.0951830546061197,0.0261462019159902,0.3385146069370843
2023-04-24 20:00:00,0.1016803231893801,0.0183899164978974,0.3986802833532196
2023-04-24 21:00:00,0.1261736248053756,0.0015325359269684,0.4394514295789931
2023-04-24 22:00:00,0.0928381611319149,0.0,0.5113481306562236
2023-04-24 23:00:00,0.0635102215935202,0.0,0.4528942762636671
2023-04-25 00:00:00,0.0530884078904694,0.0,0.4289433644487967
2023-04-25 01:00:00,0.0699983858594707,0.0,0.4487009438034756
2023-04-25 02:00:00,0.0745242249731924,0.0,0.4467952469595118
2023-04-25 03:00:00,0.0820486685808967,0.0,0.4516031149945228
2023-04-25 04:00:00,0.0665652284435197,0.0,0.4199586117189694
2023-04-25 05:00:00,0.0273297284942826,0.0,0.3922551114574756
2023-04-25 06:00:00,0.0405197022787106,0.0,0.2450297206055884
2023-04-25 07:00:00,0.0857191927292767,0.0,0.2665783221425574
2023-04-25 08:00:00,0.1515308431550568,0.0,0.2966733555388606
2023-04-25 09:00:00,0.2261715558619281,0.0,0.2923988173989689
2023-04-25 10:00:00,0.2596527049744051,0.0,0.290846849578658
2023-04-25 11:00:00,0.3193779537101197,0.0,0.3190605328753104
2023-04-25 12:00:00,0.2785001517900454,0.0,0.3116245067197513
2023-04-25 13:00:00,0.2355288991741105,0.0,0.3588916476255928
2023-04-25 14:00:00,0.2328498316746132,0.0004602507048962,0.1804259586957545
2023-04-25 15:00:00,0.2227990798700868,0.0011670725797516,0.0926922816856234
2023-04-25 16:00:00,0.2543022087196899,0.0178177150246364,0.0375150118777954
2023-04-25 17:00:00,0.3248385588328044,0.0712224081450817,0.0308031229411854
2023-04-25 18:00:00,0.4226652578590742,0.1594158013661702,0.0580224803849762
2023-04-25 19:00:00,0.4967380271238439,0.2603102883482291,0.114832789290185
2023-04-25 20:00:00,0.5521457803015615,0.2744136604608274,0.1413472142874026
2023-04-25 21:00:00,0.6243370171465905,0.3120349419662376,0.1767091470606187
2023-04-25 22:00:00,0.8448702431971731,0.3448539419111863,0.1779904427871205
2023-04-25 23:00:00,0.727059242772121,0.2700062826568005,0.1561490460938098
2023-04-26 00:00:00,0.5852600795770782,0.2524802201713612,0.1566766523847393
2023-04-26 01:00:00,0.5319637021208121,0.1973242822036244,0.1553599156585394
2023-04-26 02:00:00,0.4328031695746129,0.1995013835383396,0.1398215106889313
2023-04-26 03:00:00,0.5694190271539625,0.1670844999014162,0.1320549904131421
2023-04-26 04:00:00,0.5264186079985176,0.2536615608564389,0.1187703422471588
2023-04-26 05:00:00,0.4372362217871971,0.2981344874388252,0.0758964641421448
2023-04-26 06:00:00,0.4821734412822848,0.2836603900186377,0.0630333376865761
2023-04-26 07:00:00,0.5344336640601064,0.2230673833610185,0.0457166152841904
2023-04-26 08:00:00,0.4935903175204408,0.2929366678973428,0.060959306417727
2023-04-26 09:00:00,0.4372243569567313,0.4006997946820227,0.0735400003545424
2023-04-26 10:00:00,0.4057437391842113,0.2687058012469921,0.0233170764119017
2023-04-26 11:00:00,0.4215380257251216,0.4893155970604591,0.0502360568327062
2023-04-26 12:00:00,0.3741887098823497,0.5590098122366114,0.0512972532534131
2023-04-26 13:00:00,0.3874464860928604,0.4803674283370473,0.0309636620135089
2023-04-26 14:00:00,0.2820035523059321,0.3459339344423581,0.2389527738483902
2023-04-26 15:00:00,0.1713750526016833,0.0911948260139016,0.5495182984794666
2023-04-26 16:00:00,0.1061619613684859,0.0367257945677813,0.8123598285749847
2023-04-26 17:00:00,0.0776775444255155,0.0166181571343365,0.7580196623708687
2023-04-26 18:00:00,0.062029431847965,0.032213268326778,0.650734359142827
2023-04-26 19:00:00,0.01314615229376,0.0925908836663938,0.6443274348389868
2023-04-26 20:00:00,0.0001992201493456,0.1673983358869365,0.5881022472007602
2023-04-26 21:00:00,0.0012679762310451,0.1853570345959632,0.5366665397594177
2023-04-26 22:00:00,0.1275376946318383,0.0875662354861988,0.5439393348943174
2023-04-26 23:00:00,0.264321813396379,0.0171318595705468,0.5345521175783444
2023-04-27 00:00:00,0.3874495621600182,0.0,0.525362024120256
2023-04-27 01:00:00,0.4446999325471766,0.0,0.4844428744970583
2023-04-27 02:00:00,0.5191845208211662,0.0,0.4566656140720143
2023-04-27 03:00:00,0.5674434876909442,0.0003958344459533,0.4426065956065858
2023-04-27 04:00:00,0.5632960017210518,0.0067410839149375,0.4525713515437506
2023-04-27 05:00:00,0.5864569798014522,0.0311276694528417,0.5217197128370696
2023-04-27 06:00:00,0.5716554869234172,0.0171010622791215,0.6158895430222056
2023-04-27 07:00:00,0.5208365979537465,0.0014225201669082,0.4805840853772132
2023-04-27 08:00:00,0.5964103009965684,0.0047252735281302,0.5166799726049884
2023-04-27 09:00:00,0.6727504917219573,0.0568976121790268,0.4964541687684901
2023-04-27 10:00:00,0.7208842015733905,0.1658660407159842,0.3436025684955073
2023-04-27 11:00:00,0.8322147949069154,0.229949062945796,0.2852400704926136
2023-04-27 12:00:00,0.899544466554729,0.2942093182233424,0.2871311038148169
2023-04-27 13:00:00,0.832980146595076,0.4432022540397893,0.2864697306763892
2023-04-27 14:00:00,0.8513997707491606,0.5939091576470269,0.2893719205669328
2023-04-27 15:00:00,0.809138204537186,0.6464412820105458,0.294552706425486
2023-04-27 16:00:00,0.7467029421937231,0.6269214901269651,0.3187743853899388
2023-04-27 17:00:00,0.7874703874775008,0.6860583436255361,0.3645253913854462
2023-04-27 18:00:00,0.8171781278124043,0.7606669781254787,0.4025139419081943
2023-04-27 19:00:00,0.7750631687687892,0.7686758789361692,0.3447245273714751
2023-04-27 20:00:00,0.7187283366334204,0.7327212352378696,0.2508304882672877
2023-04-27 21:00:00,0.6444782275779574,0.6927662643731809,0.2384146864897285
2023-04-27 22:00:00,0.7922254637175915,0.8558548759011662,0.2939739975274777
2023-04-27 23:00:00,0.8090425846623439,0.8065154318716012,0.3204557490504645
2023-04-28 00:00:00,0.8575903512293996,0.7771658242917528,0.3330853484035317
2023-04-28 01:00:00,0.939224249397228,0.7328535715738932,0.2992696294597551
2023-04-28 02:00:00,0.917215546751334,0.7273482621884814,0.2340978485306883
2023-04-28 03:00:00,0.9268901052038654,0.6406742451237697,0.2072551827025569
2023-04-28 04:00:00,0.944647165684918,0.6045086866889904,0.1893782117008383
2023-04-28 05:00:00,0.9568073359969396,0.724923012303371,0.1165883564481548
2023-04-28 06:00:00,0.9392764770906736,0.7788712744619332,0.0998448156842998
2023-04-28 07:00:00,0.8976193845661637,0.882679185056998,0.150954150686077
2023-04-28 08:00:00,0.9833457485523098,0.7850738039203718,0.1820427078047609
2023-04-28 09:00:00,0.9826688080831292,0.8110513874128753,0.1687424206266216
2023-04-28 10:00:00,0.9681345029594072,0.7656421567879471,0.1096856827829398
2023-04-28 11:00:00,0.9836241373049668,0.7853237507390041,0.1228063129911235
2023-04-28 12:00:00,0.9868296891256096,0.723603183147954,0.1313439070009717
2023-04-28 13:00:00,0.9818304161620296,0.8647442424998564,0.1465101335562911
2023-04-28 14:00:00,0.9695424908906026,0.8422413339801863,0.1711774807350308
2023-04-28 15:00:00,0.945098502963197,0.7894697656818465,0.1920424162172803
2023-04-28 16:00:00,0.9144457025465622,0.8225652376810709,0.1489473674811569
2023-04-28 17:00:00,0.849720786599552,0.8522104250839333,0.1408704121907552
2023-04-28 18:00:00,0.7902343319911582,0.7926485865723853,0.1503930606094061
2023-04-28 19:00:00,0.7906980982013777,0.7335019018135819,0.1390326607461069
2023-04-28 20:00:00,0.839143996145211,0.7041813532511393,0.0954226886524873
2023-04-28 21:00:00,0.8885002634883706,0.619406949460896,0.0630058961756089
2023-04-28 22:00:00,0.9784655726813024,0.6847485280504413,0.0520233780730004
2023-04-28 23:00:00,0.9859241753621818,0.6981602463067746,0.0071499896984474
2023-04-29 00:00:00,0.9753213084601108,0.7070224612366919,0.000651333456725
2023-04-29 01:00:00,0.9619933919968948,0.6826026766907934,0.0
2023-04-29 02:00:00,0.945822940153234,0.7070652643839518,0.0
2023-04-29 03:00:00,0.9426292344635608,0.7396459205477846,0.0
2023-04-29 04:00:00,0.9416367898579516,0.7633256818733963,0.0
2023-04-29 05:00:00,0.8788042691797993,0.6676630038841097,0.0003061995786779
2023-04-29 06:00:00,0.7396948103811226,0.6997082280177696,0.0
2023-04-29 07:00:00,0.9010133556291168,0.6593464309093998,0.0020580315122417
2023-04-29 08:00:00,0.9201376921211192,0.7653252564224542,0.0211059754970026
2023-04-29 09:00:00,0.945442542531132,0.8038690978405523,0.0105066459163341
2023-04-29 10:00:00,0.9096315171983508,0.5774532579908184,0.0003227673324884
2023-04-29 11:00:00,0.8868883108001908,0.5837336241030225,0.0
2023-04-29 12:00:00,0.8347937827016794,0.5550565828684888,0.0
2023-04-29 13:00:00,0.7876488648208917,0.5067209168976429,0.0
2023-04-29 14:00:00,0.7468778853322945,0.4607942836736542,0.0002919116051368
2023-04-29 15:00:00,0.7056193819233015,0.4392309780993493,0.0007352575757145
2023-04-29 16:00:00,0.6617569549410951,0.4587287840500377,0.0015771696770113
2023-04-29 17:00:00,0.6248377117456174,0.4977361906587688,0.0405085176424263
2023-04-29 18:00:00,0.6529887891283221,0.5466399317473367,0.0757851320154526
2023-04-29 19:00:00,0.6390536158692602,0.559971418256074,0.107397109854455
2023-04-29 20:00:00,0.5701939031189563,0.5312114057977215,0.0970379745259004
2023-04-29 21:00:00,0.502163054896336,0.4646394533269545,0.1053484631519691
2023-04-29 22:00:00,0.5508092805451038,0.3977540209402446,0.0933715876410989
2023-04-29 23:00:00,0.6528829593284456,0.4349596391316332,0.0872976405947816
2023-04-30 00:00:00,0.7188090343101352,0.4895942585141051,0.0740924068525725
2023-04-30 01:00:00,0.7443668328079522,0.5677744765686833,0.0758835614896288
2023-04-30 02:00:00,0.7503471000521791,0.6396145727120194,0.0825024586097867
2023-04-30 03:00:00,0.7640554951686485,0.6795316490472532,0.0634520194109748
2023-04-30 04:00:00,0.7288770021176806,0.6539161252040488,0.0031638079219394
2023-04-30 05:00:00,0.6465292444416121,0.5129270927578795,0.0
2023-04-30 06:00:00,0.4937127135158364,0.3958468593023961,0.0
2023-04-30 07:00:00,0.5017107452442443,0.4082513930750828,0.0
2023-04-30 08:00:00,0.5607462942210677,0.4356282443002938,0.0
2023-04-30 09:00:00,0.5949567813499301,0.5578417637768913,0.0004330238485647
2023-04-30 10:00:00,0.3317123970954246,0.3911562963248857,0.0003651680510028
2023-04-30 11:00:00,0.4227824413698483,0.442009325900109,0.0118945463030946
2023-04-30 12:00:00,0.3431388147516188,0.5176770609188703,0.0523982562270819
2023-04-30 13:00:00,0.2288024222928714,0.4152612374498953,0.0889781175875196
2023-04-30 14:00:00,0.1841285587136262,0.2809070668189354,0.125580488466749
2023-04-30 15:00:00,0.2893841188717512,0.3431388879913131,0.1447059009589401
2023-04-30 16:00:00,0.255716323852539,0.4126566874435524,0.0749396810344621
2023-04-30 17:00:00,0.2412117104125178,0.466632196326661,0.0378251765288558
2023-04-30 18:00:00,0.2443283772936054,0.5123432477315267,0.0974072428310618
2023-04-30 19:00:00,0.2371433981103834,0.4639871525608636,0.3807000116585127
2023-04-30 20:00:00,0.1568453685910094,0.4284974811903013,0.6006991785336164
2023-04-30 21:00:00,0.1128967252432131,0.4312697500964395,0.6600418838800168
2023-04-30 22:00:00,0.1150622671725703,0.2981086338267606,0.6857088500378178
2023-04-30 23:00:00,0.1171578963597615,0.2731749403710459,0.5700727615481108
2023-05-01 00:00:00,0.1251368546018413,0.2512070369097142,0.5195040406744464
2023-05-01 01:00:00,0.1384679593291937,0.2799938519795736,0.5077158547694387
2023-05-01 02:00:00,0.1524121153588388,0.309042368059844,0.4723125890968672
2023-05-01 03:00:00,0.1707064637950822,0.2913362621481902,0.4351324848100251
2023-05-01 04:00:00,0.1652465380874334,0.2053234094108631,0.3695273695428387
2023-05-01 05:00:00,0.1318485479728848,0.1330172197491514,0.2134137870439517
2023-05-01 06:00:00,0.0722801685333252,0.0965827820347804,0.1398288385540831
2023-05-01 07:00:00,0.0828104860642377,0.1354327856325635,0.097585823021683
2023-05-01 08:00:00,0.0909815115087172,0.2354298323587654,0.0885273662267946
2023-05-01 09:00:00,0.0985169293833714,0.4330662465563007,0.1034589257894777
2023-05-01 10:00:00,0.1442793771332385,0.3663582147336474,0.064781436733171
2023-05-01 11:00:00,0.2268261784821554,0.517273136213714,0.0487349193080577
2023-05-01 12:00:00,0.2269001381070006,0.634000207863602,0.0542109854081097
2023-05-01 13:00:00,0.2954504661310732,0.6575893420799105,0.0588685624739703
2023-05-01 14:00:00,0.2598696689979702,0.6338262012581419,0.0386183480032129
2023-05-01 15:00:00,0.2045966628330205,0.5642289351793676,0.0151640640364752
2023-05-01 16:00:00,0.1950265005523083,0.4487908089083005,0.0022722907315671
2023-05-01 17:00:00,0.2459862216625338,0.3435185625662211,0.0016099783330181
2023-05-01 18:00:00,0.3157982904147478,0.308921156365887,0.0015969097224715
2023-05-01 19:00:00,0.3684412981170455,0.2734671667510387,0.0140847127422008
2023-05-01 20:00:00,0.3837517632378472,0.205005424474579,0.0502683368383669
2023-05-01 21:00:00,0.3758288395950218,0.1449143769694309,0.1036040455687279
2023-05-01 22:00:00,0.2690663026049246,0.1440086317997352,0.1532928616392846
2023-05-01 23:00:00,0.1639774149539424,0.1217243484422272,0.2334472525353525
2023-05-02 00:00:00,0.1073732329349891,0.100562245238061,0.3144152320288365
2023-05-02 01:00:00,0.0909286620570164,0.0675581950767367,0.3718045381159564
2023-05-02 02:00:00,0.1055334479201073,0.0361576263421501,0.4206397408753439
2023-05-02 03:00:00,0.1231686391082464,0.0291511747572157,0.436929200988969
2023-05-02 04:00:00,0.1273825472476435,0.0240013953907037,0.386068408006157
2023-05-02 05:00:00,0.0913546833337522,0.0024759414928411,0.3010271624022839
2023-05-02 06:00:00,0.0201768033644732,0.0015132345405279,0.1627520837035833
2023-05-02 07:00:00,0.0015238679312413,0.0012468017783819,0.1725700135324515
2023-05-02 08:00:00,0.0010820876539143,0.0005110915190254,0.2385679943109649
2023-05-02 09:00:00,0.0005091054766785,0.0,0.2919962141248915
2023-05-02 10:00:00,0.0,0.0,0.2360167721517725
2023-05-02 11:00:00,0.0,0.0,0.295816451116325
2023-05-02 12:00:00,0.0,0.0,0.3793959789026796
2023-05-02 13:00:00,0.0,0.0,0.414730835584254
2023-05-02 14:00:00,0.0,0.0,0.4217954632503534
2023-05-02 15:00:00,0.0014866341173259,0.0,0.3904647671319301
2023-05-02 16:00:00,0.0668129967708213,0.0011907656208362,0.4278539239970687
2023-05-02 17:00:00,0.1119448040045943,0.0382590387381759,0.5193208946901209
2023-05-02 18:00:00,0.1049078095193002,0.1042058070500691,0.5549682355394551
2023-05-02 19:00:00,0.0877349516924689,0.1987963688918967,0.5233972368676678
2023-05-02 20:00:00,0.0682320314295151,0.3090959062763289,0.5787325918284896
2023-05-02 21:00:00,0.0743156087164785,0.3401685057122723,0.6112983491685655
2023-05-02 22:00:00,0.1527172560785331,0.4350233576656167,0.6124758954141654
2023-05-02 23:00:00,0.1385162390914617,0.4251488891302371,0.4985791639564863
2023-05-03 00:00:00,0.0998053714340808,0.4340468528223973,0.3936237416236229
2023-05-03 01:00:00,0.0685309195051006,0.3978450578801772,0.2821762826707628
2023-05-03 02:00:00,0.0245576785280813,0.309152959998137,0.1967443297891055
2023-05-03 03:00:00,0.0004526302705403,0.258224141364004,0.1341114909041161
2023-05-03 04:00:00,0.0,0.2179694986031725,0.069896987840241
2023-05-03 05:00:00,0.0,0.1469299255632886,0.0179682670075909
2023-05-03 06:00:00,0.0002605260587206,0.0944075864904067,0.0003728441942751
2023-05-03 07:00:00,0.0134022917622834,0.0871973645453359,0.0005762541995329
2023-05-03 08:00:00,0.0668218089084999,0.1178275720745909,0.0125785941391988
2023-05-03 09:00:00,0.1033720432543287,0.1488346796409756,0.0482054228097005
2023-05-03 10:00:00,0.1393869227054072,0.212467352549235,0.0204451216591729
2023-05-03 11:00:00,0.1615637774560965,0.2898904077367845,0.0276894218781415
2023-05-03 12:00:00,0.1924497566971124,0.3815462963253844,0.055015998728135
2023-05-03 13:00:00,0.1657569291544895,0.3916380670335557,0.0844938848532882
2023-05-03 14:00:00,0.1166060975953644,0.3817452153349234,0.1042044396493949
2023-05-03 15:00:00,0.0882176791920381,0.3364425827475155,0.0878766705008114
2023-05-03 16:00:00,0.0904368419273226,0.3537296407362994,0.0650311451332242
2023-05-03 17:00:00,0.0924088908176796,0.4188375317193324,0.0817533801583682
2023-05-03 18:00:00,0.074771899803012,0.474629332037533,0.0967805993323232
2023-05-03 19:00:00,0.0479878194971022,0.5188379412383036,0.0954306826871984
2023-05-03 20:00:00,0.0189181476636649,0.5242170929129607,0.1013190489189297
2023-05-03 21:00:00,0.014209144645267,0.4625545997245639,0.1350465825959748
2023-05-03 22:00:00,0.0090043346087137,0.4810605875027725,0.0671325010411879
2023-05-03 23:00:00,0.0,0.4796588576697057,0.0614667640012853
2023-05-04 00:00:00,0.0,0.4094019154318018,0.0572233807806875
2023-05-04 01:00:00,0.0,0.3053710086672914,0.06103889614928
2023-05-04 02:00:00,0.0,0.1747130662008048,0.0791577731861787
2023-05-04 03:00:00,0.0,0.134849186037101,0.0992762574962541
2023-05-04 04:00:00,0.03299811346079,0.1582197465148626,0.1312692609487795
2023-05-04 05:00:00,0.0711651175629858,0.1323989092134961,0.0963205215977687
2023-05-04 06:00:00,0.0013950459318223,0.0353746566117978,0.0840088432910395
2023-05-04 07:00:00,0.0237899605744804,0.0142583909377553,0.1088947992698819
2023-05-04 08:00:00,0.0496996384040982,0.0415332901711557,0.1233051337447821
2023-05-04 09:00:00,0.0356928764605054,0.057297991771324,0.0969039458854525
2023-05-04 10:00:00,0.0357790546479568,0.0326609249208487,0.0942729033675848
2023-05-04 11:00:00,0.0492653192258348,0.0342646887878966,0.0983101012660007
2023-05-04 12:00:00,0.0421026107532526,0.0309345028758828,0.0884976574018889
2023-05-04 13:00:00,0.0015267686906203,0.0314951694868748,0.0626063346862793
2023-05-04 14:00:00,0.0,0.0333251567447886,0.0321263106040705
2023-05-04 15:00:00,0.0,0.0235413001253714,0.0013923633332346
2023-05-04 16:00:00,0.0,0.0326758038763906,0.0004662201295491
2023-05-04 17:00:00,0.0,0.0668570340848436,0.0009446479136647
2023-05-04 18:00:00,0.0,0.0507287184397379,0.0014802649909374
2023-05-04 19:00:00,0.0,0.0363358913683423,0.0012548912584392
2023-05-04 20:00:00,0.0,0.0263715666883132,0.0006409505613489
2023-05-04 21:00:00,0.0,0.0319819384151034,1.305848165275225e-06
2023-05-04 22:00:00,0.0123042994075351,0.0007414311365364,0.0004733804783789
2023-05-04 23:00:00,0.1031644437827316,0.0010883021198846,0.0
2023-05-05 00:00:00,0.1413725287306542,0.0080339035956688,0.0
2023-05-05 01:00:00,0.1322071926266539,0.0363633558641072,0.0
2023-05-05 02:00:00,0.1188749659295175,0.0459071382198458,0.0
2023-05-05 03:00:00,0.1003637617709589,0.04079514936684,0.0
2023-05-05 04:00:00,0.0750564593894808,0.0410777139507867,0.0003248316789764
2023-05-05 05:00:00,0.0350061736854852,0.0464898238774218,0.0005077310636931
2023-05-05 06:00:00,0.001047530594994,0.0851087476692947,0.0
2023-05-05 07:00:00,0.000511481091867,0.1121998417611215,0.0
2023-05-05 08:00:00,0.0,0.118717539544199,0.0
2023-05-05 09:00:00,0.0,0.1156492326773849,0.0
2023-05-05 10:00:00,0.0,0.0686205835903392,0.0
2023-05-05 11:00:00,0.0,0.0778878436369054,0.0003762155576469
2023-05-05 12:00:00,0.0,0.092020642523672,0.010390099746729
2023-05-05 13:00:00,9.054140327802672e-05,0.1248796780904134,0.0283014587327545
2023-05-05 14:00:00,6.782619002597785e-05,0.1684949912276922,0.0283548738442215
2023-05-05 15:00:00,0.0,0.24125801659877,0.1191346318114037
2023-05-05 16:00:00,0.0007028719958137,0.3498140269634771,0.2854562647202435
2023-05-05 17:00:00,0.0501710059596043,0.5110497568167892,0.2385099635404698
2023-05-05 18:00:00,0.150691644818175,0.5626619797126919,0.2082046963810141
2023-05-05 19:00:00,0.3495628880519493,0.4916396873449188,0.2341250874637778
2023-05-05 20:00:00,0.524319955726075,0.345746294345731,0.2729810702255348
2023-05-05 21:00:00,0.6156499479331222,0.2327470935248082,0.284910005681655
2023-05-05 22:00:00,0.8470719780018127,0.2040121508579628,0.2638756870444304
2023-05-05 23:00:00,0.80765167872111,0.159962165589426,0.2099381583968019
2023-05-06 00:00:00,0.7552046682320389,0.1750803180769378,0.1702752767824659
2023-05-06 01:00:00,0.7282724567488128,0.227975483813317,0.1577829145917705
2023-05-06 02:00:00,0.7306285932952282,0.2697163064495411,0.1541258891423543
2023-05-06 03:00:00,0.7588969305449841,0.2917914484061447,0.1626079105863384
2023-05-06 04:00:00,0.7904664114409802,0.3354199368969288,0.1510803021636663
2023-05-06 05:00:00,0.6945804895139208,0.3484959321863511,0.0906303583406934
2023-05-06 06:00:00,0.7223326365152994,0.2902568898169823,0.0964062354143928
2023-05-06 07:00:00,0.7322038669212192,0.2557548728643679,0.1286097016989016
2023-05-06 08:00:00,0.7592572230918735,0.2367922527338165,0.1354492996253219
2023-05-06 09:00:00,0.7121820075839174,0.2373577566707835,0.107548996513965
2023-05-06 10:00:00,0.6487396932115741,0.2094083019331389,0.0244565648970261
2023-05-06 11:00:00,0.6059523501427344,0.2403883248372794,0.050057055903416
2023-05-06 12:00:00,0.5689118812286775,0.2702248454873078,0.0781370845495485
2023-05-06 13:00:00,0.5688858967201382,0.3212144390430326,0.1019029290068383
2023-05-06 14:00:00,0.5987485483580944,0.3467145231035021,0.1492139404895258
2023-05-06 15:00:00,0.538720032748054,0.3956669826133578,0.1492037375768025
2023-05-06 16:00:00,0.4662291676390405,0.4494557193681305,0.213600255305471
2023-05-06 17:00:00,0.5285482624777003,0.4702745076098473,0.2390587096120797
2023-05-06 18:00:00,0.6130097426620184,0.461357878703697,0.2985269789602242
2023-05-06 19:00:00,0.69656769434611,0.5224040910309437,0.399728196898317
2023-05-06 20:00:00,0.748735698999143,0.5523565236259909,0.4297453391006569
2023-05-06 21:00:00,0.7044165742163564,0.4814672002605363,0.4414952564862818
2023-05-06 22:00:00,0.6850185020297181,0.3695997303607417,0.3424844180836397
2023-05-06 23:00:00,0.6027478330275591,0.3539391795015023,0.3049657734390957
2023-05-07 00:00:00,0.5395703533895655,0.3618572693245083,0.3094849555320989
2023-05-07 01:00:00,0.520681228513032,0.3569403224521213,0.3814267691443948
2023-05-07 02:00:00,0.5271954552020902,0.3720723756777695,0.394847283955493
2023-05-07 03:00:00,0.5355608541201922,0.3783638118918425,0.3660418924942515
2023-05-07 04:00:00,0.5109838099261514,0.3655188878377279,0.3330724582173466
2023-05-07 05:00:00,0.4388336527581308,0.360620177649205,0.2415663494783289
2023-05-07 06:00:00,0.347091634289112,0.3596912053675433,0.2005603266697304
2023-05-07 07:00:00,0.2706934143515194,0.4201780378428939,0.1925115180171393
2023-05-07 08:00:00,0.2192221934499304,0.4606518168854557,0.1657142241795857
2023-05-07 09:00:00,0.1729690639022129,0.4469918222988353,0.1672229229235181
2023-05-07 10:00:00,0.1637138923009236,0.3053713748657625,0.0887658783033782
2023-05-07 11:00:00,0.1379230676912793,0.2777603186813055,0.1347299066244387
2023-05-07 12:00:00,0.1088104061051911,0.2325833046358395,0.1456677446178361
2023-05-07 13:00:00,0.0953857805214676,0.2517217935300341,0.1718877374736312
2023-05-07 14:00:00,0.0931562161913105,0.241378637700299,0.1477129552878585
2023-05-07 15:00:00,0.0907702071993958,0.2819752475015478,0.0832514435637231
2023-05-07 16:00:00,0.0919399074479645,0.2774795208101958,0.0671240862678079
2023-05-07 17:00:00,0.1699282375036501,0.2702825209673713,0.0624241548426011
2023-05-07 18:00:00,0.3138039735407611,0.3356296221415202,0.0551018527909821
2023-05-07 19:00:00,0.3596273403541714,0.4141337123571658,0.0629177514244528
2023-05-07 20:00:00,0.3400962913737577,0.4512364646188574,0.1194510974136053
2023-05-07 21:00:00,0.3264589870677274,0.4738440622691235,0.2095058883716857
2023-05-07 22:00:00,0.3248628011715957,0.3768735305935728,0.1649441672306434
2023-05-07 23:00:00,0.3398899751551011,0.4015460793488945,0.1532188116335401
2023-05-08 00:00:00,0.3482875652562559,0.4705022752674576,0.1501245592154708
2023-05-08 01:00:00,0.3415183132770015,0.5202568746080586,0.1797757772059222
2023-05-08 02:00:00,0.2931958522671967,0.5424655652513691,0.2217828308055603
2023-05-08 03:00:00,0.285506775176603,0.4948519102109024,0.2366490114748088
2023-05-08 04:00:00,0.3227297683167301,0.5098433588065353,0.2157952395919101
2023-05-08 05:00:00,0.2524101095261917,0.5373609533496931,0.1461960872014363
2023-05-08 06:00:00,0.1967167947806564,0.5018329620361328,0.1458723638571945
2023-05-08 07:00:00,0.1397795069451425,0.4339635060503592,0.119442717701781
2023-05-08 08:00:00,0.1022455855911853,0.41693791376999,0.1463963588078816
2023-05-08 09:00:00,0.0862164357129265,0.4271533863217223,0.3514206861358842
2023-05-08 10:00:00,0.1511858374464745,0.3101014140384649,0.081404915042952
2023-05-08 11:00:00,0.1586499518039179,0.4181569884805118,0.0764214758779488
2023-05-08 12:00:00,0.188309083577075,0.4871323607326333,0.0900718277575922
2023-05-08 13:00:00,0.1638441459805357,0.5234495642917608,0.1238492890900256
2023-05-08 14:00:00,0.1808649792390711,0.5463627039217481,0.178565361920525
2023-05-08 15:00:00,0.1234669778861251,0.5102564228905572,0.1960550071367251
2023-05-08 16:00:00,0.0669717788696289,0.4868974249347362,0.1693698822283277
2023-05-08 17:00:00,0.0370246390112085,0.5204989785462423,0.1565490633833642
2023-05-08 18:00:00,0.0390217631470923,0.5159552736220017,0.1857916140088848
2023-05-08 19:00:00,0.0611834666308234,0.4912658688289667,0.179976101794274
2023-05-08 20:00:00,0.0976645946502685,0.4538178911396101,0.1442966624802234
2023-05-08 21:00:00,0.1408700966367534,0.4016097246431837,0.1130969968496584
2023-05-08 22:00:00,0.1186994477814319,0.2954135159261866,0.0708713952232809
2023-05-08 23:00:00,0.1137671283647125,0.2724020652521669,0.0770028665953991
2023-05-09 00:00:00,0.1131999375773411,0.2819405474693947,0.0933353106180826
2023-05-09 01:00:00,0.142110223863639,0.3032853618945951,0.1066559085658952
2023-05-09 02:00:00,0.1670351682924756,0.3304420545989391,0.1141687234242757
2023-05-09 03:00:00,0.2093879319483937,0.3397071688782935,0.1215708138895969
2023-05-09 04:00:00,0.2150429713180641,0.3315511232887218,0.1118661959966023
2023-05-09 05:00:00,0.1446444731132657,0.3210303144517288,0.0607853777268353
2023-05-09 06:00:00,0.118333755754957,0.2754987766540128,0.0334604908438289
2023-05-09 07:00:00,0.1043330804974425,0.2319267279182384,0.0483968043638989
2023-05-09 08:00:00,0.143638066217011,0.2407538002612544,0.1819837888081868
2023-05-09 09:00:00,0.1579245983385572,0.2686409015281528,0.1767391098870171
2023-05-09 10:00:00,0.2781390582813936,0.157365647016787,0.034947301827225
2023-05-09 11:00:00,0.284620503194971,0.1465213532541312,0.0087993507291756
2023-05-09 12:00:00,0.261848873562283,0.1466403521743475,0.0056743068632736
2023-05-09 13:00:00,0.2211450844808341,0.1611116236331416,0.0241885742330862
2023-05-09 14:00:00,0.1821627959706425,0.1890755042531132,0.049299258811801
2023-05-09 15:00:00,0.1385292118670893,0.2202703002231573,0.0842733944163603
2023-05-09 16:00:00,0.09934757270065,0.2351678056654587,0.1179158220104142
2023-05-09 17:00:00,0.0722332094229903,0.2278826345805249,0.1865829050151351
2023-05-09 18:00:00,0.0496133402282116,0.165451122265236,0.2599301868014865
2023-05-09 19:00:00,0.0015935239449046,0.1399603544497022,0.2426065806469886
2023-05-09 20:00:00,0.0,0.1010413613973879,0.1698085373523188
2023-05-09 21:00:00,0.0,0.083163252063826,0.1216067519842409
2023-05-09 22:00:00,0.0,0.1177081524157056,0.0641064316618676
2023-05-09 23:00:00,0.0231141261025971,0.0916640898760627,0.0411604463664534
2023-05-10 00:00:00,0.0884706600039613,0.0792689416922775,0.0276186310387904
2023-05-10 01:00:00,0.0967373099981569,0.0795309450112137,0.0351445468422634
2023-05-10 02:00:00,0.0819630716361251,0.077823377123066,0.0518956371382171
2023-05-10 03:00:00,0.0679902001923205,0.072330166311825,0.0770250956217447
2023-05-10 04:00:00,0.0426234080900553,0.0635018301945106,0.0887841103123683
2023-05-10 05:00:00,0.0003923984134898,0.042981960415061,0.0433859291419484
2023-05-10 06:00:00,0.0,0.0286589716774186,0.0098805435342726
2023-05-10 07:00:00,0.0,0.0125556712836221,0.0585707262450573
2023-05-10 08:00:00,0.0,0.0057897458668627,0.0876495417426614
2023-05-10 09:00:00,0.0,0.0574441283356909,0.0789048391229966
2023-05-10 10:00:00,0.0,0.0326901518441493,0.0050000766523523
2023-05-10 11:00:00,0.0,0.0348689302899479,0.0011977654656553
2023-05-10 12:00:00,0.0,0.0319478535184673,0.0007400629567165
2023-05-10 13:00:00,0.0,0.0579804298924464,0.001105411379945
2023-05-10 14:00:00,0.0,0.0776544739218319,0.0022108091248406
2023-05-10 15:00:00,0.0,0.0921777182934331,0.015487322620317
2023-05-10 16:00:00,0.0,0.1075213329464781,0.0408402720307992
2023-05-10 17:00:00,0.0,0.1152558420218673,0.0855645712684182
2023-05-10 18:00:00,0.0,0.0931563564375335,0.1388698348812028
2023-05-10 19:00:00,0.0,0.0535328247967888,0.1561899979909261
2023-05-10 20:00:00,0.0,0.016541932143417,0.1446513802397485
2023-05-10 21:00:00,0.0,0.0014376126083673,0.108654031566545
2023-05-10 22:00:00,0.0004214414584091,0.0242762098125382,0.0925424285963469
2023-05-10 23:00:00,0.0011652248357635,0.0488686943365857,0.0655745758729822
2023-05-11 00:00:00,0.0015813743366914,0.0765999391967175,0.038073452859143
2023-05-11 01:00:00,0.0182104765200147,0.0919298564686494,0.0282624706723331
2023-05-11 02:00:00,0.0440493249425701,0.0964314797345329,0.0295416767301123
2023-05-11 03:00:00,0.0727799125746184,0.0966216302385517,0.0387246698335884
2023-05-11 04:00:00,0.0859419972288842,0.0941047948949477,0.0480466235696879
2023-05-11 05:00:00,0.0327788155063305,0.0677327081268908,0.0254304868723052
2023-05-11 06:00:00,0.0121887926182715,0.0501588512869442,0.0014585751334047
2023-05-11 07:00:00,0.0013558993152543,0.0469726725341447,0.0275075190207537
2023-05-11 08:00:00,0.0008131616255816,0.0415715438867706,0.0756183792563045
2023-05-11 09:00:00,0.0004506485134947,0.0486897062631993,0.0900084598391663
2023-05-11 10:00:00,0.0,0.0199197261941199,0.0627879535450654
2023-05-11 11:00:00,0.0,0.000811770460964,0.0608553372177423
2023-05-11 12:00:00,0.0,0.0,0.0436336744844523
2023-05-11 13:00:00,0.0,0.0002032822253657,0.018959892341514
2023-05-11 14:00:00,0.0,0.0012370768715353,0.0014813090461531
2023-05-11 15:00:00,0.0,0.0203053137056188,0.0008698978455238
2023-05-11 16:00:00,0.0003443609655292,0.0450698947594835,4.9343296125823375e-06
2023-05-11 17:00:00,0.0098691781361897,0.0394961159992841,0.0
2023-05-11 18:00:00,0.0557783538219975,0.0404884756780138,0.0
2023-05-11 19:00:00,0.0611427718517827,0.0591540570352591,0.0002771479631561
2023-05-11 20:00:00,0.0428282902910818,0.0790187891791848,0.0
2023-05-11 21:00:00,0.0113936892521926,0.0837308285283107,0.0
2023-05-11 22:00:00,0.001311291277019,0.0717130361818799,0.0
2023-05-11 23:00:00,0.0011994254355337,0.0575058366738113,0.0
2023-05-12 00:00:00,0.0014144902914957,0.0550295558630251,0.0
2023-05-12 01:00:00,0.012126813916599,0.05745483379738,0.0008395750538196
2023-05-12 02:00:00,0.0516287252014758,0.0707989113003599,0.0225583174649406
2023-05-12 03:00:00,0.1189695970684874,0.0770602740493475,0.0570164708530201
2023-05-12 04:00:00,0.1579961589738434,0.0670515555961459,0.0791440991794361
2023-05-12 05:00:00,0.0870074711593927,0.025571808705922,0.0435837842280568
2023-05-12 06:00:00,0.0499157110850016,0.0099958017760632,0.0009485829889384
2023-05-12 07:00:00,0.0629420841441435,0.0031603056620928,0.000956334709342
2023-05-12 08:00:00,0.0685114019057329,0.0013210481288386,0.0199366839103449
2023-05-12 09:00:00,0.0657420532376158,0.0012980625520344,0.0555432310291365
2023-05-12 10:00:00,0.0014540292079152,0.0011247470487956,0.0149994013356227
2023-05-12 11:00:00,0.0009801418952692,0.0003553286097408,0.0429703012790555
2023-05-12 12:00:00,0.0004054829965229,0.0004697017420351,0.0453881823938656
2023-05-12 13:00:00,0.0003515563759149,0.0008051227899937,0.0459536617877436
2023-05-12 14:00:00,0.0002658152891919,0.0004128587791343,0.0426654578034394
2023-05-12 15:00:00,0.0,0.0,0.0350773825364954
2023-05-12 16:00:00,0.0,0.0,0.0302197820220897
2023-05-12 17:00:00,0.0003806524027406,0.0006882941800784,0.0113537747875537
2023-05-12 18:00:00,0.0013534368253221,0.0010842825073042,0.0224402687128852
2023-05-12 19:00:00,0.0152682732133304,0.0011276220963671,0.0289393332269456
2023-05-12 20:00:00,0.0250495765723434,0.0166381087178498,0.0230704043425765
2023-05-12 21:00:00,0.0295839749909693,0.0482922788538964,0.0015975209622601
2023-05-12 22:00:00,0.0246807660152709,0.0161977955718445,0.010097649751925
2023-05-12 23:00:00,0.0346322905004414,0.0117552467420989,0.0004124645314185
2023-05-13 00:00:00,0.0436714311051212,0.0174966707728267,0.0
2023-05-13 01:00:00,0.0616204271129533,0.0238172556060591,0.0
2023-05-13 02:00:00,0.0835693583768956,0.0200536029011595,0.0
2023-05-13 03:00:00,0.0946414470672607,0.0154500292017568,0.0
2023-05-13 04:00:00,0.0754857297037162,0.021415473588931,0.0
2023-05-13 05:00:00,0.0448957307665955,0.0015663430581684,0.0
2023-05-13 06:00:00,0.0131600031665727,0.0011240894498388,0.0
2023-05-13 07:00:00,0.0145717641107397,0.001281282870598,0.0
2023-05-13 08:00:00,0.0241982336916954,0.0016233601601295,0.0015179168165119
2023-05-13 09:00:00,0.0080861324578328,0.0031478782884435,0.026679833340489
2023-05-13 10:00:00,0.0,0.0005517660402784,0.0206308205143299
2023-05-13 11:00:00,0.0,0.0001836820365556,0.0037076184952181
2023-05-13 12:00:00,0.0,0.0,0.0015611430398778
2023-05-13 13:00:00,0.0,0.0,0.0011647238450891
2023-05-13 14:00:00,0.0,0.0,0.0006357739174288
2023-05-13 15:00:00,0.0,0.0,0.0001417028358559
2023-05-13 16:00:00,0.0014052807895186,0.0,0.0006355647168128
2023-05-13 17:00:00,0.0847964660794127,0.0,0.0004228524912416
2023-05-13 18:00:00,0.1706417401631673,0.0,0.0
2023-05-13 19:00:00,0.1998922030131022,0.0,0.0
2023-05-13 20:00:00,0.1806537590774835,0.0,0.0
2023-05-13 21:00:00,0.1667016978357352,1.013590619454976e-05,0.0
2023-05-13 22:00:00,0.2137375750572853,0.0608694787118949,0.0
2023-05-13 23:00:00,0.1952246341829985,0.0915446702171774,0.0008036061829211
2023-05-14 00:00:00,0.2116680082932017,0.1183080205730363,0.0015124055295208
2023-05-14 01:00:00,0.2306041592865987,0.1232768040077359,0.0105840232637193
2023-05-14 02:00:00,0.2610762353036918,0.1275854484707701,0.028523050102533
2023-05-14 03:00:00,0.2393647923189051,0.1200429364746692,0.0200787400887682
2023-05-14 04:00:00,0.1980491338991651,0.1042470394396314,0.0010799212393417
2023-05-14 05:00:00,0.1103635629018147,0.058828919541602,0.0
2023-05-14 06:00:00,0.0258421605708552,0.0173894338358461,0.0
2023-05-14 07:00:00,0.0006757522720137,0.0023668743426503,0.0
2023-05-14 08:00:00,3.182459500880023e-05,0.0082179755946389,0.0
2023-05-14 09:00:00,0.0,0.0014995102788887,0.0
2023-05-14 10:00:00,0.0,0.0014417709088792,0.0
2023-05-14 11:00:00,0.0,0.0009903946733163,0.0003068135454763
2023-05-14 12:00:00,0.0,0.0002308207399704,0.0008173327819973
2023-05-14 13:00:00,0.0,0.0,0.0008645373232224
2023-05-14 14:00:00,0.0,0.0004801356714535,0.0011812506937513
2023-05-14 15:00:00,0.0013357564514758,0.0007233027539222,0.001594317504783
2023-05-14 16:00:00,0.0519294364779603,0.0,0.023512604189854
2023-05-14 17:00:00,0.1140295290479473,0.0,0.0369567516582464
2023-05-14 18:00:00,0.1903267187230727,0.0,0.0559628711027257
2023-05-14 19:00:00,0.1820474450105156,0.0,0.0745194098528693
2023-05-14 20:00:00,0.1406476310655182,0.0319133280149472,0.0887018559025783
2023-05-14 21:00:00,0.1117853440490423,0.0821913691128001,0.0984538536445767
2023-05-14 22:00:00,0.1085597159815769,0.1344882273206523,0.0964524231705011
2023-05-14 23:00:00,0.0812802828994451,0.1117329270231957,0.0950495402018229
2023-05-15 00:00:00,0.0159835928405811,0.0942675973854813,0.1066181823319079
2023-05-15 01:00:00,0.0006850591672012,0.0791793944788914,0.1276697715123494
2023-05-15 02:00:00,0.001067719038795,0.079735517501831,0.1313131580165788
2023-05-15 03:00:00,0.0004020804673238,0.0665632883707682,0.1274072305828917
2023-05-15 04:00:00,0.0,0.0371223520609288,0.0976984641131232
2023-05-15 05:00:00,0.0,0.0010104206652423,0.0566508022009157
2023-05-15 06:00:00,0.0,0.0,0.0279771381733464
2023-05-15 07:00:00,0.0007996060489829,0.0,0.0519677236968395
2023-05-15 08:00:00,0.0401780285866432,0.0,0.1459432933844772
2023-05-15 09:00:00,0.0754516966202679,0.0,0.3239492824654174
2023-05-15 10:00:00,0.1244921777762618,0.0,0.1781668444864111
2023-05-15 11:00:00,0.1148948482438629,0.0,0.2700154017778783
2023-05-15 12:00:00,0.0960316143783868,0.0,0.364723285039266
2023-05-15 13:00:00,0.0783028322107651,0.000221907313353,0.4932652423584383
2023-05-15 14:00:00,0.0899273975222718,0.0001662634556589,0.534682040121041
2023-05-15 15:00:00,0.0924285252888997,0.0003063312542983,0.3950286254384159
2023-05-15 16:00:00,0.0646376843545951,0.0010404559521893,0.3209198689928242
2023-05-15 17:00:00,0.0587331313712924,0.0223905931111254,0.3370843089483922
2023-05-15 18:00:00,0.0614831728093764,0.0620748949985878,0.4543329220192105
2023-05-15 19:00:00,0.0744237385544122,0.1202914878433825,0.4795884306913887
2023-05-15 20:00:00,0.0643000649470909,0.2220603126326417,0.5208699298060797
2023-05-15 21:00:00,0.0511493168625177,0.2830010301926556,0.4887993117563086
2023-05-15 22:00:00,0.0753930736990536,0.2847287483464659,0.484978513779983
2023-05-15 23:00:00,0.0668422614826875,0.1398582902609133,0.4772917585435257
2023-05-16 00:00:00,0.0776257935692282,0.066682778152765,0.4402260858249041
2023-05-16 01:00:00,0.1179434505163454,0.0327252535259022,0.3910239521974052
2023-05-16 02:00:00,0.1143824586681291,0.004667757383359,0.4071642230538761
2023-05-16 03:00:00,0.1031267526103001,0.0091208242902568,0.4277777547150656
2023-05-16 04:00:00,0.1018017062953874,0.0085670944132836,0.3765692196640314
2023-05-16 05:00:00,0.0626500447591145,0.0053458965681736,0.3168607786589977
2023-05-16 06:00:00,0.0594092584123798,0.0078969539380541,0.2489809647105098
2023-05-16 07:00:00,0.0688632095561308,0.0113858826020184,0.1338419376635083
2023-05-16 08:00:00,0.0840760913549684,0.0154861702638513,0.0791457353853711
2023-05-16 09:00:00,0.0943357570498597,0.0171686784893858,0.0567057085972206
2023-05-16 10:00:00,0.0998196414872711,0.0292293994255315,0.0511235115574855
2023-05-16 11:00:00,0.1762447824665144,0.0503224017573337,0.0769276712455001
2023-05-16 12:00:00,0.128146538547441,0.0923560881147197,0.075391647862453
2023-05-16 13:00:00,0.0781471355288636,0.1185285226971495,0.047399292973911
2023-05-16 14:00:00,0.053715518876618,0.1482027301601335,0.0306331616601133
2023-05-16 15:00:00,0.025614050478717,0.1725179042691498,0.0162483523873721
2023-05-16 16:00:00,0.0013479816368202,0.1618493187661264,0.0010519834125743
2023-05-16 17:00:00,0.0015047476961721,0.1617658372018851,0.0002957535725013
2023-05-16 18:00:00,0.0104087408072029,0.1405458473691753,0.0050745166205113
2023-05-16 19:00:00,0.0197706541983909,0.1380057077781827,0.0810656828038832
2023-05-16 20:00:00,0.0267153982243506,0.1511494435516058,0.1426528014388738
2023-05-16 21:00:00,0.0636086276933258,0.1528968764286415,0.1574102803772571
2023-05-16 22:00:00,0.0578563587338316,0.1152265305612601,0.1262624707876467
2023-05-16 23:00:00,0.1510432771607941,0.079124230964511,0.1332728535521264
2023-05-17 00:00:00,0.2246830665987301,0.0525167642855176,0.1256327301848168
2023-05-17 01:00:00,0.2457789689107658,0.0515564282735188,0.1189847787221272
2023-05-17 02:00:00,0.2079191020890778,0.0762123921338249,0.1376268676683014
2023-05-17 03:00:00,0.1546732000276154,0.1066662517248415,0.1661486017937753
2023-05-17 04:00:00,0.1048019236209345,0.1155336697896321,0.1871439678217071
2023-05-17 05:00:00,0.0490607934839585,0.0961646379209032,0.120098964840758
2023-05-17 06:00:00,0.0407199863514869,0.1097329808216469,0.1324995358784993
2023-05-17 07:00:00,0.0412472911130369,0.1478555506350947,0.1494850364385866
2023-05-17 08:00:00,0.0504638166988597,0.1805599624035405,0.1858256626752467
2023-05-17 09:00:00,0.0625727223415,0.1843902893315732,0.2387410207511552
2023-05-17 10:00:00,0.0800917662826238,0.1435393328760184,0.1483172762627695
2023-05-17 11:00:00,0.0684811554703058,0.1267903575710222,0.2087938863467547
2023-05-17 12:00:00,0.052111172208599,0.1111417541316911,0.2524637583813636
2023-05-17 13:00:00,0.0307787426936081,0.1139847554412542,0.2506210445578581
2023-05-17 14:00:00,0.0013976704840566,0.1156504948933919,0.3537237815607607
2023-05-17 15:00:00,0.0004368202359068,0.1239666401171216,0.3369226689432181
2023-05-17 16:00:00,0.0015414750653933,0.1463521461860806,0.3285706339318768
2023-05-17 17:00:00,0.034931259217605,0.219713027181189,0.2474638153524959
2023-05-17 18:00:00,0.1167834740059048,0.3017542860866372,0.1649064409966562
2023-05-17 19:00:00,0.1793430334602306,0.3045472085865494,0.1820367862975675
2023-05-17 20:00:00,0.1386406374912636,0.2706972633311951,0.2403953714308396
2023-05-17 21:00:00,0.0917717989753274,0.2185361276265063,0.2371255151586594
2023-05-17 22:00:00,0.095370657303754,0.1732564938613792,0.1422596211526908
2023-05-17 23:00:00,0.10102674072864,0.1480755268358716,0.1646251771964278
2023-05-18 00:00:00,0.1296836371515311,0.1466179127786673,0.1236260872261197
2023-05-18 01:00:00,0.1814246800989886,0.1514698360480514,0.0802861475477031
2023-05-18 02:00:00,0.2672615456425287,0.1340732036852369,0.0324453099880343
2023-05-18 03:00:00,0.3528519362406014,0.1104941321354286,0.0001837248895682
2023-05-18 04:00:00,0.3713260631935269,0.083014217077517,0.0
2023-05-18 05:00:00,0.2754222115660025,0.0420171782082202,0.0011014315037945
2023-05-18 06:00:00,0.2925581651575425,0.021149719852248,0.0009111773733999
2023-05-18 07:00:00,0.3769362970115312,0.0129921319437961,0.0
2023-05-18 08:00:00,0.4505413342145533,0.0208846665675344,0.0
2023-05-18 09:00:00,0.4209621420093611,0.0505037868724149,0.0002594196718502
2023-05-18 10:00:00,0.4017466828714009,0.0519542366850609,0.0072744667919632
2023-05-18 11:00:00,0.4557088465472452,0.0707778042437983,0.0006883206710316
2023-05-18 12:00:00,0.5296261715733148,0.0956573673323089,9.494318681604724e-05
2023-05-18 13:00:00,0.570300350002214,0.1394585885253607,0.0005388158598756
2023-05-18 14:00:00,0.4962858966752594,0.1464514405119653,0.0011925775241228
2023-05-18 15:00:00,0.2812238674537808,0.1497577802807677,0.0302761910008449
2023-05-18 16:00:00,0.2561399484771529,0.1452733371772018,0.095828561221852
2023-05-18 17:00:00,0.2792961800020505,0.1566628381317737,0.190010214163587
2023-05-18 18:00:00,0.3477890958973005,0.1545352328057382,0.2891303230734432
2023-05-18 19:00:00,0.4622553298675936,0.1418135680404363,0.3267111513349745
2023-05-18 20:00:00,0.5654718907050837,0.1394580275404687,0.3163311091902988
2023-05-18 21:00:00,0.5922352176865721,0.1582753541422825,0.2960355842814726
2023-05-18 22:00:00,0.5788300785363889,0.1985757335338717,0.1672601933572806
2023-05-18 23:00:00,0.4824503107008591,0.1673950751622517,0.2015504618875341
2023-05-19 00:00:00,0.41637345544653,0.1367906145021027,0.2330752042383929
2023-05-19 01:00:00,0.3806203268711863,0.1521923845889521,0.2739700211418999
2023-05-19 02:00:00,0.374690914465711,0.1953736193039838,0.2684460247264189
2023-05-19 03:00:00,0.4091329792745752,0.2076085190367854,0.2224371573504279
2023-05-19 04:00:00,0.4009808886284922,0.1606965298746146,0.1847294732636096
2023-05-19 05:00:00,0.3351276372772416,0.112048726455838,0.1466281507529464
2023-05-19 06:00:00,0.2319880747327617,0.0939871750625909,0.1466577777675554
2023-05-19 07:00:00,0.1843741828320073,0.0919493273192761,0.1138976274752149
2023-05-19 08:00:00,0.1993956846349379,0.0980942623288023,0.0827448274575027
2023-05-19 09:00:00,0.294544653175703,0.1259887452219046,0.0632840511845607
2023-05-19 10:00:00,0.2644606727400636,0.1123800932192334,0.0344601826730117
2023-05-19 11:00:00,0.1463719910266352,0.1333492176205504,0.0861670456680597
2023-05-19 12:00:00,0.1054565228667913,0.1658137639363606,0.0919335963679295
2023-05-19 13:00:00,0.1114286277808395,0.1802699269812091,0.0732046482609767
2023-05-19 14:00:00,0.1723102962269502,0.2031538283902835,0.0762755263085458
2023-05-19 15:00:00,0.0001421153934952,0.1998310338437947,0.1059408982594807
2023-05-19 16:00:00,0.0017323326441197,0.1596077633839027,0.1286639419256472
2023-05-19 17:00:00,0.0608542619966993,0.1593428733302097,0.1136207113078996
2023-05-19 18:00:00,0.0737560262867048,0.1810082797131507,0.1186857737746893
2023-05-19 19:00:00,0.1026109270021027,0.1987341338512944,0.1299950889512604
2023-05-19 20:00:00,0.1359432468227311,0.2366942517897662,0.1329609459521723
2023-05-19 21:00:00,0.2161080136018641,0.2890856749092052,0.1314366097543753
2023-05-19 22:00:00,0.2915211908178391,0.2904901379853292,0.1154477689780441
2023-05-19 23:00:00,0.4025192151661791,0.2716474283754436,0.1327863394045362
2023-05-20 00:00:00,0.4488277217141943,0.2737242193783031,0.161672924079147
2023-05-20 01:00:00,0.442370177873599,0.2552603677986494,0.1701149402880201
2023-05-20 02:00:00,0.4408694965387482,0.2159978735680673,0.1705909009073294
2023-05-20 03:00:00,0.4370812465941984,0.1653710767334582,0.159303534264658
2023-05-20 04:00:00,0.3962435987260607,0.1383741696675618,0.1296229806600832
2023-05-20 05:00:00,0.2848459349738227,0.1351890727585437,0.0809137260212617
2023-05-20 06:00:00,0.2114564920562544,0.1475772320055494,0.0873253392238243
2023-05-20 07:00:00,0.1716691746431238,0.1576447019390031,0.118992106587279
2023-05-20 08:00:00,0.219476285323598,0.1597058656168919,0.1837781831329944
2023-05-20 09:00:00,0.3751895303040548,0.183891106275172,0.1967636931176279
2023-05-20 10:00:00,0.3410098833196303,0.1287945812823725,0.0845007802925857
2023-05-20 11:00:00,0.3908223233191795,0.1644083214741127,0.1025621914396099
2023-05-20 12:00:00,0.3857810886856777,0.2257581754447588,0.139475242764342
2023-05-20 13:00:00,0.2962025707843257,0.3010965203927233,0.1705319624321133
2023-05-20 14:00:00,0.1644186295715032,0.5930419918758417,0.19795894934461
2023-05-20 15:00:00,0.1191538104823991,0.565470098670012,0.2326082341811236
2023-05-20 16:00:00,0.119750417915045,0.4114767959694457,0.2144532484166762
2023-05-20 17:00:00,0.2017321929432987,0.3796863010506225,0.2389121523090437
2023-05-20 18:00:00,0.3156159968157999,0.5073812818215563,0.3247337528303557
2023-05-20 19:00:00,0.3863256990520003,0.6846580131381166,0.4084834896661098
2023-05-20 20:00:00,0.4620879537918989,0.7647776510201248,0.4374919747994616
2023-05-20 21:00:00,0.525655559464997,0.7394287632960899,0.3966448790107677
2023-05-20 22:00:00,0.616861542845084,0.4736349317762587,0.359162341535481
2023-05-20 23:00:00,0.6486106947356579,0.4280140992083581,0.3016967196869694
2023-05-21 00:00:00,0.6437387933918074,0.4920525722254335,0.2462910608528486
2023-05-21 01:00:00,0.610648557251575,0.6085434536528743,0.2173593465019674
2023-05-21 02:00:00,0.5901716893015344,0.57203432313757,0.1732671525743272
2023-05-21 03:00:00,0.5765536563848358,0.5187723527546801,0.1492457413205913
2023-05-21 04:00:00,0.5987804465823703,0.4172528444551954,0.1087786753972371
2023-05-21 05:00:00,0.4801032823674819,0.330911228080201,0.0562654055801092
2023-05-21 06:00:00,0.4372324865627912,0.3247271612578747,0.0962590703777238
2023-05-21 07:00:00,0.3963553624994614,0.3505452520707074,0.2552315300586177
2023-05-21 08:00:00,0.3514567933051414,0.3608641390706978,0.3549889240389556
2023-05-21 09:00:00,0.3093712142869538,0.3650282551260555,0.3459762669856252
2023-05-21 10:00:00,0.3296588293088028,0.1831920131359225,0.1082894965714099
2023-05-21 11:00:00,0.2590329600315468,0.207826015995998,0.1011274375167547
2023-05-21 12:00:00,0.2188341570835487,0.1957756304273418,0.1218570213691861
2023-05-21 13:00:00,0.1716321652231652,0.2011731434491724,0.135616893861808
2023-05-21 14:00:00,0.1706410389320523,0.2441298883724836,0.1465063819698259
2023-05-21 15:00:00,0.1550731121325025,0.3301335690068264,0.1625708855834661
2023-05-21 16:00:00,0.1594731270098218,0.3456676349141239,0.1587030349993238
2023-05-21 17:00:00,0.4194348014258092,0.3655156652911815,0.1376981478111416
2023-05-21 18:00:00,0.6155820298039056,0.3064291757695815,0.1380185052460315
2023-05-21 19:00:00,0.6065161243762844,0.2299852433547475,0.1146382677788828
2023-05-21 20:00:00,0.5196418481714585,0.1775402898102804,0.0908056427450741
2023-05-21 21:00:00,0.4268964614743501,0.1715748450335334,0.082779000787174
2023-05-21 22:00:00,0.3682562946494109,0.1354443208844054,0.0755881561952478
2023-05-21 23:00:00,0.3433131984635895,0.1455847188538196,0.0475139637398564
2023-05-22 00:00:00,0.3354537003959705,0.1334846604104135,0.0239814889976401
2023-05-22 01:00:00,0.3479848655999875,0.0892935780917897,0.0179004022498535
2023-05-22 02:00:00,0.3907019172618592,0.1004462616116392,0.0321076130555346
2023-05-22 03:00:00,0.3905562435100281,0.1171679940878176,0.0543025661917293
2023-05-22 04:00:00,0.3036881069731868,0.1045940787184472,0.0588654770570642
2023-05-22 05:00:00,0.2232154210408528,0.1026025122287226,0.0015831094941282
2023-05-22 06:00:00,0.1556529601414998,0.0978245688419716,0.0009068507774203
2023-05-22 07:00:00,0.1169642864489087,0.14519918198679,0.0160338785134109
2023-05-22 08:00:00,0.0954981177460913,0.1883520145042269,0.0446688973046595
2023-05-22 09:00:00,0.0951863270179898,0.2296150307250178,0.0885287920633951
2023-05-22 10:00:00,0.0850488157833323,0.1596219633139816,0.0354208751441606
2023-05-22 11:00:00,0.0450409954669428,0.1699062889697505,0.0382155203351787
2023-05-22 12:00:00,0.0015804814357383,0.1628926104190303,0.0429063003047619
2023-05-22 13:00:00,0.0760673074161305,0.1706507159214393,0.049669999702304
2023-05-22 14:00:00,0.1179722360536164,0.157706059661566,0.0530913296867819
2023-05-22 15:00:00,0.0884785371668198,0.1569874029533536,0.0672798530728209
2023-05-22 16:00:00,0.051277618782193,0.2557944285324196,0.0762473601920931
2023-05-22 17:00:00,0.0934988844628427,0.175500034506804,0.0977277288249894
2023-05-22 18:00:00,0.2618904425427805,0.0798472937415627,0.137067951408087
2023-05-22 19:00:00,0.4016647276535533,0.0719875447890337,0.1559719501757154
2023-05-22 20:00:00,0.4171139819949281,0.0774352457009109,0.1554688519122553
2023-05-22 21:00:00,0.324446287030488,0.055099234861486,0.1284562723309386
2023-05-22 22:00:00,0.205026919545691,0.043331090531318,0.1148668340608185
2023-05-22 23:00:00,0.1253357237460566,0.0637484765520282,0.0837191179686901
2023-05-23 00:00:00,0.1252942459256041,0.0721689532784854,0.0536388509413775
2023-05-23 01:00:00,0.1459090733060649,0.063565081241084,0.0229013468704971
2023-05-23 02:00:00,0.1727369408202327,0.0548380963942583,0.0155591302447848
2023-05-23 03:00:00,0.2144219236436233,0.0609858830769856,0.0362398277700336
2023-05-23 04:00:00,0.1627933511547014,0.0369031444873685,0.0687456130981445
2023-05-23 05:00:00,0.0915352503458658,0.0079880239916782,0.0253064842785105
2023-05-23 06:00:00,0.0622772702983781,0.0032954815945594,0.0187875698594486
2023-05-23 07:00:00,0.0288354742760751,0.0211845616889155,0.0331135976548288
2023-05-23 08:00:00,0.0109862973487455,0.0520674387613932,0.0172140384032056
2023-05-23 09:00:00,0.0009811286832772,0.038959321243311,0.0016272979624131
2023-05-23 10:00:00,0.0,0.0015595465703727,0.0013857339721879
2023-05-23 11:00:00,0.0,0.0014876360986746,0.0009569736088023
2023-05-23 12:00:00,0.0,0.0012157633413676,0.0007191783462474
2023-05-23 13:00:00,0.0,0.002258733596677,0.0005144636615429
2023-05-23 14:00:00,0.0,0.0015391216558568,0.0008313305237713
2023-05-23 15:00:00,0.0012161833008909,0.0112548980837553,0.0015029318971571
2023-05-23 16:00:00,0.0013751364221759,0.0545941380893482,0.0239097943492964
2023-05-23 17:00:00,0.0063143166062099,0.10030072109372,0.0622785091400146
2023-05-23 18:00:00,0.0218295084884743,0.0957862068625057,0.1450785702350092
2023-05-23 19:00:00,0.0498321944592045,0.0863277678396187,0.2369897349987154
2023-05-23 20:00:00,0.0435211502648646,0.049755012287813,0.205284209033243
2023-05-23 21:00:00,0.0423166327227174,0.0071001446325015,0.1640442072176465
2023-05-23 22:00:00,0.0753596483492383,0.0011801552149205,0.0982078968309888
2023-05-23 23:00:00,0.0627966488108915,0.0026015483475978,0.0606928853427662
2023-05-24 00:00:00,0.0518150890574735,0.007674131128523,0.0226935046950196
2023-05-24 01:00:00,0.044983931226668,0.0009325906342151,0.0010724691004534
2023-05-24 02:00:00,0.039512960739385,0.0002979686836791,0.0003722773657904
2023-05-24 03:00:00,0.0346417804948644,0.0008996951034645,0.0011381647166083
2023-05-24 04:00:00,0.0204174876992219,0.0013825040237576,0.0120028791084788
2023-05-24 05:00:00,0.0004304503303727,0.0040425588102901,0.0006730996705348
2023-05-24 06:00:00,0.0,0.0152639123349407,0.0004136387039633
2023-05-24 07:00:00,0.0,0.0231599492185256,0.0006452619639876
2023-05-24 08:00:00,0.0,0.0222955237027087,0.0007833982604781
2023-05-24 09:00:00,0.0,0.005264440782709,3.011086407829733e-05
2023-05-24 10:00:00,0.0,0.0004276676115646,0.0
2023-05-24 11:00:00,0.0,0.0008161784776675,0.0
2023-05-24 12:00:00,0.0,0.0002187326842663,0.0
2023-05-24 13:00:00,0.0,0.0,0.000164235729018
2023-05-24 14:00:00,0.0,0.0057716922822341,0.0005267398809295
2023-05-24 15:00:00,0.0007784374399122,0.140608782861747,0.0007622915934893
2023-05-24 16:00:00,0.0366038933298946,0.1406468947728475,0.0148771272765265
2023-05-24 17:00:00,0.0892317061330758,0.0871445852167466,0.0563026877010569
2023-05-24 18:00:00,0.0582664854386273,0.0803620675030876,0.0789615920945709
2023-05-24 19:00:00,0.0638104887569651,0.0883234248441808,0.0950350948408538
2023-05-24 20:00:00,0.0563322095309986,0.0647552340638403,0.0935992773841409
2023-05-24 21:00:00,0.0397940566337186,0.0381106558968039,0.0799921914642932
2023-05-24 22:00:00,0.0614720466090183,0.0723174506542729,0.0002551842359156
2023-05-24 23:00:00,0.0484942914613711,0.0647572910084443,0.0258961857533922
2023-05-25 00:00:00,0.0477353404549991,0.0585568418689802,0.0339712333055882
2023-05-25 01:00:00,0.0776865435581581,0.0535213012321322,0.0304510667433146
2023-05-25 02:00:00,0.0904607305339738,0.0508531635882807,0.0184447664061402
2023-05-25 03:00:00,0.0750314020643047,0.0519281742619533,0.0089282677843679
2023-05-25 04:00:00,0.0723329478619145,0.0497502672906015,0.0135334118518954
2023-05-25 05:00:00,0.044523598711475,0.0338430957856521,0.0012250819237403
2023-05-25 06:00:00,0.0543153285980224,0.0043908980936785,0.0005478925175136
2023-05-25 07:00:00,0.0556169304193234,0.0234713001188889,0.0087708581506816
2023-05-25 08:00:00,0.0203922601307139,0.0295755582697251,0.0488848838151669
2023-05-25 09:00:00,0.0009509025056377,0.0331313123110852,0.0624465708639107
2023-05-25 10:00:00,0.000208842208962,0.0009291869362974,0.0272514586355171
2023-05-25 11:00:00,0.0004931649351431,0.0014208952585856,0.0641655454448625
2023-05-25 12:00:00,0.0011118031015583,0.0063227220298418,0.0907819177590164
2023-05-25 13:00:00,0.0658145839092778,0.0012972830167782,0.1110031207402547
2023-05-25 14:00:00,0.1385765800289079,0.0006244283875608,0.1317458176145366
2023-05-25 15:00:00,0.0558732303918576,0.0002435593823202,0.1499956028134215
2023-05-25 16:00:00,0.0288883358045341,0.0010340131965338,0.1614800153994092
2023-05-25 17:00:00,0.058290677912095,0.0111187166637844,0.1427633855857101
2023-05-25 18:00:00,0.0874878378475413,0.0049221683171839,0.1546751284131816
2023-05-25 19:00:00,0.1022210425021601,0.0013560364448946,0.1629728312585868
2023-05-25 20:00:00,0.1245132497712677,0.0005419604918536,0.1751921161327486
2023-05-25 21:00:00,0.1243578218946269,0.0009028148027806,0.1725505317737853
2023-05-25 22:00:00,0.0994755123175826,0.0452682695357628,0.1394869883855184
2023-05-25 23:00:00,0.081715934416827,0.0445312810879127,0.1279477395263372
2023-05-26 00:00:00,0.0836515426635742,0.0307583279079861,0.1230478520486869
2023-05-26 01:00:00,0.0961990917430204,0.0335339140268712,0.1088410849664725
2023-05-26 02:00:00,0.0943063520917705,0.0347743579764771,0.1506960275126438
2023-05-26 03:00:00,0.0833071914373659,0.0318562411794475,0.1398007893094829
2023-05-26 04:00:00,0.1039086603650859,0.0335099969814026,0.07553123960308
2023-05-26 05:00:00,0.0873106133704092,0.0313624677315256,0.0013716485765245
2023-05-26 06:00:00,0.1227455513150084,0.0272476174472983,0.0010467452161452
2023-05-26 07:00:00,0.0933502935895732,0.0226276283170662,0.0023835948090148
2023-05-26 08:00:00,0.0656347415026496,0.0107248480023901,0.0217958190082724
2023-05-26 09:00:00,0.0448706726622737,0.0320561863238515,0.01154233193865
2023-05-26 10:00:00,0.0014341504745234,0.0015099749845616,0.0010283398472405
2023-05-26 11:00:00,0.0008802748973073,0.0147673257815292,0.0018021405911913
2023-05-26 12:00:00,0.0007915761735704,0.04967869496813,0.0170336833187178
2023-05-26 13:00:00,0.0012275927207049,0.0296477613106272,0.0382168082629933
2023-05-26 14:00:00,0.001382101984585,0.0430828706890928,0.1035231936211679
2023-05-26 15:00:00,0.0003277990553114,0.0424624397084603,0.1623443178102082
2023-05-26 16:00:00,0.0552748698814242,0.0182766918263404,0.1460168875899969
2023-05-26 17:00:00,0.0269625899838466,0.0311198063146055,0.1172240224539064
2023-05-26 18:00:00,0.0298869204677008,0.0323235669167213,0.1118598849165673
2023-05-26 19:00:00,0.0848997340482824,0.0137078243922563,0.1168237246719061
2023-05-26 20:00:00,0.061263500475416,0.0016076327149384,0.1441228623483695
2023-05-26 21:00:00,0.0390714274512396,0.0042725556037005,0.1736135607451395
2023-05-26 22:00:00,0.0384557414678187,0.0491923210667628,0.2556911574469672
2023-05-26 23:00:00,0.0559171975827684,0.0370112852333417,0.2904682284087138
2023-05-27 00:00:00,0.0630484141555487,0.0174982185457267,0.3152367616790572
2023-05-27 01:00:00,0.0773068970324946,0.0297795479593713,0.3122843231251037
2023-05-27 02:00:00,0.0938444277819465,0.0670549916286094,0.2980150334975299
2023-05-27 03:00:00,0.0699926591386982,0.0706435418596454,0.2614092016531751
2023-05-27 04:00:00,0.0475041687098983,0.0558908780415852,0.2152389139910928
2023-05-27 05:00:00,0.0375166161387574,0.0232973394830242,0.2300058501997804
2023-05-27 06:00:00,0.0274596623345917,0.0104242411314272,0.2451418739518309
2023-05-27 07:00:00,0.0027409382894927,0.0015008079460243,0.2687825439802182
2023-05-27 08:00:00,0.001377461392895,0.0010465184847513,0.2715026475245656
2023-05-27 09:00:00,0.0008433975425421,0.0007356494859932,0.2297584496292413
2023-05-27 10:00:00,0.0002819167243109,0.0014244380340077,0.2253776001774407
2023-05-27 11:00:00,0.0012869990729039,0.0326193610047982,0.2533882832994648
2023-05-27 12:00:00,0.0199213417526943,0.0527422802121031,0.3266026833478142
2023-05-27 13:00:00,0.0268896413005255,0.2014185899223377,0.4194570662928563
2023-05-27 14:00:00,0.0232984579466526,0.4049976464190514,0.4278986002105513
2023-05-27 15:00:00,0.0316569061061136,0.2448662870070513,0.4469516869463952
2023-05-27 16:00:00,0.0250295797983805,0.1571316812552657,0.5662216781790739
2023-05-27 17:00:00,0.0988215441797293,0.157323117349662,0.5159330523871128
2023-05-27 18:00:00,0.1567744741252824,0.141413971489551,0.4565552247115989
2023-05-27 19:00:00,0.0700364627090154,0.1760911193548464,0.4071151524587394
2023-05-27 20:00:00,0.0755983006720449,0.2264078239989436,0.4087323581471163
2023-05-27 21:00:00,0.1160564025243123,0.231187309315002,0.3999270426681618
2023-05-27 22:00:00,0.1377530191458907,0.3026455399257685,0.3575299752303977
2023-05-27 23:00:00,0.1598821901807598,0.3252727969799166,0.3501151885861664
2023-05-28 00:00:00,0.2023723078709022,0.4402183224173153,0.3373158928615595
2023-05-28 01:00:00,0.241729783076866,0.4658969243367513,0.3421650930167803
2023-05-28 02:00:00,0.2348339510898964,0.4169064207014695,0.2917460896610434
2023-05-28 03:00:00,0.2072710523418351,0.3986327507916619,0.2301769225425969
2023-05-28 04:00:00,0.1864964510101119,0.3828117317623562,0.1428784225501266
2023-05-28 05:00:00,0.1113759302625469,0.3424565869998308,0.1421769810657875
2023-05-28 06:00:00,0.1196008803797703,0.2546521105797462,0.1257116186852548
2023-05-28 07:00:00,0.1402268573349597,0.1905134238448797,0.1369756343317967
2023-05-28 08:00:00,0.150029226845386,0.1633362442839379,0.1271261420904421
2023-05-28 09:00:00,0.1357868372225293,0.165488182329664,0.1175276905882592
2023-05-28 10:00:00,0.142056895237343,0.1706053112067428,0.0798476911058612
2023-05-28 11:00:00,0.1597932390138214,0.1790268249761045,0.0660060901267855
2023-05-28 12:00:00,0.1345052321751912,0.1828267153571633,0.0508157178467395
2023-05-28 13:00:00,0.1267003896189671,0.1576941387326109,0.0492634726505653
2023-05-28 14:00:00,0.1500835371952431,0.1254419953215356,0.0573535993987438
2023-05-28 15:00:00,0.0756237319871491,0.1398036994186102,0.0583904630997601
2023-05-28 16:00:00,0.18331748987335,0.1504353097840851,0.0516812474119897
2023-05-28 17:00:00,0.1598223751666499,0.1077018999585918,0.0594106842489803
2023-05-28 18:00:00,0.171060234892602,0.138710620356541,0.0947206861832562
2023-05-28 19:00:00,0.1757254662856557,0.2207576994802437,0.1363390216640397
2023-05-28 20:00:00,0.1652250453537585,0.260337171990887,0.157516692198959
2023-05-28 21:00:00,0.1989512755200753,0.2714101535822052,0.1474201562357883
2023-05-28 22:00:00,0.2492633613885617,0.3459208977767845,0.1226496228984758
2023-05-28 23:00:00,0.296931598700729,0.3878260874280743,0.1061324746001
2023-05-29 00:00:00,0.3250244411767697,0.4031768343807046,0.0898249710307401
2023-05-29 01:00:00,0.3706279424280902,0.3698767961240282,0.0707396806455126
2023-05-29 02:00:00,0.4155007312500399,0.3228501011343563,0.0635827055164412
2023-05-29 03:00:00,0.430272225460975,0.2859828643549501,0.0669234406714345
2023-05-29 04:00:00,0.3830192198161206,0.2418067034553079,0.0461772076444688
2023-05-29 05:00:00,0.2733404464971006,0.2051937876184002,0.001053807392619
2023-05-29 06:00:00,0.2338304332658356,0.1611440906337663,0.0005843132929085
2023-05-29 07:00:00,0.2301791135002585,0.1424256726807239,0.0004975663291083
2023-05-29 08:00:00,0.2706909273184982,0.1418503476124183,0.0007357780450309
2023-05-29 09:00:00,0.2247475518120659,0.1505289241379382,0.0007909107831568
2023-05-29 10:00:00,0.2477544429255467,0.1276140937618181,4.055725982765746e-05
2023-05-29 11:00:00,0.2748456936256558,0.1323546264685836,0.0
2023-05-29 12:00:00,0.2660665262758342,0.1181590440226536,0.0
2023-05-29 13:00:00,0.2513925577300826,0.1082110989327524,0.0
2023-05-29 14:00:00,0.2042241408154855,0.0825077879662607,0.0
2023-05-29 15:00:00,0.1543399048786537,0.0786999393911922,0.0
2023-05-29 16:00:00,0.2044312751371096,0.0741076235677681,0.0
2023-05-29 17:00:00,0.3153662494584626,0.0934562963597914,0.0011616711523018
2023-05-29 18:00:00,0.2308305977216733,0.1453876027873918,0.0296674078586054
2023-05-29 19:00:00,0.1624288161595662,0.1979405926723106,0.0593807416803696
2023-05-29 20:00:00,0.189265051698373,0.2088643522823558,0.0736128348930209
2023-05-29 21:00:00,0.2537898799173193,0.2099195056491428,0.0759904291115555
2023-05-29 22:00:00,0.4347024945651784,0.2467921980066237,0.0957665490169151
2023-05-29 23:00:00,0.4264494063807469,0.183089689491621,0.0816096979029038
2023-05-30 00:00:00,0.4191657920288884,0.1578757926529529,0.0834189910514681
2023-05-30 01:00:00,0.4202925114849813,0.1537449804006838,0.0838810789818857
2023-05-30 02:00:00,0.4735514229419185,0.1495901860442816,0.070962438396379
2023-05-30 03:00:00,0.489984922159731,0.1502904704972809,0.05707348094267
2023-05-30 04:00:00,0.4409363643795836,0.1665440961426379,0.0124868123359929
2023-05-30 05:00:00,0.3391252795076058,0.1493991005654428,0.0
2023-05-30 06:00:00,0.3595762922872905,0.1239000231611962,0.0
2023-05-30 07:00:00,0.3578735426360486,0.1112584740507836,0.0
2023-05-30 08:00:00,0.4371603454639709,0.126609720435797,0.0
2023-05-30 09:00:00,0.4937227489122378,0.1447955884185491,0.0
2023-05-30 10:00:00,0.3481936719682482,0.1258529167549283,0.0
2023-05-30 11:00:00,0.3423807106766046,0.1384141398411171,0.0
2023-05-30 12:00:00,0.324232646842408,0.1533706632314944,0.0001768824321771
2023-05-30 13:00:00,0.2985655030393912,0.1782845048343434,0.0109750449267867
2023-05-30 14:00:00,0.2556544441023683,0.1841051095451404,0.0753662866704604
2023-05-30 15:00:00,0.2244739781797322,0.1561042724871167,0.143210771037083
2023-05-30 16:00:00,0.1383847231958426,0.1114679668463912,0.1676575109070422
2023-05-30 17:00:00,0.096216973136453,0.0841577380311255,0.1523331216737335
2023-05-30 18:00:00,0.1029929577135572,0.0592629114786783,0.2195066034404281
2023-05-30 19:00:00,0.1180679891623702,0.0476504501953623,0.3378803511850195
2023-05-30 20:00:00,0.1243370303920671,0.0402819327279633,0.421570104711196
2023-05-30 21:00:00,0.1083352519016639,0.0208565355126374,0.373541930142571
2023-05-30 22:00:00,0.105414168507445,0.001089056332906,0.2207093799815458
2023-05-30 23:00:00,0.1295972454781626,0.0,0.1712738649517882
2023-05-31 00:00:00,0.1770799518410676,0.0,0.1642982632506127
2023-05-31 01:00:00,0.2350882798238517,0.0,0.1786953390034195
2023-05-31 02:00:00,0.280265945235109,0.0005608582808301,0.2722607188754611
2023-05-31 03:00:00,0.2755337727615257,0.0014073470838708,0.2973878087561115
2023-05-31 04:00:00,0.2496264682096593,0.0131505470649868,0.2162964951758291
2023-05-31 05:00:00,0.1443694853315166,0.0078514019648234,0.1305674337873272
2023-05-31 06:00:00,0.1291982800352807,0.0152337929002599,0.0911614006640864
2023-05-31 07:00:00,0.1046614670285991,0.0215197166586233,0.0934777774062811
2023-05-31 08:00:00,0.1572766607882929,0.0510774172988592,0.1103854062510471
2023-05-31 09:00:00,0.1821298723906473,0.0849925536735385,0.0878587189842672
2023-05-31 10:00:00,0.2526185465793983,0.0888694267646939,0.0711658655428418
2023-05-31 11:00:00,0.2665639328800775,0.2048513468574075,0.0584150295631558
2023-05-31 12:00:00,0.2499041868970285,0.2776277361352459,0.0542536903830135
2023-05-31 13:00:00,0.1831169284247105,0.248673460841958,0.0621012612885119
2023-05-31 14:00:00,0.1390949300691193,0.1933781305948893,0.0822420213736739
2023-05-31 15:00:00,0.0873406026877609,0.1609921689127005,0.0977280093174354
2023-05-31 16:00:00,0.082172950108846,0.1670605177972831,0.0985498171226651
2023-05-31 17:00:00,0.1315207574881759,0.2322284287097407,0.0739683824426987
2023-05-31 18:00:00,0.2702298787684222,0.3266601032680935,0.0566456598394057
2023-05-31 19:00:00,0.3664728348551233,0.3782213606865577,0.0191086705993203
2023-05-31 20:00:00,0.3734419579599418,0.3266473595612968,0.0005569812519098
2023-05-31 21:00:00,0.3169463958615571,0.2404454673816955,0.0003855524499431
2023-05-31 22:00:00,0.194060998804429,0.1456562794891058,0.0223883335886437
2023-05-31 23:00:00,0.1754796053069869,0.0937948507421156,0.0919640064239502
2023-06-01 00:00:00,0.2036916788886575,0.0670436316845463,0.1405826269411573
2023-06-01 01:00:00,0.2233594913108676,0.0511818072375129,0.1425380099053476
2023-06-01 02:00:00,0.2005471217086891,0.0449506032700632,0.1258305474823596
2023-06-01 03:00:00,0.1835288284650815,0.0383834706412421,0.1085566305646709
2023-06-01 04:00:00,0.1419443827049405,0.0016300740584828,0.0780256589253743
2023-06-01 05:00:00,0.0814851826312495,6.400292215783612e-06,0.0345484057283089
2023-06-01 06:00:00,0.0612804235196581,0.0,0.0439412406846588
2023-06-01 07:00:00,0.0348092563012067,0.0,0.0709050543168011
2023-06-01 08:00:00,0.0230991793613807,0.0,0.085526143803316
2023-06-01 09:00:00,0.0057957448990516,0.0,0.0772538372114592
2023-06-01 10:00:00,0.0010831469024708,0.0,0.0452459115608065
2023-06-01 11:00:00,0.0009953461441339,0.0,0.0585365996641271
2023-06-01 12:00:00,0.0007728291492836,0.0,0.0711706806631649
2023-06-01 13:00:00,0.0005816797804988,0.0,0.082785498862173
2023-06-01 14:00:00,0.0001598674487444,0.0,0.0914098000993915
2023-06-01 15:00:00,0.0,0.0,0.1012751167895747
2023-06-01 16:00:00,0.0,0.0,0.0979702846676695
2023-06-01 17:00:00,0.0,0.0011162216367285,0.0746470339158002
2023-06-01 18:00:00,8.920127270268459e-05,0.0408984660323149,0.0735033025928572
2023-06-01 19:00:00,0.0398262096386329,0.0767216261695413,0.0675857067108154
2023-06-01 20:00:00,0.1024198064617082,0.0974060974869073,0.0616416276669969
2023-06-01 21:00:00,0.1533820582371132,0.1383026440938314,0.0629144790125828
2023-06-01 22:00:00,0.1262639784345439,0.1643323080212462,0.0914652207318474
2023-06-01 23:00:00,0.1144168891158758,0.2226732478422277,0.1321113693947885
2023-06-02 00:00:00,0.1104190302830116,0.2448014465032839,0.1813384629542531
2023-06-02 01:00:00,0.0908655746310365,0.2575120209089291,0.22670230055167
2023-06-02 02:00:00,0.0492805826897714,0.2266350322299533,0.22407030903436
2023-06-02 03:00:00,0.0185687689999349,0.1689601879493863,0.2286120458366045
2023-06-02 04:00:00,0.0012522483962813,0.122772127974267,0.187443359225404
2023-06-02 05:00:00,0.0,0.0789253150715547,0.0928326214061063
2023-06-02 06:00:00,0.0,0.0564417184567919,0.111771775226967
2023-06-02 07:00:00,0.0121590573024126,0.0290769155508552,0.1937524290645823
2023-06-02 08:00:00,0.0583255524728812,0.0259425285594915,0.3230083721135956
2023-06-02 09:00:00,0.0942564010620117,0.0445708227313421,0.3621741042417639
2023-06-02 10:00:00,0.1709056484932993,0.0550413599201277,0.4131379454743628
2023-06-02 11:00:00,0.231770696203693,0.0660393284816368,0.3542378509745878
2023-06-02 12:00:00,0.2462992325327754,0.0722078949797387,0.3684672249688042
2023-06-02 13:00:00,0.2402491102031633,0.0848735547533222,0.4435061987708596
2023-06-02 14:00:00,0.2764678313062082,0.0972945549908806,0.4190809072232714
2023-06-02 15:00:00,0.3136689927842882,0.1063450528126137,0.2982003299239414
2023-06-02 16:00:00,0.2611920007693222,0.1090367284475588,0.2409052724152608
2023-06-02 17:00:00,0.236469234516418,0.127915763387493,0.2628464106640784
2023-06-02 18:00:00,0.2008192149642246,0.1858838710909575,0.5090500248803033
2023-06-02 19:00:00,0.2195640420602038,0.2064696947733561,0.7168412676044539
2023-06-02 20:00:00,0.2474996404710158,0.1027267703823014,0.587397439807069
2023-06-02 21:00:00,0.2688814923654194,0.0487559441647498,0.5029121255562976
2023-06-02 22:00:00,0.2946935790816163,0.0556138917511584,0.4184545613581838
2023-06-02 23:00:00,0.2422920301848767,0.1126824640760234,0.4102268873476514
2023-06-03 00:00:00,0.2410697718850927,0.1692356315313601,0.4009335025463229
2023-06-03 01:00:00,0.2513026692508872,0.1696483060425403,0.4362561281989602
2023-06-03 02:00:00,0.1971280434552361,0.1348779014512604,0.4187288440130894
2023-06-03 03:00:00,0.1334533153795728,0.1465194949916765,0.3366264143800423
2023-06-03 04:00:00,0.0741564292533724,0.1750162473691055,0.2645314939660964
2023-06-03 05:00:00,0.0394871908854814,0.3244977012958402,0.1751016355028339
2023-06-03 06:00:00,0.0014123628342073,0.5582677305134294,0.1606533340379303
2023-06-03 07:00:00,0.0002896637698404,0.6223874621921115,0.2782642981585334
2023-06-03 08:00:00,0.0206797165808334,0.5511343557071062,0.3083151711357964
2023-06-03 09:00:00,0.0957520335328345,0.5076353923947203,0.3211732050951789
2023-06-03 10:00:00,0.3093294676612405,0.570760544608621,0.337566958533393
2023-06-03 11:00:00,0.4838118989483204,0.5246966414981418,0.3558328650356118
2023-06-03 12:00:00,0.5125812299890455,0.5004595463571985,0.313544265585008
2023-06-03 13:00:00,0.554912682452233,0.515936457253749,0.2740329075482935
2023-06-03 14:00:00,0.5917422288383534,0.5587141264497844,0.2316396532495037
2023-06-03 15:00:00,0.5379892408458236,0.6478543749042586,0.1873195997250625
2023-06-03 16:00:00,0.4975564495410794,0.6289434432983398,0.1487479373520495
2023-06-03 17:00:00,0.5252387321073245,0.5147646455203786,0.1185798528147678
2023-06-03 18:00:00,0.5902971317565519,0.4975962327196707,0.1003240370282939
2023-06-03 19:00:00,0.612667643166835,0.5173376494762945,0.0987937403660194
2023-06-03 20:00:00,0.5786426316678913,0.4750610332863003,0.0691973461824305
2023-06-03 21:00:00,0.51097377452975,0.3735927584903692,0.0224535434074651
2023-06-03 22:00:00,0.6746907701679304,0.2717698259291306,0.0132337087899251
2023-06-03 23:00:00,0.6122664065142862,0.2251952177558849,0.0020896987198225
2023-06-04 00:00:00,0.5653168796713834,0.2034609769684037,0.0014205228269489
2023-06-04 01:00:00,0.5444846511666291,0.1544988389108695,0.0014430206585553
2023-06-04 02:00:00,0.5209281709459093,0.1073930777755438,0.0096957823809455
2023-06-04 03:00:00,0.4977068012835933,0.0873866969463872,0.0269137052149554
2023-06-04 04:00:00,0.3920835840935801,0.071196345721974,0.0166061816651836
2023-06-04 05:00:00,0.4459424439598533,0.0572175138136919,0.000742443246779
2023-06-04 06:00:00,0.5121325044070973,0.0550821715710209,0.0008463906306846
2023-06-04 07:00:00,0.4932863883722841,0.0701279499951531,0.0003867219476138
2023-06-04 08:00:00,0.3673771985995224,0.0596789051504696,0.0
2023-06-04 09:00:00,0.2808483846826491,0.0388015839788648,0.0
2023-06-04 10:00:00,0.2580802487392051,0.0011434574532353,0.0
2023-06-04 11:00:00,0.197690941929038,0.0009867280137305,0.0
2023-06-04 12:00:00,0.152967139786365,0.0009532563047471,0.0
2023-06-04 13:00:00,0.1156531245100732,0.0008456929057252,0.0
2023-06-04 14:00:00,0.0924045899335075,0.0008454237108916,0.0
2023-06-04 15:00:00,0.0839392577900606,0.000888242830638,0.0
2023-06-04 16:00:00,0.0608380401835722,0.0010415510414472,0.0
2023-06-04 17:00:00,0.0442129934535307,0.0013905658441431,0.0
2023-06-04 18:00:00,0.0563241687475466,0.001424193771836,0.0412979834999134
2023-06-04 19:00:00,0.0753766181422214,0.0009827239840638,0.1018770886402504
2023-06-04 20:00:00,0.090262258754057,0.0002166527548646,0.1232736484677183
2023-06-04 21:00:00,0.1031771010043574,0.0,0.1389269501555199
2023-06-04 22:00:00,0.1072433298709345,0.0,0.1111585486168954
2023-06-04 23:00:00,0.1234230106952143,0.0,0.1218267632465736
2023-06-05 00:00:00,0.1215984774570839,0.0,0.0846627413057813
2023-06-05 01:00:00,0.1110221591650271,0.0,0.0527753315719903
2023-06-05 02:00:00,0.096214355206957,0.0,0.0296405308386858
2023-06-05 03:00:00,0.1137384830736646,0.0,0.0135667737013374
2023-06-05 04:00:00,0.0972582545934938,0.0,0.0006221867854299
2023-06-05 05:00:00,0.0471278904310238,0.0,0.0
2023-06-05 06:00:00,0.0331513429778853,0.0,0.0
2023-06-05 07:00:00,0.0565651818817737,0.0,0.0
2023-06-05 08:00:00,0.0562535080255246,2.520419413747352e-05,0.0003217848297817
2023-06-05 09:00:00,0.0444758211085998,0.0,0.0005241032519371
2023-06-05 10:00:00,0.0012409722103792,0.0,0.0
2023-06-05 11:00:00,0.0010945228190203,0.0,0.0
2023-06-05 12:00:00,0.0008890278199139,0.0,0.0
2023-06-05 13:00:00,0.0005439434176176,0.0,0.0001032722541709
2023-06-05 14:00:00,0.0004450616493723,0.0,0.0005477666854858
2023-06-05 15:00:00,0.0,0.0,0.0010711667584437
2023-06-05 16:00:00,0.0,0.0,0.0014502472347683
2023-06-05 17:00:00,0.0001383945832844,0.0,0.0212283851274477
2023-06-05 18:00:00,0.0470958729974584,0.0,0.0670592457640404
2023-06-05 19:00:00,0.0891733169555664,0.0,0.1235120670468199
2023-06-05 20:00:00,0.0990263737884222,7.586775262371388e-05,0.1335684224671008
2023-06-05 21:00:00,0.0536101939631443,0.0014765648280873,0.1164899737227196
2023-06-05 22:00:00,0.0006532782043506,0.0272032630209829,0.0786758404152066
2023-06-05 23:00:00,0.0,0.0223317325504776,0.0669020998711679
2023-06-06 00:00:00,0.0,0.0387154283866383,0.0676948182723101
2023-06-06 01:00:00,0.0,0.080803492489983,0.0643839555628159
2023-06-06 02:00:00,0.0,0.1063321501600976,0.0497932060092103
2023-06-06 03:00:00,0.0,0.1088533214494293,0.0277893153670566
2023-06-06 04:00:00,0.0,0.0847772990956026,0.0047276573243483
2023-06-06 05:00:00,0.0,0.0475883811127905,0.0001707899025063
2023-06-06 06:00:00,0.0,0.006779687856537,0.0002952264804466
2023-06-06 07:00:00,0.0,0.0008813672595553,0.0002712311308368
2023-06-06 08:00:00,0.0,0.0001420834485222,0.0003476953194811
2023-06-06 09:00:00,0.0,0.0,0.0001898528703677
2023-06-06 10:00:00,0.0,0.0,0.0005221624000399
2023-06-06 11:00:00,0.0004129055278753,0.0,0.0
2023-06-06 12:00:00,0.001340844272788,0.0,0.0
2023-06-06 13:00:00,0.0324179245755563,0.0,0.0
2023-06-06 14:00:00,0.0472906099425421,0.0,0.0
2023-06-06 15:00:00,0.0341285525583753,0.0,0.0
2023-06-06 16:00:00,0.0364908720153609,0.0,0.0001112678471733
2023-06-06 17:00:00,0.0766557338191013,0.0004420919356003,0.0011569693976757
2023-06-06 18:00:00,0.1307628668990789,0.0014226763856177,0.0354734203394721
2023-06-06 19:00:00,0.1377555435779048,0.0166363914807637,0.0875003665101294
2023-06-06 20:00:00,0.1252194596271889,0.0429996976665422,0.1193831130570056
2023-06-06 21:00:00,0.0897714904710358,0.0711588999804328,0.131803318565967
2023-06-06 22:00:00,0.0659348450455011,0.0904840347813625,0.0976712329714906
2023-06-06 23:00:00,0.0466909326759039,0.090956033444872,0.0847403909645828
2023-06-07 00:00:00,0.0278277159516328,0.0845159035102993,0.0904691920560949
2023-06-07 01:00:00,0.0016184947849099,0.0648052318423402,0.0926355053396786
2023-06-07 02:00:00,0.0095392878538642,0.0146298677313561,0.0753495973699233
2023-06-07 03:00:00,0.0509514761906044,0.0008277374934526,0.0543274832706825
2023-06-07 04:00:00,0.0611586897980933,0.0002661853833915,0.0439750431409848
2023-06-07 05:00:00,0.0051984401310191,0.0002139495089163,0.0332596192952075
2023-06-07 06:00:00,0.0012142221912059,0.0,0.070039664997774
2023-06-07 07:00:00,0.0013636062347811,0.0,0.0785584075778138
2023-06-07 08:00:00,0.0048199362225002,0.0,0.0700902705099068
2023-06-07 09:00:00,0.042161821539885,0.0,0.0782956095302806
2023-06-07 10:00:00,0.0606612130707385,0.0,0.016373880158842
2023-06-07 11:00:00,0.0827887946484135,0.0,0.0190658300530676
2023-06-07 12:00:00,0.0830335710562911,0.0,0.0059970231617198
2023-06-07 13:00:00,0.0625406059564328,0.0,0.001470554498286
2023-06-07 14:00:00,0.0461317460521373,0.0,0.0026142355663324
2023-06-07 15:00:00,0.0298353694622812,0.0,0.0009540884323369
2023-06-07 16:00:00,0.0183305023542416,0.0,0.0
2023-06-07 17:00:00,0.0119802160979875,0.0,0.000485953552271
2023-06-07 18:00:00,0.0015638622583127,9.97314266130036e-05,0.0113159164883732
2023-06-07 19:00:00,0.0012431752447988,0.0003748929578494,0.0642906450757793
2023-06-07 20:00:00,5.631002725339404e-05,0.0005456232557109,0.1229303607753678
2023-06-07 21:00:00,0.0,0.0001854105712541,0.1611978750602871
2023-06-07 22:00:00,0.0,0.0011015456486371,0.1310575242136039
2023-06-07 23:00:00,0.0,0.001298752485537,0.1494905761643952
2023-06-08 00:00:00,0.0,0.0114427321876575,0.1784209955751506
2023-06-08 01:00:00,0.0010212839039322,0.029704407539243,0.2078322927936229
2023-06-08 02:00:00,0.0258796121559891,0.0282028531716539,0.1972724098006105
2023-06-08 03:00:00,0.0527854526744169,0.0332790624861623,0.2034103480819004
2023-06-08 04:00:00,0.0534228483835856,0.0414263356744853,0.1888215900246614
2023-06-08 05:00:00,0.0254055982321695,0.0446195380360472,0.1845665726007199
2023-06-08 06:00:00,0.0587701096254236,0.0448039489633896,0.1685901833515541
2023-06-08 07:00:00,0.0819727018767712,0.0362581186045229,0.1542078630596983
2023-06-08 08:00:00,0.0677204365823783,0.0137135635793598,0.135194507299685
2023-06-08 09:00:00,0.0765866158055324,0.0136636733229643,0.128440214138405
2023-06-08 10:00:00,0.0874103985580743,0.0260744055891348,0.1357780017104803
2023-06-08 11:00:00,0.0399635095222323,0.0216365226733139,0.110213043642979
2023-06-08 12:00:00,0.017911756350324,0.0274762585272196,0.0942450878666896
2023-06-08 13:00:00,0.001160216487311,0.0344491110128514,0.088588420082541
2023-06-08 14:00:00,0.0,0.0329876292764751,0.0731995058994667
2023-06-08 15:00:00,0.0,0.0284641217562108,0.060286895901549
2023-06-08 16:00:00,0.0,0.031262201421401,0.0634735004574644
2023-06-08 17:00:00,0.0,0.0517907329634124,0.0711195842892515
2023-06-08 18:00:00,0.0,0.0781778962004418,0.1002645726297415
2023-06-08 19:00:00,0.0028614499210532,0.0922682004816392,0.1372284632103116
2023-06-08 20:00:00,0.0645941145279828,0.0814430620156082,0.1528252807317995
2023-06-08 21:00:00,0.0966253935122022,0.0604599129919912,0.1531233390172322
2023-06-08 22:00:00,0.0633869685378729,0.0118037473921682,0.144124475179934
2023-06-08 23:00:00,0.0489826420553369,0.0007143562136132,0.1446682448480643
2023-06-09 00:00:00,0.0492079818949979,0.0,0.1320468911937639
2023-06-09 01:00:00,0.0788029502419864,0.0,0.1143158066506479
2023-06-09 02:00:00,0.1576089391521379,0.0,0.1242425044377644
2023-06-09 03:00:00,0.2325814097535376,0.0,0.1291900405696794
2023-06-09 04:00:00,0.2130765572092891,0.0003439160733441,0.0865696458255543
2023-06-09 05:00:00,0.1043285575567507,0.0005796797135296,0.0500776253494561
2023-06-09 06:00:00,0.0963201943565817,0.0012352867843278,0.0253312034544601
2023-06-09 07:00:00,0.1046987374623616,0.025520438462301,0.0112458825890534
2023-06-09 08:00:00,0.1382674072303024,0.0780718233071121,0.0147201243568869
2023-06-09 09:00:00,0.1294880988551121,0.1031531890233357,0.0233673507871191
2023-06-09 10:00:00,0.0775777358634799,0.0646724887922698,0.0798977823818431
2023-06-09 11:00:00,0.0824794114804735,0.0623681498508827,0.0835446750416475
2023-06-09 12:00:00,0.071868242002001,0.0504937592674704,0.070660628524481
2023-06-09 13:00:00,0.0565058343550738,0.0408965567358179,0.0471795996030171
2023-06-09 14:00:00,0.0479337152312783,0.0465727709477243,0.025171421322168
2023-06-09 15:00:00,0.0483146820193022,0.0221828526141596,0.0175840691024181
2023-06-09 16:00:00,0.0511879079482134,0.0012396270153569,0.0282212569822672
2023-06-09 17:00:00,0.0625949513678457,0.0007660973305795,0.0166998162768245
2023-06-09 18:00:00,0.0979723416122735,0.0013427983701618,0.0919097545100193
2023-06-09 19:00:00,0.1533575852711995,0.0249101075471616,0.1303144296010335
2023-06-09 20:00:00,0.1748280026554282,0.0532894274767707,0.1433967375287822
2023-06-09 21:00:00,0.154043108809228,0.0756239189821131,0.1461183907938938
2023-06-09 22:00:00,0.1083883701586255,0.0844869660396201,0.2386526718638301
2023-06-09 23:00:00,0.1958613146364299,0.0882784058065975,0.2304703924391004
2023-06-10 00:00:00,0.2847985629162757,0.076828447042727,0.2212806869955624
2023-06-10 01:00:00,0.2980246278974745,0.040605134823743,0.234112356223312
2023-06-10 02:00:00,0.3155257655125038,0.0101580128950231,0.2535858247794357
2023-06-10 03:00:00,0.3049131140989415,0.0009011871674481,0.2097668491936976
2023-06-10 04:00:00,0.2811608626172434,0.0003952754089255,0.1779425377939261
2023-06-10 05:00:00,0.1788337246265286,0.0004366838854122,0.097130209791894
2023-06-10 06:00:00,0.1881467158498327,0.0014365046632056,0.103838186638028
2023-06-10 07:00:00,0.199228520486869,0.029108639246498,0.1363921048594456
2023-06-10 08:00:00,0.1854491140328201,0.0647994817471971,0.2244528976141238
2023-06-10 09:00:00,0.1643584288802801,0.0997574422873702,0.2247978846232096
2023-06-10 10:00:00,0.1431245546714932,0.0506757287418141,0.1556802730934292
2023-06-10 11:00:00,0.1389018811431585,0.0570499429515763,0.2510022119758955
2023-06-10 12:00:00,0.1651346216014787,0.0807954750809015,0.193849245707194
2023-06-10 13:00:00,0.2496563126059139,0.0826903651742374,0.2220382846258824
2023-06-10 14:00:00,0.1651227357340794,0.0843941230399935,0.5757251985711989
2023-06-10 15:00:00,0.0762162489049574,0.1148718829248465,0.80721461539175
2023-06-10 16:00:00,0.0594505375506831,0.1573081811269124,0.6436090095370424
2023-06-10 17:00:00,0.0870887204712512,0.2777121768278234,0.4504732368818295
2023-06-10 18:00:00,0.1278823847864188,0.3800928545933144,0.5177259834763271
2023-06-10 19:00:00,0.0578205959469664,0.5524615368811913,0.5849873318391687
2023-06-10 20:00:00,0.0011584314645505,0.6432813102123783,0.6584243961409026
2023-06-10 21:00:00,0.0,0.6383650349635703,0.6480507196164598
2023-06-10 22:00:00,0.0,0.6224415816512762,0.5036070767570945
2023-06-10 23:00:00,0.0009798045251883,0.7613168791228649,0.4632457876517102
2023-06-11 00:00:00,0.0955803955302519,0.851294012630687,0.4622126794328877
2023-06-11 01:00:00,0.2777712734696133,0.8606666926465003,0.5462775822558434
2023-06-11 02:00:00,0.3877782619077395,0.8623623754463944,0.6780596527398801
2023-06-11 03:00:00,0.4479797525343552,0.8453524907430013,0.7459768594480028
2023-06-11 04:00:00,0.5504266810573004,0.8052666795020009,0.724052812538895
2023-06-11 05:00:00,0.7223658187716615,0.7338492356094659,0.6809437602174048
2023-06-11 06:00:00,0.8563600988949046,0.6729619549769981,0.6011177979263604
2023-06-11 07:00:00,0.8788448907191457,0.6065474849900389,0.59217966459935
2023-06-11 08:00:00,0.7510651326646992,0.575155152214898,0.6306973080229914
2023-06-11 09:00:00,0.7761536673003552,0.5893441275054333,0.7568264755548215
2023-06-11 10:00:00,0.649879866955327,0.8240124945547067,0.8768438950083615
2023-06-11 11:00:00,0.6665312729629815,0.9664403254689734,0.8593457228218029
2023-06-11 12:00:00,0.5917393615822386,0.8075939533757228,0.8379266589295631
2023-06-11 13:00:00,0.6032589214300018,0.8809454861809226,0.7562814226337508
2023-06-11 14:00:00,0.7249129987230487,0.9753574639364004,0.6942712465922037
2023-06-11 15:00:00,0.5976403538697685,0.8788094801061294,0.7169922566881366
2023-06-11 16:00:00,0.4267658018598369,0.7536329288108676,0.6548876388400209
2023-06-11 17:00:00,0.4557932513991212,0.6995825674019608,0.5860836988960216
2023-06-11 18:00:00,0.535167860828973,0.6914495767331591,0.6894833807851753
2023-06-11 19:00:00,0.658536901660994,0.6284470495834849,0.6273617931440765
2023-06-11 20:00:00,0.6980605031929764,0.5265644796533522,0.5701577040105084
2023-06-11 21:00:00,0.6986740804186053,0.4602283589980181,0.4490738803265142
2023-06-11 22:00:00,0.7522685294057808,0.3289716944975011,0.282408346537671
2023-06-11 23:00:00,0.7578635683246687,0.3739451878990223,0.3404373686298046
2023-06-12 00:00:00,0.73883383881812,0.5040204992481306,0.4034118605595009
2023-06-12 01:00:00,0.6811108495674881,0.5720974027720931,0.5320667441374336
2023-06-12 02:00:00,0.7514519317477357,0.5803163924248389,0.468239114175435
2023-06-12 03:00:00,0.6363368423935634,0.5803318039264553,0.4467900469412211
2023-06-12 04:00:00,0.6073895622702206,0.6661466336717792,0.4421830504548316
2023-06-12 05:00:00,0.6102238449395871,0.6948359339844946,0.5371623958637511
2023-06-12 06:00:00,0.7194632548911899,0.7093846844691856,0.5211480536492042
2023-06-12 07:00:00,0.7168041584538478,0.7651483498367608,0.4698440607856302
2023-06-12 08:00:00,0.7243351562350404,0.8178388277689616,0.4098102999668495
2023-06-12 09:00:00,0.6915581553590063,0.8720851349674799,0.3633966944576089
2023-06-12 10:00:00,0.730619561438467,0.9651011174021203,0.4769009156943926
2023-06-12 11:00:00,0.844309239605673,0.9169070362265592,0.418936698265325
2023-06-12 12:00:00,0.7097098313125909,0.9189355077307207,0.3672242741179622
2023-06-12 13:00:00,0.7326574232064041,0.8883206049601237,0.4713196224636501
2023-06-12 14:00:00,0.7002157790988099,0.7761493477166868,0.3736712714425879
2023-06-12 15:00:00,0.7197829040826536,0.7338193912132114,0.2750407480726055
2023-06-12 16:00:00,0.7895276873719459,0.7505524766211416,0.2417842017279731
2023-06-12 17:00:00,0.7611079683490828,0.6575011833041322,0.2560288017871333
2023-06-12 18:00:00,0.7274652836369533,0.50423124257256,0.2541750739602482
2023-06-12 19:00:00,0.6409224248399921,0.4799350102742513,0.2543965383292803
2023-06-12 20:00:00,0.5334182969884935,0.4219051763123157,0.2447699440850151
2023-06-12 21:00:00,0.4444204498739803,0.3992177162295073,0.2003227558011323
2023-06-12 22:00:00,0.8433969722074621,0.289156377705094,0.1499974260143205
2023-06-12 23:00:00,0.8250010901806402,0.2392448225831673,0.1219814548305436
2023-06-13 00:00:00,0.6134244195776047,0.1919367765289506,0.1414061177010629
2023-06-13 01:00:00,0.6858547341589833,0.1811729568281984,0.2053125730526993
2023-06-13 02:00:00,0.607903517928778,0.167507342263764,0.2578745355793074
2023-06-13 03:00:00,0.4943356249067518,0.2183802143421048,0.2618485182718514
2023-06-13 04:00:00,0.4287568229475832,0.2541516840068343,0.2465633317535998
2023-06-13 05:00:00,0.4028079260408489,0.2457320113587223,0.2698019906586292
2023-06-13 06:00:00,0.3440878547095006,0.200159499847811,0.2449670710594825
2023-06-13 07:00:00,0.2531600091971603,0.1676182770261577,0.1346707928414438
2023-06-13 08:00:00,0.1940220352870966,0.1081393980512432,0.0940625574074539
2023-06-13 09:00:00,0.1856683282291188,0.0837060984443215,0.0979834911870021
2023-06-13 10:00:00,0.2172075190575294,0.0892731956407135,0.1489319754581825
2023-06-13 11:00:00,0.1673754056294759,0.094539441314398,0.1278829808328666
2023-06-13 12:00:00,0.1195576144199745,0.098424752553304,0.1232568890440697
2023-06-13 13:00:00,0.0827266655716241,0.0917554836647183,0.0927603946012609
2023-06-13 14:00:00,0.0354470856049481,0.0905753350725361,0.0920370980805041
2023-06-13 15:00:00,0.0053366777164484,0.0874700032028497,0.0891768464855119
2023-06-13 16:00:00,0.0300979259746526,0.0905729275123745,0.0695539222044103
2023-06-13 17:00:00,0.0835004273582907,0.1192997717389873,0.0605467487783993
2023-06-13 18:00:00,0.1131999025157853,0.1372029734592811,0.0832816432504092
2023-06-13 19:00:00,0.1266182403938443,0.1533230145772298,0.1041661874920714
2023-06-13 20:00:00,0.139660543086482,0.1652459069794299,0.0957161538741167
2023-06-13 21:00:00,0.1543733886643952,0.1595383415035173,0.0778605189977907
2023-06-13 22:00:00,0.1709115388346653,0.0958855011883904,0.0747178816327861
2023-06-13 23:00:00,0.2043100026697894,0.0806852882983637,0.0395087128371195
2023-06-14 00:00:00,0.2111462642943937,0.088202439102472,0.0337982555620031
2023-06-14 01:00:00,0.2160668591268701,0.095292984270582,0.0352217321302376
2023-06-14 02:00:00,0.21084574780433,0.0956021570691875,0.0412677284938837
2023-06-14 03:00:00,0.2254505531460631,0.0990823670929553,0.0388659916672052
2023-06-14 04:00:00,0.2271291227901683,0.1020719607671101,0.0127547126190335
2023-06-14 05:00:00,0.1514329512914022,0.1087156347199982,0.0009824423228993
2023-06-14 06:00:00,0.1333322127660115,0.0912713770772896,0.0003141597205517
2023-06-14 07:00:00,0.1400735682132197,0.0768496475967706,0.0001773565423254
2023-06-14 08:00:00,0.1576176344179639,0.092478499693029,0.0
2023-06-14 09:00:00,0.0863990830440147,0.1290405731575162,0.0
2023-06-14 10:00:00,0.0098050980786092,0.0373899586060467,0.0
2023-06-14 11:00:00,0.0120804146224377,0.012680453412673,0.0
2023-06-14 12:00:00,0.0319882198876025,0.001140205299153,0.0
2023-06-14 13:00:00,0.0583177454331341,0.0011620673478818,0.0005987142425736
2023-06-14 14:00:00,0.042569428097968,0.0095520541558857,0.0006024050556756
2023-06-14 15:00:00,0.0407653688605314,0.0554387943417418,0.0012037228135501
2023-06-14 16:00:00,0.055555455824908,0.0908409380445293,0.0202389967207815
2023-06-14 17:00:00,0.0607283208884444,0.1194338120666204,0.052801207000134
2023-06-14 18:00:00,0.0742535731371711,0.1363897907967661,0.0555456152149275
2023-06-14 19:00:00,0.0780639461442536,0.1264133056004842,0.0537580836052988
2023-06-14 20:00:00,0.0718659045649509,0.0800114753199558,0.0484621384564568
2023-06-14 21:00:00,0.0746004020466524,0.0351322211471258,0.046890493701486
2023-06-14 22:00:00,0.0398161773588143,0.0013649089663636,0.0066112404555277
2023-06-14 23:00:00,0.0588966350929409,0.0159417690794452,0.001592484564563
2023-06-15 00:00:00,0.078060229619344,0.0512900071985581,0.0145598903200984
2023-06-15 01:00:00,0.0990706565333347,0.0858645813137877,0.031588645931942
2023-06-15 02:00:00,0.1369364705740236,0.1267753161636053,0.0325087234864827
2023-06-15 03:00:00,0.1427672774183984,0.1368449248519598,0.0135819576924143
2023-06-15 04:00:00,0.1300242952272003,0.1351730846891216,0.0012404439496059
2023-06-15 05:00:00,0.0647104253955915,0.1295742100360346,0.0004042363634296
2023-06-15 06:00:00,0.0489872853740368,0.1113206732506845,0.0
2023-06-15 07:00:00,0.0890522143420051,0.1142973292107675,0.0
2023-06-15 08:00:00,0.1497424583809048,0.129591285013685,0.0002670502351
2023-06-15 09:00:00,0.1034429026584999,0.1606117159712548,0.0011596484901079
2023-06-15 10:00:00,0.0395356915355507,0.1237286422766891,0.0012294685139375
2023-06-15 11:00:00,0.0479829050357045,0.1066778921613506,0.0005522409295724
2023-06-15 12:00:00,0.0305293930901421,0.0902965255812102,0.0004293540723962
2023-06-15 13:00:00,0.0011772232897141,0.0735838272992302,0.0003672865481158
2023-06-15 14:00:00,0.0,0.0569045777414359,0.0005725610489938
2023-06-15 15:00:00,0.0,0.0527364132451076,0.0008934584318422
2023-06-15 16:00:00,0.0,0.0657430583355473,0.0011379679823233
2023-06-15 17:00:00,0.0,0.0719801117392147,0.0141305697509665
2023-06-15 18:00:00,0.0,0.0933294202767166,0.0449460842250998
2023-06-15 19:00:00,0.0,0.1024452962127386,0.0543165674396589
2023-06-15 20:00:00,0.00064887057722,0.1172979672749837,0.0554595975314869
2023-06-15 21:00:00,0.019082437543308,0.0957224415797813,0.0544639428456624
2023-06-15 22:00:00,0.0696546189925249,0.0720566628026027,0.0591532389322916
2023-06-15 23:00:00,0.0744433964000028,0.0492282942229626,0.043932586713554
2023-06-16 00:00:00,0.0624359355253331,0.0221605172344282,0.0336547984796411
2023-06-16 01:00:00,0.044093611583211,0.0012810966547797,0.020426977693645
2023-06-16 02:00:00,0.0581973206763174,0.0014049161493388,0.0127146399878208
2023-06-16 03:00:00,0.0956619954576679,0.0159066448024674,0.0059725638308556
2023-06-16 04:00:00,0.101018045462814,0.0102650577725927,0.0014399048549677
2023-06-16 05:00:00,0.0534694568783629,0.0008682106055465,0.0003943314739302
2023-06-16 06:00:00,0.0282780048893947,0.0005909001905154,0.0
2023-06-16 07:00:00,0.0155465785973991,0.0172436607429404,0.0011080534629572
2023-06-16 08:00:00,0.0126050531474593,0.0614234045440075,0.0260637067501841
2023-06-16 09:00:00,0.0013468487589967,0.0770425095277674,0.0301723885380364
2023-06-16 10:00:00,0.0,0.0337878617585874,0.0097412213780521
2023-06-16 11:00:00,0.0002995320394927,0.0318479261367149,0.0022178701325958
2023-06-16 12:00:00,0.0003049895654316,0.0162214075817781,0.0044963500078986
2023-06-16 13:00:00,0.0001812195466234,0.0103569299566979,0.001330984963311
2023-06-16 14:00:00,0.0,0.0012309601883483,0.000794768333435
2023-06-16 15:00:00,0.0,0.0011198228480769,0.0013210785155202
2023-06-16 16:00:00,0.0087767216115216,0.003845460664213,0.0211802685962003
2023-06-16 17:00:00,0.0802286699706432,0.0199708139974307,0.0377383656751096
2023-06-16 18:00:00,0.1234414180119832,0.0307515832333782,0.0449763053382923
2023-06-16 19:00:00,0.1188412367128858,0.0682102231418385,0.0679951789332371
2023-06-16 20:00:00,0.105210215437646,0.0859834166134105,0.0953396395141003
2023-06-16 21:00:00,0.0698783117182114,0.0756031157923679,0.1432554745206646
2023-06-16 22:00:00,0.0549282980900184,0.0518364064833697,0.1543111894644943
2023-06-16 23:00:00,0.0167595580512402,0.0645795990439022,0.1767122854594311
2023-06-17 00:00:00,0.0011289700183993,0.0797351201375325,0.1510834226421281
2023-06-17 01:00:00,0.0015907143455704,0.0881917336407829,0.1228357997595095
2023-06-17 02:00:00,0.0290732325292101,0.0919096610125373,0.1123814956814635
2023-06-17 03:00:00,0.0539995408525653,0.1041770916359097,0.1281721334831387
2023-06-17 04:00:00,0.0677298097049488,0.1101992293900134,0.1276123406840305
2023-06-17 05:00:00,0.0263081192970275,0.096526029063206,0.0758499491448495
2023-06-17 06:00:00,0.0106101433436075,0.0884159172282499,0.0741882417716232
2023-06-17 07:00:00,0.0055887726397296,0.0857524077097574,0.086595007017547
2023-06-17 08:00:00,0.0011217679852753,0.1131191557528925,0.1072762877333397
2023-06-17 09:00:00,0.001061090456894,0.125962729547538,0.1023017191419414
2023-06-17 10:00:00,0.0009093697554145,0.0767354637968773,0.0798980161255481
2023-06-17 11:00:00,0.0016055379817688,0.0707824557435278,0.0655185007581523
2023-06-17 12:00:00,0.0191675763504177,0.0565478848476035,0.0531618735369514
2023-06-17 13:00:00,0.0047719100721521,0.0609555431440764,0.0522883966857311
2023-06-17 14:00:00,0.0111797689612394,0.0726968634362314,0.0440456871113746
2023-06-17 15:00:00,0.0397498942668141,0.0649223841872869,0.0243170619790071
2023-06-17 16:00:00,0.0267009824709175,0.0593379665823543,0.0013496384901158
2023-06-17 17:00:00,0.0540379215689266,0.0834278031891467,0.0009518421553318
2023-06-17 18:00:00,0.1955484221963321,0.0913700169208003,0.0371808849908168
2023-06-17 19:00:00,0.3772236163320105,0.071649995504641,0.1474532543444165
2023-06-17 20:00:00,0.2885848338307898,0.0645387873930089,0.2855851167167713
2023-06-17 21:00:00,0.1199908350028243,0.0754734347848331,0.2875154688467387
2023-06-17 22:00:00,0.1203090186212577,0.0409894005145901,0.160685380299886
2023-06-17 23:00:00,0.135615491399578,0.0320927002071555,0.1265526051614798
2023-06-18 00:00:00,0.1552784326029758,0.037285704238742,0.1182052902146881
2023-06-18 01:00:00,0.1706004727120493,0.0658086468191707,0.1010268108517516
2023-06-18 02:00:00,0.2175613291123334,0.1002720407411164,0.0798134944018195
2023-06-18 03:00:00,0.2459747931536506,0.1165724735633999,0.0651390412274529
2023-06-18 04:00:00,0.2164209060419618,0.0876387661578608,0.0504646815505682
2023-06-18 05:00:00,0.1351973823472565,0.039788453017964,0.0058689760226829
2023-06-18 06:00:00,0.1086976481418983,0.004964466578041,0.0012199091755486
2023-06-18 07:00:00,0.0965517642451267,0.0016184675148109,0.0088181612538356
2023-06-18 08:00:00,0.135388783380097,0.0418082853547887,0.0385611933820387
2023-06-18 09:00:00,0.1369974426194733,0.0929432055529426,0.0259777884078181
2023-06-18 10:00:00,0.1168249868879131,0.0448143427668054,0.0011126835361804
2023-06-18 11:00:00,0.0832692782084147,0.0374371148402394,0.000997892392227
2023-06-18 12:00:00,0.0631875150343951,0.013141034475339,0.0006232616169
2023-06-18 13:00:00,0.0542474728004605,0.0014960387952966,0.0003394741638033
2023-06-18 14:00:00,0.0370735463753245,0.0012437190884858,0.0005811507405798
2023-06-18 15:00:00,0.0102982162650114,0.005779849158393,0.0007105263230068
2023-06-18 16:00:00,0.0011388585458393,0.0390760142818775,0.0
2023-06-18 17:00:00,0.0004352346744412,0.0718020457847445,0.0
2023-06-18 18:00:00,0.0,0.1147796009101119,0.0303998207734301
2023-06-18 19:00:00,0.0004517817808911,0.1673563672047035,0.0706876259224087
2023-06-18 20:00:00,0.0442342555600833,0.2379892854129567,0.0797607851963417
2023-06-18 21:00:00,0.1061666946785122,0.2263854407017527,0.0672452823788511
2023-06-18 22:00:00,0.0865058104197184,0.1539199025023217,0.070966365290623
2023-06-18 23:00:00,0.0628915955038631,0.1622758776533837,0.053561528523763
2023-06-19 00:00:00,0.0368644275696449,0.1724926194334342,0.0568262502258899
2023-06-19 01:00:00,0.001275486026714,0.1790680386661704,0.1187528114692837
2023-06-19 02:00:00,0.0123036102531782,0.1922239104127572,0.1857399192510866
2023-06-19 03:00:00,0.0542641153522566,0.1668640679004145,0.1922998833500482
2023-06-19 04:00:00,0.0667697308110255,0.1132071602578256,0.113604232376697
2023-06-19 05:00:00,0.0051180011306712,0.0680358269635368,0.0454929903441784
2023-06-19 06:00:00,0.0015410858821245,0.0470682729303447,0.0045529284508399
2023-06-19 07:00:00,0.0015436255074793,0.0536461904937145,0.0053468907580656
2023-06-19 08:00:00,0.0005459808835796,0.0758839121051863,0.001417840617934
2023-06-19 09:00:00,0.0,0.0936539266623702,0.0007450977961222
2023-06-19 10:00:00,0.0,0.0542499972324745,0.0
2023-06-19 11:00:00,0.0,0.0602989337023566,0.0
2023-06-19 12:00:00,0.0,0.0649583573434867,0.0
2023-06-19 13:00:00,0.0,0.0528500360601088,0.0106545429603726
2023-06-19 14:00:00,0.0,0.0453495671546537,0.0861325450972014
2023-06-19 15:00:00,0.0159409669489642,0.0628513915866029,0.0922551342085296
2023-06-19 16:00:00,0.132105549176534,0.0534250689487831,0.0588074384951124
2023-06-19 17:00:00,0.2414972454893822,0.0444744540974984,0.0027369502323125
2023-06-19 18:00:00,0.2701611300699072,0.0471812038639791,3.193211711310094e-05
2023-06-19 19:00:00,0.2327871229134354,0.0724896028930065,0.0
2023-06-19 20:00:00,0.1886518796284993,0.1159613857082292,0.0
2023-06-19 21:00:00,0.1353130153581208,0.1040147215712304,0.0002586693545572
2023-06-19 22:00:00,0.1046038608925015,0.0526348516052844,0.0
2023-06-19 23:00:00,0.0469713733087178,0.0091461987277261,0.0
2023-06-20 00:00:00,0.0691477925169701,0.000619398612602,0.0
2023-06-20 01:00:00,0.117455849460527,0.0,0.0003708055595946
2023-06-20 02:00:00,0.1084873489305084,0.0,0.0132384650847491
2023-06-20 03:00:00,0.125047622942457,0.0,0.0269057178029827
2023-06-20 04:00:00,0.1095402123881321,0.0,0.0013326110403522
2023-06-20 05:00:00,0.0816594853120691,0.0,0.0
2023-06-20 06:00:00,0.0610343381470324,0.0,0.0
2023-06-20 07:00:00,0.0633397289350921,0.0,0.0001301819982092
2023-06-20 08:00:00,0.0645917303421918,0.0,0.0005998775070788
2023-06-20 09:00:00,0.0270989634632285,0.0,0.0010259774775286
2023-06-20 10:00:00,0.0001268227115955,0.0,0.0005346505470525
2023-06-20 11:00:00,0.0,0.0,0.0013832710926828
2023-06-20 12:00:00,0.0,0.0,0.084082098568187
2023-06-20 13:00:00,0.0,0.0,0.050431209452012
2023-06-20 14:00:00,0.0004437063254562,0.0532423982433244,0.0167717368774164
2023-06-20 15:00:00,0.0535630946065865,0.1510730093600703,0.0011416806115044
2023-06-20 16:00:00,0.1493391803666657,0.0658427967744715,0.0011886069977205
2023-06-20 17:00:00,0.2659161792081945,0.0101140764803668,0.0196139676118987
2023-06-20 18:00:00,0.3627907092275183,0.0004734587825201,0.051815299426808
2023-06-20 19:00:00,0.4053340363346673,0.0008291181396035,0.0
2023-06-20 20:00:00,0.3531991656309639,0.0012955747398675,0.0010126536967707
2023-06-20 21:00:00,0.2308198797936533,0.0011836722785351,0.0140515994402318
2023-06-20 22:00:00,0.1635113066317988,0.0,0.0566604324415618
2023-06-20 23:00:00,0.1107188065846761,0.0,0.0053977977995779
2023-06-21 00:00:00,0.1361818407096114,0.0,0.0130860376981348
2023-06-21 01:00:00,0.0955059949089499,0.0008477245280945,0.0276464683557647
2023-06-21 02:00:00,0.0671650381649241,0.0009629605642331,0.0242977656570135
2023-06-21 03:00:00,0.0267323446429632,0.0866977140015246,0.0255424349136601
2023-06-21 04:00:00,0.0314486911094266,0.0310435361332363,0.0010133225933399
2023-06-21 05:00:00,0.0485682343345841,0.0015983628291709,0.0013729170256969
2023-06-21 06:00:00,0.097133341957541,0.0009622301151549,0.0007705248259251
2023-06-21 07:00:00,0.1110356929255466,0.0001091384420207,0.0005553072574091
2023-06-21 08:00:00,0.0500743529375861,0.0006242176286535,0.0006176287831823
2023-06-21 09:00:00,0.0002649749805724,0.0014167299457624,0.0006693804186154
2023-06-21 10:00:00,5.803856195188036e-05,0.0,0.0
2023-06-21 11:00:00,0.0,0.0,0.0
2023-06-21 12:00:00,0.0,0.0,0.0
2023-06-21 13:00:00,0.0,0.0,0.0
2023-06-21 14:00:00,0.0,0.0001669304043638,0.0
2023-06-21 15:00:00,0.0,0.0007905878272711,0.0
2023-06-21 16:00:00,0.0,0.032351166983835,0.0
2023-06-21 17:00:00,0.0,0.0619701076956356,0.0
2023-06-21 18:00:00,0.0004242756008322,0.0219406431017358,0.0
2023-06-21 19:00:00,0.0010712088323106,0.0004890798743254,0.0
2023-06-21 20:00:00,0.0014040357147166,0.0,0.0
2023-06-21 21:00:00,0.0100166458709567,0.0,0.0
2023-06-21 22:00:00,0.0500176233403822,0.0,0.0008368955718146
2023-06-21 23:00:00,0.0798221662932751,0.0,0.0014299676309224
2023-06-22 00:00:00,0.0819099416919783,0.0,0.0008258971513486
2023-06-22 01:00:00,0.0843962033589681,0.0,5.1682291467205376e-05
2023-06-22 02:00:00,0.070423495535757,0.0004906969911911,0.0008051040904973
2023-06-22 03:00:00,0.0214351314345216,0.0362238416484757,0.0292262473916695
2023-06-22 04:00:00,0.0195481477220074,0.0462607082977793,0.0433010162870868
2023-06-22 05:00:00,0.0004673919646568,0.0304915347909615,0.0033673005166396
2023-06-22 06:00:00,0.0,0.0014614984880085,0.0013940568063773
2023-06-22 07:00:00,0.0,0.0003408396166134,0.0067234935324176
2023-06-22 08:00:00,0.0006081045063492,0.0,0.0014418842745762
2023-06-22 09:00:00,0.0010819427328172,0.0,0.0014444593510596
2023-06-22 10:00:00,0.0006397311983544,0.0006869906693502,0.0013029411727306
2023-06-22 11:00:00,0.0005038813048718,0.0003552978334863,0.0172184670672697
2023-06-22 12:00:00,0.0009930250691432,0.0007921741678823,0.0444913214328242
2023-06-22 13:00:00,0.0014871760131486,0.0012778830684088,0.0553806389079374
2023-06-22 14:00:00,0.0369671567592745,0.0011605920355304,0.0646688190161013
2023-06-22 15:00:00,0.0450170558262494,0.0005207642231112,0.0798340404734892
2023-06-22 16:00:00,0.0359476037274778,0.0008742150917551,0.0757263220992742
2023-06-22 17:00:00,0.0395081705517239,0.0324400904911016,0.0455463941580329
2023-06-22 18:00:00,0.0531924238391951,0.0825939225215537,0.0586945169112261
2023-06-22 19:00:00,0.0684517505122166,0.1215870473899093,0.0703605249816296
2023-06-22 20:00:00,0.0810425188027176,0.1771642741035012,0.1102015785142487
2023-06-22 21:00:00,0.0784954837724274,0.2723719839956246,0.1513061336442536
2023-06-22 22:00:00,0.1122273650823855,0.3501649183385512,0.1385647292230643
2023-06-22 23:00:00,0.112728429775612,0.3206580370859383,0.1842763595331728
2023-06-23 00:00:00,0.0932837935055003,0.3311249415079753,0.1670060672012029
2023-06-23 01:00:00,0.0733834154465619,0.3350013720443825,0.220001582226722
2023-06-23 02:00:00,0.0632020772672167,0.293934501074498,0.1139161049150953
2023-06-23 03:00:00,0.0502592909569833,0.2964655745263193,0.0542983120562983
2023-06-23 04:00:00,0.0014509792421378,0.213141042422625,0.025205833849564
2023-06-23 05:00:00,0.0011902872253866,0.1374044020970662,0.0
2023-06-23 06:00:00,0.012012843602623,0.0917074960820815,0.0
2023-06-23 07:00:00,0.0362920792274225,0.0513289956485523,0.000978279737086
2023-06-23 08:00:00,0.0681796962139653,0.0472990605566236,0.0761927810369753
2023-06-23 09:00:00,0.11543542731042,0.088806012097527,0.1097463042128319
2023-06-23 10:00:00,0.1960232678581686,0.0932252874561384,0.0260141667197732
2023-06-23 11:00:00,0.2547125099531186,0.1067224904602649,0.0082351027750501
2023-06-23 12:00:00,0.3181714762270061,0.1188639215394562,0.0273830193320131
2023-06-23 13:00:00,0.3369474239598692,0.1017017808614992,0.0239905948732413
2023-06-23 14:00:00,0.345353802824332,0.1397624670290479,0.0008470645917007
2023-06-23 15:00:00,0.360780865538354,0.1584785007962993,0.0
2023-06-23 16:00:00,0.3604569996104521,0.1549087084975897,9.27689807866913e-05
2023-06-23 17:00:00,0.3927237722608778,0.1127302880380667,0.0147666027343351
2023-06-23 18:00:00,0.4356699176863128,0.117876693314197,0.0413340793715582
2023-06-23 19:00:00,0.4478100561628154,0.1558590870277554,0.0112476450165891
2023-06-23 20:00:00,0.435758317997253,0.2115679348216337,0.0016046489765441
2023-06-23 21:00:00,0.3741412505604862,0.2573453304814357,0.0013769981907863
2023-06-23 22:00:00,0.293990814607907,0.2048753289615406,0.0014415504106509
2023-06-23 23:00:00,0.2551745059443455,0.1556900552674835,0.0016228128102869
2023-06-24 00:00:00,0.2665694990968392,0.1231335424909404,0.0465329920544343
2023-06-24 01:00:00,0.2700766893773297,0.1142212456347895,0.0619020649031096
2023-06-24 02:00:00,0.2453054259805118,0.121319808211981,0.0007049982843835
2023-06-24 03:00:00,0.1654689335355571,0.1515189222261017,0.0
2023-06-24 04:00:00,0.1178704172957177,0.0939918966854319,0.0002260960005467
2023-06-24 05:00:00,0.1296515207664639,0.0739249528623094,0.0007033644158855
2023-06-24 06:00:00,0.1288954884398217,0.0499390854555017,0.005417579918905
2023-06-24 07:00:00,0.1373876426734176,0.017940746023764,0.0103072995453878
2023-06-24 08:00:00,0.1293547246970382,0.0009219981486501,0.0015382603103039
2023-06-24 09:00:00,0.1367220340990552,0.0013912421425962,0.0126593946631437
2023-06-24 10:00:00,0.2742607671450945,0.0002733967662636,0.0014536797610762
2023-06-24 11:00:00,0.3863990852256226,0.0051997619516709,0.0015837254087909
2023-06-24 12:00:00,0.3903759273828244,0.0466642590130076,0.0286931356573416
2023-06-24 13:00:00,0.4380189343994739,0.0597113020279828,0.0501114948123109
2023-06-24 14:00:00,0.6127045590893115,0.0514487892973656,0.0725815810409246
2023-06-24 15:00:00,0.5943777748182708,0.1662911620794558,0.1077475150426228
2023-06-24 16:00:00,0.2867104399437998,0.093156052570717,0.1259182714948467
2023-06-24 17:00:00,0.121965256391787,0.0023685011988371,0.0879654697343415
2023-06-24 18:00:00,0.1315914415845684,0.0,0.0897382521161846
2023-06-24 19:00:00,0.1157796967263315,0.0,0.1068792506760241
2023-06-24 20:00:00,0.1039035764395022,0.0,0.1042451461156209
2023-06-24 21:00:00,0.0922861519981833,0.017098780161415,0.1102847445244882
2023-06-24 22:00:00,0.0,0.001286646899055,0.1134249977037018
2023-06-24 23:00:00,0.0,0.0,0.111581285794576
2023-06-25 00:00:00,0.0009687589664085,0.0,0.1268890909120148
2023-06-25 01:00:00,0.0159835137572942,0.000204807013468,0.1503489531722723
2023-06-25 02:00:00,0.0180987770261328,0.000174624078414,0.1409233200783823
2023-06-25 03:00:00,0.0345443837782915,0.0,0.1092354222839953
2023-06-25 04:00:00,0.049290984284644,0.0,0.0885232289632161
2023-06-25 05:00:00,0.0358050165612713,0.0004335606799406,0.0896170560051413
2023-06-25 06:00:00,0.0343604812435075,0.0008714308146557,0.100758765258041
2023-06-25 07:00:00,0.0608127257403205,0.0008768984694886,0.0831277230206657
2023-06-25 08:00:00,0.0549067936691583,0.0003932200226129,0.079431136449178
2023-06-25 09:00:00,0.041746577795814,0.0,0.1281199618881824
2023-06-25 10:00:00,0.0731364418478573,0.0008760063476811,0.0463850385223338
2023-06-25 11:00:00,0.0681968763762829,0.001117758112016,0.0420999219214994
2023-06-25 12:00:00,0.0448203530966066,0.011905403308619,0.0575306602552825
2023-06-25 13:00:00,0.0111561795465307,0.0604041884927188,0.1038771400264665
2023-06-25 14:00:00,0.0009149285702923,0.0259056870454277,0.1422083962197397
2023-06-25 15:00:00,0.0052261983647066,0.0051359417391758,0.1148148027120852
2023-06-25 16:00:00,0.0280004564453573,0.0003436760964736,0.0703354910308239
2023-06-25 17:00:00,0.0212610465249204,0.0,0.0455550933195874
2023-06-25 18:00:00,0.0066058063039592,0.0015719887477899,0.0622778312832701
2023-06-25 19:00:00,0.0225353155260771,0.0543589685477462,0.0847939650217692
2023-06-25 20:00:00,0.0824175628961301,0.062028450124404,0.0463065766041574
2023-06-25 21:00:00,0.1845005477955139,0.0487778728304345,0.0047179187824523
2023-06-25 22:00:00,0.2912117920669855,0.0176833977107129,0.0401279123779995
2023-06-25 23:00:00,0.3517587605644675,0.0455348705933764,0.0866770510580025
2023-06-26 00:00:00,0.3040543786840501,0.0609402563057693,0.0773631123935475
2023-06-26 01:00:00,0.2378471692403157,0.0563967695423201,0.1085625910291484
2023-06-26 02:00:00,0.1654222315432978,0.0839128447513954,0.1095754141901053
2023-06-26 03:00:00,0.1004632314046223,0.1690819216709511,0.072022793339748
2023-06-26 04:00:00,0.0572538375854492,0.2417945051504895,0.0542906452627743
2023-06-26 05:00:00,0.0652021520278033,0.1502897342046102,0.0416492262696908
2023-06-26 06:00:00,0.0902405205894918,0.1274602085936303,0.0539209094702028
2023-06-26 07:00:00,0.1257955560497209,0.1267339785893758,0.0806538263956705
2023-06-26 08:00:00,0.1423431377784878,0.1547938468409519,0.087595313203101
2023-06-26 09:00:00,0.1501979430516561,0.2104042994430641,0.0889881919412051
2023-06-26 10:00:00,0.138980419028039,0.366832368514117,0.1121873598472744
2023-06-26 11:00:00,0.1224096265493654,0.4990309359980565,0.1450391259847903
2023-06-26 12:00:00,0.0981828979417389,0.7286307858485801,0.1632908746307971
2023-06-26 13:00:00,0.1395582685283586,0.811275416729497,0.1852435785181382
2023-06-26 14:00:00,0.1987983822043425,0.8787282370274363,0.2398897339315975
2023-06-26 15:00:00,0.2212942472470352,0.8830777024911121,0.2819754251467636
2023-06-26 16:00:00,0.2141001489427354,0.8118778023065305,0.1842614965501174
2023-06-26 17:00:00,0.1804285049438476,0.6567340645135618,0.088737314822627
2023-06-26 18:00:00,0.192451947654774,0.6180258280311535,0.001108420440574
2023-06-26 19:00:00,0.1761778694352293,0.565472249112098,0.0002774444280886
2023-06-26 20:00:00,0.1407316385530957,0.5583797327054092,0.0071839955117967
2023-06-26 21:00:00,0.0985536738937976,0.4520073981066934,0.0266647736231486
2023-06-26 22:00:00,0.1147426109687954,0.659915241540647,0.0
2023-06-26 23:00:00,0.1162158624798643,0.5311291513879315,0.0
2023-06-27 00:00:00,0.106894993314556,0.4312584711835275,0.0015798433154237
2023-06-27 01:00:00,0.1121768764421051,0.3930445621216219,0.0166777520397909
2023-06-27 02:00:00,0.0989262379851995,0.3433339985367519,0.0354239932851853
2023-06-27 03:00:00,0.0969683656505509,0.2835377556046629,0.0538409924974628
2023-06-27 04:00:00,0.097046412673651,0.2917356085933111,0.022682116701712
2023-06-27 05:00:00,0.0684246829911774,0.3832914517595877,0.0012609463891172
2023-06-27 06:00:00,0.0846843392241235,0.556550602507747,0.0001862913954491
2023-06-27 07:00:00,0.1583449863920024,0.5563787463443731,4.114356695436964e-05
2023-06-27 08:00:00,0.2159104129068212,0.4910062029470805,0.0003722134758444
2023-06-27 09:00:00,0.2439002523235246,0.516653808892942,0.0003471775771745
2023-06-27 10:00:00,0.1870552636439504,0.2611017569996952,0.0
2023-06-27 11:00:00,0.1665853635937559,0.3117162760566263,0.0
2023-06-27 12:00:00,0.1777820057339138,0.4460615317026774,0.0
2023-06-27 13:00:00,0.1747508454166985,0.3912642516341864,0.0
2023-06-27 14:00:00,0.170065678802191,0.2511123520096922,0.0
2023-06-27 15:00:00,0.1342297535316617,0.1386642689798392,0.0002691215938991
2023-06-27 16:00:00,0.0837213385338876,0.0700557231903076,0.0010017199453964
2023-06-27 17:00:00,0.0818119095821006,0.0059953624126957,0.0012347234619988
2023-06-27 18:00:00,0.0901416236279057,0.0005434712553335,0.0380340580846749
2023-06-27 19:00:00,0.0950079104479621,0.0,0.1097764220892214
2023-06-27 20:00:00,0.1173812735314462,0.0,0.209457391227772
2023-06-27 21:00:00,0.1794461861155391,0.0,0.3058938668444266
2023-06-27 22:00:00,0.2369726810579985,0.0013741359991185,0.3480356207080916
2023-06-27 23:00:00,0.3719698401058421,0.0015725275270299,0.3235543740341087
2023-06-28 00:00:00,0.3092934337316775,0.037615775282866,0.4341371573653876
2023-06-28 01:00:00,0.1574529152290494,0.081341874365713,0.709473824968525
2023-06-28 02:00:00,0.2385561512965782,0.2061193784077962,0.865772926729489
2023-06-28 03:00:00,0.3269255971596911,0.3714981032352821,0.8649487713583155
2023-06-28 04:00:00,0.2623288117203058,0.4811109436882866,0.7829807692883062
2023-06-28 05:00:00,0.3125167126749076,0.3958341888352936,0.946366297653298
2023-06-28 06:00:00,0.3546515087676204,0.1925230649561664,0.9944669374453476
2023-06-28 07:00:00,0.3565060110653148,0.2200930102977877,0.9925943418265948
2023-06-28 08:00:00,0.2720616970186919,0.2183735230389763,0.9878700636570747
2023-06-28 09:00:00,0.1471973049874399,0.1608117772083656,0.9974092876209932
2023-06-28 10:00:00,0.1607776272530649,0.1603051377277748,0.8684538298962163
2023-06-28 11:00:00,0.065765100366929,0.1605821941413131,0.7549977209053788
2023-06-28 12:00:00,0.0013364919650009,0.1252016483568677,0.831406836416207
2023-06-28 13:00:00,0.0002397252064125,0.1040811982809328,0.943963823754803
2023-06-28 14:00:00,0.0003774637490316,0.0983043862324135,0.70581101436241
2023-06-28 15:00:00,0.0132515590175304,0.112316000695322,0.7248165934693579
2023-06-28 16:00:00,0.0618755583669625,0.102351190997105,0.8617320902207318
2023-06-28 17:00:00,0.1242058651120054,0.0872366802365172,0.6998556828966327
2023-06-28 18:00:00,0.1667886855555515,0.1160423779020122,0.6026023197797389
2023-06-28 19:00:00,0.2140488686904408,0.1516795041514378,0.6222233117795457
2023-06-28 20:00:00,0.2872566397673164,0.2285524754742391,0.5713293365403718
2023-06-28 21:00:00,0.3250927738114899,0.3058314666249394,0.5072791358224706
2023-06-28 22:00:00,0.2681294017367893,0.4132702163621491,0.6882966733446307
2023-06-28 23:00:00,0.2659614787382238,0.3622616256763732,0.7996577001085469
2023-06-29 00:00:00,0.2360642626394633,0.3640046571594438,0.7445977341895009
2023-06-29 01:00:00,0.2404496716518028,0.3322627933975918,0.6724864080840466
2023-06-29 02:00:00,0.2636718095517626,0.3406542313644309,0.5383039222044104
2023-06-29 03:00:00,0.234670813566719,0.3725778760473712,0.4846244076498194
2023-06-29 04:00:00,0.2247103647468916,0.3784887588102054,0.3814122676849365
2023-06-29 05:00:00,0.1957567408193949,0.5117409447439356,0.4278178900675057
2023-06-29 06:00:00,0.1537040635651233,0.5675221580305909,0.6519407010545917
2023-06-29 07:00:00,0.1878875906950508,0.5553382907817566,0.5465415490219017
2023-06-29 08:00:00,0.2718094408122543,0.4092906643362606,0.4391902568293553
2023-06-29 09:00:00,0.3688763419007943,0.3987913147296781,0.5390302340189616
2023-06-29 10:00:00,0.4231228594686471,0.4420233879214019,0.3658276663886176
2023-06-29 11:00:00,0.5011258249968485,0.4558984438578288,0.4703060474271088
2023-06-29 12:00:00,0.5313640871858285,0.2809999160517274,0.4871429337395562
2023-06-29 13:00:00,0.2862636622260598,0.2154161447013904,0.5823786663853265
2023-06-29 14:00:00,0.277367663539313,0.2172983549778757,0.435690644519781
2023-06-29 15:00:00,0.5293100565866707,0.3040088235942367,0.485436557944304
2023-06-29 16:00:00,0.325103759765625,0.3063771755866755,0.3588511460746815
2023-06-29 17:00:00,0.3281786550883374,0.4214247239181419,0.3839679668152254
2023-06-29 18:00:00,0.410885165719425,0.3872109472362045,0.6076900865517411
2023-06-29 19:00:00,0.4991945488001006,0.4617270379284628,0.5894917911953396
2023-06-29 20:00:00,0.5342119893217399,0.5574209939420612,0.5438275119058447
2023-06-29 21:00:00,0.5327728059556749,0.5349546086554433,0.5380182718139848
2023-06-29 22:00:00,0.6274999590481029,0.5640379042407266,0.5434309345444822
2023-06-29 23:00:00,0.5325760405048046,0.715977154526056,0.3884374191558439
2023-06-30 00:00:00,0.4185784096811332,0.6362474198434867,0.4783997738283444
2023-06-30 01:00:00,0.3849443984187506,0.5361015111013175,0.5209529010298984
2023-06-30 02:00:00,0.4567378330854029,0.7297949136472216,0.53795340014439
2023-06-30 03:00:00,0.3842307508381364,0.7555268699047613,0.4794787581450019
2023-06-30 04:00:00,0.2846101997724545,0.5875241366866367,0.4454564253489176
2023-06-30 05:00:00,0.319875177994273,0.8846310322580774,0.3211084612054762
2023-06-30 06:00:00,0.3295331499934976,0.6820158023460239,0.3462783074846455
2023-06-30 07:00:00,0.3143271979163675,0.5985713160895054,0.3633194998198864
2023-06-30 08:00:00,0.2846861134946736,0.5833900909797818,0.4505626594319063
2023-06-30 09:00:00,0.3375294598099453,0.5272782472224017,0.593502544889263
2023-06-30 10:00:00,0.2259191220102746,0.5048733287387424,0.5401312603670008
2023-06-30 11:00:00,0.2991182430117738,0.5905478374630797,0.5443167374804129
2023-06-30 12:00:00,0.376857271381453,0.6390249495412789,0.5419093175651201
2023-06-30 13:00:00,0.4776716699787214,0.696110211166681,0.2948416759765226
2023-06-30 14:00:00,0.3591129779815674,0.8641319586560617,0.1783828018537533
2023-06-30 15:00:00,0.3287388655095318,0.2498879027522467,0.3010796752630496
2023-06-30 16:00:00,0.3775638879514208,0.4002282775305455,0.157858086567299
2023-06-30 17:00:00,0.2707906454996346,0.6141966074899909,0.1571005816553153
2023-06-30 18:00:00,0.1787058792862237,0.5279938068265229,0.1402733138963288
2023-06-30 19:00:00,0.1556775382920807,0.4212411120046977,0.1507128921209597
2023-06-30 20:00:00,0.2018565445943595,0.3714666834064558,0.159038223472296
2023-06-30 21:00:00,0.2575793484457178,0.3173959411047642,0.2283642307605619
2023-06-30 22:00:00,0.2504846130321228,0.3805836337843751,0.2199870745340983
2023-06-30 23:00:00,0.2209235608967301,0.374343831554737,0.1616588643952912
2023-07-01 00:00:00,0.2014941483541251,0.3713114884943744,0.130620937721402
2023-07-01 01:00:00,0.1654889536838905,0.405026649337968,0.1163091262181599
2023-07-01 02:00:00,0.1376160687091303,0.3570541369369606,0.0901437740699917
2023-07-01 03:00:00,0.1385598907283708,0.2635207519032597,0.0891772438498104
2023-07-01 04:00:00,0.103685178008734,0.194946382559982,0.0949597358703613
2023-07-01 05:00:00,0.0323907425201017,0.1061371377870148,0.0508994214675005
2023-07-01 06:00:00,0.0015875817903506,0.0659895644468419,0.0297175353648615
2023-07-01 07:00:00,0.0009318352524751,0.0379894777061113,0.0654009977976481
2023-07-01 08:00:00,0.0012421720947315,0.0369737093744714,0.1376520418653301
2023-07-01 09:00:00,0.0150836815241894,0.0425729642506518,0.1713042633206236
2023-07-01 10:00:00,0.0103950593985763,0.0009996855960172,0.1269829156352024
2023-07-01 11:00:00,0.0633923913918289,0.0015070512403849,0.1176655175639133
2023-07-01 12:00:00,0.1060915577645395,0.0179811236905116,0.0901492202983183
2023-07-01 13:00:00,0.1464079992443907,0.0394757125112745,0.0767393205680099
2023-07-01 14:00:00,0.1825914538763707,0.0631905770769306,0.0770517190297444
2023-07-01 15:00:00,0.247034032360401,0.0741568032433005,0.0869409009522082
2023-07-01 16:00:00,0.3319559923184463,0.086449945674223,0.1134482084536084
2023-07-01 17:00:00,0.437184514563068,0.1304730480792475,0.0871403778300565
2023-07-01 18:00:00,0.4536822340846841,0.1715066736819697,0.101369818051656
2023-07-01 19:00:00,0.3895297891953412,0.1476405181136785,0.0975645990932689
2023-07-01 20:00:00,0.373559800627964,0.098610754106559,0.0935798299078847
2023-07-01 21:00:00,0.3726105409509995,0.0803999573576684,0.0862348780912511
2023-07-01 22:00:00,0.3658263480741214,0.074386853797763,0.0495307118284936
2023-07-01 23:00:00,0.2935260355082992,0.0560695751040589,0.0249105933444951
2023-07-02 00:00:00,0.2396288323246575,0.0277417072283676,0.0119022738699819
2023-07-02 01:00:00,0.2080168661728404,0.0014081429811864,0.0011904504564073
2023-07-02 02:00:00,0.1964865665809781,0.0007486304426504,0.0016148094258277
2023-07-02 03:00:00,0.1796593603745005,8.538930244695128e-05,0.0502705807779349
2023-07-02 04:00:00,0.0945715576994652,0.0,0.0785778316796994
2023-07-02 05:00:00,0.0979856416290881,0.0,0.0681485615524591
2023-07-02 06:00:00,0.143098749366461,0.0,0.1375555174023497
2023-07-02 07:00:00,0.1884306521197549,0.0003488387157714,0.1375175106759165
2023-07-02 08:00:00,0.2668687128553203,0.0013815526868782,0.1150205789827833
2023-07-02 09:00:00,0.3410535341773937,0.0239989325111987,0.1318472857568778
2023-07-02 10:00:00,0.4729277947369744,0.0287733600030537,0.1171409966898899
2023-07-02 11:00:00,0.5658301185159123,0.0504252957362754,0.1233762736413993
2023-07-02 12:00:00,0.5974226216085596,0.1092276386186188,0.1235136097552729
2023-07-02 13:00:00,0.5642416586283765,0.2026841344397052,0.1493194407107783
2023-07-02 14:00:00,0.5471332790025698,0.2875404576070948,0.1162280989628212
2023-07-02 15:00:00,0.5188676890204934,0.1721783650466819,0.0642025938221052
2023-07-02 16:00:00,0.5160253421933043,0.2230949775845396,0.0500181142021627
2023-07-02 17:00:00,0.4192801191915873,0.2754058682061488,0.0765433732201071
2023-07-02 18:00:00,0.4447638708002427,0.3706472777073679,0.0796922515420352
2023-07-02 19:00:00,0.4448817867079592,0.5955436728359047,0.0961502393086751
2023-07-02 20:00:00,0.3396726729823094,0.7964631716410319,0.1493390751819984
2023-07-02 21:00:00,0.2732160948460398,0.8127694036446366,0.22667198243484
2023-07-02 22:00:00,0.1761006529814277,0.5478522434733273,0.2403382288864235
2023-07-02 23:00:00,0.1375379866244746,0.3272168714236589,0.1524569590886434
2023-07-03 00:00:00,0.1311464753805422,0.2128556849909763,0.1212340125850602
2023-07-03 01:00:00,0.1302260394189872,0.1470950654908722,0.0986961991179223
2023-07-03 02:00:00,0.1321237811855241,0.1040103388767616,0.0777921723384483
2023-07-03 03:00:00,0.1037815622254914,0.0738966464996337,0.0644998924404967
2023-07-03 04:00:00,0.082710023019828,0.0549475351969401,0.049295518912521
2023-07-03 05:00:00,0.0636118533564548,0.0323084620089312,0.0168357265540976
2023-07-03 06:00:00,0.0509566419264849,0.0105349238401924,0.0191406089495989
2023-07-03 07:00:00,0.037791792084189,0.0009656314756356,0.0308437943458557
2023-07-03 08:00:00,0.0403810353840098,0.0002307587978886,0.0770121462204877
2023-07-03 09:00:00,0.0678675782446767,0.0002958544718673,0.1162296767328299
2023-07-03 10:00:00,0.0645214669844683,0.0,0.0886779672959271
2023-07-03 11:00:00,0.0855974590077119,0.0,0.1420948318406647
2023-07-03 12:00:00,0.1180807165071076,0.0,0.1561927678538303
2023-07-03 13:00:00,0.1462983617595598,0.0,0.1735250342125986
2023-07-03 14:00:00,0.1549937678318397,0.0004005408754535,0.1906291300954382
2023-07-03 15:00:00,0.1118383921828924,0.0379929347755083,0.1649565088982675
2023-07-03 16:00:00,0.0993599494298299,0.0009990868225596,0.1126675629148296
2023-07-03 17:00:00,0.0551339691760493,0.0,0.0189736528334274
2023-07-03 18:00:00,0.0105998512187035,0.0,0.0
2023-07-03 19:00:00,0.0009685750880272,0.0,0.0
2023-07-03 20:00:00,0.0,0.0,0.0015645829680698
2023-07-03 21:00:00,0.0,0.0,0.0862688176772173
2023-07-03 22:00:00,0.0,0.0005675433507931,0.108007461416955
2023-07-03 23:00:00,0.0,0.0013633039262559,0.1640858954074336
2023-07-04 00:00:00,0.0010042708683637,0.0009556408801109,0.2304615101783104
2023-07-04 01:00:00,0.0057255076427085,0.0008920731108173,0.2624177527583502
2023-07-04 02:00:00,0.0068635726286694,0.0013830272200839,0.2908881816988677
2023-07-04 03:00:00,0.0076683580485823,0.0064291794315662,0.3016201842064951
2023-07-04 04:00:00,0.0012534050380482,0.0012586132373685,0.250596115012574
2023-07-04 05:00:00,0.0008538084871628,0.000300084843355,0.1378727894203335
2023-07-04 06:00:00,0.0004378027386135,0.0,0.1015639538858451
2023-07-04 07:00:00,0.0,0.0,0.1100514098709704
2023-07-04 08:00:00,0.0,0.0005947978667963,0.0943611416162229
2023-07-04 09:00:00,0.0,0.0012598111738566,0.0680683874616435
2023-07-04 10:00:00,0.0,0.0011225510266871,0.0288438458068698
2023-07-04 11:00:00,0.0,0.0002393075843262,0.0781351211024265
2023-07-04 12:00:00,0.0,0.0,0.0609260680628757
2023-07-04 13:00:00,0.0,0.0003574552878834,0.0465257163920433
2023-07-04 14:00:00,0.0,0.0013290199578977,0.0437906887017044
2023-07-04 15:00:00,0.0003128020591985,0.0038093196021185,0.0550118614645565
2023-07-04 16:00:00,0.0010584639567954,0.0015715945000741,0.0296750676398183
2023-07-04 17:00:00,0.0214899587475396,0.0015661957996343,0.0013146879626255
2023-07-04 18:00:00,0.036190626667995,0.0039725926966449,0.0
2023-07-04 19:00:00,0.0322722192683251,0.0071045394037284,0.0
2023-07-04 20:00:00,0.0188432557910096,0.010729355749741,0.0
2023-07-04 21:00:00,0.0111387473305845,0.0229538242801342,0.0
2023-07-04 22:00:00,0.0465871528083202,0.0334081490055408,0.0002560903823453
2023-07-04 23:00:00,0.0262004530507754,0.0378769195936863,0.0
2023-07-05 00:00:00,0.0042883835586847,0.0444869605544345,0.0
2023-07-05 01:00:00,0.0199618888836281,0.035088962589214,0.0
2023-07-05 02:00:00,0.0390701395234251,0.0352030910697637,0.0
2023-07-05 03:00:00,0.05089285326939,0.0220550653202081,0.0007696280292436
2023-07-05 04:00:00,0.0469948610449148,0.0013270230075113,0.0010342169431299
2023-07-05 05:00:00,0.020562526447321,0.0004788177465301,0.0
2023-07-05 06:00:00,0.0066948088945127,0.0003139002650391,0.0
2023-07-05 07:00:00,0.0016251568700753,0.0,0.0
2023-07-05 08:00:00,0.0013703216914257,0.0,0.0
2023-07-05 09:00:00,0.0008297356125576,0.000333960928948,0.0
2023-07-05 10:00:00,0.0,0.0006524250398274,0.0065396813785328
2023-07-05 11:00:00,0.0,0.0006297347592372,0.028022825717926
2023-07-05 12:00:00,0.0,0.0008423749138327,0.0103758647550944
2023-07-05 13:00:00,0.0,0.0012647174542246,0.0014368630702199
2023-07-05 14:00:00,0.0,0.0110211278878006,0.0027949860672545
2023-07-05 15:00:00,0.0,0.0305084021262873,0.013439460907107
2023-07-05 16:00:00,0.0,0.0355414206685583,0.0130212910814222
2023-07-05 17:00:00,0.0,0.0555385094062954,0.0150749032793481
2023-07-05 18:00:00,0.0494226287393008,0.0953184389600566,0.0411229495908699
2023-07-05 19:00:00,0.1280976627387252,0.1363986613703709,0.0451509664261263
2023-07-05 20:00:00,0.1548469650979135,0.1446071676179474,0.0510914185467888
2023-07-05 21:00:00,0.1417652882781683,0.1255369770760629,0.0603753678938921
2023-07-05 22:00:00,0.2187450384002885,0.1463180312923356,0.1733383883058635
2023-07-05 23:00:00,0.2240958899454353,0.0914091923657585,0.1112187843696743
2023-07-06 00:00:00,0.245028299443862,0.0719287582472258,0.0340915528777378
2023-07-06 01:00:00,0.2220792614556605,0.0640911448235605,0.0101477885557935
2023-07-06 02:00:00,0.162544940032211,0.0663909491370706,0.0448382259194367
2023-07-06 03:00:00,0.1515933228474037,0.0600265521629183,0.0987444438186346
2023-07-06 04:00:00,0.1176283172532624,0.04704634426466,0.1833851134854983
2023-07-06 05:00:00,0.065855021570243,0.0351595274763169,0.1902364749534457
2023-07-06 06:00:00,0.0427887034572027,0.0272287052441266,0.1031866728090772
2023-07-06 07:00:00,0.0326387364100786,0.0421391811246186,0.0426927528350181
2023-07-06 08:00:00,0.0261945669947106,0.0531282845665426,0.0211755235989888
2023-07-06 09:00:00,0.0307437087975296,0.0554473026126038,0.0193280928275164
2023-07-06 10:00:00,0.0012829151808046,0.0426825849838506,0.0218883803467345
2023-07-06 11:00:00,0.0015543251255758,0.0324424742873198,0.0121049982270384
2023-07-06 12:00:00,0.0152133216265759,0.0246333499359928,0.0021312965287102
2023-07-06 13:00:00,0.0304970028353672,0.0015443169992733,0.0011221930092456
2023-07-06 14:00:00,0.0415342617658228,0.001513458155339,0.0
2023-07-06 15:00:00,0.0207834738531923,0.0859725241567574,0.0
2023-07-06 16:00:00,0.0261476480103785,0.0307716364954032,0.0
2023-07-06 17:00:00,0.0274332824096181,0.0005995868857389,0.0
2023-07-06 18:00:00,0.0498487902622596,0.0,0.0077773009250366
2023-07-06 19:00:00,0.0724507780636058,0.0195910560539345,0.0335561025376413
2023-07-06 20:00:00,0.0935822374680463,0.0614375927869011,0.0216296989154192
2023-07-06 21:00:00,0.0890782533907422,0.0743495950511857,0.0194666015556435
2023-07-06 22:00:00,0.0648192097158993,0.0173870613372403,0.0005208923925761
2023-07-06 23:00:00,0.115623672803243,0.0506335380030613,0.0009471306613847
2023-07-07 00:00:00,0.1683786569857129,0.1063266805574005,0.0
2023-07-07 01:00:00,0.1943931953579771,0.3113874298295164,0.0
2023-07-07 02:00:00,0.22025537802503,0.4966141975003909,0.0029709463805155
2023-07-07 03:00:00,0.259062271492154,0.5911494236366421,0.0182770307547126
2023-07-07 04:00:00,0.2068152147180894,0.6044065406899046,0.0555061592775232
2023-07-07 05:00:00,0.1149947736777511,0.5220410247254216,0.1354822574877271
2023-07-07 06:00:00,0.0996942613639083,0.4073368490131852,0.2221398384742487
2023-07-07 07:00:00,0.0917821304470885,0.2910819926293068,0.2501307437622469
2023-07-07 08:00:00,0.1037247274436202,0.1687976776384839,0.2624719345491696
2023-07-07 09:00:00,0.1483818596484614,0.1201475601570279,0.2139221484365027
2023-07-07 10:00:00,0.1034946184532315,0.085152410993389,0.2477383956410526
2023-07-07 11:00:00,0.0191855621493719,0.1449285768995098,0.2982310905955196
2023-07-07 12:00:00,0.0010997056961059,0.1579178665198531,0.4045427546781652
2023-07-07 13:00:00,0.0555019986395742,0.1397434636658313,0.4888623913908316
2023-07-07 14:00:00,0.6035519191642212,0.2625691656972848,0.4082869143267862
2023-07-07 15:00:00,0.4357319517073288,0.5639061896629582,0.34848743638182
2023-07-07 16:00:00,0.3984477473240272,0.6246882560206394,0.3205196873035306
2023-07-07 17:00:00,0.9211079902898252,0.4225696068184048,0.2614136427835701
2023-07-07 18:00:00,0.9430412529340756,0.402213439442753,0.2276036131615732
2023-07-07 19:00:00,0.9081351523305856,0.4062301972333123,0.199420614180222
2023-07-07 20:00:00,0.5520138865202859,0.6359400858286939,0.2297181833803264
2023-07-07 21:00:00,0.2905488793366875,0.8042458833432665,0.2876064231972289
2023-07-07 22:00:00,0.5000296371435028,0.6200282480202469,0.4052627741121778
2023-07-07 23:00:00,0.850092420391008,0.6126930900648528,0.527019118951037
2023-07-08 00:00:00,0.8404251453923244,0.5678549389434017,0.488178371603972
2023-07-08 01:00:00,0.6429422228944067,0.662870818493413,0.4469151403389725
2023-07-08 02:00:00,0.5383143160078261,0.7825935775158452,0.4311691187565623
2023-07-08 03:00:00,0.5276040391984329,0.804063086416207,0.4130633142259386
2023-07-08 04:00:00,0.7110441899767108,0.8813295551374847,0.3923208074632034
2023-07-08 05:00:00,0.7689815876530666,0.8567704593434053,0.2357993936227038
2023-07-08 06:00:00,0.7906450851290834,0.8371426544937433,0.2154802154092227
2023-07-08 07:00:00,0.7887851116704006,0.897085738337897,0.2487999442356084
2023-07-08 08:00:00,0.7619173012527765,0.8694803823832593,0.3363250330382702
2023-07-08 09:00:00,0.6802812931584377,0.9093618517607646,0.3624623024385739
2023-07-08 10:00:00,0.9800307205299924,0.9441936966640496,0.3407749303805283
2023-07-08 11:00:00,0.9858587925730188,0.9842766188328562,0.352926054811166
2023-07-08 12:00:00,0.9975503472720876,0.9992943713867584,0.3484399770599565
2023-07-08 13:00:00,0.9993552943460304,0.9985861123776902,0.36544125376184
2023-07-08 14:00:00,0.9990005275003272,0.999131233863581,0.366763449961843
2023-07-08 15:00:00,0.9989171339795478,0.9975425869810816,0.3909338673734976
2023-07-08 16:00:00,0.9988338900547402,0.9982508584564806,0.3849584604400435
2023-07-08 17:00:00,0.9968438210830188,0.9973061349656844,0.3305522070990668
2023-07-08 18:00:00,0.9981729719373914,0.9927209000182308,0.2936565455268411
2023-07-08 19:00:00,0.9983405225417192,0.9723213576023876,0.2807677337546754
2023-07-08 20:00:00,0.9924639128392038,0.9215927248686748,0.2979498501696618
2023-07-08 21:00:00,0.9885538761911828,0.881209585401747,0.2817768770105698
2023-07-08 22:00:00,0.9603782416948304,0.8473296819948682,0.2717925053016812
2023-07-08 23:00:00,0.9762107780556272,0.8922260758144404,0.2832139083762574
2023-07-09 00:00:00,0.9726445409986708,0.910271750556098,0.2656460992651048
2023-07-09 01:00:00,0.9749020003025828,0.9339610953736148,0.2326897141201044
2023-07-09 02:00:00,0.9769882750666998,0.9734068914176592,0.2049233523848789
2023-07-09 03:00:00,0.9826684153937046,0.9784008069755205,0.189016644471611
2023-07-09 04:00:00,0.9761667687908496,0.9770232524747162,0.1504020013061224
2023-07-09 05:00:00,0.9720981136646146,0.9767556626812304,0.087211716408823
2023-07-09 06:00:00,0.9969606617696924,0.975352387023128,0.0781430683883966
2023-07-09 07:00:00,0.9977826292997872,0.9751197746376586,0.0865254916396795
2023-07-09 08:00:00,0.9980194085563708,0.9213388106402228,0.1900623826419606
2023-07-09 09:00:00,0.9992204055287478,0.9038067674325184,0.2889465787052329
2023-07-09 10:00:00,0.9921456100114808,0.7932812092350978,0.1483730241364123
2023-07-09 11:00:00,0.9962171822591545,0.8925379023832434,0.2372176538105883
2023-07-09 12:00:00,0.9751937965941584,0.9691553271673864,0.269229440128102
2023-07-09 13:00:00,0.9713176434336144,0.9757006464440838,0.2853424533519869
2023-07-09 14:00:00,0.9768108074961144,0.9677972949408238,0.2780592955794989
2023-07-09 15:00:00,0.972590434005837,0.8478700787413354,0.2758494483100043
2023-07-09 16:00:00,0.8243325364355947,0.7450320486928902,0.2204643480138841
2023-07-09 17:00:00,0.6903851920483158,0.6462304077896417,0.178680594450508
2023-07-09 18:00:00,0.6368515148661494,0.5831920711043613,0.1990026149874419
2023-07-09 19:00:00,0.4496084007562376,0.5284219240051469,0.2742413446015003
2023-07-09 20:00:00,0.3841965479009291,0.4755814402711157,0.3357734649009954
2023-07-09 21:00:00,0.4122206915437786,0.4166483240189895,0.3352090798172296
2023-07-09 22:00:00,0.5359533098008897,0.4264871980629715,0.2900306882421954
2023-07-09 23:00:00,0.4444669570798188,0.4338698324814342,0.2720461234547733
2023-07-10 00:00:00,0.3503437696718702,0.4330168097626929,0.2647046980515025
2023-07-10 01:00:00,0.3720825559952679,0.3885964225320255,0.2665993434930939
2023-07-10 02:00:00,0.354230087566999,0.3936722263012057,0.2712747879277647
2023-07-10 03:00:00,0.3619973036198834,0.4154715086120406,0.221409657422234
2023-07-10 04:00:00,0.301824376474019,0.3770843144335778,0.142179295128467
2023-07-10 05:00:00,0.171291150298773,0.3355525739831862,0.1032883162591971
2023-07-10 06:00:00,0.1658286650975545,0.2853924900877709,0.1282294941883461
2023-07-10 07:00:00,0.2657259803971434,0.2976708069346309,0.2088711620156282
2023-07-10 08:00:00,0.3158959189271615,0.3470320904176999,0.3076962224798265
2023-07-10 09:00:00,0.2975288684072058,0.3535941473019668,0.4010715593699536
2023-07-10 10:00:00,0.3941253602894303,0.371112789203918,0.2875043364132152
2023-07-10 11:00:00,0.4887618582233105,0.4557740766238543,0.2873294743057949
2023-07-10 12:00:00,0.5299598485036613,0.4652935461281172,0.3191241781695995
2023-07-10 13:00:00,0.5031002892388238,0.388720637053446,0.4132174837823008
2023-07-10 14:00:00,0.4929148995019252,0.2672759349050085,0.5154474108826881
2023-07-10 15:00:00,0.3994971989027036,0.2197878158170413,0.3750864088145736
2023-07-10 16:00:00,0.306128307105669,0.4413039544049431,0.2156325757893082
2023-07-10 17:00:00,0.2514650961932014,0.1699152647280225,0.1494156145582012
2023-07-10 18:00:00,0.2003325855030733,0.1483163997238757,0.1257785862567378
2023-07-10 19:00:00,0.1571834671731088,0.1851568284377553,0.0909361886043174
2023-07-10 20:00:00,0.1539473907620299,0.1667359880372589,0.0760498935101079
2023-07-10 21:00:00,0.1473695624108408,0.1944392646839416,0.0678394355025946
2023-07-10 22:00:00,0.1462380909452251,0.2668861220864689,0.0571029326495002
2023-07-10 23:00:00,0.2045527252496457,0.3474609088274388,0.0647230241812911
2023-07-11 00:00:00,0.2461475827335532,0.3312091671563441,0.0667488107494279
2023-07-11 01:00:00,0.2481931081784317,0.3151877643236148,0.0594581575954661
2023-07-11 02:00:00,0.2470093396754046,0.3356838927549474,0.0400970924913493
2023-07-11 03:00:00,0.2331409921833113,0.3097385113535363,0.0092799511610292
2023-07-11 04:00:00,0.1639853388655419,0.3356551827948077,0.000159998734792
2023-07-11 05:00:00,0.1161904077903897,0.2461860133152382,0.0
2023-07-11 06:00:00,0.0883191473343793,0.2226275338066948,7.475785959779827e-05
2023-07-11 07:00:00,0.1149629377851299,0.1471085291282803,0.0003749089303359
2023-07-11 08:00:00,0.1178231192570106,0.0818551989162669,0.0014573596661386
2023-07-11 09:00:00,0.1045935527951109,0.0636485043693991,0.0042763403038573
2023-07-11 10:00:00,0.1340856505375282,0.0627550190570307,0.0415229076653524
2023-07-11 11:00:00,0.1324667533238729,0.0885873682358685,0.0517147662592869
2023-07-11 12:00:00,0.158385201996448,0.0912966447718003,0.0761594258102716
2023-07-11 13:00:00,0.2445889828251857,0.0958730893976548,0.0899689805273916
2023-07-11 14:00:00,0.279455586975696,0.1155502889670577,0.1062565574459001
2023-07-11 15:00:00,0.1207040571698955,0.1424136115055458,0.101513289937786
2023-07-11 16:00:00,0.0456158066886702,0.127344014597874,0.0951716946620567
2023-07-11 17:00:00,0.0385469583904041,0.1200435675826727,0.0665249777775184
2023-07-11 18:00:00,0.0792943028842701,0.1068944673912198,0.0588318413379145
2023-07-11 19:00:00,0.070276143504124,0.1002188523610432,0.0774336796180874
2023-07-11 20:00:00,0.0014449911179885,0.0816176919376149,0.0626229304893344
2023-07-11 21:00:00,0.0,0.0624883876127355,0.0328380714834126
2023-07-11 22:00:00,0.0,0.0366910770048503,0.001522323274924
2023-07-11 23:00:00,0.0147322579926135,0.0522458085826798,0.0
2023-07-12 00:00:00,0.0831465160145479,0.0525624144311044,0.0
2023-07-12 01:00:00,0.0955471338010301,0.0648640183841481,0.0
2023-07-12 02:00:00,0.0929850456761378,0.07385674644919,0.0
2023-07-12 03:00:00,0.1181266471451404,0.0717433293660481,0.0014389909170811
2023-07-12 04:00:00,0.1143308480580647,0.0449835245126213,0.0531729529885684
2023-07-12 05:00:00,0.0921471913655598,0.0296081066910737,0.0006181106847875
2023-07-12 06:00:00,0.0810650750702502,0.0383240903904235,0.0
2023-07-12 07:00:00,0.054482805962656,0.0533678718641692,4.128108616747887e-05
2023-07-12 08:00:00,0.0578761100769043,0.0539756522459142,5.633807649799422e-05
2023-07-12 09:00:00,0.0816066826091093,0.0694954395294189,0.0014374049660427
2023-07-12 10:00:00,0.0852529675352807,0.0613171212813433,0.0467150982688455
2023-07-12 11:00:00,0.0885201201719396,0.0992123402801214,0.0622501326542274
2023-07-12 12:00:00,0.0897201837277879,0.1816942271064309,0.0280943509020836
2023-07-12 13:00:00,0.1243844336154414,0.2025970882839626,0.0010928250605763
2023-07-12 14:00:00,0.1185445107665716,0.1673968983631508,0.0001271920266494
2023-07-12 15:00:00,0.130994904275034,0.1219202724157595,0.0
2023-07-12 16:00:00,0.114756284975538,0.0542438497730329,0.0007449104115853
2023-07-12 17:00:00,0.0796941214916752,0.0009914180811713,0.0014232058151095
2023-07-12 18:00:00,0.0168968692324519,0.0,0.0322350049330518
2023-07-12 19:00:00,0.0,0.0,0.0674055838117412
2023-07-12 20:00:00,0.0,0.0005158158688763,0.0685586648828843
2023-07-12 21:00:00,0.044259392747692,0.0721712673411649,0.0922322974485509
2023-07-12 22:00:00,0.1677035116681865,0.1773364123176126,0.11067669765622
2023-07-12 23:00:00,0.1656246769661997,0.2352331791048735,0.1534228348264507
2023-07-13 00:00:00,0.2388114866867564,0.2952649453107048,0.2840763166839001
2023-07-13 01:00:00,0.2852782049989388,0.3374848568361569,0.3253825832815731
2023-07-13 02:00:00,0.2859668762855281,0.3503281696169984,0.2958298539803698
2023-07-13 03:00:00,0.3031752093944674,0.3526069494633893,0.2130853210399353
2023-07-13 04:00:00,0.3743904852399639,0.3662139325360067,0.1401701277377558
2023-07-13 05:00:00,0.5430723483266394,0.3108165996526581,0.0807643637937658
2023-07-13 06:00:00,0.8526734869464551,0.2266995766583611,0.0786060679192636
2023-07-13 07:00:00,0.8156707894568349,0.2028976047740263,0.0357515223665175
2023-07-13 08:00:00,0.7332517586502374,0.189832332087498,0.0340905021997838
2023-07-13 09:00:00,0.7295019673366172,0.1588373908809587,0.0778264859143425
2023-07-13 10:00:00,0.8595560547573114,0.2854271901199241,0.0392637128144307
2023-07-13 11:00:00,0.7095374406552782,0.5380915660484165,0.0348571807730431
2023-07-13 12:00:00,0.5021239885317734,0.7104176540000766,0.0378878330872728
2023-07-13 13:00:00,0.5069311226115507,0.651588851330327,0.0470103726667516
2023-07-13 14:00:00,0.5840336107740215,0.5683430892969268,0.0698734264747769
2023-07-13 15:00:00,0.5819871067221647,0.5069800451690075,0.0996316414253384
2023-07-13 16:00:00,0.5179175520254895,0.3329594493691438,0.1266353854946061
2023-07-13 17:00:00,0.5104060578190424,0.2434013061274111,0.163543843755535
2023-07-13 18:00:00,0.5319801888434715,0.2491895201938604,0.1963915263905244
2023-07-13 19:00:00,0.4904861543692794,0.2892460885390737,0.1847125377530366
2023-07-13 20:00:00,0.3568624686571507,0.3170231510611142,0.1776646414613412
2023-07-13 21:00:00,0.3720088768628687,0.3270716371099933,0.2033156039668064
2023-07-13 22:00:00,0.5439796556834302,0.3588381826488021,0.3410998949038437
2023-07-13 23:00:00,0.5421033949633829,0.3146116608887716,0.3509288815891042
2023-07-14 00:00:00,0.4693707843231999,0.1745256504981346,0.3028959464403539
2023-07-14 01:00:00,0.4377360827003429,0.1740974070979099,0.3336178009806115
2023-07-14 02:00:00,0.3989419687807171,0.1648160873674878,0.3380462390924591
2023-07-14 03:00:00,0.4643414378945344,0.1288995906418445,0.3389366140552595
2023-07-14 04:00:00,0.4389008867974375,0.0924947682548971,0.3577148322186438
2023-07-14 05:00:00,0.4587683880251217,0.057309398464128,0.2583192407695296
2023-07-14 06:00:00,0.476769021913117,0.0523158381966983,0.1971651713053385
2023-07-14 07:00:00,0.5570702926785338,0.0607590815600226,0.2228026327744029
2023-07-14 08:00:00,0.6476570484684963,0.0806554158528645,0.2427203328001733
2023-07-14 09:00:00,0.6496634950824812,0.2774316750320734,0.1919789968752393
2023-07-14 10:00:00,0.8638791102989047,0.412594506943148,0.1419666117312861
2023-07-14 11:00:00,0.7285459649329091,0.4701037266675164,0.1556391458885342
2023-07-14 12:00:00,0.728644333633722,0.5704772238637886,0.2142773204379611
2023-07-14 13:00:00,0.7010213814529718,0.5456401553808474,0.2430463117711684
2023-07-14 14:00:00,0.6667446996651444,0.5579231221691455,0.2527025135514004
2023-07-14 15:00:00,0.6539013993506337,0.5026422450745027,0.2276720065696566
2023-07-14 16:00:00,0.5607453982035319,0.4661920725130567,0.1796929353202869
2023-07-14 17:00:00,0.3701107969471052,0.4881798052320293,0.146186585519828
2023-07-14 18:00:00,0.2859444929883371,0.4506970620622822,0.1875102722566891
2023-07-14 19:00:00,0.262300033195346,0.3849510632309259,0.2091133516598371
2023-07-14 20:00:00,0.2560038722418492,0.3969604688532212,0.1876629287121342
2023-07-14 21:00:00,0.2736953816382713,0.4626101528117859,0.1565641749138925
2023-07-14 22:00:00,0.3235476359822392,0.541122255761639,0.1349141200383504
2023-07-14 23:00:00,0.2738375570259842,0.4807928574630637,0.1363590067508173
2023-07-15 00:00:00,0.2250345080506567,0.3977052433038849,0.1432314222934199
2023-07-15 01:00:00,0.2031565522835924,0.3757730309480156,0.1427984822030161
2023-07-15 02:00:00,0.1838553995867959,0.3675466752519795,0.1205243666966756
2023-07-15 03:00:00,0.1966730348424973,0.3419600218729256,0.1189389182072059
2023-07-15 04:00:00,0.2089905396006465,0.2688180730233784,0.0798203664667466
2023-07-15 05:00:00,0.1547742123697318,0.1728553117490282,0.0351772986206353
2023-07-15 06:00:00,0.1333466931885364,0.137785416023404,0.0189300666447558
2023-07-15 07:00:00,0.1139962556315403,0.1048559534783456,0.0388705672002306
2023-07-15 08:00:00,0.0805176473131366,0.1113006531023511,0.0619962402418547
2023-07-15 09:00:00,0.0604122760249119,0.1503616103938981,0.0668092568715413
2023-07-15 10:00:00,0.0650252314174876,0.1245364254596186,0.0128380325105455
2023-07-15 11:00:00,0.072020876641367,0.140915361105227,0.0091843507648293
2023-07-15 12:00:00,0.0813369891222785,0.1464063513512705,0.0295208891232808
2023-07-15 13:00:00,0.0935967763264973,0.1615761191237206,0.0297967768182941
2023-07-15 14:00:00,0.1027121847751093,0.1949135181950587,0.0256332338245865
2023-07-15 15:00:00,0.1183113163592768,0.1883172552570018,0.023150639985901
2023-07-15 16:00:00,0.1107008200065762,0.163765783403434,0.0352293919114505
2023-07-15 17:00:00,0.0844076334261426,0.1118892314387302,0.0599546759736304
2023-07-15 18:00:00,0.0620702434988582,0.106745771333283,0.0975594099830178
2023-07-15 19:00:00,0.017796238263448,0.1209083608552521,0.0908285262537937
2023-07-15 20:00:00,0.000951763072045,0.1332402463052787,0.0529896745494767
2023-07-15 21:00:00,0.0002180832663392,0.1213640558953378,0.0234920877257203
2023-07-15 22:00:00,0.0014925961400948,0.1129644992304783,0.0368415386069054
2023-07-15 23:00:00,0.0213939064468433,0.0834174483430151,0.0461992944767272
2023-07-16 00:00:00,0.0441977529743917,0.0668574080747716,0.0576433480954637
2023-07-16 01:00:00,0.0712374846140543,0.0724267959594726,0.0642211764466528
2023-07-16 02:00:00,0.0865350751315846,0.0703656907175101,0.0680352426042743
2023-07-16 03:00:00,0.0868856673147164,0.0768899450115129,0.0685771540099499
2023-07-16 04:00:00,0.0562820247575348,0.07546908715192,0.0473826064003838
2023-07-16 05:00:00,0.0012330027187571,0.0415081868763842,0.0008482025339712
2023-07-16 06:00:00,0.0002662590126586,0.0217218196469973,0.0005861544141582
2023-07-16 07:00:00,0.0,0.0033441968992644,0.0005943307689591
2023-07-16 08:00:00,0.0,0.0013015309190438,0.0
2023-07-16 09:00:00,0.0,0.0015821215374017,0.0
2023-07-16 10:00:00,0.0,0.0014002619225994,0.0
2023-07-16 11:00:00,0.0,0.0178014916532179,0.0
2023-07-16 12:00:00,0.0,0.0288049933177972,0.0
2023-07-16 13:00:00,0.0,0.0306504357094858,0.0
2023-07-16 14:00:00,0.0,0.0264476222150466,0.0
2023-07-16 15:00:00,0.0,0.0037418050703659,0.0003504472620346
2023-07-16 16:00:00,0.0010202951680601,0.0003663523524415,0.0012001153690363
2023-07-16 17:00:00,0.0594836122849408,0.0,0.0149501211502972
2023-07-16 18:00:00,0.1318102607540056,0.0,0.0672567591947667
2023-07-16 19:00:00,0.1917177991929397,0.0002398401304008,0.1049651001013961
2023-07-16 20:00:00,0.2102974162382238,0.0070815600600897,0.1118214925130208
2023-07-16 21:00:00,0.2046386463190216,0.0569868321512259,0.1130693683437272
2023-07-16 22:00:00,0.1476082965439441,0.0724126310909495,0.1186131262311748
2023-07-16 23:00:00,0.1097644660987106,0.0679937530966366,0.1161080131343766
2023-07-17 00:00:00,0.0750161152259976,0.0618168886970071,0.1029908890817679
2023-07-17 01:00:00,0.0549989120632994,0.0390189952320522,0.1064928723316566
2023-07-17 02:00:00,0.0270430854722565,0.0170662656329036,0.0971616716945872
2023-07-17 03:00:00,0.0015337237345626,0.0194118872187496,0.0895047655292585
2023-07-17 04:00:00,0.0001485671093261,0.0240178786072076,0.0581884384155273
2023-07-17 05:00:00,0.0,0.0013260611521652,0.001406802850611
2023-07-17 06:00:00,0.0,0.0001313530541712,0.0005855852482365
2023-07-17 07:00:00,0.0003209959447773,0.0,0.0007142062280692
2023-07-17 08:00:00,0.0038303105659734,0.0,0.0014138385361316
2023-07-17 09:00:00,0.0288394736308677,0.0,0.0055927381016849
2023-07-17 10:00:00,0.050126173916985,0.0,0.0126169721285502
2023-07-17 11:00:00,0.0634627716214049,0.0,0.0515403467066147
2023-07-17 12:00:00,0.0892727749020445,0.0,0.0216917567003786
2023-07-17 13:00:00,0.1350192345824896,0.0,0.0005529499521442
2023-07-17 14:00:00,0.2038364597395354,0.0,0.0007084888570448
2023-07-17 15:00:00,0.291208653668173,0.0,0.0015467218324249
2023-07-17 16:00:00,0.3236383799633948,0.0,0.0903099892186183
2023-07-17 17:00:00,0.3297471563800487,0.0,0.0065499622058245
2023-07-17 18:00:00,0.3344738265268164,0.0,0.0002648222680185
2023-07-17 19:00:00,0.3570560411690107,0.0,0.0
2023-07-17 20:00:00,0.3950607776641845,0.0,0.0005553984174541
2023-07-17 21:00:00,0.3877360758438609,0.0011759470490848,0.0015499264586205
2023-07-17 22:00:00,0.3957011123108708,0.0611929098765055,0.0778420999938366
2023-07-17 23:00:00,0.3755987937154333,0.1010997739492678,0.0849727555817248
2023-07-18 00:00:00,0.3492883124382667,0.1433035439135981,0.0770188780391917
2023-07-18 01:00:00,0.3171810558418823,0.1776736421522751,0.0689036238427255
2023-07-18 02:00:00,0.2627461003322227,0.1891915065790313,0.051120823504878
2023-07-18 03:00:00,0.20949315713122,0.1684549509310254,0.0230642019533643
2023-07-18 04:00:00,0.1618931807723699,0.1261805319318584,6.640269086251851e-05
2023-07-18 05:00:00,0.1087787104587929,0.0829097336413813,0.0082509872180963
2023-07-18 06:00:00,0.1113554543139887,0.0571689418717926,0.132570184913336
2023-07-18 07:00:00,0.1450619159960279,0.0620518712436451,0.4121127362344779
2023-07-18 08:00:00,0.2360859353557911,0.0700709399055032,0.3284724927416035
2023-07-18 09:00:00,0.320826781341453,0.073631908379349,0.2438484391355826
2023-07-18 10:00:00,0.4562753088334028,0.0590963924632352,0.2593563335393768
2023-07-18 11:00:00,0.2241280437294953,0.1778485042596954,0.5801267951142554
2023-07-18 12:00:00,0.1354961769253599,0.1113169216642192,0.6231877850551231
2023-07-18 13:00:00,0.1300835492564182,0.086906727622537,0.7321818763134527
2023-07-18 14:00:00,0.0842349435768875,0.1086795563791312,0.7056655229306689
2023-07-18 15:00:00,0.1180924621282839,0.2435418827081817,0.5968835774589987
2023-07-18 16:00:00,0.1511213592454499,0.1708087734147614,0.357018542445563
2023-07-18 17:00:00,0.1708518991283342,0.1450202278062409,0.1928279041464811
2023-07-18 18:00:00,0.1774492762447182,0.270665168762207,0.1643583938187243
2023-07-18 19:00:00,0.2142214214100557,0.5163038244434431,0.1446714705111933
2023-07-18 20:00:00,0.2854897804509581,0.6010717426250183,0.0964900091582653
2023-07-18 21:00:00,0.3285035463719586,0.3923155342052186,0.0634312162212297
2023-07-18 22:00:00,0.2541656587638107,0.1645055471682081,0.0121717784139845
2023-07-18 23:00:00,0.1798155697342617,0.1408864703832888,0.0008933259770761
2023-07-19 00:00:00,0.1832560838437548,0.118342030282114,0.0007067186380523
2023-07-19 01:00:00,0.1755970880097034,0.0841050522000181,0.000597392032349
2023-07-19 02:00:00,0.1672054272071988,0.0569214306625665,0.0012575832067751
2023-07-19 03:00:00,0.1467383842842251,0.0520546296063591,0.0241866762342016
2023-07-19 04:00:00,0.0883001673455331,0.0478758940509721,0.0278872995594747
2023-07-19 05:00:00,0.0394896989554361,0.0146006634032804,0.0001315903040318
2023-07-19 06:00:00,0.0014832600269442,0.0036549490261701,0.0001852368217667
2023-07-19 07:00:00,0.0,0.0013143198162901,0.0011366847293828
2023-07-19 08:00:00,0.0,0.0011065286748549,0.0354711608169904
2023-07-19 09:00:00,0.0,0.0010959116462009,0.1026996327381508
2023-07-19 10:00:00,0.0011822468315074,0.0,0.0356831040257722
2023-07-19 11:00:00,0.0197294969963871,0.0002415293182422,0.058454578998042
2023-07-19 12:00:00,0.0441477610394845,0.0014926771712458,0.0557728842193005
2023-07-19 13:00:00,0.0553974217059565,0.0174983767123004,0.0771573711844051
2023-07-19 14:00:00,0.0686486094605688,0.0014918489393845,0.0857491820466284
2023-07-19 15:00:00,0.0832304533790139,0.0132179599182278,0.0616319740519804
2023-07-19 16:00:00,0.1066898481518614,0.0004357874783035,0.031410471286649
2023-07-19 17:00:00,0.2155830719891716,0.0,0.0025482575098673
2023-07-19 18:00:00,0.2551920928207098,0.0,0.0145061927683213
2023-07-19 19:00:00,0.2052392647936453,0.0,0.0598771198123109
2023-07-19 20:00:00,0.1578382066651886,0.0008958469029345,0.0969851718229406
2023-07-19 21:00:00,0.1367927532570035,0.0283940991545035,0.1515891505222694
2023-07-19 22:00:00,0.2045404677297554,0.0008820244689392,0.1605451691384409
2023-07-19 23:00:00,0.1226416639253205,0.0001930477572422,0.1742006189682904
2023-07-20 00:00:00,0.1476842398736991,0.0,0.1749769877764134
2023-07-20 01:00:00,0.1349034963869581,0.0,0.2032197939804176
2023-07-20 02:00:00,0.1555809787675446,0.0,0.1755339055279501
2023-07-20 03:00:00,0.1844527612324633,0.0,0.2299076716105143
2023-07-20 04:00:00,0.2607747713724772,0.0004386746026332,0.2174472216687171
2023-07-20 05:00:00,0.2846165357851514,0.001172779821882,0.0830320984709496
2023-07-20 06:00:00,0.2441221904131322,0.0319315171709247,0.0617800740634693
2023-07-20 07:00:00,0.1824648520525764,0.0552192155052633,0.0762607770807602
2023-07-20 08:00:00,0.1116247270621505,0.0622139023799522,0.0866577672023399
2023-07-20 09:00:00,0.0797845803055108,0.056539960936004,0.0826981254652434
2023-07-20 10:00:00,0.2269845195845061,0.1086870946136175,0.0282453886823716
2023-07-20 11:00:00,0.197929519453859,0.0900871613446404,0.0390675523701836
2023-07-20 12:00:00,0.2772045260161356,0.0898374996933282,0.0014043734743704
2023-07-20 13:00:00,0.3119522543514476,0.070423822776944,0.159878648963629
2023-07-20 14:00:00,0.3611363710141649,0.0713238295386819,0.0815116891673966
2023-07-20 15:00:00,0.1688294784695494,0.0836494857189702,0.0494255271612429
2023-07-20 16:00:00,0.0711312948488721,0.0630153160469204,0.0159854569466285
2023-07-20 17:00:00,0.0267072074553545,0.0580970680012422,0.02045256678575
2023-07-20 18:00:00,0.0219928606662874,0.0725075076608096,0.0521736752753164
2023-07-20 19:00:00,0.0213279848784403,0.0959295852511536,0.0863096059537401
2023-07-20 20:00:00,0.001256766662099,0.1260210719763063,0.108309551781299
2023-07-20 21:00:00,0.0381476555774414,0.1228799773197548,0.1235953382417267
2023-07-20 22:00:00,0.1556757852142932,0.0460635536636402,0.1092828255073697
2023-07-20 23:00:00,0.2010769781723521,0.2470278739929199,0.1262618747411989
2023-07-21 00:00:00,0.1929354979321847,0.4317411207685283,0.1138464726653753
2023-07-21 01:00:00,0.3213024731555016,0.3716641376221102,0.1077966362822289
2023-07-21 02:00:00,0.419875484666014,0.3473608634051154,0.1218530243518305
2023-07-21 03:00:00,0.3487810543160033,0.3502484115899777,0.1306168355193792
2023-07-21 04:00:00,0.2698570014604556,0.3678863609538358,0.1412855059492822
2023-07-21 05:00:00,0.2548950108048183,0.3660909630893881,0.1471186268563364
2023-07-21 06:00:00,0.1628821270138609,0.334225617203058,0.1119111098495184
2023-07-21 07:00:00,0.1259887452219046,0.2901497697518542,0.0891011836482029
2023-07-21 08:00:00,0.0975624720255533,0.3129238521351534,0.0915100060257257
2023-07-21 09:00:00,0.0868369317522236,0.2798963839711706,0.0941856468425077
2023-07-21 10:00:00,0.0759448724634507,0.1993955069897221,0.1197128669888365
2023-07-21 11:00:00,0.0721834921369365,0.1792607245102427,0.160977793674843
2023-07-21 12:00:00,0.0581373654159845,0.1455248687781539,0.1407336721233293
2023-07-21 13:00:00,0.0525562669716629,0.1427954318476658,0.1217471033919091
2023-07-21 14:00:00,0.0521124577989765,0.170405109723409,0.1199642232820099
2023-07-21 15:00:00,0.021768060774585,0.1375298874050963,0.0882260939654182
2023-07-21 16:00:00,0.0011142176740309,0.0844825015348546,0.0638992412417542
2023-07-21 17:00:00,0.0,0.0356584865283342,0.0342537639966977
2023-07-21 18:00:00,0.0,0.0015096913755329,0.0014777483503802
2023-07-21 19:00:00,0.0,0.0003142123128853,0.0
2023-07-21 20:00:00,0.0,0.0007408693724987,0.0
2023-07-21 21:00:00,0.0282324077257143,0.0008860417440825,0.0
2023-07-21 22:00:00,0.0365218048781351,0.0257369233112709,0.0
2023-07-21 23:00:00,0.0292090185327467,0.0118158697302824,0.022193291608025
2023-07-22 00:00:00,0.0613328522326899,0.0011814439218807,0.1187632247513415
2023-07-22 01:00:00,0.0635692652534036,0.0,0.1175181538450951
2023-07-22 02:00:00,0.1066921271529852,0.0011080803434833,0.1163913455663942
2023-07-22 03:00:00,0.1700791775011548,0.0014417409117704,0.1851721651413861
2023-07-22 04:00:00,0.264757813971027,0.0389302298913594,0.2195205781974044
2023-07-22 05:00:00,0.281661526050443,0.0273636326291202,0.1659576214996038
2023-07-22 06:00:00,0.4001721026850682,0.0275701416863335,0.1317442047829721
2023-07-22 07:00:00,0.5002565087835773,0.0324397402651169,0.1406343777974446
2023-07-22 08:00:00,0.5196592309116538,0.0273999996434629,0.1054183057710236
2023-07-22 09:00:00,0.6203698099049088,0.0259805337276334,0.0590443377401314
2023-07-22 10:00:00,0.7346758468478334,0.0386420729892705,0.031425271158904
2023-07-22 11:00:00,0.8098770496891994,0.0794933356490789,0.0388583544812171
2023-07-22 12:00:00,0.7000100098404229,0.1528690024918201,0.0578623659470502
2023-07-22 13:00:00,0.5166830190646103,0.2609081829295439,0.006875841835745
2023-07-22 14:00:00,0.3276259151159548,0.3790526312161115,0.0033532236915787
2023-07-22 15:00:00,0.2150471755881714,0.4526200948977003,0.0015492673013724
2023-07-22 16:00:00,0.1683264152676451,0.4829929389205633,0.0
2023-07-22 17:00:00,0.1311918099721273,0.3609548830518536,0.0004047591701831
2023-07-22 18:00:00,0.0659134341221229,0.3662377354366327,0.0013320469388774
2023-07-22 19:00:00,0.0104813505621517,0.2690446891036688,0.0022554459914662
2023-07-22 20:00:00,0.0605076902052935,0.2013217140646541,0.0350303392784268
2023-07-22 21:00:00,0.2022190000496658,0.1278567898507212,0.0790151194030163
2023-07-22 22:00:00,0.4022050168779161,0.0474331745135238,0.0839872687470679
2023-07-22 23:00:00,0.2893328386194566,0.1394023848514931,0.081790709028057
2023-07-23 00:00:00,0.1702500675238815,0.2832599777022218,0.1605265514523375
2023-07-23 01:00:00,0.1192031420913397,0.3063721952874676,0.2070992694181554
2023-07-23 02:00:00,0.1396010786879296,0.321993929108763,0.1133272460862702
2023-07-23 03:00:00,0.165751249182458,0.3900154416078056,0.0710009126102223
2023-07-23 04:00:00,0.1176234787585688,0.37932090821609,0.0557253173753327
2023-07-23 05:00:00,0.0967015939600327,0.3538994103475333,0.0468805179097294
2023-07-23 06:00:00,0.112271647827298,0.3712845362868963,0.0747567999596689
2023-07-23 07:00:00,0.1090117646198646,0.4122609001359129,0.0863957405090332
2023-07-23 08:00:00,0.0898701069401759,0.4449510714587044,0.0881955436631745
2023-07-23 09:00:00,0.066311897016039,0.4555554483451095,0.0845590759726131
2023-07-23 10:00:00,0.1120095977596208,0.5187449346180835,0.0598398143169926
2023-07-23 11:00:00,0.0699181416455437,0.4201537222644083,0.0666508487626618
2023-07-23 12:00:00,0.0575097635680553,0.2811016475453096,0.0837983337103151
2023-07-23 13:00:00,0.0397426750924852,0.1986269545710944,0.0958451102761661
2023-07-23 14:00:00,0.0398638758784026,0.1658728777193555,0.0964706084307502
2023-07-23 15:00:00,0.0418593618604871,0.1384530932295556,0.0882722349727855
2023-07-23 16:00:00,0.0363015014361711,0.0907264971265605,0.0451931517108593
2023-07-23 17:00:00,0.0042419051812365,0.067137456407734,0.0010370974447212
2023-07-23 18:00:00,0.0013824471461227,0.0578688873964197,0.0
2023-07-23 19:00:00,0.0010316492685305,0.0301342365009332,0.0006854464026058
2023-07-23 20:00:00,0.0,0.0149190188233369,0.0935874032039268
2023-07-23 21:00:00,0.0,0.0241316681593851,0.2587185872146507
2023-07-23 22:00:00,0.0,0.0208979412621142,0.39753269058427
2023-07-23 23:00:00,0.0,0.0117027015467874,0.4399307833777534
2023-07-24 00:00:00,0.0,0.0018666725532681,0.4434413084017685
2023-07-24 01:00:00,0.0,0.0012533072552649,0.4420536359151205
2023-07-24 02:00:00,0.0,0.0005902554474624,0.4859809781990799
2023-07-24 03:00:00,0.0,0.000588480164023,0.4377150629080978
2023-07-24 04:00:00,0.0,0.0014322329969967,0.4206324169059205
2023-07-24 05:00:00,0.0,0.0007466650476642,0.3796511459973902
2023-07-24 06:00:00,0.0,0.000526854415345,0.384640673406763
2023-07-24 07:00:00,0.0,0.0007768522680195,0.2978553709641001
2023-07-24 08:00:00,0.0004170755155725,0.0006703056541143,0.2313316164453045
2023-07-24 09:00:00,0.0007887147610483,0.0003697178722207,0.1713220745909447
2023-07-24 10:00:00,0.0,0.0003080403103547,0.283482271082261
2023-07-24 11:00:00,0.00016659537172,0.0003001148404638,0.2365562806721606
2023-07-24 12:00:00,0.0004248428188897,0.0002680315690882,0.1975432595396353
2023-07-24 13:00:00,0.000215424042122,0.0,0.3205995185702455
2023-07-24 14:00:00,0.0010000782854416,0.0,0.3949253574695462
2023-07-24 15:00:00,0.0807327850192201,0.0,0.0543791172551173
2023-07-24 16:00:00,0.1965881204293444,0.0002755538310879,0.0001843785927965
2023-07-24 17:00:00,0.331057194790809,0.0014531908471599,0.009216763614829
2023-07-24 18:00:00,0.3762646157757129,0.0490740233776616,0.0217762402459686
2023-07-24 19:00:00,0.327018904530145,0.1133505269592883,0.0955560160618202
2023-07-24 20:00:00,0.2780131078233906,0.2095299889059627,0.2095767688127904
2023-07-24 21:00:00,0.2811939046273823,0.2932533501020444,0.2771226315716513
2023-07-24 22:00:00,0.2502064798392501,0.3556803067525228,0.2066066000196668
2023-07-24 23:00:00,0.2437566557740853,0.4159367271498138,0.1508811174654493
2023-07-25 00:00:00,0.2461177383372986,0.4800520301644319,0.0955770997440113
2023-07-25 01:00:00,0.2359844407224967,0.4486136420879488,0.210373152315227
2023-07-25 02:00:00,0.253212118460462,0.3781364026412465,0.1527739506141812
2023-07-25 03:00:00,0.2854955835280076,0.4027395934061287,0.113803557321137
2023-07-25 04:00:00,0.2653101129469529,0.4210978551627764,0.1564707008062624
2023-07-25 05:00:00,0.2345469356362336,0.3587470724691752,0.1533521507300582
2023-07-25 06:00:00,0.3224099305720111,0.2975046260684144,0.0739539838304706
2023-07-25 07:00:00,0.4893867408528047,0.2100482984305986,0.0873148675058402
2023-07-25 08:00:00,0.5793997664856755,0.2149138824612486,0.1397368019702387
2023-07-25 09:00:00,0.6864380742989334,0.2823528028001972,0.1523025479971194
2023-07-25 10:00:00,0.8921912573521433,0.2848455204683192,0.0052444666039709
2023-07-25 11:00:00,0.96870853075015,0.2684358397340463,0.0223364775476892
2023-07-25 12:00:00,0.9792434623817992,0.3184633364085278,0.0582545411353017
2023-07-25 13:00:00,0.9909558171540304,0.3742544058880774,0.0312938799265942
2023-07-25 14:00:00,0.9241858712987964,0.3791892964855518,0.0299465153731551
2023-07-25 15:00:00,0.9264943116630604,0.4771772475024454,0.0010974524067897
2023-07-25 16:00:00,0.9722939815396576,0.4906614153992896,0.0677631883060231
2023-07-25 17:00:00,0.972230253655926,0.5990356323765773,0.0249677931561189
2023-07-25 18:00:00,0.9722399867438024,0.74470022612927,0.0
2023-07-25 19:00:00,0.9364941977207956,0.8627443126603669,0.0035159319054846
2023-07-25 20:00:00,0.9295390322317484,0.9221343059165804,0.0012125914392907
2023-07-25 21:00:00,0.9041336346295924,0.9307786405476092,0.0707259365156585
2023-07-25 22:00:00,0.606673644259085,0.992832648208718,0.0454065410140293
2023-07-25 23:00:00,0.5783645078247668,0.9731534664926964,0.0
2023-07-26 00:00:00,0.598894420012929,0.9078429851656644,0.0
2023-07-26 01:00:00,0.8222683644762226,0.8694707895416061,0.0577076509887096
2023-07-26 02:00:00,0.9023879743089864,0.8751812542186064,0.1597054799397786
2023-07-26 03:00:00,0.896307533862544,0.8569142335380604,0.3611013624403212
2023-07-26 04:00:00,0.8478542091020572,0.7500160628674077,0.4685959083582062
2023-07-26 05:00:00,0.9418543460322362,0.5604154845468359,0.5950716507980247
2023-07-26 06:00:00,0.9727994850258422,0.5364364424562142,0.8537988101734835
2023-07-26 07:00:00,0.971649578194213,0.3910856200199501,0.5236841416826435
2023-07-26 08:00:00,0.983989282371172,0.302611556707644,0.3559164315267326
2023-07-26 09:00:00,0.9974280993143716,0.339590791004156,0.2196483643226374
2023-07-26 10:00:00,0.9972223581052292,0.1081459195006127,0.0637567043304443
2023-07-26 11:00:00,0.9982730921577004,0.0844608101190305,0.0491236004174924
2023-07-26 12:00:00,0.99834557452233,0.2030419711194007,0.0201349683057249
2023-07-26 13:00:00,0.998716532015333,0.1661075797735476,0.0181935865894641
2023-07-26 14:00:00,0.9977432325774548,0.0934081685309316,0.0322415462506362
2023-07-26 15:00:00,0.9824635437111447,0.06149455612781,0.018682490766438
2023-07-26 16:00:00,0.9571024639154572,0.0990773883520388,0.0014804453631631
2023-07-26 17:00:00,0.9034899667976728,0.1716990190393784,0.0191626957818573
2023-07-26 18:00:00,0.7934345544553271,0.1786485590965919,0.0855368258906345
2023-07-26 19:00:00,0.6294156445397271,0.2846056402119156,0.1524182160695394
2023-07-26 20:00:00,0.4957081445681503,0.5043375102523106,0.1450840398377063
2023-07-26 21:00:00,0.3580035430933136,0.5559714167725806,0.1015285417145373
2023-07-26 22:00:00,0.3010453990861481,0.2277168323791105,0.0790479370191985
2023-07-26 23:00:00,0.2641477802999659,0.2369736284991495,0.0575150461757884
2023-07-27 00:00:00,0.1300224369647456,0.1570085450714709,0.0676329463135962
2023-07-27 01:00:00,0.051116429123224,0.148468952552945,0.0394250314220104
2023-07-27 02:00:00,0.0014923304514168,0.0986512502034505,0.0120941864119635
2023-07-27 03:00:00,0.0006440075394374,0.1372397880928189,0.0245605255264082
2023-07-27 04:00:00,0.014519297998715,0.098725580701641,2.359759573842965e-05
2023-07-27 05:00:00,0.0697140600167068,0.0952514947629442,0.0
2023-07-27 06:00:00,0.0995355026394713,0.0764277402092428,0.0
2023-07-27 07:00:00,0.191143886715758,0.0758235127318139,0.000465243470435
2023-07-27 08:00:00,0.2036765790453144,0.0397579268692365,0.0008969723788741
2023-07-27 09:00:00,0.1328870011310951,0.0416817295005898,0.0015022174205655
2023-07-27 10:00:00,0.1988696771509507,0.1408061794206208,0.3911545385722241
2023-07-27 11:00:00,0.331617917889863,0.1206509389129339,0.7118609839794683
2023-07-27 12:00:00,0.4276572021783567,0.1490340396469714,0.8924663705763474
2023-07-27 13:00:00,0.3957296025519278,0.1303527168199127,0.6354295350367727
2023-07-27 14:00:00,0.3819789231992235,0.0972421496522192,0.6781574324065563
2023-07-27 15:00:00,0.475042575325062,0.1084706946915271,0.7928802733327828
2023-07-27 16:00:00,0.6530308068967332,0.156256685069963,0.8382437556397682
2023-07-27 17:00:00,0.7501582164390415,0.2871710147733002,0.654616683137183
2023-07-27 18:00:00,0.8575034235038009,0.3595576161652609,0.4940922665440179
2023-07-27 19:00:00,0.8649494819391786,0.3663924176708545,0.4361086966944676
2023-07-27 20:00:00,0.9650230719373116,0.3554002381617727,0.4712499122993618
2023-07-27 21:00:00,0.9830376276003768,0.3502445298861834,0.4811537733264998
2023-07-27 22:00:00,0.8749164444169187,0.3186051284565645,0.5299517843458388
2023-07-27 23:00:00,0.8545515521679049,0.3028011742760153,0.4221003600974488
2023-07-28 00:00:00,0.9428682264938854,0.4009401673584982,0.4045212954477547
2023-07-28 01:00:00,0.960762902802112,0.636149574728573,0.421027252097535
2023-07-28 02:00:00,0.9747458501578936,0.8406644895964978,0.3240158573474759
2023-07-28 03:00:00,0.9717077803767584,0.9808042064990872,0.2765387709623848
2023-07-28 04:00:00,0.9677538747101828,0.9969673842386482,0.2168901262719647
2023-07-28 05:00:00,0.914996284285402,0.994633662155251,0.0993019926781747
2023-07-28 06:00:00,0.9800719248703104,0.8950665043849572,0.0816967908073874
2023-07-28 07:00:00,0.9683760069554148,0.939738709942188,0.0767974058787027
2023-07-28 08:00:00,0.9590001885407892,0.9971232694738048,0.0804442284153957
2023-07-28 09:00:00,0.9254819707932816,0.9859118617438024,0.0805783505533255
2023-07-28 10:00:00,0.8889543246599584,0.8353005484038708,0.0592967341927921
2023-07-28 11:00:00,0.9507658590678296,0.7216662425620883,0.0784143045836804
2023-07-28 12:00:00,0.8983046213785807,0.7114264731313668,0.0831556086446724
2023-07-28 13:00:00,0.7999893263274548,0.7268120447794596,0.1136876788793825
2023-07-28 14:00:00,0.65959441428091,0.7615823371737611,0.1024170365988039
2023-07-28 15:00:00,0.4863702082166484,0.7271057764689127,0.0509843405555276
2023-07-28 16:00:00,0.2934635636074091,0.6088486372255811,0.0015748240589316
2023-07-28 17:00:00,0.1872689116234873,0.4848713500826966,0.0441614311504987
2023-07-28 18:00:00,0.1554439582076727,0.3187078837475745,0.1834039438783732
2023-07-28 19:00:00,0.1567145539265053,0.2268156381993512,0.2065632545870114
2023-07-28 20:00:00,0.1334593810287176,0.1947059101528591,0.150036239156536
2023-07-28 21:00:00,0.0889704507939955,0.1604689102546841,0.1235894479003607
2023-07-28 22:00:00,0.0530735651652018,0.1229026270847694,0.1148232174854652
2023-07-28 23:00:00,0.0528936993842031,0.1078995068868001,0.1303432151383044
2023-07-29 00:00:00,0.0467141605670156,0.1242290758619121,0.140121392175263
2023-07-29 01:00:00,0.0367672681029326,0.1233336738511627,0.1557208393134322
2023-07-29 02:00:00,0.0300027887805614,0.0936069675520354,0.1853787665273629
2023-07-29 03:00:00,0.0183301973187066,0.0960816589056276,0.1579000201879763
2023-07-29 04:00:00,0.021549610141056,0.153325223455242,0.1678056109185312
2023-07-29 05:00:00,0.0014756886787663,0.0922751192953072,0.1423926096336514
2023-07-29 06:00:00,0.0009108828563316,0.0673469608905268,0.2370300012476304
2023-07-29 07:00:00,0.0003427559254216,0.0725637230218625,0.256910869498658
2023-07-29 08:00:00,0.0005215698597477,0.1108007103789086,0.3134274482727051
2023-07-29 09:00:00,0.0008498757493262,0.1087748536876603,0.3545340322980694
2023-07-29 10:00:00,0.0120401499318141,0.0643290257921405,0.1527623101776721
2023-07-29 11:00:00,0.0286067202200297,0.0764187410766003,0.1519336303075154
2023-07-29 12:00:00,0.0355245533332326,0.0800835852529488,0.1528856216692456
2023-07-29 13:00:00,0.0308724676861482,0.0767067133211622,0.155158942820979
2023-07-29 14:00:00,0.0244797701929129,0.0896565586912865,0.1426425985261505
2023-07-29 15:00:00,0.0370794211337768,0.0921007231170056,0.1212256328732359
2023-07-29 16:00:00,0.0492488870433732,0.0859047384823069,0.0780758670732086
2023-07-29 17:00:00,0.0810047691943598,0.0777384814094094,0.0524101304072959
2023-07-29 18:00:00,0.105712892962437,0.0579026867361629,0.0463651095340454
2023-07-29 19:00:00,0.1066711954042023,0.0489913073240541,0.0172160380806019
2023-07-29 20:00:00,0.0917544785667868,0.0522791638093836,0.000534386027093
2023-07-29 21:00:00,0.0568065222571877,0.0471693074781131,0.0
2023-07-29 22:00:00,0.0258731951121411,0.0578404174131505,0.0
2023-07-29 23:00:00,0.0101613230954587,0.0535278928046133,0.0012257952316134
2023-07-30 00:00:00,0.0013797283172607,0.0589609146118164,0.039484965255837
2023-07-30 01:00:00,0.000751999858158,0.0448273689139123,0.1047390231899186
2023-07-30 02:00:00,0.0002384770150278,0.0194853555922414,0.1563436377282236
2023-07-30 03:00:00,0.0,0.0008877017139609,0.2024647425981908
2023-07-30 04:00:00,0.0,0.0,0.1520744375154084
2023-07-30 05:00:00,0.0,0.0,0.121994462667727
2023-07-30 06:00:00,0.0,0.0,0.0745611331042121
2023-07-30 07:00:00,0.0,0.0,0.0322282489608315
2023-07-30 08:00:00,0.0003435327336679,0.0,0.0013201396449718
2023-07-30 09:00:00,0.0061543085216696,0.0,5.5013139263477205e-05
2023-07-30 10:00:00,0.0470334084984523,0.0,0.0
2023-07-30 11:00:00,0.0979765256245931,0.0,5.661389406989603e-05
2023-07-30 12:00:00,0.1556589556675331,0.0004943897521573,0.000406570294324
2023-07-30 13:00:00,0.2004920516917908,0.0012722549095652,0.0010312203488318
2023-07-30 14:00:00,0.2466014662599251,0.003568861219618,0.0572837334053189
2023-07-30 15:00:00,0.2802329624400419,0.0282199916496775,0.0162009137128692
2023-07-30 16:00:00,0.3177820607727649,0.0489922676211089,0.0015680162735234
2023-07-30 17:00:00,0.3746226550706851,0.075313367095648,0.0011471369687248
2023-07-30 18:00:00,0.4399748004339879,0.1257496254116881,0.0015856358740064
2023-07-30 19:00:00,0.4587809322706235,0.1841929847118901,0.0228517955424738
2023-07-30 20:00:00,0.4304569359698327,0.2331989637387344,0.0048948280951556
2023-07-30 21:00:00,0.3697010940975613,0.2632591397154565,0.0013301111514272
2023-07-30 22:00:00,0.2002886479196984,0.1774232808281393,0.0126216719353121
2023-07-30 23:00:00,0.1197806760376574,0.1154179666556564,0.0206352604760064
2023-07-31 00:00:00,0.0873938728781307,0.0717905689688289,0.014882617916157
2023-07-31 01:00:00,0.1093813484790278,0.0435217490383223,0.0144544497034908
2023-07-31 02:00:00,0.1122803430931241,0.0202395503037895,0.0182280330096974
2023-07-31 03:00:00,0.1087086574704039,0.0171280070847156,0.0167180280280269
2023-07-31 04:00:00,0.0836156396304859,0.0075096378918566,0.0020231444851245
2023-07-31 05:00:00,0.0240115406466465,0.0007795103235182,0.0
2023-07-31 06:00:00,0.0117500950308407,0.0,0.0
2023-07-31 07:00:00,0.0065445167566436,0.0,0.0
2023-07-31 08:00:00,0.0015078245424756,0.0,0.0
2023-07-31 09:00:00,0.0015838126731074,0.0,0.0
2023-07-31 10:00:00,0.0010008905448165,0.0,0.0
2023-07-31 11:00:00,0.0013805020089242,0.0,0.0
2023-07-31 12:00:00,0.0150784281344195,0.0,0.0
2023-07-31 13:00:00,0.0271089166597603,0.0011345451953364,0.0004764771928974
2023-07-31 14:00:00,0.0333429956747815,0.0003690555983898,0.0
2023-07-31 15:00:00,0.0277554790178934,0.0,0.0
2023-07-31 16:00:00,0.0033160997372047,9.288974836760876e-06,0.0
2023-07-31 17:00:00,0.0057851251433877,0.0,0.0015554973502564
2023-07-31 18:00:00,0.0120886618794958,0.0,0.0011047491061142
2023-07-31 19:00:00,0.0239772297977622,0.0,0.0005582703484429
2023-07-31 20:00:00,0.0433551205529107,0.0,0.0
2023-07-31 21:00:00,0.0490507191302729,8.080013437208786e-05,0.0
2023-07-31 22:00:00,0.1179873826457005,0.0010270916558558,0.0
2023-07-31 23:00:00,0.086604356765747,0.0009202337732502,0.0
2023-08-01 00:00:00,0.0605431023766012,0.0005596981329076,0.0
2023-08-01 01:00:00,0.037646482193392,0.0,0.0
2023-08-01 02:00:00,0.0092341054498759,0.0,0.0
2023-08-01 03:00:00,0.0010816587342156,0.0,0.0
2023-08-01 04:00:00,3.581966450011808e-05,0.0,0.0
2023-08-01 05:00:00,0.0,0.0,0.0
2023-08-01 06:00:00,0.0,0.0,0.0
2023-08-01 07:00:00,0.0,0.0,0.0
2023-08-01 08:00:00,0.0,0.0,0.0009806471712449
2023-08-01 09:00:00,0.0,0.0,0.0013834090014688
2023-08-01 10:00:00,0.0009928988475425,0.0,0.0045418567906797
2023-08-01 11:00:00,0.0035239758055194,0.0,0.0378164547720765
2023-08-01 12:00:00,0.0159526825730317,0.0,0.0642847547344133
2023-08-01 13:00:00,0.0235610709470861,0.0,0.0702816832299326
2023-08-01 14:00:00,0.0306569657294578,0.0,0.0728047127817191
2023-08-01 15:00:00,0.0363850472799313,0.0,0.0721950624503341
2023-08-01 16:00:00,0.0411445054353452,0.0,0.054103229560104
2023-08-01 17:00:00,0.0517249107360839,0.0019735479666516,0.0579714073854334
2023-08-01 18:00:00,0.0635511267418954,0.1183596311831006,0.0870593388875325
2023-08-01 19:00:00,0.0787938108631208,0.3252604194715911,0.1447613332785812
2023-08-01 20:00:00,0.0830464737088072,0.0783985736323338,0.2378507221446317
2023-08-01 21:00:00,0.076910654703776,0.0364231315313601,0.2524074448479546
2023-08-01 22:00:00,0.1001595282087139,0.0011069529196795,0.2918675989886514
2023-08-01 23:00:00,0.0954713774662391,0.0006234525075924,0.2665764864753274
2023-08-02 00:00:00,0.0682019486146814,0.0006866681030373,0.2552497683007733
2023-08-02 01:00:00,0.0391584981500712,0.000951470113268,0.243861466451408
2023-08-02 02:00:00,0.0248414293613309,0.0013443067962048,0.2536241369309768
2023-08-02 03:00:00,0.0014517918910855,0.0055452090462827,0.2338313214919146
2023-08-02 04:00:00,0.0009435095818214,0.0175923615499259,0.1973941559885062
2023-08-02 05:00:00,0.0005411653736837,0.0015150955299925,0.2141758850197387
2023-08-02 06:00:00,0.0013350061341827,0.0009380391999786,0.1296896326775644
2023-08-02 07:00:00,0.0444880338276133,0.0008645042095308,0.1378579934438069
2023-08-02 08:00:00,0.0728671690996955,0.0009453553779452,0.1263833630318735
2023-08-02 09:00:00,0.0990330354840147,0.0014398070721844,0.0589923998888801
2023-08-02 10:00:00,0.1145900230781704,0.0004118836783116,0.0061005883746676
2023-08-02 11:00:00,0.1330956875109205,0.0009838393311095,0.027465232057509
2023-08-02 12:00:00,0.1539376085879756,0.016781351145576,0.0886358233059153
2023-08-02 13:00:00,0.1678824658487357,0.0397748845854615,0.0943121489356545
2023-08-02 14:00:00,0.2064345210206274,0.0466780872905955,0.1111048693750418
2023-08-02 15:00:00,0.2350643569347905,0.0760535165375354,0.0512303090563007
2023-08-02 16:00:00,0.1812755765478595,0.1105065439261642,0.0220274313602572
2023-08-02 17:00:00,0.1248728761485978,0.0951878697264428,0.0185250472399144
2023-08-02 18:00:00,0.174400232975779,0.0726641393175312,0.0594636038237927
2023-08-02 19:00:00,0.1506747451483034,0.0163378633704839,0.0590107487697227
2023-08-02 20:00:00,0.1311702821768966,0.0016291737556457,0.0432651237724653
2023-08-02 21:00:00,0.302811720791985,0.0616539927089915,0.0260071057120179
2023-08-02 22:00:00,0.011649218649646,0.1053981804380229,0.0011005931430392
2023-08-02 23:00:00,0.0107397156603196,0.1305281999064426,0.0263846154306449
2023-08-03 00:00:00,0.0241845522830688,0.1520149380553002,0.0330550760225532
2023-08-03 01:00:00,0.0264191183389401,0.1033866989846323,0.0751374048345229
2023-08-03 02:00:00,0.016711170377295,0.0356229668349222,0.0524992335076425
2023-08-03 03:00:00,0.0195271228653153,0.0198335028162189,0.0643909211252249
2023-08-03 04:00:00,0.0007609066620371,0.0360159881753859,0.1091270470151714
2023-08-03 05:00:00,0.0,0.0027709108552122,0.0686726149390725
2023-08-03 06:00:00,0.0,0.001204933605942,0.0535159017525467
2023-08-03 07:00:00,0.0,0.0157939172258564,0.0618184080310896
2023-08-03 08:00:00,0.0,0.0260374059084973,0.1187033045525644
2023-08-03 09:00:00,0.0,0.0032763886295892,0.1255780692194022
2023-08-03 10:00:00,0.0,0.0135974467190262,0.1158596020118863
2023-08-03 11:00:00,0.0,0.0282868283246856,0.1106209497825772
2023-08-03 12:00:00,0.0,0.0361308284055173,0.1381914288389916
2023-08-03 13:00:00,0.0,0.0159552471310484,0.1695078845117606
2023-08-03 14:00:00,0.0007604496930938,0.0047489646213506,0.1160243212008008
2023-08-03 15:00:00,0.0113582712372923,0.0144288945042229,0.0778733982759363
2023-08-03 16:00:00,0.0401966357542798,0.0016113998843174,0.1394671435449637
2023-08-03 17:00:00,0.0696300992778703,0.0001578545258715,0.2388455945681902
2023-08-03 18:00:00,0.0806279743418974,0.0,0.3358241467694052
2023-08-03 19:00:00,0.0767141463709812,0.0,0.4115092411539913
2023-08-03 20:00:00,0.0719251819685393,0.0,0.3902252000920913
2023-08-03 21:00:00,0.0668851768269258,0.0073266956541273,0.3341163435792611
2023-08-03 22:00:00,0.059212750079585,0.0376323036898195,0.2076349881739398
2023-08-03 23:00:00,0.0490073725288989,0.0551985291873707,0.1907935111351262
2023-08-04 00:00:00,0.023383890491685,0.0691067003736309,0.1646120291130215
2023-08-04 01:00:00,0.0012961649427226,0.0930782159169514,0.0889747750525381
2023-08-04 02:00:00,9.148533827339124e-05,0.1198881747675877,0.0548471890243829
2023-08-04 03:00:00,0.0,0.1427956422170003,0.0008417866588418
2023-08-04 04:00:00,0.0,0.1362081018148684,0.0
2023-08-04 05:00:00,0.0001697236416386,0.1187694306467093,0.0
2023-08-04 06:00:00,0.0011580921466054,0.0779644648234049,0.0
2023-08-04 07:00:00,0.0107440652410968,0.0508513403873817,0.0
2023-08-04 08:00:00,0.0240376833217595,0.0453436472057517,0.0
2023-08-04 09:00:00,0.026432641580993,0.036062602124183,0.0
2023-08-04 10:00:00,0.0106293605823142,0.0013718562188491,0.0
2023-08-04 11:00:00,0.0088836648105795,0.0007174731859194,0.0
2023-08-04 12:00:00,0.0151851679764541,0.0007863979713589,0.0
2023-08-04 13:00:00,0.0206577992127611,0.0167311558536454,0.0
2023-08-04 14:00:00,0.0280060148706623,0.0583568975037219,0.0
2023-08-04 15:00:00,0.0417012856676687,0.0994482694887647,0.0
2023-08-04 16:00:00,0.046705404917399,0.1483835426031374,0.000204762602164
2023-08-04 17:00:00,0.0403593213729609,0.161286054872999,0.0013255278269449
2023-08-04 18:00:00,0.0358246179187999,0.1607273139205633,0.0552498359306185
2023-08-04 19:00:00,0.0332816044489542,0.1221275212717991,0.1376586684993669
2023-08-04 20:00:00,0.0168048049889358,0.0909871213576372,0.2193805937673531
2023-08-04 21:00:00,0.0011224929803337,0.087900722728056,0.2894499068166695
2023-08-04 22:00:00,0.0,0.0649875051835004,0.236044899310941
2023-08-04 23:00:00,0.0,0.0865441911360796,0.199089128207537
2023-08-05 00:00:00,1.5506167816959954e-05,0.0858441053652295,0.2029339628281936
2023-08-05 01:00:00,0.0037031672359292,0.0827361321916767,0.2132789543251586
2023-08-05 02:00:00,0.0638839544034471,0.0792266107073017,0.1824573317384408
2023-08-05 03:00:00,0.1143124056797401,0.0885236964506261,0.1824251779543808
2023-08-05 04:00:00,0.1136596296347823,0.0837082956351485,0.1971583615720661
2023-08-05 05:00:00,0.0656132838305305,0.0737185337964226,0.1658825547087426
2023-08-05 06:00:00,0.0731248949088302,0.0778885682423909,0.106934016826106
2023-08-05 07:00:00,0.1296248038609822,0.1037209407955992,0.1503901855618346
2023-08-05 08:00:00,0.1706181787977031,0.098692307285234,0.2087581204433067
2023-08-05 09:00:00,0.1813553984648262,0.0999516833062265,0.3622023015240438
2023-08-05 10:00:00,0.1635079407224468,0.1559009855868769,0.3977731365004396
2023-08-05 11:00:00,0.1459984101501165,0.147639466267006,0.5068443881140815
2023-08-05 12:00:00,0.1256074858646766,0.1462491002737307,0.6281807531718335
2023-08-05 13:00:00,0.1015803977554919,0.1408356311274509,0.7063281863343481
2023-08-05 14:00:00,0.1102036120844822,0.1425686537050733,0.5972170751858381
2023-08-05 15:00:00,0.1385761943517946,0.161092620269925,0.4117122615864074
2023-08-05 16:00:00,0.1367571307163612,0.1879460359710494,0.3811724076863207
2023-08-05 17:00:00,0.3220499574748519,0.2402296284444971,0.469823631585813
2023-08-05 18:00:00,0.5582442548539903,0.333092965331732,0.5762119152966667
2023-08-05 19:00:00,0.6584658248751771,0.4393548264222986,0.5919486712786107
2023-08-05 20:00:00,0.6269888706456601,0.539128975151411,0.6209239071490718
2023-08-05 21:00:00,0.5592610555536607,0.6022630875406702,0.6646314415277219
2023-08-05 22:00:00,0.6458245632695216,0.6962123104170257,0.7201673470291436
2023-08-05 23:00:00,0.7019086632074094,0.7218881120868758,0.7445537529739679
2023-08-06 00:00:00,0.7041169521855373,0.656904099034328,0.705182907628078
2023-08-06 01:00:00,0.6828536052329868,0.6409135893279431,0.6876571786169912
2023-08-06 02:00:00,0.5925839477115207,0.6555764160904229,0.6151585719164679
2023-08-06 03:00:00,0.4783028247309666,0.674825069951076,0.5380059067719902
2023-08-06 04:00:00,0.4299430862750882,0.641962070091098,0.5501098492566276
2023-08-06 05:00:00,0.3551455105052274,0.5764558112699222,0.5868291854858398
2023-08-06 06:00:00,0.4511631703844257,0.5730450309179966,0.6218577366249234
2023-08-06 07:00:00,0.5350861440297046,0.627621817432977,0.7075474869971181
2023-08-06 08:00:00,0.4309711518630483,0.6069616242951037,0.8400507160261566
2023-08-06 09:00:00,0.335293451944987,0.694305606916839,0.9349736731036816
2023-08-06 10:00:00,0.2720707569246978,0.8677889630685445,0.9667266895568448
2023-08-06 11:00:00,0.2156607029484767,0.986687731898688,0.9979953984029932
2023-08-06 12:00:00,0.2110752062080732,0.9979204975701624,0.9972633100023456
2023-08-06 13:00:00,0.254726425495023,0.996204447902106,0.9852758731717376
2023-08-06 14:00:00,0.2566234395394917,0.9576230828278984,0.945007430182563
2023-08-06 15:00:00,0.2550215534135407,0.9843060144411973,0.8392614102831074
2023-08-06 16:00:00,0.1827990619185703,0.983671400282118,0.7342845318364162
2023-08-06 17:00:00,0.2149600702173569,0.9835425420524248,0.779786044476079
2023-08-06 18:00:00,0.290276845296224,0.9846573873283035,0.8847178415535322
2023-08-06 19:00:00,0.3155171964682784,0.9806656432307624,0.9498383141810598
2023-08-06 20:00:00,0.2772905063005834,0.9728628202201494,0.9846574714760374
2023-08-06 21:00:00,0.383752935072955,0.9596296447554444,0.996944620718364
2023-08-06 22:00:00,0.4230725437987084,0.9246770011054144,0.8505411522061217
2023-08-06 23:00:00,0.3454785300236122,0.8921618866764642,0.1379640897115071
2023-08-07 00:00:00,0.3425132745231678,0.8210255024479884,0.0004612110019509
2023-08-07 01:00:00,0.3582365185606713,0.730107494429046,0.0
2023-08-07 02:00:00,0.3738388438629948,0.6504247235316856,0.0437270492510078
2023-08-07 03:00:00,0.3972075795815661,0.5906910210653068,0.2481042855705311
2023-08-07 04:00:00,0.3684464981353361,0.5258910328734154,0.2830242425008537
2023-08-07 05:00:00,0.3280245587716694,0.4449047107322543,0.0610708722881242
2023-08-07 06:00:00,0.3095638346827887,0.4043387088900298,0.0004528164863586
2023-08-07 07:00:00,0.3020002249798743,0.5180845696941699,0.1548413201874377
2023-08-07 08:00:00,0.2937390913371167,0.6416748177771474,0.5556949057610207
2023-08-07 09:00:00,0.2824463033987806,0.5740211524215398,0.9394640704385596
2023-08-07 10:00:00,0.2283250895980136,0.2770776873320536,0.8187775518379959
2023-08-07 11:00:00,0.3151782431633644,0.4417077980789484,0.682323278165331
2023-08-07 12:00:00,0.3158234848695643,0.8950390285915799,0.6031419015398212
2023-08-07 13:00:00,0.2628902890323813,0.8263081569297641,0.6621313843072629
2023-08-07 14:00:00,0.200122845718284,0.7011792426015816,0.6967328202490712
2023-08-07 15:00:00,0.1494236085929122,0.4889792320775051,0.6500669834660548
2023-08-07 16:00:00,0.1056270622739604,0.2724320872936373,0.5342904804578793
2023-08-07 17:00:00,0.0753267138612036,0.1751028198042726,0.378993892981336
2023-08-07 18:00:00,0.103353600876004,0.1261292368757958,0.3848224543278513
2023-08-07 19:00:00,0.1694732086331236,0.1102665125154981,0.3252281940061282
2023-08-07 20:00:00,0.1706667741139729,0.0910800111060049,0.2722825692370046
2023-08-07 21:00:00,0.1280755388970468,0.0784242386911429,0.3019196613162171
2023-08-07 22:00:00,0.1187811061447741,0.1278940252229279,0.3643219315148647
2023-08-07 23:00:00,0.0900361350938385,0.1347211412355011,0.2601349525202333
2023-08-08 00:00:00,0.0825884061701157,0.1164767555162018,0.1739584885391534
2023-08-08 01:00:00,0.0773809937869801,0.0949343279296276,0.1249908933452531
2023-08-08 02:00:00,0.076608517590691,0.0367103959220686,0.1202408589568792
2023-08-08 03:00:00,0.0750784546721215,0.0097601561764486,0.1095286771362903
2023-08-08 04:00:00,0.0688989489686255,0.0012227172165914,0.0952016606050379
2023-08-08 05:00:00,0.0551098702000636,0.0002107620239257,0.0922973483216528
2023-08-08 06:00:00,0.0541274454079422,0.0,0.0718361957400452
2023-08-08 07:00:00,0.0529261663848278,0.0,0.1005001512228273
2023-08-08 08:00:00,0.0385571149439593,0.0,0.0828107899310542
2023-08-08 09:00:00,0.012751628370846,0.0,0.056769193387499
2023-08-08 10:00:00,0.0721732775370279,0.0,0.0011304807818793
2023-08-08 11:00:00,0.112571213759628,0.0,0.0014127333179798
2023-08-08 12:00:00,0.2202462589039522,0.0005360993684506,0.0097881742552214
2023-08-08 13:00:00,0.3350177044961966,0.0008936563348458,0.0529560154559565
2023-08-08 14:00:00,0.4994388031803705,0.001484200455784,0.1076329338784311
2023-08-08 15:00:00,0.4575064369276458,0.0465150966363794,0.0845472719155105
2023-08-08 16:00:00,0.4252093851176742,0.1292654930376539,0.0818229189106062
2023-08-08 17:00:00,0.3908005711299921,0.1519604173361086,0.0479933440295699
2023-08-08 18:00:00,0.3225214746263292,0.1781746016608344,0.0265945815572551
2023-08-08 19:00:00,0.2662110702664244,0.249178269330193,0.015232606650957
2023-08-08 20:00:00,0.2330848562951181,0.351950941522137,0.0249259580973706
2023-08-08 21:00:00,0.202675370609059,0.4138123365788678,0.0316564542016172
2023-08-08 22:00:00,0.1872063805075252,0.2679322747623219,0.017960166619494
2023-08-08 23:00:00,0.1239714786118152,0.1310896405986711,0.0250741827721689
2023-08-09 00:00:00,0.0937904329860911,0.0863280483320647,0.0394330527268204
2023-08-09 01:00:00,0.1162392485375497,0.1112652409310434,0.072108974643782
2023-08-09 02:00:00,0.1392379461550245,0.1589518317989274,0.0916319734909955
2023-08-09 03:00:00,0.1707147032606835,0.2238117760302973,0.0924945345111921
2023-08-09 04:00:00,0.1648763231202668,0.2361118123422261,0.07271876522139
2023-08-09 05:00:00,0.0952142593907375,0.2537875113144419,0.0175039464352177
2023-08-09 06:00:00,0.0917294212416106,0.249125567916172,0.016762540620916
2023-08-09 07:00:00,0.0981108113831164,0.1615604466083003,0.0273994347628425
2023-08-09 08:00:00,0.0963815520791446,0.1199843486150105,0.0272882436615189
2023-08-09 09:00:00,0.0784869521271948,0.0779199366476021,0.0168821936339334
2023-08-09 10:00:00,0.0797831778432808,0.0629077471938787,0.0010039510290607
2023-08-09 11:00:00,0.0600212929295558,0.0357014852411606,0.0034816436518251
2023-08-09 12:00:00,0.0525004957236495,0.0243626704402998,0.0013879588226866
2023-08-09 13:00:00,0.0646645181319292,0.0307192494666654,0.0008836057451036
2023-08-09 14:00:00,0.0952301072139366,0.0451271284639445,0.0002901628126505
2023-08-09 15:00:00,0.1202718884337182,0.0520780740999708,0.0002180147015191
2023-08-09 16:00:00,0.1202961159687416,0.0617849593069039,0.0002715462952657
2023-08-09 17:00:00,0.1399107072867599,0.0754866413041657,0.0002507501178317
2023-08-09 18:00:00,0.1677186582602706,0.0923005272360409,5.30956617367813e-05
2023-08-09 19:00:00,0.1941373270321515,0.1042781741011376,0.000797408468583
2023-08-09 20:00:00,0.2167388909782459,0.100299458877713,0.0190196906039917
2023-08-09 21:00:00,0.2359309695125405,0.1032651405708462,0.0464126611846724
2023-08-09 22:00:00,0.1634269835902195,0.0787223086637609,0.0728515550202014
2023-08-09 23:00:00,0.179612462037529,0.0892747850979075,0.0919833604027243
2023-08-10 00:00:00,0.2175926538853863,0.0994248133079678,0.1216253346087885
2023-08-10 01:00:00,0.2503277523065704,0.1263211988935283,0.1199656958673514
2023-08-10 02:00:00,0.2783730762456757,0.1383096564049814,0.1196992280436497
2023-08-10 03:00:00,0.2940892892725327,0.1330761582243676,0.100596360131806
2023-08-10 04:00:00,0.2458317887549306,0.1382337481367822,0.0737797512727625
2023-08-10 05:00:00,0.1596579014086255,0.1238685729456882,0.0355194581100364
2023-08-10 06:00:00,0.1599822909224267,0.100641554477168,0.000979020315058
2023-08-10 07:00:00,0.14084867402619,0.1106423723931406,0.0007399967293334
2023-08-10 08:00:00,0.1543135385887295,0.1426907029806399,0.0015305666362538
2023-08-10 09:00:00,0.2052682801788928,0.1586694109673593,0.0071673089382695
2023-08-10 10:00:00,0.3282457426482555,0.1623763290106081,0.001369521508809
2023-08-10 11:00:00,0.2395829406439089,0.205217177571814,0.0011417106086132
2023-08-10 12:00:00,0.1488692152733896,0.2863732101091372,0.0010424930285784
2023-08-10 13:00:00,0.1311790826273899,0.3168114883447784,0.001225006346609
2023-08-10 14:00:00,0.168385809543086,0.295380000195472,0.0015254195998696
2023-08-10 15:00:00,0.2688876507329005,0.2841843249751072,0.0093488778943329
2023-08-10 16:00:00,0.3149130422305437,0.3022422821693171,0.0265276093108981
2023-08-10 17:00:00,0.4229087798424016,0.3197913917840695,0.0698634222442028
2023-08-10 18:00:00,0.5009908847559511,0.3044230673048231,0.1033074949301925
2023-08-10 19:00:00,0.5151839817271513,0.3137396690892238,0.1165182683982101
2023-08-10 20:00:00,0.461709117577746,0.3216062714071835,0.1200603270063213
2023-08-10 21:00:00,0.4459893173641629,0.2673718041064692,0.1079216307284785
2023-08-10 22:00:00,0.503054592344496,0.3369625845765756,0.0893099401511398
2023-08-10 23:00:00,0.4630219624712576,0.2564942322525324,0.0566168158662085
2023-08-11 00:00:00,0.4717029387654822,0.1620469256943347,0.0532185797597847
2023-08-11 01:00:00,0.4900205836576574,0.0975019090315874,0.0282911553102381
2023-08-11 02:00:00,0.5133107674667259,0.0316978260582568,0.0003713910875756
2023-08-11 03:00:00,0.5085649209863999,0.0902211899850882,0.000468201107449
2023-08-11 04:00:00,0.4672018842759475,0.1087383195465686,0.0014659193606158
2023-08-11 05:00:00,0.3720482798183666,0.1600599172068577,0.0012659839555328
2023-08-11 06:00:00,0.3819143990286036,0.2053596490348865,0.0010659367430443
2023-08-11 07:00:00,0.5826625247406804,0.1230637349334417,0.0246177931237064
2023-08-11 08:00:00,0.6059577262479495,0.146910641707626,0.0578694717556822
2023-08-11 09:00:00,0.5793850717980877,0.1953512360067928,0.0572593305625167
2023-08-11 10:00:00,0.5735398118012871,0.0988804475933897,0.02776700258255
2023-08-11 11:00:00,0.399299378488578,0.12036006824643,0.0522501795899634
2023-08-11 12:00:00,0.2745063320484037,0.118686930806029,0.0958022183062983
2023-08-11 13:00:00,0.3673649675705853,0.1804229387270859,0.1124126654045254
2023-08-11 14:00:00,0.3818124493742301,0.2506569881065219,0.1249257139131134
2023-08-11 15:00:00,0.3757568449755899,0.3628453460394167,0.1563812938390993
2023-08-11 16:00:00,0.3346586102753683,0.5038445214040919,0.1560840770310046
2023-08-11 17:00:00,0.2390224699880562,0.5233669514749564,0.1736760918611015
2023-08-11 18:00:00,0.2278812726338704,0.4740635865654041,0.285392430872699
2023-08-11 19:00:00,0.2485006712620554,0.449603562261544,0.3416147699543074
2023-08-11 20:00:00,0.2885250858232087,0.4897965792736976,0.3251706276064605
2023-08-11 21:00:00,0.3371760050455729,0.4992647965749104,0.2757417953092288
2023-08-11 22:00:00,0.3623443132911632,0.6206905841827393,0.2637271164289487
2023-08-11 23:00:00,0.3467663035673253,0.6432500914031384,0.2340156580108443
2023-08-12 00:00:00,0.3587007849824195,0.5858871126486584,0.2346641814786624
2023-08-12 01:00:00,0.3421229069529016,0.5954648232927509,0.2568686491523693
2023-08-12 02:00:00,0.3239722797294068,0.6507748061535404,0.2812850366230883
2023-08-12 03:00:00,0.3113922636493358,0.5866643182592454,0.2933677536210203
2023-08-12 04:00:00,0.2749928430794111,0.5109637391333487,0.2786829487171048
2023-08-12 05:00:00,0.1797326686335545,0.5274423976349675,0.3067730361340092
2023-08-12 06:00:00,0.1618472150727814,0.6928157432406556,0.3368412996429244
2023-08-12 07:00:00,0.1264851116666606,0.5621541169733782,0.2996944196863112
2023-08-12 08:00:00,0.086221928689994,0.4457649109410305,0.2905164886923397
2023-08-12 09:00:00,0.0641062914156446,0.4095710991254819,0.3752734629936468
2023-08-12 10:00:00,0.0827620543685613,0.3490179847268497,0.3312150995715771
2023-08-12 11:00:00,0.0884557939043232,0.3307022019928577,0.407310775682038
2023-08-12 12:00:00,0.0708755324868594,0.267663260690527,0.4611505402459038
2023-08-12 13:00:00,0.0565800479814118,0.2345070246777503,0.4353136065738653
2023-08-12 14:00:00,0.0497303757013059,0.2236748707839866,0.4073124601950053
2023-08-12 15:00:00,0.0565220561682009,0.1599171465518427,0.3040257419636047
2023-08-12 16:00:00,0.0588291299109365,0.0895565865086574,0.1799362500508626
2023-08-12 17:00:00,0.0633003431207993,0.0357963061021044,0.1498376855663225
2023-08-12 18:00:00,0.071724583120907,0.0201589305416431,0.1656501667172301
2023-08-12 19:00:00,0.0812070509966682,0.0651742430294261,0.1987766502729428
2023-08-12 20:00:00,0.0926916038288789,0.1268981017318426,0.1973271837421492
2023-08-12 21:00:00,0.1051157946680106,0.1651651952780929,0.1755466367684158
2023-08-12 22:00:00,0.0862786816615684,0.1342265979916441,0.1483263922672645
2023-08-12 23:00:00,0.0942554894615622,0.1335327298033471,0.1590637482848821
2023-08-13 00:00:00,0.0962465417151357,0.1271787694856232,0.1489707184772865
2023-08-13 01:00:00,0.0901364345176547,0.0929575340420592,0.1459906615462957
2023-08-13 02:00:00,0.0667771638608446,0.0657595372667499,0.1492039128845813
2023-08-13 03:00:00,0.0453480193817537,0.0554059533511891,0.1414169517217898
2023-08-13 04:00:00,0.0415335048257915,0.0604101489571964,0.1382694758620916
2023-08-13 05:00:00,0.0196251635457955,0.0350191998325921,0.0726669676163617
2023-08-13 06:00:00,0.0010793333739237,0.0242253366638632,0.028475385475782
2023-08-13 07:00:00,0.000849726153355,0.0347914286688262,0.0361079959308399
2023-08-13 08:00:00,0.0003425977588479,0.0539845812554452,0.0591523507062126
2023-08-13 09:00:00,0.0,0.049910451851639,0.0883222093769148
2023-08-13 10:00:00,0.0,0.0254730223830229,0.0801512540555467
2023-08-13 11:00:00,0.0,0.0484769835191614,0.0832841676824233
2023-08-13 12:00:00,0.0,0.0510981971142338,0.081108294281305
2023-08-13 13:00:00,0.0,0.0401834627382116,0.0740447698854932
2023-08-13 14:00:00,0.0,0.0309756035898246,0.0564399420046338
2023-08-13 15:00:00,1.0754158294278812e-05,0.0095764795939127,0.0207493889565561
2023-08-13 16:00:00,0.0006445961840012,0.0006831529872869,0.001519041123733
2023-08-13 17:00:00,0.0008257479449502,0.0,0.0058597797661824
2023-08-13 18:00:00,0.0005891658122243,0.0,0.0013562417497821
2023-08-13 19:00:00,0.0,3.690579358269187e-05,0.0
2023-08-13 20:00:00,0.0,0.0053654866280898,0.0
2023-08-13 21:00:00,0.0,0.0333190108436385,8.011877147200841e-05
2023-08-13 22:00:00,6.660604788586985e-05,0.0520903923932243,0.0367924052905413
2023-08-13 23:00:00,0.0011831568736656,0.058749236312567,0.0847919548259062
2023-08-14 00:00:00,0.0016224995937222,0.0716763851689357,0.1109377660003363
2023-08-14 01:00:00,0.0013763433188394,0.0888547944087608,0.119138383397869
2023-08-14 02:00:00,0.0006125047315959,0.0974934708838369,0.131160535064398
2023-08-14 03:00:00,0.0001840930359036,0.0936429874569761,0.1504834843616859
2023-08-14 04:00:00,0.0006485445047515,0.0800725525500727,0.1558071258021336
2023-08-14 05:00:00,0.0015028539825888,0.034055377922806,0.11719825221043
2023-08-14 06:00:00,0.000480806126314,0.0010315281113767,0.057301497926899
2023-08-14 07:00:00,0.0004733087969761,0.0001803059983097,0.0530555668999167
2023-08-14 08:00:00,0.0015465628867055,0.0,0.055399221532485
2023-08-14 09:00:00,0.0015054138657314,0.0,0.0631879825218051
2023-08-14 10:00:00,0.0005794120769874,0.0,0.0395235578998241
2023-08-14 11:00:00,0.0002532531233394,0.0,0.0267303675607918
2023-08-14 12:00:00,0.0004587481224458,0.0,0.0083140391929476
2023-08-14 13:00:00,0.0006301952343361,0.0,0.0049703639317182
2023-08-14 14:00:00,0.0005767466196047,0.0,0.0014835584397409
2023-08-14 15:00:00,0.0008657040938832,0.0,0.0004499129999696
2023-08-14 16:00:00,0.0005496900066051,1.0603783177394491e-05,0.0
2023-08-14 17:00:00,0.0003610553305133,0.0007744041922824,0.0
2023-08-14 18:00:00,0.0008178766256843,0.0012615708743824,0.0
2023-08-14 19:00:00,0.0218148893780178,0.0011520966205721,0.0001050000097237
2023-08-14 20:00:00,0.095752150404687,0.0010141714725619,0.0009287280194899
2023-08-14 21:00:00,0.1311854638305364,0.0012633757653579,0.0015341561604169
2023-08-14 22:00:00,0.1138939460118611,0.0014892115312464,0.0003369294740016
2023-08-14 23:00:00,0.0710327952515845,0.0121860360008439,0.0
2023-08-15 00:00:00,0.0610199161604338,0.0092957226279514,0.0
2023-08-15 01:00:00,0.0798524828518138,0.0042686579274196,6.58358623778898e-05
2023-08-15 02:00:00,0.1405061226265103,0.0013920485583785,0.0006035196235756
2023-08-15 03:00:00,0.2156589264963187,0.000786855329875,0.0004662388290455
2023-08-15 04:00:00,0.2634074734706504,0.0,0.0
2023-08-15 05:00:00,0.1616704697702445,0.0,0.0
2023-08-15 06:00:00,0.1112176273383346,0.0,0.0
2023-08-15 07:00:00,0.1704607524123846,0.0,0.0
2023-08-15 08:00:00,0.2151791067684398,0.0,0.0
2023-08-15 09:00:00,0.1961517645642648,0.0,0.0
2023-08-15 10:00:00,0.2252947582918055,0.0,0.0
2023-08-15 11:00:00,0.1619749443203795,0.0,0.0
2023-08-15 12:00:00,0.0971712318121218,0.0,0.0
2023-08-15 13:00:00,0.0973814141516592,0.0,0.0
2023-08-15 14:00:00,0.1079267146540623,0.0,0.0
2023-08-15 15:00:00,0.1349638373244042,0.0,0.0
2023-08-15 16:00:00,0.1298836983886419,0.0001280440224541,0.0066940519544813
2023-08-15 17:00:00,0.1693217777738384,0.0007501961359011,0.0939606919008142
2023-08-15 18:00:00,0.3028708252252317,0.000995311472151,0.1658495267232259
2023-08-15 19:00:00,0.3953639899983125,0.0004775200793945,0.2196320801778556
2023-08-15 20:00:00,0.3553201871759751,0.0,0.235287242465549
2023-08-15 21:00:00,0.3345885931276807,0.0,0.2436574705285963
2023-08-15 22:00:00,0.384102215174756,0.0,0.1902795243107415
2023-08-15 23:00:00,0.3546915708803663,0.0,0.1689530003304575
2023-08-16 00:00:00,0.3644030078563814,0.0011345670114155,0.1507279685899323
2023-08-16 01:00:00,0.3521517647637261,0.0413642778895259,0.1349505489947749
2023-08-16 02:00:00,0.3355759374456468,0.0818742490282245,0.1100097918042949
2023-08-16 03:00:00,0.3334002058490429,0.0651133060455322,0.1002181511299282
2023-08-16 04:00:00,0.375217800826029,0.0413449476746951,0.0870023989209941
2023-08-16 05:00:00,0.2820201325260736,0.0408918908218932,0.0485693753934374
2023-08-16 06:00:00,0.2274226519017437,0.0545434157053629,0.0016220924901027
2023-08-16 07:00:00,0.2537825964634714,0.0695039711746515,0.0090608452659806
2023-08-16 08:00:00,0.2885050711288951,0.0810107062844669,0.0200838692048016
2023-08-16 09:00:00,0.2696667434343325,0.0901290014678356,0.0275192346448212
2023-08-16 10:00:00,0.2750995486390357,0.0747336359585032,0.0394676799088521
2023-08-16 11:00:00,0.288128996207044,0.0814040501912435,0.0496368314705643
2023-08-16 12:00:00,0.2021946626551011,0.090636786292581,0.0290552128374187
2023-08-16 13:00:00,0.1920751029369878,0.1060908915949802,0.0014945186820684
2023-08-16 14:00:00,0.2088253295499514,0.1283642357470942,0.0008656098172555
2023-08-16 15:00:00,0.179619627061233,0.1321371045767092,0.0026823940619923
2023-08-16 16:00:00,0.1499680794921575,0.1427753766377767,0.0347716013590494
2023-08-16 17:00:00,0.2171476526198044,0.1333411885242836,0.077680886960497
2023-08-16 18:00:00,0.3659822753831452,0.1430952782724417,0.1542171894335279
2023-08-16 19:00:00,0.4358239407632865,0.1847470601399739,0.2574545822891534
2023-08-16 20:00:00,0.4146750269372479,0.2198754541235032,0.2920045042349622
2023-08-16 21:00:00,0.3794546438977609,0.2557533332724976,0.298320809220956
2023-08-16 22:00:00,0.4432762261309655,0.2787580334283168,0.2202753927193436
2023-08-16 23:00:00,0.4056093443452923,0.2482117017110189,0.2098164122089061
2023-08-17 00:00:00,0.3627056779425128,0.2383257454516841,0.1938244345920537
2023-08-17 01:00:00,0.3210256271112978,0.2331752777099609,0.1643229115243051
2023-08-17 02:00:00,0.3193415535820855,0.2232616680120331,0.1231734074798284
2023-08-17 03:00:00,0.346617407268948,0.1844462475745506,0.1010817523096122
2023-08-17 04:00:00,0.3375041921154346,0.1478092343199487,0.0967046326281977
2023-08-17 05:00:00,0.2006195417416641,0.104836248884014,0.0456783841638004
2023-08-17 06:00:00,0.1568092551885866,0.0900590186025582,0.0125808536616805
2023-08-17 07:00:00,0.1262575972313974,0.0870109305662267,0.0333119385382708
2023-08-17 08:00:00,0.103727427183413,0.0842044633977553,0.0526754996355842
2023-08-17 09:00:00,0.0913062983868168,0.084456906599157,0.0721481500887403
2023-08-17 10:00:00,0.1027188815322576,0.0628957327674416,0.0594536229675891
2023-08-17 11:00:00,0.0930482265995998,0.0633435389574836,0.0928184331632128
2023-08-17 12:00:00,0.0778377757352941,0.0627552528007357,0.0962716457890529
2023-08-17 13:00:00,0.0616897087471157,0.0696783673529531,0.0501490106769636
2023-08-17 14:00:00,0.0575491961310891,0.0819132842269598,0.0702308673484652
2023-08-17 15:00:00,0.0533009042926863,0.0870766359217026,0.0800915091645483
2023-08-17 16:00:00,0.0415642569267671,0.0848354311550364,0.0986971808414833
2023-08-17 17:00:00,0.0755170279858159,0.1107624932831408,0.1423869647231756
2023-08-17 18:00:00,0.1684348255980248,0.1676420838225121,0.2127538942823223
2023-08-17 19:00:00,0.3094796090344198,0.2247690468831779,0.2634205600015478
2023-08-17 20:00:00,0.3869884450451221,0.232404119828168,0.2919238533069885
2023-08-17 21:00:00,0.3978665171105877,0.2024401683433383,0.2777816953222736
2023-08-17 22:00:00,0.3628356783997779,0.1341370858398138,0.2242821213466669
2023-08-17 23:00:00,0.3347377091451408,0.0883307877708883,0.1604272921880086
2023-08-18 00:00:00,0.3203552641899757,0.0725042118745691,0.1224945806989482
2023-08-18 01:00:00,0.2913019766215405,0.0792678664712344,0.1114918788274129
2023-08-18 02:00:00,0.2705376787123337,0.0857225118898877,0.114413628391191
2023-08-18 03:00:00,0.2556219350278767,0.0892664638220095,0.106131773368985
2023-08-18 04:00:00,0.2343070553798301,0.0802449385325113,0.0858998999876134
2023-08-18 05:00:00,0.1434768531836715,0.0652648654638552,0.0259901479957929
2023-08-18 06:00:00,0.1162014872420068,0.0586610915614109,0.009806916994207
2023-08-18 07:00:00,0.0955087764590394,0.0350851214009951,0.0309239283106685
2023-08-18 08:00:00,0.0964940529243618,0.0222568632730471,0.0706673837175556
2023-08-18 09:00:00,0.0858154951357374,0.0354371775988659,0.0758130410138298
2023-08-18 10:00:00,0.0719049865124272,0.0452256549417583,0.0408688097997428
2023-08-18 11:00:00,0.0540304651447371,0.0475307068014456,0.0444049285907371
2023-08-18 12:00:00,0.0377551991175981,0.0288824836413065,0.0481395238365223
2023-08-18 13:00:00,0.0198259786063549,0.026334770364699,0.0562564531962076
2023-08-18 14:00:00,0.0098174237737468,0.0434120831146738,0.0464464071529363
2023-08-18 15:00:00,0.0123008536357505,0.0592610415290383,0.044449655838262
2023-08-18 16:00:00,0.0254363277379204,0.0689483156391218,0.0304660021869185
2023-08-18 17:00:00,0.0645868684731277,0.0811322997598087,0.0305769673359939
2023-08-18 18:00:00,0.1443613159890268,0.0997984292460422,0.0257106224695841
2023-08-18 19:00:00,0.2594507815791111,0.1217015584309895,0.0330432135295244
2023-08-18 20:00:00,0.2689447932773166,0.1222462396995694,0.0628529810437969
2023-08-18 21:00:00,0.2060998374340581,0.1195895204357072,0.1142986966114418
2023-08-18 22:00:00,0.1985641865948446,0.1013180671953687,0.2274469300812366
2023-08-18 23:00:00,0.2146645277933357,0.0920752684275309,0.1994686968186322
2023-08-19 00:00:00,0.230894253924002,0.0918991659201827,0.1451791969000124
2023-08-19 01:00:00,0.2128943524329491,0.0807458045435886,0.119413371179618
2023-08-19 02:00:00,0.1849370813058092,0.0712415283801508,0.117577548120536
2023-08-19 03:00:00,0.1714258918575212,0.0627880937912884,0.1226216087154313
2023-08-19 04:00:00,0.1939752553802689,0.0505703570795994,0.1019237205093982
2023-08-19 05:00:00,0.1277825645371979,0.015028040783078,0.047304991803138
2023-08-19 06:00:00,0.1002583667343738,0.0019248213643342,0.0016604911268146
2023-08-19 07:00:00,0.0741918647990507,0.0015409600500966,0.00122854210972
2023-08-19 08:00:00,0.069894977644378,0.0070989809784234,0.00142243679832
2023-08-19 09:00:00,0.0560486550424613,0.0192091289688559,0.0015254036273831
2023-08-19 10:00:00,0.0387300700923196,0.0161677213276133,0.0174429167329875
2023-08-19 11:00:00,0.0092290215242921,0.031138300506118,0.0133465154498231
2023-08-19 12:00:00,0.0010987278682733,0.0514921020059024,0.0156321128209431
2023-08-19 13:00:00,0.0,0.0720627635133032,0.0042209255149941
2023-08-19 14:00:00,0.0,0.0925444154178395,0.0012243748490327
2023-08-19 15:00:00,0.0003760347958483,0.0843042485854204,0.0007010047731835
2023-08-19 16:00:00,0.0013400207158007,0.0828008558235916,0.0010832984463062
2023-08-19 17:00:00,0.0437194346602446,0.0921137660157446,0.0452158373165753
2023-08-19 18:00:00,0.090335911395503,0.1038073675305235,0.0871578151104497
2023-08-19 19:00:00,0.1190150719062954,0.1134120950511857,0.0822838381224987
2023-08-19 20:00:00,0.1284306072721294,0.1022021443236107,0.0733790210649079
2023-08-19 21:00:00,0.1326673404843199,0.0853450625550513,0.0610449968599805
2023-08-19 22:00:00,0.222265552071964,0.0574405286826339,0.0034919922647912
2023-08-19 23:00:00,0.2236467436248181,0.0270466555177775,0.0014206104808383
2023-08-20 00:00:00,0.2500464807148852,0.0195137013017741,0.0040480268546958
2023-08-20 01:00:00,0.2641679134244233,0.0195302861967897,0.0014424448698953
2023-08-20 02:00:00,0.3064632322274002,0.0235208175540749,0.0013513522210463
2023-08-20 03:00:00,0.3296671786339454,0.0240709660879147,0.0056084417829326
2023-08-20 04:00:00,0.3098042805989583,0.019644403379727,0.0016526618814156
2023-08-20 05:00:00,0.220579698974011,0.0015379685202455,0.0006798696673773
2023-08-20 06:00:00,0.140192006148544,0.0006138475891811,0.0
2023-08-20 07:00:00,0.1386019295337153,0.000244258665571,0.0001624082428177
2023-08-20 08:00:00,0.1458856872483795,4.416976878845614e-05,0.0
2023-08-20 09:00:00,0.130436338630377,0.000279842248929,0.0
2023-08-20 10:00:00,0.0546386428907805,0.0,0.0
2023-08-20 11:00:00,0.0126912878229727,0.0,0.0
2023-08-20 12:00:00,0.0010380530669019,0.0,0.051351879157272
2023-08-20 13:00:00,0.0002590916515175,0.0,0.0807081016839719
2023-08-20 14:00:00,0.0,0.0,0.0293273497251124
2023-08-20 15:00:00,0.0,0.0,0.001443894860012
2023-08-20 16:00:00,0.0005218682725445,0.0005444810281392,0.0004996450897914
2023-08-20 17:00:00,0.0812675672418931,0.0341710993667054,0.0008304839819864
2023-08-20 18:00:00,0.1400410310894835,0.0580274591258927,0.0015442686922409
2023-08-20 19:00:00,0.1425782605713489,0.0752219733069924,0.0012234827272253
2023-08-20 20:00:00,0.1181465270472507,0.0799196841670017,0.0006938537741019
2023-08-20 21:00:00,0.1341002010831646,0.0780003912308636,0.0008390662716884
2023-08-20 22:00:00,0.1754117448345508,0.0633614203509162,0.0014429474188611
2023-08-20 23:00:00,0.1561838622186698,0.0051992309638877,0.0012754587566151
2023-08-21 00:00:00,0.0992215614692837,0.0,0.0010791639097375
2023-08-21 01:00:00,0.0804960961435355,0.0,0.000570178811067
2023-08-21 02:00:00,0.0958098383510814,0.0005644594921785,0.0
2023-08-21 03:00:00,0.1564826567967732,0.0627697449104458,0.000250210559446
2023-08-21 04:00:00,0.1924075955658956,0.0984388823602713,0.0016159310060388
2023-08-21 05:00:00,0.1161013514387841,0.0587158109627518,0.0010914518163095
2023-08-21 06:00:00,0.0930715308469884,0.0015827105715383,0.0006597236870161
2023-08-21 07:00:00,0.1066873237198474,0.0013636783057568,0.0012000238194185
2023-08-21 08:00:00,0.1118400751375684,0.0272420929148306,0.0024074214735841
2023-08-21 09:00:00,0.0704444389717251,0.0525658504635679,0.0150861105108572
2023-08-21 10:00:00,0.0479824079407586,0.0402434756553251,0.0023985189550063
2023-08-21 11:00:00,0.0495404589409921,0.0800286788566439,0.0122696722255033
2023-08-21 12:00:00,0.070431536319209,0.0601556020624497,0.0334201357723061
2023-08-21 13:00:00,0.0894902967939189,0.0302406374145956,0.071496425890455
2023-08-21 14:00:00,0.109496560751223,0.0395817631989522,0.1006156439874686
2023-08-21 15:00:00,0.2065829139908934,0.0501161229376699,0.0856988102782006
2023-08-21 16:00:00,0.2222824875825371,0.0600983114803538,0.0791495220333922
2023-08-21 17:00:00,0.1761964629678165,0.0742213398802514,0.1015494384017645
2023-08-21 18:00:00,0.1414114821190927,0.0743703047434488,0.1836437057046329
2023-08-21 19:00:00,0.0905901777978036,0.0669351512310551,0.1499095968171662
2023-08-21 20:00:00,0.0476761748588163,0.0408129995944453,0.1426563777175604
2023-08-21 21:00:00,0.0212284077226726,0.0016257708368737,0.1920953544915891
2023-08-21 22:00:00,0.070812281440286,0.0,0.3748891743180019
2023-08-21 23:00:00,0.0505846621943455,0.0,0.4119342510996301
2023-08-22 00:00:00,0.0335926616113949,0.0,0.3260580729814916
2023-08-22 01:00:00,0.0206717517640855,0.0006731791433945,0.3397516253726934
2023-08-22 02:00:00,0.0316521159184524,0.0453517588914609,0.3823444625131445
2023-08-22 03:00:00,0.0498996762668385,0.1151571086808747,0.3121581311319388
2023-08-22 04:00:00,0.0687326403225169,0.2167217186073851,0.2458513889437407
2023-08-22 05:00:00,0.0297687700371337,0.3101004619224399,0.2014546519011454
2023-08-22 06:00:00,0.0012915843452503,0.3571164639167536,0.2623606694290061
2023-08-22 07:00:00,0.0264054143350887,0.4817428152545605,0.3024677139481688
2023-08-22 08:00:00,0.044638868250878,0.6783573113235772,0.3801678520402098
2023-08-22 09:00:00,0.0725845729603486,0.7137419663223565,0.7301956532048244
2023-08-22 10:00:00,0.1269483449412327,0.7469310947493011,0.5240131593218037
2023-08-22 11:00:00,0.1576053628734514,0.7672578774246515,0.4296655810736363
2023-08-22 12:00:00,0.150573732806187,0.7159372965494791,0.3621135350146325
2023-08-22 13:00:00,0.1557494495429244,0.659097858503753,0.2486979166666666
2023-08-22 14:00:00,0.1954398809694776,0.6142971406575122,0.199094516779083
2023-08-22 15:00:00,0.2748612671895744,0.5662062666774575,0.1571704593359255
2023-08-22 16:00:00,0.3346933258904351,0.3920194993611254,0.1552782222336413
2023-08-22 17:00:00,0.3148688054552265,0.234735950145846,0.1480048076779234
2023-08-22 18:00:00,0.2197078754699308,0.1443844215542662,0.1265302008273554
2023-08-22 19:00:00,0.1145050689285876,0.109568296694288,0.0864092508951822
2023-08-22 20:00:00,0.0548495732101739,0.0943125696743235,0.0583412133011163
2023-08-22 21:00:00,0.0260731289589327,0.0863836092107436,0.0224689985412398
2023-08-22 22:00:00,0.0313671901335124,0.084082098568187,0.0155488833103304
2023-08-22 23:00:00,0.0077945975696339,0.077976339003619,0.0012375385153527
2023-08-23 00:00:00,0.0006659549046186,0.0795302905288397,0.0006186872525931
2023-08-23 01:00:00,0.0,0.0637594391317928,0.0016042625202852
2023-08-23 02:00:00,0.0,0.0702055996539545,0.001303503715914
2023-08-23 03:00:00,0.0,0.0797594762315937,0.0045176799001257
2023-08-23 04:00:00,0.0,0.0982733567555745,0.0456946640232809
2023-08-23 05:00:00,0.0,0.061503952624751,0.0143297918481764
2023-08-23 06:00:00,0.0,0.0404333094366235,0.0016316537763558
2023-08-23 07:00:00,0.0,0.0252144539278317,0.0357435236569323
2023-08-23 08:00:00,0.0,0.0332860444106307,0.0828110470491297
2023-08-23 09:00:00,0.0,0.0504956058427399,0.0880690181956571
2023-08-23 10:00:00,0.0,0.0034514112410202,0.025171308346044
2023-08-23 11:00:00,0.0,0.001518770370608,0.0230316987224653
2023-08-23 12:00:00,0.0,0.0108041120510475,0.0177295823502384
2023-08-23 13:00:00,0.0,0.0537674333534988,0.0165328262678158
2023-08-23 14:00:00,0.0,0.0779610287909414,0.0132121868382871
2023-08-23 15:00:00,0.0,0.0926404840805951,0.0293641912391762
2023-08-23 16:00:00,0.0004904001366858,0.0796180145413267,0.0326737703061571
2023-08-23 17:00:00,0.0069632062724992,0.06997171570273,0.0467637909783257
2023-08-23 18:00:00,0.0153617270631727,0.0609756217283361,0.0786154877905752
2023-08-23 19:00:00,0.0010048073101667,0.0306358278966417,0.0996035921807382
2023-08-23 20:00:00,0.0,0.0014024902792537,0.0941658253763236
2023-08-23 21:00:00,0.0,9.452595430261949e-06,0.0623100177914488
2023-08-23 22:00:00,0.0005553462146933,9.903370165357404e-05,0.0288427951289158
2023-08-23 23:00:00,0.028549079801522,0.0,0.0014464298104928
2023-08-24 00:00:00,0.0526941991319843,0.0,0.0007077911320854
2023-08-24 01:00:00,0.0798353026894962,0.0,0.0005309324638516
2023-08-24 02:00:00,0.1019511737075506,0.0,0.0003417788767347
2023-08-24 03:00:00,0.112699083253449,0.0,0.0004864931106567
2023-08-24 04:00:00,0.0942408571056291,0.0001907983636544,0.0013875750934376
2023-08-24 05:00:00,0.0517431427450741,0.0,0.0014823671259911
2023-08-24 06:00:00,0.0397257173762602,0.0,0.0003274437648798
2023-08-24 07:00:00,0.0333729343476638,0.0,0.0009907308746786
2023-08-24 08:00:00,0.0366015321289012,0.0,0.0027122084611381
2023-08-24 09:00:00,0.0344333734387665,0.0,0.0348891078257093
2023-08-24 10:00:00,0.0533916669733384,0.0,0.0163455118540844
2023-08-24 11:00:00,0.0454667798833909,0.0,0.0385674296640882
2023-08-24 12:00:00,0.0513159293754428,0.0,0.0518518335678998
2023-08-24 13:00:00,0.0265783355906118,0.0006042376063228,0.0689270449619667
2023-08-24 14:00:00,0.0014441757420309,0.0020763336443433,0.0751223984886618
2023-08-24 15:00:00,0.020002413419337,0.0241104286480573,0.0671153442532408
2023-08-24 16:00:00,0.0559306144714355,0.0349720097055622,0.0416027817850798
2023-08-24 17:00:00,0.0757319319481943,0.0401171344557618,0.0458194009618821
2023-08-24 18:00:00,0.0810121554954379,0.0103189134909436,0.0493587699590944
2023-08-24 19:00:00,0.085686959472357,0.0002161883840373,0.062484671087826
2023-08-24 20:00:00,0.0718389071670233,0.0,0.0263471525478986
2023-08-24 21:00:00,0.0387109771273494,0.0,0.0004787612584681
2023-08-24 22:00:00,0.0178695597679786,0.0008577088904536,0.0244216100842345
2023-08-24 23:00:00,0.0494888717052983,0.0015925527398103,0.0232049815015855
2023-08-25 00:00:00,0.0231289259748521,0.035833610818277,0.0193876199472963
2023-08-25 01:00:00,0.0014210682289273,0.0455552175933239,0.0339285735211341
2023-08-25 02:00:00,0.0009206517849093,0.0343194596128526,0.0489707343718584
2023-08-25 03:00:00,0.0008875330289204,0.0281482292156593,0.0565221496656829
2023-08-25 04:00:00,0.0011920165392308,0.0599818369921515,0.0404971974347931
2023-08-25 05:00:00,0.0012829440091949,0.0423719119402318,0.0013609185717464
2023-08-25 06:00:00,0.0009435111401127,0.0253277011946135,0.0
2023-08-25 07:00:00,0.0006093639953463,0.0104840055010677,0.0
2023-08-25 08:00:00,0.0005508567772659,0.0039958431829814,0.0
2023-08-25 09:00:00,0.0,0.0261965553744945,0.0
2023-08-25 10:00:00,6.181624979754679e-05,0.0011106725611717,0.0004423058110904
2023-08-25 11:00:00,0.0005225391169778,0.0010826042275023,0.0011159049140082
2023-08-25 12:00:00,0.0005913197604659,0.007036064574921,0.0
2023-08-25 13:00:00,0.000514561833899,0.0100628192128698,0.0
2023-08-25 14:00:00,0.0011001864289925,0.0138944835444681,0.0
2023-08-25 15:00:00,0.0432842393326603,0.0130104001830605,0.0
2023-08-25 16:00:00,0.1375712600408815,0.0013200543285195,0.0
2023-08-25 17:00:00,0.2294730921975927,0.0011505687158871,0.0
2023-08-25 18:00:00,0.2152065233467451,0.0011058352351967,0.0390073473936592
2023-08-25 19:00:00,0.1499810172062294,0.0011804579130185,0.084387975580552
2023-08-25 20:00:00,0.0787727038065592,0.0026682720464818,0.1750980825985179
2023-08-25 21:00:00,0.0487734893568201,0.0370127991134045,0.1971750010072795
2023-08-25 22:00:00,0.034910539396448,0.0846156886979645,0.2096510245129953
2023-08-25 23:00:00,0.0078363309498705,0.1211502855899287,0.1963590173160328
2023-08-26 00:00:00,0.006301595494638,0.1385712857339896,0.2513679242601582
2023-08-26 01:00:00,0.0409259644209169,0.138589202188978,0.1986073543822843
2023-08-26 02:00:00,0.0633266626619825,0.1439352830251058,0.2012171402476192
2023-08-26 03:00:00,0.0732113567053103,0.118218648667429,0.1542948858410704
2023-08-26 04:00:00,0.073483387629191,0.1007187950844858,0.1415696097355263
2023-08-26 05:00:00,0.0772986225053375,0.0922328350590724,0.0870938628327612
2023-08-26 06:00:00,0.0912533788120045,0.0720950668933344,0.016257616429547
2023-08-26 07:00:00,0.1056831607631608,0.0687583287556966,0.0037884529120002
2023-08-26 08:00:00,0.103994280684228,0.0892045217401841,0.0013785903749902
2023-08-26 09:00:00,0.1171302327922746,0.0869283722896201,0.0005776122504589
2023-08-26 10:00:00,0.1688038134107402,0.1125068758048263,0.0404819004675921
2023-08-26 11:00:00,0.1994238710091784,0.1296575864156087,0.0009945221975737
2023-08-26 12:00:00,0.2856020522273443,0.129888887498893,0.0
2023-08-26 13:00:00,0.3841921535192751,0.0858734635745777,0.0
2023-08-26 14:00:00,0.442964078554141,0.0616671758539536,0.0016277085721882
2023-08-26 15:00:00,0.3964426642149882,0.0558593927645215,0.0151980020641501
2023-08-26 16:00:00,0.2909175523745468,0.102164768705181,0.0001137844877305
2023-08-26 17:00:00,0.2755893757140714,0.2539806708790897,0.0
2023-08-26 18:00:00,0.2792515318378124,0.4202947819155026,0.0
2023-08-26 19:00:00,0.2942137593537374,0.4991321859796062,0.0
2023-08-26 20:00:00,0.3043419909633063,0.4709737596948162,0.0
2023-08-26 21:00:00,0.27915897868038,0.445256700702742,0.0
2023-08-26 22:00:00,0.2707484251533458,0.4950664168089823,0.036019174102085
2023-08-26 23:00:00,0.2024344836964327,0.437261562721402,0.0011601896067849
2023-08-27 00:00:00,0.149957350656098,0.3430042001936171,0.0001295653044008
2023-08-27 01:00:00,0.1272641794354307,0.2541240897833132,0.0
2023-08-27 02:00:00,0.1183558795966354,0.1937164855159186,0.0
2023-08-27 03:00:00,0.130434515429478,0.1679731350319058,0.0
2023-08-27 04:00:00,0.1303363430733774,0.1567170783585193,0.001417722577363
2023-08-27 05:00:00,0.0946098449183445,0.1088750596139945,0.027287000924154
2023-08-27 06:00:00,0.0879650957444135,0.0508683101803648,0.0006350742446051
2023-08-27 07:00:00,0.0927121499005486,0.004868617634368,0.0009394782820558
2023-08-27 08:00:00,0.1128054600135952,0.0006539903435052,0.0311798305293313
2023-08-27 09:00:00,0.1200517369251625,0.0007161868163962,0.065167931949391
2023-08-27 10:00:00,0.1374009310030469,0.0003430223932453,0.0009670915946461
2023-08-27 11:00:00,0.1348447682810764,0.0010282923193538,0.0
2023-08-27 12:00:00,0.1408359116198969,0.0020382719881394,0.0
2023-08-27 13:00:00,0.2042625121820986,0.0144459313037348,0.0
2023-08-27 14:00:00,0.3484778419818753,0.0047313968340555,0.0
2023-08-27 15:00:00,0.4160881135977951,0.0063727478575862,0.0
2023-08-27 16:00:00,0.428501143175013,0.0013658813401764,0.0009547004512712
2023-08-27 17:00:00,0.3482551933114046,0.0,0.0583893645043466
2023-08-27 18:00:00,0.3302903751921809,0.0,0.1333925887650134
2023-08-27 19:00:00,0.3939859851513033,0.0,0.1696209580290551
2023-08-27 20:00:00,0.3647528738757364,0.0,0.0989796016730514
2023-08-27 21:00:00,0.2863605972988153,0.0,0.2064994799545387
2023-08-27 22:00:00,0.2254347427218568,0.0,0.2531664044249291
2023-08-27 23:00:00,0.1917191611395942,0.0,0.2520924206652672
2023-08-28 00:00:00,0.1749864029728509,0.0001166926489935,0.2118274744819192
2023-08-28 01:00:00,0.1582242694555544,0.0010552756926592,0.1399045715145036
2023-08-28 02:00:00,0.1488038254719154,0.0149210185007332,0.1110429156060312
2023-08-28 03:00:00,0.1386631470100552,0.0195765386219897,0.0880034063376632
2023-08-28 04:00:00,0.1076775672389011,0.0012400134716158,0.0557908591102151
2023-08-28 05:00:00,0.040422893037983,0.0012021614056007,0.0192350343941083
2023-08-28 06:00:00,0.0008989451757443,0.0011279598560208,0.0008295119977464
2023-08-28 07:00:00,7.633991490781698e-05,0.0015208319900861,0.0009754031312231
2023-08-28 08:00:00,0.0002978292166018,0.0013935472451004,0.0013746658181832
2023-08-28 09:00:00,0.0016383252112694,0.0012611446816936,0.0012038354001014
2023-08-28 10:00:00,0.0173839318986032,0.0012958045878441,0.0
2023-08-28 11:00:00,0.0099257339839062,0.00108769828198,0.0012814437641816
2023-08-28 12:00:00,0.0020023229854558,0.0,0.0058097313432132
2023-08-28 13:00:00,0.0021983252631293,0.0,0.0002937538951051
2023-08-28 14:00:00,0.0082810049742655,0.0,0.0005451943360122
2023-08-28 15:00:00,0.0296812135409685,0.0007263683026133,0.0209210109866522
2023-08-28 16:00:00,0.0792025351056865,0.0139303986543144,0.0946060582703235
2023-08-28 17:00:00,0.088742644179101,0.0384381962757484,0.1381604694852642
2023-08-28 18:00:00,0.0956266767838422,0.0679450876572552,0.1826323122760049
2023-08-28 19:00:00,0.1288762396457148,0.0621637176064883,0.2459634238598393
2023-08-28 20:00:00,0.0992038904451856,0.0446192104052874,0.2775093059913784
2023-08-28 21:00:00,0.0813833638733508,0.0510276065153234,0.2852638749515309
2023-08-28 22:00:00,0.0931841251896876,0.0166099324725032,0.1947995291815863
2023-08-28 23:00:00,0.050056822159711,0.0097749221558664,0.2059258635527168
2023-08-29 00:00:00,0.0007906345760121,0.0014704543780657,0.2587176397734997
2023-08-29 01:00:00,0.0,0.000762147061965,0.2233214160196142
2023-08-29 02:00:00,0.0012822295326033,0.0002622912132662,0.2353288706611184
2023-08-29 03:00:00,0.0326160169115253,7.522106170654297e-05,0.2752548697727178
2023-08-29 04:00:00,0.0643567477955537,0.0,0.2728874511968077
2023-08-29 05:00:00,0.0718123772565056,0.0,0.2584827335831386
2023-08-29 06:00:00,0.0632242595448213,0.0,0.2613064042882981
2023-08-29 07:00:00,0.0900576862634397,0.0,0.2543650359110115
2023-08-29 08:00:00,0.1167974635666491,0.0001342405680737,0.2299028159746157
2023-08-29 09:00:00,0.1127217330184637,0.0087007790609122,0.2342841391469918
2023-08-29 10:00:00,0.1476391507130043,0.0626634850221521,0.3386501003714169
2023-08-29 11:00:00,0.2047168102139741,0.050364943111644,0.3537623056399277
2023-08-29 12:00:00,0.1877202489017661,0.0374142032822752,0.3832103754180709
2023-08-29 13:00:00,0.1423294287101895,0.026667857871336,0.4173358250287623
2023-08-29 14:00:00,0.110943130418366,0.0320213331895716,0.461049290264354
2023-08-29 15:00:00,0.0842729970520617,0.0598876149046654,0.4780044508915321
2023-08-29 16:00:00,0.086222396177404,0.1058115912418739,0.5539983861586627
2023-08-29 17:00:00,0.0908247863545137,0.1240853585448919,0.5702829672620187
2023-08-29 18:00:00,0.0735895306456322,0.139465846267401,0.6245343202079823
2023-08-29 19:00:00,0.1029145250133439,0.1962553909401488,0.6584401037178788
2023-08-29 20:00:00,0.2045031622344372,0.2508278828041226,0.6624859828574984
2023-08-29 21:00:00,0.3392865533143087,0.2444773031995187,0.6632212938046923
2023-08-29 22:00:00,0.4558267624549617,0.1583537868424958,0.2706474042406269
2023-08-29 23:00:00,0.5027429574455311,0.1630548402374866,0.3091588191736757
2023-08-30 00:00:00,0.4716176378960703,0.1817153668871113,0.3857643167956981
2023-08-30 01:00:00,0.4143211327347101,0.1887850543252782,0.426979442047917
2023-08-30 02:00:00,0.3825644745546229,0.183059312159719,0.4015811611624325
2023-08-30 03:00:00,0.3839761696609796,0.2014257549460417,0.3707392667633256
2023-08-30 04:00:00,0.3741040447958155,0.2186823296391107,0.3274843427870009
2023-08-30 05:00:00,0.3405968114441516,0.1853764571395574,0.2546187132791756
2023-08-30 06:00:00,0.349424025591682,0.1236314165825937,0.1569382817137475
2023-08-30 07:00:00,0.3267375908645929,0.0899439232022154,0.2345729310528125
2023-08-30 08:00:00,0.3169756917392506,0.0986791592018277,0.2673341433207194
2023-08-30 09:00:00,0.3012128982668609,0.1211946735195085,0.2675491532469107
2023-08-30 10:00:00,0.4091672554514767,0.1486787258409986,0.2900331160601447
2023-08-30 11:00:00,0.4745003055123722,0.2601636718301212,0.3842032859527987
2023-08-30 12:00:00,0.3484612898109785,0.3928453501533059,0.3497358802097295
2023-08-30 13:00:00,0.2585171375399321,0.4102838678297654,0.3723965345644483
2023-08-30 14:00:00,0.2341676038854262,0.3321019590290543,0.4421234333437253
2023-08-30 15:00:00,0.207585662019019,0.2483956829395169,0.2144487480712092
2023-08-30 16:00:00,0.1320849329817529,0.253180793687409,0.1894875819386999
2023-08-30 17:00:00,0.1313697824291154,0.2943683106914844,0.3265435056748733
2023-08-30 18:00:00,0.14313398622999,0.2906748297946905,0.3822363607244554
2023-08-30 19:00:00,0.2814194548363779,0.2626952345854316,0.3368310460857316
2023-08-30 20:00:00,0.3294204341040717,0.2596847403283213,0.2202676947599922
2023-08-30 21:00:00,0.291367646136315,0.2705791292626873,0.1496079973146027
2023-08-30 22:00:00,0.1970639135323318,0.247649632248224,0.1094214238372503
2023-08-30 23:00:00,0.1276465607624428,0.183338096718383,0.1589773916730693
2023-08-31 00:00:00,0.1070101354636398,0.1590984592250749,0.263333691491021
2023-08-31 01:00:00,0.0545860505571552,0.156138492565529,0.2885705629984538
2023-08-31 02:00:00,0.0088262164514828,0.2021262692470176,0.276924557156033
2023-08-31 03:00:00,0.0004290782548243,0.2149285677990882,0.2291496594746907
2023-08-31 04:00:00,1.4084226944867303e-05,0.1809985684413536,0.2001650068495008
2023-08-31 05:00:00,0.0,0.1353094040178785,0.2111103799608018
2023-08-31 06:00:00,0.0,0.0957207586251053,0.2478143093632716
2023-08-31 07:00:00,0.0,0.0840099185120825,0.2199197469973096
2023-08-31 08:00:00,0.0004949678782544,0.0834434873917523,0.1893666647618113
2023-08-31 09:00:00,0.0018850876614938,0.0775373449512556,0.0970994257459453
2023-08-31 10:00:00,0.0317421917821846,0.0705530362970688,0.001369934845594
2023-08-31 11:00:00,0.0526675523496141,0.0749019314261043,0.0353590094186122
2023-08-31 12:00:00,0.0443283081833833,0.081254617840636,0.0868210839290244
2023-08-31 13:00:00,0.0539790181552662,0.0648960646461038,0.1730659989749684
2023-08-31 14:00:00,0.0412836920202168,0.0599853898964676,0.1449694586735145
2023-08-31 15:00:00,0.0336140253964592,0.0650540052675733,0.0844270107792873
2023-08-31 16:00:00,0.0511616117814007,0.1040765701555738,0.0573204077926336
2023-08-31 17:00:00,0.0812081262177112,0.1325733755149093,0.0445331000035105
2023-08-31 18:00:00,0.0880122418497122,0.1460654829062667,0.0501239533517874
2023-08-31 19:00:00,0.0722020280127431,0.1271784889931772,0.0433405014424542
2023-08-31 20:00:00,0.0422855981814315,0.0869588524687524,0.0299377032354766
2023-08-31 21:00:00,0.0240582449763428,0.0647482685014313,0.0338038026896956
2023-08-31 22:00:00,0.1348610017813888,0.007345607857299,0.0678946691400864
2023-08-31 23:00:00,0.3561063420538808,0.0,0.0532680165533926
2023-09-01 00:00:00,0.4675296474905575,0.0,0.0354831927742054
2023-09-01 01:00:00,0.3529385055591857,0.060439904530843,0.0261210873236064
2023-09-01 02:00:00,0.1558008497836543,0.2771700036291982,0.0315717560013914
2023-09-01 03:00:00,0.1094063473682777,0.387743619532367,0.0515409076915067
2023-09-01 04:00:00,0.0745590294108671,0.3572118952383403,0.0396361273098615
2023-09-01 05:00:00,0.0229236935478409,0.3185124070036645,0.0013426491637635
2023-09-01 06:00:00,0.0015446504736258,0.2538102499020645,0.0012264485452689
2023-09-01 07:00:00,0.0008387409783656,0.14484656792061,0.0068114228497922
2023-09-01 08:00:00,0.0014986442584617,0.0784620350482417,0.0094116587264865
2023-09-01 09:00:00,0.0438870234427109,0.0913937419068579,0.0090221057530322
2023-09-01 10:00:00,0.0783947869843127,0.0522483330146939,0.0275065361284742
2023-09-01 11:00:00,0.1142755910462024,0.069439457912071,0.0862457237991632
2023-09-01 12:00:00,0.0973028295180376,0.0880979089175953,0.1166759402144189
2023-09-01 13:00:00,0.2463070489222707,0.0810524762845506,0.1072250978619444
2023-09-01 14:00:00,0.453491023942536,0.0939885775248209,0.0825070633607752
2023-09-01 15:00:00,0.4005137658586689,0.0933379752963197,0.0676458022173713
2023-09-01 16:00:00,0.3278605750962799,0.1003468971626431,0.05676596772437
2023-09-01 17:00:00,0.2884697789460226,0.1171665565640318,0.0618500335543763
2023-09-01 18:00:00,0.2709913845934899,0.1045483935113046,0.0554468584995643
2023-09-01 19:00:00,0.2595568949880164,0.1461404445124607,0.0472067251704097
2023-09-01 20:00:00,0.2162280425526737,0.1689796120512719,0.032954708033917
2023-09-01 21:00:00,0.2139070485931596,0.1540051020827947,0.0327124194382062
2023-09-01 22:00:00,0.2615784383287617,0.2140528953153323,0.0375096116190642
2023-09-01 23:00:00,0.2355589804306528,0.2073742642122156,0.0694232360989439
2023-09-02 00:00:00,0.2242372363221411,0.2144747434877881,0.0840226341696346
2023-09-02 01:00:00,0.2286907426672044,0.2197047370711183,0.0685176428626565
2023-09-02 02:00:00,0.2177654434652889,0.2136880120420767,0.0364881153979332
2023-09-02 03:00:00,0.1640469069574393,0.1875118710636313,0.0425348461063858
2023-09-02 04:00:00,0.1344225219651764,0.1562540905148375,0.0666506617676978
2023-09-02 05:00:00,0.0810454639734006,0.1149709318198409,0.090867841944975
2023-09-02 06:00:00,0.0552200569826013,0.0841707341811236,0.0483002097778071
2023-09-02 07:00:00,0.0337813769290649,0.0748875561882467,0.001489943149043
2023-09-02 08:00:00,0.0369512836138407,0.0793755521961287,0.006008591916826
2023-09-02 09:00:00,0.0388715049020605,0.080417277766209,0.0139321271890129
2023-09-02 10:00:00,0.0210663095798367,0.033867464735617,0.0016202104637046
2023-09-02 11:00:00,0.013367924425337,0.0333852939356386,0.0081373558324926
2023-09-02 12:00:00,0.0148287621978061,0.0509609661850274,0.0301832794363981
2023-09-02 13:00:00,0.0211743373496859,0.0671295324961344,0.0160590834866941
2023-09-02 14:00:00,0.0335281748397677,0.0597201842887728,0.0007279168546589
2023-09-02 15:00:00,0.0676254898894067,0.0557356722214642,0.0
2023-09-02 16:00:00,0.0886825252981746,0.0572147088892319,0.0
2023-09-02 17:00:00,0.1113861682368259,0.0652133951000138,0.0
2023-09-02 18:00:00,0.12912931395512,0.0668072233013078,0.0
2023-09-02 19:00:00,0.1247271252613441,0.0607473008772906,0.0
2023-09-02 20:00:00,0.1169550652597464,0.0472217848877501,0.0
2023-09-02 21:00:00,0.1155499032899445,0.0495855481016869,0.0
2023-09-02 22:00:00,0.1217529236101636,0.0577945568982292,0.0009876474056368
2023-09-02 23:00:00,0.1088997429492426,0.0392712822147444,0.0007517996177174
2023-09-03 00:00:00,0.0797840193206188,0.020191817891364,0.0003146770732854
2023-09-03 01:00:00,0.0528849339952655,0.0087121670542199,0.0001549958403593
2023-09-03 02:00:00,0.0095603466033935,0.0012791074958502,0.0
2023-09-03 03:00:00,0.0072405513595132,0.0011722254597283,0.0
2023-09-03 04:00:00,0.0014283925879235,0.0009775200700448,6.32526048647812e-05
2023-09-03 05:00:00,0.0004726465231452,0.0006258596781811,0.0006707587273292
2023-09-03 06:00:00,0.0,0.0006048500148299,0.0
2023-09-03 07:00:00,0.0,0.0001418847663729,0.0
2023-09-03 08:00:00,0.0,0.0,6.845690845664031e-05
2023-09-03 09:00:00,0.0,0.0,0.0003706212916405
2023-09-03 10:00:00,0.0,0.0,0.0010957414028691
2023-09-03 11:00:00,0.0,0.0,0.0161169272622251
2023-09-03 12:00:00,0.0,0.0004303934527378,0.0363124601202073
2023-09-03 13:00:00,0.0,0.0048711708947723,0.0244955755526723
2023-09-03 14:00:00,0.0,0.0377143243559045,0.0572099872663909
2023-09-03 15:00:00,0.0,0.0527383065691181,0.0573526176751828
2023-09-03 16:00:00,0.000585692380768,0.0760755351945465,0.042677229915569
2023-09-03 17:00:00,0.038307505495408,0.11421332172319,0.0749899359310374
2023-09-03 18:00:00,0.0729332250707289,0.1446427550970339,0.1390803795234829
2023-09-03 19:00:00,0.0873322346631218,0.1990361899332283,0.1653491632611143
2023-09-03 20:00:00,0.0744507125779694,0.1985447640512503,0.1777637082766863
2023-09-03 21:00:00,0.0862593043084238,0.1644704856124578,0.158279351159638
2023-09-03 22:00:00,0.0445009808914334,0.12947772063461,0.0982328255971272
2023-09-03 23:00:00,0.0725532045551374,0.1116521451987472,0.0862873068042829
2023-09-04 00:00:00,0.1085615742440317,0.1321729024251302,0.0933810776355219
2023-09-04 01:00:00,0.1391110233232086,0.1713288765327603,0.1013188034880395
2023-09-04 02:00:00,0.1604183164297365,0.2008246035357705,0.1027602892295987
2023-09-04 03:00:00,0.1853055766984528,0.1975659981272579,0.0979368826922248
2023-09-04 04:00:00,0.1940704732159384,0.1879734525493547,0.116995561356638
2023-09-04 05:00:00,0.1442953652026606,0.1686285056319891,0.103161849227606
2023-09-04 06:00:00,0.1391263802846273,0.1618457424874399,0.0726382171406465
2023-09-04 07:00:00,0.119746070282132,0.1683984317031561,0.0775944485383875
2023-09-04 08:00:00,0.1160971791136498,0.1850122844471651,0.0780643435085521
2023-09-04 09:00:00,0.1156969163932052,0.2272729561998953,0.0889280263115377
2023-09-04 10:00:00,0.1987931120629404,0.2862893615672791,0.0734336469687667
2023-09-04 11:00:00,0.214713380227681,0.349503270940843,0.087817533343446
2023-09-04 12:00:00,0.2374227748197667,0.3876272416582295,0.1028525712443333
2023-09-04 13:00:00,0.2670598591075224,0.4244053597543754,0.1296474185644411
2023-09-04 14:00:00,0.316216196110046,0.4830947265126347,0.1677124523649028
2023-09-04 15:00:00,0.3969543899585998,0.5019282983019461,0.2125776702282475
2023-09-04 16:00:00,0.4931448176016215,0.5924472154355516,0.1902749055351307
2023-09-04 17:00:00,0.7396417973088283,0.6371375236635893,0.2021468168769786
2023-09-04 18:00:00,0.870250770469117,0.6530233457976696,0.2083902764164544
2023-09-04 19:00:00,0.8501754399218591,0.6842969352123783,0.1824373170441272
2023-09-04 20:00:00,0.7752783625733619,0.696909137800628,0.1554667131573546
2023-09-04 21:00:00,0.7257347013436112,0.6990481170953489,0.1434701213649675
2023-09-04 22:00:00,0.9126881992115694,0.8082562240899778,0.0927923239913641
2023-09-04 23:00:00,0.8670008104611067,0.6774450937906901,0.0740667184193929
2023-09-05 00:00:00,0.8023770743725347,0.5499836899875815,0.0710895014744179
2023-09-05 01:00:00,0.768891269085454,0.5187184124990226,0.0776669090869379
2023-09-05 02:00:00,0.7426523507810107,0.4917850213892319,0.0776206512077181
2023-09-05 03:00:00,0.6931805517159256,0.4746062147851084,0.0783689349305395
2023-09-05 04:00:00,0.6352049930422914,0.4716414719625236,0.0668264604082294
2023-09-05 05:00:00,0.5792947532304751,0.4467736412497127,0.0335605876897674
2023-09-05 06:00:00,0.6035022797927357,0.4806715366887111,0.0007430299434786
2023-09-05 07:00:00,0.4594425516190872,0.3583594147675957,0.0004018747728634
2023-09-05 08:00:00,0.3471601134032206,0.33040660658693,0.0013045602374606
2023-09-05 09:00:00,0.2795322704938502,0.2876594799016815,0.0382990322861016
2023-09-05 10:00:00,0.2550958683288175,0.1582823313918768,0.0231036645135069
2023-09-05 11:00:00,0.275008179783042,0.1968090518627291,0.026999171652825
2023-09-05 12:00:00,0.2901292813369651,0.2614496455473058,0.0372673682138031
2023-09-05 13:00:00,0.3360047558553858,0.2422811346116408,0.0442776609869564
2023-09-05 14:00:00,0.3690226748098735,0.2155770320518344,0.0463004081077825
2023-09-05 15:00:00,0.4388014272926679,0.2322988354302699,0.0368230105225556
2023-09-05 16:00:00,0.4399129861320545,0.2906076799031176,0.0378810658174402
2023-09-05 17:00:00,0.420402663985109,0.3397743296779059,0.0459102337656457
2023-09-05 18:00:00,0.4625773585699742,0.3371864050821541,0.0519817716935101
2023-09-05 19:00:00,0.4751504558363771,0.3135137978722067,0.0526547198202095
2023-09-05 20:00:00,0.4345789392010059,0.2729450082467272,0.0485838589325449
2023-09-05 21:00:00,0.4137642180997561,0.2559146351284451,0.0119162038260815
2023-09-05 22:00:00,0.4758954048156738,0.3094426229888318,0.0047903251803778
2023-09-05 23:00:00,0.4333860110613255,0.2636853698032354,0.0011754920280057
2023-09-06 00:00:00,0.3540941546945011,0.2068027795529833,0.0133815832387388
2023-09-06 01:00:00,0.303195130591299,0.184772877911337,0.0532174110412597
2023-09-06 02:00:00,0.3461683747036005,0.1689680417378743,0.0897390935935226
2023-09-06 03:00:00,0.410167856154099,0.1536422500423356,0.1138558691623164
2023-09-06 04:00:00,0.4442637901680142,0.1274161011564965,0.1208158334096272
2023-09-06 05:00:00,0.38182870858635,0.0893563382765826,0.102812741317001
2023-09-06 06:00:00,0.3252162559359681,0.0563687436720904,0.0829134969150318
2023-09-06 07:00:00,0.2410687652288698,0.0453482566316143,0.0525813009224686
2023-09-06 08:00:00,0.2008748771318423,0.0570577032425824,0.0584641624899471
2023-09-06 09:00:00,0.1336421919803993,0.0723022339390773,0.0838126621994317
2023-09-06 10:00:00,0.1208897782307045,0.0561633530785055,0.0925538586635215
2023-09-06 11:00:00,0.0903849508248123,0.0643839321884454,0.1027857789806291
2023-09-06 12:00:00,0.0606179704853132,0.074931079266118,0.1203710425133798
2023-09-06 13:00:00,0.0377348521176506,0.0939084268083759,0.117349157146379
2023-09-06 14:00:00,0.0483162975778766,0.0973370028477089,0.0983119945900112
2023-09-06 15:00:00,0.0869533828660553,0.0659850064445944,0.0829266333112529
2023-09-06 16:00:00,0.1690822722865086,0.028336187593298,0.0876624443951775
2023-09-06 17:00:00,0.3394300298753128,0.0454240071228127,0.0897553855297612
2023-09-06 18:00:00,0.4185723307865118,0.0887156935299144,0.0919546099270091
2023-09-06 19:00:00,0.3720758179433985,0.145119171516568,0.100377926639482
2023-09-06 20:00:00,0.2868824005126953,0.1863817514157763,0.1143570741017659
2023-09-06 21:00:00,0.195754905152165,0.1971431432985792,0.1200569610969693
2023-09-06 22:00:00,0.2042769606596504,0.1927481414445864,0.1516042620527978
2023-09-06 23:00:00,0.1201369715671913,0.1699444710039624,0.1434656685473872
2023-09-07 00:00:00,0.0879563069811054,0.1669814539890663,0.1568383913414151
2023-09-07 01:00:00,0.0875515096327837,0.1642916015550202,0.1654578540839401
2023-09-07 02:00:00,0.1003947912477979,0.1576694553973628,0.1653117175195731
2023-09-07 03:00:00,0.1205563428355198,0.1345701311148849,0.1681774387172624
2023-09-07 04:00:00,0.1592503458845849,0.1601324245041492,0.1673391870423859
2023-09-07 05:00:00,0.1786041477926416,0.1774284917544695,0.0903883167341643
2023-09-07 06:00:00,0.1236047347386678,0.1541507477853812,0.0380897101233987
2023-09-07 07:00:00,0.0938302161646824,0.1348140543582392,0.0069042779261769
2023-09-07 08:00:00,0.1208302787705963,0.1580519769705978,0.0029023359803592
2023-09-07 09:00:00,0.1364107926686605,0.1973216175253874,0.0304185070243536
2023-09-07 10:00:00,0.1163629457062365,0.2144304506139817,0.0371211997044631
2023-09-07 11:00:00,0.1269070774901147,0.2530091291938732,0.0475429195204591
2023-09-07 12:00:00,0.1522703614889407,0.2777570026372772,0.04440395699607
2023-09-07 13:00:00,0.2090375563677619,0.3155962220983567,0.0403125831504273
2023-09-07 14:00:00,0.2661978060903113,0.325057106080398,0.042649844503091
2023-09-07 15:00:00,0.2738083639955209,0.2859469800213583,0.0549718445422602
2023-09-07 16:00:00,0.3199065245834051,0.2463662639942044,0.0760376687143363
2023-09-07 17:00:00,0.4480507217980678,0.2467605179431392,0.0951766967773437
2023-09-07 18:00:00,0.6436392466227213,0.2560896156660092,0.1212985258476407
2023-09-07 19:00:00,0.6916225564246083,0.2188788052477867,0.121047765600915
2023-09-07 20:00:00,0.5886527603747798,0.1853684038897745,0.087203254886702
2023-09-07 21:00:00,0.513536205478743,0.1482118812261843,0.0559448027143291
2023-09-07 22:00:00,0.6532756487528483,0.1565937668669457,0.052118371514713
2023-09-07 23:00:00,0.5664173684089012,0.1038183768590291,0.0144530600971645
2023-09-08 00:00:00,0.4287571159063601,0.0646439954346301,0.0010406581404941
2023-09-08 01:00:00,0.3530985342910866,0.0417336420296064,0.0001911665099898
2023-09-08 02:00:00,0.3356513743307076,0.0236616535903581,0.0
2023-09-08 03:00:00,0.327918214735642,0.0076194167916291,0.0
2023-09-08 04:00:00,0.2996892196680206,0.0082876931608112,0.0
2023-09-08 05:00:00,0.2202371397828744,0.0160993820701549,0.0
2023-09-08 06:00:00,0.1627857077355478,0.0013899577209372,0.0
2023-09-08 07:00:00,0.1151590721279967,0.0014460351732042,0.0
2023-09-08 08:00:00,0.1076426459293739,0.0254337970727409,0.0
2023-09-08 09:00:00,0.079436559303134,0.0421239632407045,0.0
2023-09-08 10:00:00,0.0833863370558794,0.0637108671898935,0.0002808859145719
2023-09-08 11:00:00,0.0590301728716083,0.0770199065114937,0.0012766157879548
2023-09-08 12:00:00,0.0443121638952517,0.0989540067373537,0.0206554944998298
2023-09-08 13:00:00,0.04390470420613,0.1364105472377702,0.0399000395357219
2023-09-08 14:00:00,0.0533306832407035,0.1536795555376539,0.0576574662152458
2023-09-08 15:00:00,0.0611048586228314,0.1565319533441581,0.0746342948838776
2023-09-08 16:00:00,0.0579563776652018,0.1162877386691523,0.0900973291958079
2023-09-08 17:00:00,0.0837709155737184,0.1081758270076676,0.1302182908151664
2023-09-08 18:00:00,0.0862568499995213,0.1247168872870651,0.1669001111797258
2023-09-08 19:00:00,0.0730171858095655,0.1338040711832981,0.1742996265685636
2023-09-08 20:00:00,0.0626588335224226,0.1482787085514442,0.1518856660992491
2023-09-08 21:00:00,0.0673298274769502,0.1528829920525644,0.1262274092318965
2023-09-08 22:00:00,0.0979062622668696,0.1759137702144049,0.1388455021615122
2023-09-08 23:00:00,0.137865286247403,0.1912739822287964,0.1266025328168682
2023-09-09 00:00:00,0.1612464002534455,0.1943247427348218,0.1086569416756723
2023-09-09 01:00:00,0.1832314503738303,0.2096635781082452,0.1116960422665465
2023-09-09 02:00:00,0.2126518074983086,0.2325119504741594,0.0929061104269588
2023-09-09 03:00:00,0.2288150943182652,0.2402976665621489,0.0844779669069776
2023-09-09 04:00:00,0.2634304489185607,0.225138845007404,0.0881095961028454
2023-09-09 05:00:00,0.2295475847580853,0.1652448551327574,0.0797779419842888
2023-09-09 06:00:00,0.1358819942848355,0.1506362124985339,0.0318345836564606
2023-09-09 07:00:00,0.1117970195471071,0.1631562031951605,0.0349801552841086
2023-09-09 08:00:00,0.1190398954877666,0.2261003793454638,0.0542687201032451
2023-09-09 09:00:00,0.1680243950264126,0.3424472123189689,0.0747082513921401
2023-09-09 10:00:00,0.2954630197263231,0.3891323906144285,0.0552270459193809
2023-09-09 11:00:00,0.3453950367721857,0.3276157347984563,0.0602738296284395
2023-09-09 12:00:00,0.4024620882046768,0.3039027725169861,0.0619738943436566
2023-09-09 13:00:00,0.4562247734443814,0.2737981790031483,0.0417497411272884
2023-09-09 14:00:00,0.4919918222365037,0.2728971032535329,0.0188985011156867
2023-09-09 15:00:00,0.5336698987125571,0.2314537771387038,0.0125751031769646
2023-09-09 16:00:00,0.5440887906192954,0.1559342239417281,0.0504702212763767
2023-09-09 17:00:00,0.5834807679544087,0.1113032125959209,0.11288676776138
2023-09-09 18:00:00,0.6210873407476089,0.1067211230595906,0.1617590352600696
2023-09-09 19:00:00,0.5478683717889723,0.1106844813215966,0.1712095269969865
2023-09-09 20:00:00,0.429416126675076,0.083926939496807,0.1659278542387719
2023-09-09 21:00:00,0.3609580323587056,0.0476242849250244,0.1486203834122302
2023-09-09 22:00:00,0.3569774549770979,0.0230370876835841,0.1649864164053225
2023-09-09 23:00:00,0.2611241402968862,0.0007804639978346,0.1560400747785381
2023-09-10 00:00:00,0.1877155709110833,0.0003413904726115,0.1406446858948352
2023-09-10 01:00:00,0.1458184041228948,0.0005366042548534,0.1177295399647133
2023-09-10 02:00:00,0.1104578434252271,0.0013773129656423,0.0998163106394749
2023-09-10 03:00:00,0.0856256952472761,0.019604624486437,0.0869268529555376
2023-09-10 04:00:00,0.0707368289723115,0.0309627582045162,0.0724046370562385
2023-09-10 05:00:00,0.0390534868427351,0.0135596449079077,0.0502893036487055
2023-09-10 06:00:00,0.0112605016995099,0.0014062858874501,0.0010409273353277
2023-09-10 07:00:00,0.0168331394008561,0.0013812659612668,0.0008456605711793
2023-09-10 08:00:00,0.027588025806776,0.0067353560254464,0.0015069721570981
2023-09-10 09:00:00,0.0092278465726017,0.0111221963284062,0.0015626062754712
2023-09-10 10:00:00,0.0014208403288149,0.0037917292195987,0.0014014419387368
2023-09-10 11:00:00,0.0004669221398098,0.0016173432075899,0.0006007867700913
2023-09-10 12:00:00,0.0,0.0014771308774262,0.0003595531376358
2023-09-10 13:00:00,0.0,0.0009443327492358,0.0003645260349597
2023-09-10 14:00:00,0.0,0.0001286244859882,0.0001614732679977
2023-09-10 15:00:00,0.0,0.0,5.347510568456712e-05
2023-09-10 16:00:00,0.0,0.0,0.0029446229436039
2023-09-10 17:00:00,0.0,0.0002472240940418,0.0711969067068661
2023-09-10 18:00:00,0.0,0.0003523183803932,0.133525016261082
2023-09-10 19:00:00,0.0006452923506693,0.0006604233598397,0.1574570174310721
2023-09-10 20:00:00,0.0013374939463496,0.0011745757526821,0.1847404872669893
2023-09-10 21:00:00,0.0158861170407214,0.0042208238364824,0.2019955815832599
2023-09-10 22:00:00,0.0268228724111918,0.0037929606593512,0.1992298824335235
2023-09-10 23:00:00,0.0261647412979524,0.0007341239187452,0.1769854445862614
2023-09-11 00:00:00,0.0104263311897227,0.0001818884431926,0.172147928499708
2023-09-11 01:00:00,0.0013848099054074,0.0,0.1601552846384983
2023-09-11 02:00:00,0.0015617324635873,0.0,0.1419316553602031
2023-09-11 03:00:00,0.0241426268434212,0.0,0.1364785315943699
2023-09-11 04:00:00,0.0474230857456431,0.0,0.1110049790027094
2023-09-11 05:00:00,0.0401100508527818,0.0,0.0799495332381304
2023-09-11 06:00:00,0.0008651692103716,0.0,0.017584396733178
2023-09-11 07:00:00,5.4970675823735256e-05,0.0,0.0006372145577973
2023-09-11 08:00:00,0.0,0.0,0.000421882065293
2023-09-11 09:00:00,0.0,0.0,0.0003330134877971
2023-09-11 10:00:00,0.0,0.0,0.0008644223992341
2023-09-11 11:00:00,0.0,0.0,0.0005312834689819
2023-09-11 12:00:00,0.0,0.0,0.0
2023-09-11 13:00:00,0.0,0.0,0.0
2023-09-11 14:00:00,0.0,0.0,0.0
2023-09-11 15:00:00,0.0011832289446413,0.0,0.0
2023-09-11 16:00:00,0.0745759992038502,0.0,0.0129260070183697
2023-09-11 17:00:00,0.1600562357435039,0.0,0.074924908432306
2023-09-11 18:00:00,0.2036541957481234,0.0,0.1245448402329987
2023-09-11 19:00:00,0.2298780048594755,0.0,0.1524519803477268
2023-09-11 20:00:00,0.2170654620999604,0.0,0.1714918426438874
2023-09-11 21:00:00,0.1865739043242012,0.0,0.1680747784820257
2023-09-11 22:00:00,0.1664534620210236,0.0,0.1769760886048959
2023-09-11 23:00:00,0.1120005168166815,0.0,0.1467584044325585
2023-09-12 00:00:00,0.0700667792675542,0.0,0.1158446307275809
2023-09-12 01:00:00,0.0551928492153392,0.0,0.094312219058766
2023-09-12 02:00:00,0.0291139717195548,0.0,0.0827722689684699
2023-09-12 03:00:00,0.025747271924237,0.0,0.0807820114434934
2023-09-12 04:00:00,0.0197478782117756,0.0,0.0712748134837431
2023-09-12 05:00:00,0.0046297635128295,0.0,0.0580623570610495
2023-09-12 06:00:00,0.0,0.0,0.0030483576207379
2023-09-12 07:00:00,0.0,0.0,0.0006410066598381
2023-09-12 08:00:00,0.0,0.0,0.0010117993635289
2023-09-12 09:00:00,0.0,0.0,0.0150047564039043
2023-09-12 10:00:00,0.0006417791827831,0.0,0.0481226226083593
2023-09-12 11:00:00,0.0009561364167655,0.0,0.0562254821552949
2023-09-12 12:00:00,0.0011983307358486,0.0,0.0464643477614409
2023-09-12 13:00:00,0.0027337869008382,0.0,0.0359406218030094
2023-09-12 14:00:00,0.0444364263341317,0.0,0.0303382826786415
2023-09-12 15:00:00,0.1096016402338065,0.0,0.0321196224175247
2023-09-12 16:00:00,0.2733985364826676,0.0006312720136704,0.055628874722649
2023-09-12 17:00:00,0.4380176160849777,0.014497832535139,0.0888810438268324
2023-09-12 18:00:00,0.4440911642087051,0.0353097518285115,0.125276855393952
2023-09-12 19:00:00,0.4036492304085127,0.0320126114327923,0.1562846641914517
2023-09-12 20:00:00,0.3274406186895433,0.0182654394043816,0.1719856199875376
2023-09-12 21:00:00,0.2776425399032293,0.0089848688225341,0.1764745369456172
2023-09-12 22:00:00,0.2149961321961646,0.0014170840674755,0.1687357238694733
2023-09-12 23:00:00,0.1789751894333783,0.0011458700778437,0.1489281888101615
2023-09-13 00:00:00,0.1303276127459956,7.310295416638743e-05,0.1215719358593809
2023-09-13 01:00:00,0.093170077193017,0.0,0.1124283729815015
2023-09-13 02:00:00,0.0803824032054228,0.0,0.1224700025483673
2023-09-13 03:00:00,0.0667760652654311,0.0,0.128331137638466
2023-09-13 04:00:00,0.0496521884319829,3.5244654985814314e-05,0.1406773282032387
2023-09-13 05:00:00,0.0135411507163951,0.0010118379312403,0.1363322197222242
2023-09-13 06:00:00,0.0,0.0010235519970164,0.0749444494060441
2023-09-13 07:00:00,0.0001836929445952,0.0007825201632929,0.0384353153845843
2023-09-13 08:00:00,0.0012874677290324,0.0009717512754053,0.0493175609439027
2023-09-13 09:00:00,0.0313245755395079,0.0011681598775527,0.0666755087235394
2023-09-13 10:00:00,0.0804040712468764,0.0056993310747582,0.124789324461245
2023-09-13 11:00:00,0.1354968080333635,0.0014346101704765,0.1485616903679043
2023-09-13 12:00:00,0.1708498655581006,0.0012620406992295,0.1293464852314369
2023-09-13 13:00:00,0.2153561006184497,0.001296705280254,0.1014692876853194
2023-09-13 14:00:00,0.2246171602236679,0.0187920437139623,0.0906593659344841
2023-09-13 15:00:00,0.2019119106866176,0.0625802021400601,0.0855762350792978
2023-09-13 16:00:00,0.2096204695358775,0.1149857277963675,0.118793482873954
2023-09-13 17:00:00,0.214599035923777,0.1890410410812477,0.209230479072122
2023-09-13 18:00:00,0.2012891457750906,0.2696061664157443,0.2678869752322926
2023-09-13 19:00:00,0.1931807075450623,0.3473032237657534,0.2625710605795867
2023-09-13 20:00:00,0.222914193969926,0.3949935436248779,0.212336901745765
2023-09-13 21:00:00,0.2499458743076698,0.3996585459491006,0.1884670101739222
2023-09-13 22:00:00,0.2653577218647875,0.4333803716048696,0.1397178336685779
2023-09-13 23:00:00,0.2529953320821126,0.3561742352504356,0.0959072393529555
2023-09-14 00:00:00,0.2183111695682301,0.2603653583651275,0.0802986294615502
2023-09-14 01:00:00,0.1929851201624652,0.1577527265922696,0.0489737847272087
2023-09-14 02:00:00,0.1698135511547911,0.1023454058404062,0.0239712533607981
2023-09-14 03:00:00,0.1587497369915831,0.0814421504151587,0.0021859543775421
2023-09-14 04:00:00,0.1522953603781905,0.0465831873463649,0.001399209686354
2023-09-14 05:00:00,0.1194480119966993,0.0516254761639763,0.0014425695332047
2023-09-14 06:00:00,0.1001090395684335,0.0767535088109035,0.0004288000998154
2023-09-14 07:00:00,0.1374011063108257,0.0930778419270235,0.0
2023-09-14 08:00:00,0.1672751295800302,0.0844093397551891,0.0
2023-09-14 09:00:00,0.2507888600717183,0.0698595654730703,0.0
2023-09-14 10:00:00,0.4340586444131689,0.0954743460112927,0.0
2023-09-14 11:00:00,0.510776113061344,0.09095126507329,0.0
2023-09-14 12:00:00,0.5333340713401246,0.0562664574267817,0.0046797215548995
2023-09-14 13:00:00,0.4966253081178353,0.0977983194238999,0.1195024976543351
2023-09-14 14:00:00,0.457928461187026,0.1570123667810477,0.0679874887653425
2023-09-14 15:00:00,0.4385181361553716,0.1271012834474152,0.0565097378749473
2023-09-14 16:00:00,0.45295610147364,0.1208882004606957,0.112770258211622
2023-09-14 17:00:00,0.4786219861772325,0.1514303917978324,0.1725742770176307
2023-09-14 18:00:00,0.4566860432718314,0.1987688930985195,0.1772597287994584
2023-09-14 19:00:00,0.4404630162357504,0.1587419182646508,0.1828495723749298
2023-09-14 20:00:00,0.4263465778500426,0.1286201149809594,0.1663464892144296
2023-09-14 21:00:00,0.4142041689430187,0.1863467553082634,0.1623260507396623
2023-09-14 22:00:00,0.3484524278079762,0.1661970568638222,0.1431710112328623
2023-09-14 23:00:00,0.2707504976808635,0.1692284439124313,0.2211592368830263
2023-09-15 00:00:00,0.258559239456077,0.1337930267932368,0.2919045491935381
2023-09-15 01:00:00,0.2450730068231719,0.0688158530814974,0.3881531026628282
2023-09-15 02:00:00,0.2396669076159109,0.0373306235456778,0.4661361610188204
2023-09-15 03:00:00,0.2283737643871432,0.0104410971691405,0.470732193367154
2023-09-15 04:00:00,0.1933241264492857,0.0273758679433585,0.4535650349909963
2023-09-15 05:00:00,0.1344062183417526,0.0193657703648984,0.4475835257885503
2023-09-15 06:00:00,0.121278540760863,0.0398574362393298,0.2699929000505435
2023-09-15 07:00:00,0.103236390095131,0.0926400867162966,0.3587755627102322
2023-09-15 08:00:00,0.0618261683220956,0.1208153425478467,0.4181869435154535
2023-09-15 09:00:00,0.055236489165063,0.1387635633057239,0.3387565908868328
2023-09-15 10:00:00,0.0199590418853011,0.1615521720811432,0.2880140597524206
2023-09-15 11:00:00,0.0026263917972838,0.1924786536522161,0.2015615943210577
2023-09-15 12:00:00,0.0013240926405962,0.2037887323915568,0.1331001753900565
2023-09-15 13:00:00,0.0132994608941421,0.2778346928116543,0.1340693118525486
2023-09-15 14:00:00,0.021315749564202,0.3378774215972501,0.1338386068157121
2023-09-15 15:00:00,0.0231930399252698,0.3507799852907268,0.1244284008063522
2023-09-15 16:00:00,0.0215398715991599,0.3355957854027842,0.0843259867499856
2023-09-15 17:00:00,0.0418319877456216,0.2563865200366849,0.0788290594138351
2023-09-15 18:00:00,0.0991838352352965,0.2290927537905624,0.0860227790533327
2023-09-15 19:00:00,0.2193335177851658,0.1758621346716787,0.0965831793990789
2023-09-15 20:00:00,0.2991227838728163,0.1550272165560254,0.0881623053083232
2023-09-15 21:00:00,0.2721868184656879,0.1581483261257994,0.0554707471062155
2023-09-15 22:00:00,0.3477313830182443,0.1720597572575986,0.0392579058416528
2023-09-15 23:00:00,0.3505294322967529,0.1216856404846789,0.0366684817800334
2023-09-16 00:00:00,0.3935455948698754,0.1148810339908973,0.0360073116090562
2023-09-16 01:00:00,0.3581335435505786,0.1155443285025802,0.029323327775095
2023-09-16 02:00:00,0.2814495360929202,0.1242797047484154,0.0274930241840337
2023-09-16 03:00:00,0.2745468351576063,0.1192879910562552,0.0338999227760664
2023-09-16 04:00:00,0.2489742141923094,0.0986657306259753,0.0275975383964239
2023-09-16 05:00:00,0.1987192116531671,0.080045601900886,0.0334059233758963
2023-09-16 06:00:00,0.1578747758678361,0.0702723334817325,0.0075294426064086
2023-09-16 07:00:00,0.1412556335037829,0.0637294498144411,0.0039486530559514
2023-09-16 08:00:00,0.1429603263443591,0.0546024593652463,0.0046749539624631
2023-09-16 09:00:00,0.1231728815564922,0.0449869250939562,0.009399694554946
2023-09-16 10:00:00,0.146115550807878,0.0460062295782799,0.0009409267138811
2023-09-16 11:00:00,0.1297188389535044,0.0427537825372483,0.0011172594587787
2023-09-16 12:00:00,0.0974034094342998,0.0378032365655587,0.0013462055742351
2023-09-16 13:00:00,0.0771825687558043,0.0455520316666247,0.001232936491374
2023-09-16 14:00:00,0.0618743428996965,0.0612016986398135,0.0012110853506848
2023-09-16 15:00:00,0.0471560101883084,0.0629008517545812,0.0100233679503397
2023-09-16 16:00:00,0.0480359925164116,0.0476829873190985,0.057375992045683
2023-09-16 17:00:00,0.0909779586044012,0.0304338830748414,0.1219467438903509
2023-09-16 18:00:00,0.1895404017828648,0.0387537385903152,0.1537811288646623
2023-09-16 19:00:00,0.3123954277412564,0.0608579083984973,0.1541499063080432
2023-09-16 20:00:00,0.3197929298176485,0.0862086520475499,0.1500469679925956
2023-09-16 21:00:00,0.2335889542024899,0.0899557038849475,0.1636226621328615
2023-09-16 22:00:00,0.1358129230200075,0.0854916198580872,0.1783131057140874
2023-09-16 23:00:00,0.1118586227005603,0.0548972335516237,0.1701213565527224
2023-09-17 00:00:00,0.1299689680922265,0.0366316628611944,0.1536995406244315
2023-09-17 01:00:00,0.1340079891915415,0.0274009938333548,0.1464390988443412
2023-09-17 02:00:00,0.1321780564738255,0.0314055229324141,0.1497271014194862
2023-09-17 03:00:00,0.1292929462358063,0.0141043366949542,0.1693794189714917
2023-09-17 04:00:00,0.1192365557539696,0.0012468613830267,0.1988879746081782
2023-09-17 05:00:00,0.0890818296694288,0.0010218082689771,0.1891976057314405
2023-09-17 06:00:00,0.0327055052994123,0.0005349738925111,0.1299037535985311
2023-09-17 07:00:00,0.0232972829949622,0.0004510914578157,0.0936756414525649
2023-09-17 08:00:00,0.0244829674172245,0.0006883545638689,0.0868990374546425
2023-09-17 09:00:00,0.0235659176228093,0.0007149394041572,0.090872844060262
2023-09-17 10:00:00,0.0036752282404432,0.0007440634802276,0.1141205137851191
2023-09-17 11:00:00,0.0014431367512621,0.0007134029288697,0.1341207471548342
2023-09-17 12:00:00,0.0007279016613181,0.0009265787461224,0.1313509894352333
2023-09-17 13:00:00,0.0,0.0013318876035852,0.1112196959701238
2023-09-17 14:00:00,0.0,0.0059547361984751,0.0891344453774246
2023-09-17 15:00:00,0.0,0.0248543764251509,0.0527604888467227
2023-09-17 16:00:00,0.0,0.0382409625583224,0.0574101653753542
2023-09-17 17:00:00,0.0,0.0507665849199482,0.0923740162568933
2023-09-17 18:00:00,0.0,0.0560355420206107,0.1496280875860476
2023-09-17 19:00:00,0.0,0.0538503188712924,0.2213313750971376
2023-09-17 20:00:00,0.0003117283964468,0.0450567443386402,0.2632249726189507
2023-09-17 21:00:00,0.0233026041704065,0.0364111899550444,0.2893394114924412
2023-09-17 22:00:00,0.0252371847239974,0.0538287677016912,0.3479078906813478
2023-09-17 23:00:00,0.0421151624006383,0.0398308190644956,0.3249555226244958
2023-09-18 00:00:00,0.0497865910623587,0.0137886701066509,0.2748307714275285
2023-09-18 01:00:00,0.0662988774916704,0.0011357287176294,0.2303915771783567
2023-09-18 02:00:00,0.069886749865962,0.000465639666015,0.2141390532449959
2023-09-18 03:00:00,0.0696900545382032,0.0003764368350209,0.2505110229542053
2023-09-18 04:00:00,0.0629726344463871,0.0005782550456477,0.2555861099093568
2023-09-18 05:00:00,0.0533552029553581,0.0005600666688158,0.2101688011019837
2023-09-18 06:00:00,0.0034299005869946,0.0001015328114328,0.1744325051899829
2023-09-18 07:00:00,0.0014577165148616,0.0,0.1040408424302643
2023-09-18 08:00:00,0.0124320641062618,8.042341743419374e-05,0.09171023088343
2023-09-18 09:00:00,0.0344897485246845,0.0,0.1273948889152676
2023-09-18 10:00:00,0.0206583189029319,0.0,0.13032081080418
2023-09-18 11:00:00,0.0239363776312934,1.187379064123615e-05,0.1309348788915895
2023-09-18 12:00:00,0.0280767153291141,0.0002232895177953,0.1325726742837943
2023-09-18 13:00:00,0.0178573357513527,0.0,0.1282030928368662
2023-09-18 14:00:00,0.0123907826305214,0.0,0.1209924735274969
2023-09-18 15:00:00,0.0265226722542756,0.0009449587927924,0.0980101847181133
2023-09-18 16:00:00,0.0546614562763887,0.0462397625243741,0.1462865460152719
2023-09-18 17:00:00,0.044410679075453,0.0979372800565233,0.2594261481091867
2023-09-18 18:00:00,0.0156773258658016,0.1458312015907437,0.365339450586855
2023-09-18 19:00:00,0.0012285841835869,0.1526975865457572,0.4288302091212054
2023-09-18 20:00:00,0.0008169439883013,0.1479985316594441,0.4458795310625064
2023-09-18 21:00:00,0.0005644583234599,0.1366131679684508,0.4569143485399632
2023-09-18 22:00:00,0.0,0.136500269758935,0.5480439912259968
2023-09-18 23:00:00,0.0,0.1393743356068929,0.532762232948752
2023-09-19 00:00:00,0.0,0.1495845411338058,0.5094233057857339
2023-09-19 01:00:00,0.0,0.1442571481068929,0.5208835492726245
2023-09-19 02:00:00,0.0008670177335053,0.1326074904086543,0.535519099703022
2023-09-19 03:00:00,0.014572521050771,0.1275307524437998,0.5584039251788768
2023-09-19 04:00:00,0.0360800004472919,0.1401864313611797,0.5751834663690305
2023-09-19 05:00:00,0.0742932394439098,0.1533104274787154,0.5281549107794667
2023-09-19 06:00:00,0.0430878755313898,0.1233610569262037,0.423473018446779
2023-09-19 07:00:00,0.0481086248665853,0.0795391961640002,0.485436557944304
2023-09-19 08:00:00,0.1235121722314872,0.0587955175661573,0.5556762685962752
2023-09-19 09:00:00,0.2221519775639951,0.0621185583226821,0.575725377774706
2023-09-19 10:00:00,0.2492335762073791,0.0775308468762566,0.5294648884168637
2023-09-19 11:00:00,0.2393995515661302,0.1136566494025436,0.5698607637991313
2023-09-19 12:00:00,0.2216236606922025,0.1517095869662715,0.5468488830366944
2023-09-19 13:00:00,0.1968396068398469,0.2004103348925222,0.5987080483654745
2023-09-19 14:00:00,0.1435628591799268,0.2253578223434149,0.6112793535968057
2023-09-19 15:00:00,0.068674788755529,0.2667218594769247,0.4479316340552436
2023-09-19 16:00:00,0.0423717876664953,0.3673576436011619,0.399127411686517
2023-09-19 17:00:00,0.0403437080726124,0.514246209774142,0.3624583474950852
2023-09-19 18:00:00,0.0359438303249334,0.6252900213977091,0.357552313337139
2023-09-19 19:00:00,0.0328433248731825,0.6893212000528971,0.244056224822998
2023-09-19 20:00:00,0.0330010847328535,0.7330785826140759,0.189905640346552
2023-09-19 21:00:00,0.088586269640455,0.723351469226912,0.2051697462991951
2023-09-19 22:00:00,0.1622223737193089,0.6865906341403138,0.2227699460546954
2023-09-19 23:00:00,0.1444722858129763,0.5399921984454386,0.1583313123852598
2023-09-20 00:00:00,0.0716113109214633,0.3911114736320146,0.1593997431736366
2023-09-20 01:00:00,0.0015304092488257,0.3935146877189088,0.1542521458046109
2023-09-20 02:00:00,0.0087260405222574,0.4091206017662497,0.142377918841792
2023-09-20 03:00:00,0.0370575828489914,0.3735951021605846,0.144045165940827
2023-09-20 04:00:00,0.0347159493203256,0.3577119026308745,0.1345760214562509
2023-09-20 05:00:00,0.0234775589961631,0.3032214968812232,0.1328485035428813
2023-09-20 06:00:00,0.0084309355885374,0.1656479929007736,0.1051586398891374
2023-09-20 07:00:00,0.0271735164075115,0.1958367403815774,0.0884505346709606
2023-09-20 08:00:00,0.0451626142645193,0.1925225912355909,0.0998316325393377
2023-09-20 09:00:00,0.0626650277306051,0.1584131109948252,0.2110113723605287
2023-09-20 10:00:00,0.0866461968889423,0.1001705375372194,0.2058638061573303
2023-09-20 11:00:00,0.090266092150819,0.0270382274989209,0.1695919621224497
2023-09-20 12:00:00,0.0920117836372525,0.0470697981080198,0.1300391262652827
2023-09-20 13:00:00,0.0756035131566664,0.1074962288725609,0.0811302895639456
2023-09-20 14:00:00,0.0585034548067579,0.0998202375337189,0.0659122887779684
2023-09-20 15:00:00,0.0557701026692109,0.1025387352588129,0.0210514193266824
2023-09-20 16:00:00,0.0598473408642937,0.1250551611769433,0.0011264603901532
2023-09-20 17:00:00,0.0433363778139251,0.1437546108283248,0.0007612946765874
2023-09-20 18:00:00,0.0350447211390227,0.218180837194904,0.0011681154662487
2023-09-20 19:00:00,0.0336759250148449,0.2433311954822415,0.0316436653043709
2023-09-20 20:00:00,0.0305378437042236,0.2540418992634692,0.0775908488853305
2023-09-20 21:00:00,0.0058026025497835,0.2507173282648224,0.1079400029836916
2023-09-20 22:00:00,0.0155511541304245,0.241852121415481,0.0573773243848015
2023-09-20 23:00:00,0.001608150457245,0.213618967268202,0.0419503189379872
2023-09-21 00:00:00,0.0015010190945045,0.1885486085430469,0.0276613360136942
2023-09-21 01:00:00,0.0050429059009925,0.1814616895189472,0.0271289586241728
2023-09-21 02:00:00,0.0009415184750276,0.150982795977125,0.0305334489329967
2023-09-21 03:00:00,0.0003103438545675,0.1309871556712132,0.047090743881425
2023-09-21 04:00:00,0.0,0.1108495861876244,0.0651385036169314
2023-09-21 05:00:00,0.0,0.1004019788667267,0.0669326501734116
2023-09-21 06:00:00,0.0,0.0656345778820561,0.0402405947641609
2023-09-21 07:00:00,0.0,0.0300628694833493,0.0012292012669681
2023-09-21 08:00:00,0.0,0.0255039326505723,0.0014510080705281
2023-09-21 09:00:00,0.0003162556224399,0.046164045926013,0.0179801407982321
2023-09-21 10:00:00,0.0003021078951218,0.080725632461847,0.0345943079275243
2023-09-21 11:00:00,0.0010346836513943,0.0848721055423512,0.0455035536117803
2023-09-21 12:00:00,0.001493119725994,0.0766663224089379,0.0438004385412128
2023-09-21 13:00:00,0.0097156435835595,0.077061653137207,0.0561876857981962
2023-09-21 14:00:00,0.0181086398417653,0.0951064334196202,0.0775885348226509
2023-09-21 15:00:00,0.0377623843990899,0.1526119311650594,0.09223926301096
2023-09-21 16:00:00,0.0542616376689836,0.2581668803894442,0.1500852201499191
2023-09-21 17:00:00,0.0477806438807568,0.3442346270567451,0.2475788110221912
2023-09-21 18:00:00,0.0246329206267213,0.3357788113986745,0.361620045954885
2023-09-21 19:00:00,0.004932211894615,0.3365610845727858,0.4226482662500119
2023-09-21 20:00:00,0.0011808782621146,0.3317313661762312,0.3882061282014535
2023-09-21 21:00:00,0.0005682675667058,0.293209886239245,0.2926221766503029
2023-09-21 22:00:00,0.0,0.2533981722164777,0.3045734283970852
2023-09-21 23:00:00,0.0005234604567484,0.2045659894257589,0.2869670188504886
2023-09-22 00:00:00,0.0240827607952691,0.2450933175928452,0.3194142805984596
2023-09-22 01:00:00,0.0569554871203852,0.2567159334818522,0.3726809975368524
2023-09-22 02:00:00,0.0714567595837163,0.2445412554772071,0.4407554623348261
2023-09-22 03:00:00,0.0551522713081509,0.2094658589830585,0.4419888920254178
2023-09-22 04:00:00,0.0410656706959593,0.1962879000146404,0.4495920932370852
2023-09-22 05:00:00,0.0480840977500466,0.1973829643399107,0.4879604601392558
2023-09-22 06:00:00,0.0187432606235828,0.1504517185921762,0.3009138605953042
2023-09-22 07:00:00,0.0231960902806201,0.1148135755576339,0.2216693155126634
2023-09-22 08:00:00,0.044670128744412,0.0931270216025558,0.2703876277200537
2023-09-22 09:00:00,0.0877967535280713,0.085603629841524,0.3253201098223917
2023-09-22 10:00:00,0.1610397825054094,0.0853845184924555,0.3363009371788673
2023-09-22 11:00:00,0.1826093368280947,0.0922875544604133,0.4444861458797081
2023-09-22 12:00:00,0.1607687566794601,0.1078607989292518,0.5740568139194663
2023-09-22 13:00:00,0.1360382636388143,0.1050403422000361,0.5983786723193
2023-09-22 14:00:00,0.1125692503125059,0.0982135066799089,0.5332152594148722
2023-09-22 15:00:00,0.0867409098382089,0.1425158159405577,0.4553774992624919
2023-09-22 16:00:00,0.0816973284179089,0.2338657254487081,0.5048640101563697
2023-09-22 17:00:00,0.0786284839405733,0.3303384204315983,0.5613899932188147
2023-09-22 18:00:00,0.0772623221079508,0.3993669787263558,0.5584071508420059
2023-09-22 19:00:00,0.0661008264504227,0.4240582768434013,0.5126418007744683
2023-09-22 20:00:00,0.0598035606683469,0.4383075720344493,0.4795260678708943
2023-09-22 21:00:00,0.0531467035704968,0.485762170716828,0.4636805353600994
2023-09-22 22:00:00,0.0537460458044912,0.5376729466556723,0.5201961246191287
2023-09-22 23:00:00,0.0253873864809672,0.3713156631569457,0.4476003709182241
2023-09-23 00:00:00,0.0022652862118739,0.2496405021817076,0.4303315496133044
2023-09-23 01:00:00,0.0037533625278597,0.2271205958198098,0.4076833460066054
2023-09-23 02:00:00,0.0060011806830861,0.2204213578716602,0.3899123201183244
2023-09-23 03:00:00,0.0014530373554603,0.2137855392655516,0.3979313342399846
2023-09-23 04:00:00,0.0082108016107596,0.2172723003462249,0.4330903424157036
2023-09-23 05:00:00,0.0459424319610097,0.2627418368470435,0.4071978400735294
2023-09-23 06:00:00,0.0272118492064133,0.2109008770363003,0.3324372503492567
2023-09-23 07:00:00,0.0466634455849142,0.1270860667322196,0.3116910083621156
2023-09-23 08:00:00,0.0624939974616555,0.0996835325278487,0.2734823850245257
2023-09-23 09:00:00,0.0631541598076913,0.1156088067036049,0.2808737879485087
2023-09-23 10:00:00,0.0718410576091093,0.1513130758322921,0.3205656085918152
2023-09-23 11:00:00,0.0731895484176336,0.1914339813531614,0.3672266910278719
2023-09-23 12:00:00,0.0628380448210473,0.2032666331023172,0.3540532137054244
2023-09-23 13:00:00,0.0513921531976438,0.1900793181525336,0.3007358148986218
2023-09-23 14:00:00,0.0361918581077475,0.2094300930796105,0.2783451859467949
2023-09-23 15:00:00,0.0213227653815076,0.3340515996895584,0.2383548792670755
2023-09-23 16:00:00,0.0164132071476356,0.4613003543778962,0.3192534462299222
2023-09-23 17:00:00,0.001437554172441,0.6105256236456578,0.3850361677556256
2023-09-23 18:00:00,0.0006952507823121,0.5766769483977673,0.4284952839994742
2023-09-23 19:00:00,0.0,0.4169643532996084,0.4403999568590152
2023-09-23 20:00:00,0.0,0.3318630511464636,0.4144939784131018
2023-09-23 21:00:00,9.57153201882356e-05,0.2851352006002189,0.3299659233467251
2023-09-23 22:00:00,0.0,0.2382307052612304,0.3847706006243338
2023-09-23 23:00:00,0.0004546634512009,0.2218730153601154,0.3382473552928251
2023-09-24 00:00:00,0.0148363203005073,0.1772334373075198,0.2796180139180102
2023-09-24 01:00:00,0.0475655147452759,0.1546130694595037,0.163627079888886
2023-09-24 02:00:00,0.0567201072094487,0.1519583837658751,0.1296184577193914
2023-09-24 03:00:00,0.0703332470912559,0.1562093870312559,0.1482027652216892
2023-09-24 04:00:00,0.0844807250826966,0.1344842653648526,0.1709425332499485
2023-09-24 05:00:00,0.0958582934211282,0.106816385306564,0.1534308989842732
2023-09-24 06:00:00,0.0594234466552734,0.0726538779688816,0.073943021250706
2023-09-24 07:00:00,0.0468884036431904,0.054564265643849,0.059134142071593
2023-09-24 08:00:00,0.0285697544322294,0.0541922391629686,0.0203628863384521
2023-09-24 09:00:00,0.0133138201595131,0.0577836410672056,0.0012028532869675
2023-09-24 10:00:00,0.0011133995710634,0.0656942760243135,0.0
2023-09-24 11:00:00,0.0011951771436953,0.0685669394100413,0.0007746535189011
2023-09-24 12:00:00,0.0157979278782613,0.0762577617869657,0.0
2023-09-24 13:00:00,0.0436344879125457,0.1207906241510428,0.0
2023-09-24 14:00:00,0.0011253532241372,0.1152079479367125,0.0014432481690949
2023-09-24 15:00:00,0.0,0.1093041429332658,0.1066690917108573
2023-09-24 16:00:00,0.0,0.1344755700990265,0.1778786447313096
2023-09-24 17:00:00,0.0,0.1905616249134338,0.2883730215184829
2023-09-24 18:00:00,0.0,0.2445771990258709,0.2962980753456066
2023-09-24 19:00:00,0.0,0.228791112214132,0.2757158591077219
2023-09-24 20:00:00,0.035107219530866,0.1592896849501366,0.3004365575079824
2023-09-24 21:00:00,0.1239295449911379,0.1253219445546468,0.3423909642337974
2023-09-24 22:00:00,0.1150773787030986,0.0958578259337182,0.529310414993685
2023-09-24 23:00:00,0.0759250977460075,0.0953057700512456,0.4699325873181711
2023-09-25 00:00:00,0.0815232361064237,0.0769429580838072,0.303910902123046
2023-09-25 01:00:00,0.1576384259205238,0.0277556258868547,0.2574764918657689
2023-09-25 02:00:00,0.2689462736541149,0.0015315152461232,0.2084484848321653
2023-09-25 03:00:00,0.3324204784592772,0.0201005557783288,0.1729064735711789
2023-09-25 04:00:00,0.3441366323458603,0.0448930984229044,0.1875793170305638
2023-09-25 05:00:00,0.3169097760144402,0.0574193748773313,0.1800982624876733
2023-09-25 06:00:00,0.2139855085634717,0.0408168859731138,0.1845306290520562
2023-09-25 07:00:00,0.2005871510973163,0.023811968323452,0.1790614657931857
2023-09-25 08:00:00,0.1955439810659371,0.008496789371266,0.1629078271342258
2023-09-25 09:00:00,0.2425654261719946,0.0014846176882974,0.0993206103642781
2023-09-25 10:00:00,0.3493434619280248,0.0012859351494733,0.06822057798797
2023-09-25 11:00:00,0.3373825409833123,0.0062554334503373,0.0583309285780962
2023-09-25 12:00:00,0.2997752030690511,0.0226136644681294,0.0691923440671434
2023-09-25 13:00:00,0.3015195528666178,0.0240917988851958,0.081179983475629
2023-09-25 14:00:00,0.3139331683613895,0.024225359259088,0.0877226333992154
2023-09-25 15:00:00,0.2513800041348326,0.0389543389962389,0.1066797854853611
2023-09-25 16:00:00,0.2986751428616592,0.0660355885823567,0.1829465074476852
2023-09-25 17:00:00,0.415903915766797,0.0981990613189398,0.2388996579288657
2023-09-25 18:00:00,0.52518586707271,0.1541434549817852,0.2506026878855587
2023-09-25 19:00:00,0.5717020798352809,0.220580527985018,0.2261049389060026
2023-09-25 20:00:00,0.6081504603616552,0.2370487724254333,0.1797547558553857
2023-09-25 21:00:00,0.6219668715607886,0.2019778762767517,0.142068114935183
2023-09-25 22:00:00,0.6847797468596813,0.1375096218258726,0.1014745118571262
2023-09-25 23:00:00,0.5884432714749006,0.0884785605411903,0.0769687633888394
2023-09-26 00:00:00,0.5067015629188687,0.0676546143550498,0.0652373538297765
2023-09-26 01:00:00,0.4308627571155822,0.0766652471878949,0.0784978913325889
2023-09-26 02:00:00,0.4034512635149987,0.0806852181752522,0.0983883586584353
2023-09-26 03:00:00,0.4382576958026761,0.0830480631660012,0.1077881864472931
2023-09-26 04:00:00,0.4858037459304909,0.089948855194391,0.0968344305075851
2023-09-26 05:00:00,0.4809695521211312,0.0809210421992283,0.057230322968726
2023-09-26 06:00:00,0.3234314778271843,0.0359313916536717,0.0432055627598482
2023-09-26 07:00:00,0.297829004674176,0.0147900678753073,0.030596692967259
2023-09-26 08:00:00,0.2796920327579274,0.001612719757105,0.019158843296026
2023-09-26 09:00:00,0.299612610947852,0.0015206188937417,0.0100743766703636
2023-09-26 10:00:00,0.3083993967841653,0.0146646982704112,0.0099755338594025
2023-09-26 11:00:00,0.2676374429191639,0.0299913781920289,0.0185809026356616
2023-09-26 12:00:00,0.2580252379373787,0.0441345315353543,0.0172278892760183
2023-09-26 13:00:00,0.2355050947151932,0.0549754909440582,0.017689543611863
2023-09-26 14:00:00,0.23195923699273,0.0553941960428275,0.0214417518353929
2023-09-26 15:00:00,0.1839406692903805,0.0631641172895244,0.0347778376410989
2023-09-26 16:00:00,0.2551245284236334,0.0974378866307875,0.0878476629070207
2023-09-26 17:00:00,0.3689082744074803,0.1569865614760155,0.1441572577345605
2023-09-26 18:00:00,0.4457156206268111,0.2232486406962077,0.1749736125173132
2023-09-26 19:00:00,0.4696795519660501,0.2449415493634791,0.1679673849367627
2023-09-26 20:00:00,0.5134301170024996,0.2245604913998273,0.1589138951956057
2023-09-26 21:00:00,0.5190080053666059,0.1737331751904456,0.129665966127433
2023-09-26 22:00:00,0.5190703681871003,0.1843612739463257,0.1387682264926386
2023-09-26 23:00:00,0.3980157796074362,0.1305234665964164,0.107083098561156
2023-09-27 00:00:00,0.3490516749861972,0.0956540715460683,0.0915260174695183
2023-09-27 01:00:00,0.3431576373530369,0.0794728597005208,0.0797925743402219
2023-09-27 02:00:00,0.3838927496492473,0.0663886584487615,0.070502851523605
2023-09-27 03:00:00,0.4441422122755861,0.0584702398262771,0.0673859025917801
2023-09-27 04:00:00,0.5053145277733896,0.0577387389014748,0.0644116074431176
2023-09-27 05:00:00,0.4927134747598685,0.0543029635560278,0.0436236083117965
2023-09-27 06:00:00,0.3518684736264297,0.0357276957019481,0.0013164285740821
2023-09-27 07:00:00,0.3249165591071634,0.0325121692582672,0.0007558757183598
2023-09-27 08:00:00,0.3374759215934604,0.035533252494787,0.0006797337064556
2023-09-27 09:00:00,0.6467923463559617,0.0426035355898289,0.0006639143220739
2023-09-27 10:00:00,0.6551746948092592,0.0625319106906068,0.00079097428353
2023-09-27 11:00:00,0.5564617175681918,0.0661308391421448,0.000871014361288
2023-09-27 12:00:00,0.5246608007967082,0.0605009583865895,0.0010873967526005
2023-09-27 13:00:00,0.4895250859603383,0.048972824430154,0.0013814751618827
2023-09-27 14:00:00,0.4461637743158278,0.0472754937371397,0.013205600330253
2023-09-27 15:00:00,0.2957293099048091,0.0704209009806315,0.0519709259855981
2023-09-27 16:00:00,0.2833817238901175,0.1180910596660539,0.1133689693376129
2023-09-27 17:00:00,0.3353047308578989,0.1733190841924131,0.1671438591153013
2023-09-27 18:00:00,0.3849478406843796,0.2149214619904561,0.18806701236301
2023-09-27 19:00:00,0.4298198971093869,0.2305765058480057,0.1875936470779718
2023-09-27 20:00:00,0.4819087577021979,0.2309010044422025,0.1766406944374633
2023-09-27 21:00:00,0.5007688516105702,0.1957615372402216,0.1403491871029722
2023-09-27 22:00:00,0.6106318913254083,0.198077793993981,0.1084722724615358
2023-09-27 23:00:00,0.5474443762910132,0.1611547844082701,0.0871889263975854
2023-09-28 00:00:00,0.505302162731395,0.149199460067001,0.0755531647626091
2023-09-28 01:00:00,0.4983252325868295,0.147633014940748,0.067608169480866
2023-09-28 02:00:00,0.4723769231559404,0.1415431031993791,0.0583637228199079
2023-09-28 03:00:00,0.4588207154492147,0.1386244039909512,0.0563726471919639
2023-09-28 04:00:00,0.5279893267388437,0.1403770259782379,0.065004965838264
2023-09-28 05:00:00,0.5835343498030519,0.1265372482000612,0.0685094852073519
2023-09-28 06:00:00,0.4553543820100672,0.087281909643435,0.026676624818565
2023-09-28 07:00:00,0.4301573123807222,0.0673230489095052,2.545975392160852e-05
2023-09-28 08:00:00,0.4044412444619572,0.0572566892586502,5.424412247402216e-06
2023-09-28 09:00:00,0.4047101806191837,0.0470704194767023,0.0003162649721881
2023-09-28 10:00:00,0.5562783923803591,0.0486137185221404,0.0002149701897614
2023-09-28 11:00:00,0.5627033757228477,0.0657195904675652,0.0
2023-09-28 12:00:00,0.5597721439561033,0.0786336263020833,0.0
2023-09-28 13:00:00,0.5282699594310686,0.0804881488575654,0.0
2023-09-28 14:00:00,0.4675007957259035,0.0791154422012029,0.0
2023-09-28 15:00:00,0.376839107937283,0.0971016463111428,0.0
2023-09-28 16:00:00,0.4240652346143535,0.1464886057610605,0.0014416107944413
2023-09-28 17:00:00,0.4665142804189445,0.1902029000076593,0.0437826673968944
2023-09-28 18:00:00,0.4630922102460674,0.2525764446632534,0.0846021315630744
2023-09-28 19:00:00,0.4768761856104034,0.283480494630103,0.1127879292357201
2023-09-28 20:00:00,0.5583320645725025,0.2899580905640047,0.1439601767296884
2023-09-28 21:00:00,0.6078990378410987,0.2550934405108682,0.1532710182900522
2023-09-28 22:00:00,0.7280272222032733,0.2576076532501021,0.1369517924738865
2023-09-28 23:00:00,0.7152561767428529,0.207801915461721,0.1323248942693074
2023-09-29 00:00:00,0.7110964176701564,0.1657314043419034,0.1169968936957565
2023-09-29 01:00:00,0.7081088365293017,0.1364739385305666,0.0923806312037449
2023-09-29 02:00:00,0.7080534673204608,0.114792924301297,0.0776622575872084
2023-09-29 03:00:00,0.6594357677534515,0.0924469910415948,0.076688948799582
2023-09-29 04:00:00,0.6086054580663544,0.0895509065366258,0.0711987532821356
2023-09-29 05:00:00,0.5450260249617832,0.0903833613676183,0.0684058899972953
2023-09-29 06:00:00,0.401321965884539,0.0645867048525342,0.0519477853588029
2023-09-29 07:00:00,0.3678829186882069,0.0408515922384324,0.0012496269606297
2023-09-29 08:00:00,0.3388663039487951,0.0256843103302849,0.0004578260035296
2023-09-29 09:00:00,0.3302271693360571,0.0126512038941476,0.0009128443555894
2023-09-29 10:00:00,0.5060295497669893,0.0042840904659695,0.0009374092606937
2023-09-29 11:00:00,0.437594217412612,0.0106484309520596,0.0008084022141749
2023-09-29 12:00:00,0.3658390917809181,0.0118396060139525,0.0005530855234931
2023-09-29 13:00:00,0.3287094963921441,0.0062537162132512,0.0001473403444477
2023-09-29 14:00:00,0.3016945957358367,0.001439047794716,0.0
2023-09-29 15:00:00,0.239727603064643,0.0013362601691601,0.0
2023-09-29 16:00:00,0.2845408589232202,0.0013454747355841,0.0
2023-09-29 17:00:00,0.3807093130996803,0.0016314550942065,0.0
2023-09-29 18:00:00,0.4172753290413252,0.0129477888150931,0.0
2023-09-29 19:00:00,0.4089730237823686,0.0262324365915036,0.0001775291230943
2023-09-29 20:00:00,0.3582463326796987,0.0363548148691264,0.0005579559631596
2023-09-29 21:00:00,0.3198003270267661,0.0419718747824625,0.0014046559146806
2023-09-29 22:00:00,0.3872656572877971,0.0853136707754696,0.0015436543358696
2023-09-29 23:00:00,0.350728058347515,0.0818318946688783,0.0391317905943378
2023-09-30 00:00:00,0.3404578757441901,0.07218085083307,0.0821875123416676
2023-09-30 01:00:00,0.3408260516871034,0.0557202918856751,0.1256085377113492
2023-09-30 02:00:00,0.3281066604689056,0.0403559998749128,0.1607532244102627
2023-09-30 03:00:00,0.3120396293066685,0.0181907847815868,0.178924560546875
2023-09-30 04:00:00,0.2968390969669117,0.0014190124530418,0.1783919209748311
2023-09-30 05:00:00,0.2539355489942763,0.0006346172756618,0.177604064442753
2023-09-30 06:00:00,0.143812287087534,0.0,0.1293600189919565
2023-09-30 07:00:00,0.0967235191195619,0.0,0.0450894057361129
2023-09-30 08:00:00,0.0912829707650577,0.0,0.0261939569236406
2023-09-30 09:00:00,0.1260308190888049,0.0,0.0469839475513283
2023-09-30 10:00:00,0.1662316626193477,8.256295148064109e-05,0.0237448379105212
2023-09-30 11:00:00,0.119743125111449,0.0002259043307086,0.0530988796084534
2023-09-30 12:00:00,0.0815858794193641,0.000277738555584,0.0663223219852821
2023-09-30 13:00:00,0.0626775563931932,0.0003447793667612,0.0777545629763135
2023-09-30 14:00:00,0.0523555980009191,0.0008340964909472,0.079961243797751
2023-09-30 15:00:00,0.0303648659606385,0.0071685742708592,0.0562651952107747
2023-09-30 16:00:00,0.0279051271918552,0.0209174522387436,0.0683166700250962
2023-09-30 17:00:00,0.0342255199656767,0.0167006635977551,0.0873363953010708
2023-09-30 18:00:00,0.0527542946385402,0.0158592061279645,0.1112338959002027
2023-09-30 19:00:00,0.0740965207417806,0.0191384624032413,0.1782759778639849
2023-09-30 20:00:00,0.0871152737561394,0.0211600797628265,0.2675216774535335
2023-09-30 21:00:00,0.0754528653387929,0.0197994405148076,0.2192433332306107
2023-09-30 22:00:00,0.0666048480015175,0.0145733005860272,0.2237938338635014
2023-09-30 23:00:00,0.0339495983778261,0.0014913008103962,0.2774078113580841
2023-10-01 00:00:00,0.0441279450273202,0.0009411324083415,0.3373192618874943
2023-10-01 01:00:00,0.0907372025882496,0.0007188631818185,0.3958688312106662
2023-10-01 02:00:00,0.1386988046122532,0.0005121757002437,0.3392038656995187
2023-10-01 03:00:00,0.1636114073734657,0.0003926633230221,0.2941393852233886
2023-10-01 04:00:00,0.1589015535279816,0.0001909623738207,0.3120835731232088
2023-10-01 05:00:00,0.1555428668564441,0.0002538129395129,0.2795396723778419
2023-10-01 06:00:00,0.0929281524583405,0.0003653262175765,0.2986158187093298
2023-10-01 07:00:00,0.0376155041401682,0.0,0.2521460103053672
2023-10-01 08:00:00,0.0349837253296297,0.0,0.1933459175957573
2023-10-01 09:00:00,0.0604885933445949,0.0,0.2052183618732527
2023-10-01 10:00:00,0.0656864689845664,0.000963189633064,0.2517390251159668
2023-10-01 11:00:00,0.0572479706184536,0.0710065692078833,0.2521466024560866
2023-10-01 12:00:00,0.0780304974200678,0.1757895369934879,0.2525963409274232
2023-10-01 13:00:00,0.1438922624962002,0.3271841332803364,0.2762154566696266
2023-10-01 14:00:00,0.3728252797344931,0.4791153334324656,0.287141821742837
2023-10-01 15:00:00,0.7738224665323893,0.6386990173190248,0.1907242887160357
2023-10-01 16:00:00,0.870736807779549,0.6670904627033308,0.1611410052168603
2023-10-01 17:00:00,0.7762964099061256,0.6075986927630854,0.1611414960786408
2023-10-01 18:00:00,0.7542765467774634,0.5411552292069578,0.1582101747101428
2023-10-01 19:00:00,0.820519718469358,0.4798480965732749,0.1617859625348857
2023-10-01 20:00:00,0.803795664918189,0.4047563948662452,0.1585592475591921
2023-10-01 21:00:00,0.719767785539814,0.36623751571755,0.1362935117646759
2023-10-01 22:00:00,0.8348367821936514,0.495812441009322,0.2270351484710095
2023-10-01 23:00:00,0.7629110018412272,0.4402497422461416,0.2523684813306223
2023-10-02 00:00:00,0.7047136437659169,0.4084285598954344,0.2461182120578741
2023-10-02 01:00:00,0.6634250996159572,0.4036809431961159,0.2245857170204711
2023-10-02 02:00:00,0.6410418024250105,0.3783836598489798,0.2212699098524704
2023-10-02 03:00:00,0.6232277474372215,0.3376370489207748,0.1962536737030627
2023-10-02 04:00:00,0.6145928264443391,0.3789745577020583,0.185272357043098
2023-10-02 05:00:00,0.6292217463449714,0.4358551408730301,0.2027196042677935
2023-10-02 06:00:00,0.6804083281872318,0.491060143202738,0.2170480528688119
2023-10-02 07:00:00,0.7248965057672239,0.4621788099700329,0.1636165263606052
2023-10-02 08:00:00,0.8359755815244189,0.4013913971146727,0.1643715419021307
2023-10-02 09:00:00,0.7875395008161956,0.4090844213572982,0.1670832376854092
2023-10-02 10:00:00,0.8580270031698389,0.3793505702922547,0.191149275287304
2023-10-02 11:00:00,0.8662760179806379,0.4599280139200049,0.1868997648650524
2023-10-02 12:00:00,0.8424541716482126,0.5661143352782804,0.1821354386074091
2023-10-02 13:00:00,0.7660169788435394,0.5854116857441422,0.1732028450062072
2023-10-02 14:00:00,0.6632892290751139,0.6193447658439087,0.1330436561621871
2023-10-02 15:00:00,0.492021032408172,0.4937854701397465,0.0714558479832667
2023-10-02 16:00:00,0.4088590628181408,0.3733351012460547,0.0433713891147788
2023-10-02 17:00:00,0.3732635460647882,0.3051395712335125,0.0135465396775139
2023-10-02 18:00:00,0.317393670674243,0.2498379252315346,0.0008506872295554
2023-10-02 19:00:00,0.2583614019007464,0.2281144615871454,0.0
2023-10-02 20:00:00,0.2571050357195287,0.2389533659991096,0.0
2023-10-02 21:00:00,0.2767647356768838,0.2057588178347918,0.0
2023-10-02 22:00:00,0.2869545836853825,0.1549272209990258,0.0015926119548822
2023-10-02 23:00:00,0.2525078736099542,0.1306086661768894,0.0880257054871203
2023-10-03 00:00:00,0.221916183147555,0.104303243113499,0.1249970641790651
2023-10-03 01:00:00,0.214224737454084,0.0764847035501517,0.1495055825102563
2023-10-03 02:00:00,0.2112089730555715,0.0504119022219788,0.1546800370309867
2023-10-03 03:00:00,0.1777685046975129,0.0331538397502275,0.1642440931469786
2023-10-03 04:00:00,0.1572062221227907,0.0516149343228807,0.1639288546992283
2023-10-03 05:00:00,0.1289936958574781,0.0702862879809211,0.1701082435308718
2023-10-03 06:00:00,0.0539931596494188,0.0534334603477926,0.1470591273962282
2023-10-03 07:00:00,0.0165755990283941,0.0131028485453985,0.1341978124543732
2023-10-03 08:00:00,0.0014227461191563,0.0016247980734881,0.145116787330777
2023-10-03 09:00:00,0.0098446623172635,0.0012291849049088,0.1733426517910427
2023-10-03 10:00:00,0.0,0.0,0.1404414691177068
2023-10-03 11:00:00,0.0,0.0003730522261725,0.1825798477222717
2023-10-03 12:00:00,0.0003520125657125,0.0006027619043986,0.1902707012650234
2023-10-03 13:00:00,0.0015649639703089,0.0005670548264497,0.2020902664832819
2023-10-03 14:00:00,0.0171950245215222,0.0,0.2292588520673365
2023-10-03 15:00:00,0.0126033472079856,0.0,0.2411939458909377
2023-10-03 16:00:00,0.0158029892086203,0.0,0.3522844750896778
2023-10-03 17:00:00,0.0567460527607038,0.0011419135760637,0.4684210057352103
2023-10-03 18:00:00,0.1449262628368303,0.0423267553834354,0.5803466778175503
2023-10-03 19:00:00,0.2286913348179237,0.1031734195410036,0.6670684720955643
2023-10-03 20:00:00,0.2541565988578048,0.1659472432791018,0.748606896867939
2023-10-03 21:00:00,0.2477463304606917,0.2306180748285032,0.8026248613993326
2023-10-03 22:00:00,0.2452022733252032,0.263860824061375,0.8290544304193235
2023-10-03 23:00:00,0.2205447620815701,0.2495351585687375,0.8072371950336531
2023-10-04 00:00:00,0.2079169703464882,0.2552255493363524,0.8230780900693407
2023-10-04 01:00:00,0.2078244171890558,0.2814889141157561,0.858573676713931
2023-10-04 02:00:00,0.2107612478966806,0.31017882839527,0.8726194917766097
2023-10-04 03:00:00,0.2198082450168584,0.3594578637017144,0.909413250443203
2023-10-04 04:00:00,0.221364121031917,0.4056275077894622,0.8902325412027197
2023-10-04 05:00:00,0.2117299472584444,0.451837154774884,0.84782673330868
2023-10-04 06:00:00,0.1444130668453142,0.4455370622522691,0.7383221644981235
2023-10-04 07:00:00,0.2210835008060231,0.3901759097778719,0.6532465897354425
2023-10-04 08:00:00,0.2710604293673646,0.4387080466825198,0.7421799454034543
2023-10-04 09:00:00,0.3420527433258256,0.4900592916152056,0.6976470012290805
2023-10-04 10:00:00,0.428146882774004,0.428077671262953,0.5901777822207781
2023-10-04 11:00:00,0.4801844615562289,0.4227009255901661,0.522039411893857
2023-10-04 12:00:00,0.4624476152307847,0.3328747842826095,0.6637893190570906
2023-10-04 13:00:00,0.3877247236912546,0.2407526159598157,0.6378822233162674
2023-10-04 14:00:00,0.2829858711342407,0.2243254075642504,0.5440081490410699
2023-10-04 15:00:00,0.2613313338335822,0.2751586452808255,0.4048688177968941
2023-10-04 16:00:00,0.3578920722786897,0.3550769581514246,0.3638879863265293
2023-10-04 17:00:00,0.3470014029858159,0.3068930759928585,0.3652133318333844
2023-10-04 18:00:00,0.2062366834652969,0.2003377372143315,0.3901967098510343
2023-10-04 19:00:00,0.1300282922445559,0.1193543625812904,0.4152194908241821
2023-10-04 20:00:00,0.1582575078104056,0.0900202638962689,0.385692834854126
2023-10-04 21:00:00,0.2416972740023744,0.1162012768726722,0.3724880841822406
2023-10-04 22:00:00,0.3260148615618936,0.2056640145046259,0.4138038407743367
2023-10-04 23:00:00,0.3797911802927653,0.235213105195488,0.378172583050198
2023-10-05 00:00:00,0.3719955472385182,0.1707228375416176,0.324621989056955
2023-10-05 01:00:00,0.3413256928811665,0.1852566058339636,0.2815684991724351
2023-10-05 02:00:00,0.3696773644366296,0.2207534952101364,0.3146991090836868
2023-10-05 03:00:00,0.362871126411787,0.2387860242058249,0.28255223916247
2023-10-05 04:00:00,0.3130216271269555,0.2382387585110134,0.2400130789264354
2023-10-05 05:00:00,0.2680390987520903,0.2376222703971114,0.1956909528744766
2023-10-05 06:00:00,0.1548196872075398,0.1956213159498825,0.1763977942123911
2023-10-05 07:00:00,0.1276598490920721,0.1842005642410976,0.2164746733272776
2023-10-05 08:00:00,0.1082331175897635,0.1454032051797006,0.1834268601112116
2023-10-05 09:00:00,0.0709249692804673,0.1287723522560269,0.2157412354463066
2023-10-05 10:00:00,0.0390432512058931,0.0717905222200879,0.2233500761144301
2023-10-05 11:00:00,0.0042104978187411,0.0482176468263264,0.3425127618453082
2023-10-05 12:00:00,0.0011269590433906,0.0506552995419969,0.4973335203781626
2023-10-05 13:00:00,0.0010728571150037,0.0437073688101924,0.6049986290775873
2023-10-05 14:00:00,0.0015680750990225,0.0132196432624767,0.4479835609984554
2023-10-05 15:00:00,0.0080467715762019,0.000966137141184,0.4111422370461857
2023-10-05 16:00:00,0.0148641802127065,0.0106049690371245,0.4286799212686377
2023-10-05 17:00:00,0.0164042368433833,0.0737924435559441,0.4780671721190409
2023-10-05 18:00:00,0.0185891950831693,0.1395272039899639,0.5622929996914333
2023-10-05 19:00:00,0.0698025086346794,0.1924454339968613,0.6324079847024157
2023-10-05 20:00:00,0.1488633249320236,0.234979857027141,0.6651042395947026
2023-10-05 21:00:00,0.2328672409057617,0.2630132195217157,0.7911524398654115
2023-10-05 22:00:00,0.2799971680236018,0.3747372019524668,0.916772381152982
2023-10-05 23:00:00,0.2604205468121697,0.369883314456815,0.9446054782742768
2023-10-06 00:00:00,0.2458546457726971,0.3912312205320869,0.9312409918292676
2023-10-06 01:00:00,0.2338733641929876,0.4475350411109675,0.9180901533637952
2023-10-06 02:00:00,0.1913358619789672,0.4519084777707368,0.8724257400612426
2023-10-06 03:00:00,0.1449027715944776,0.5025902760574241,0.6512790193744734
2023-10-06 04:00:00,0.0912414345086789,0.5698279695573196,0.5528708376915626
2023-10-06 05:00:00,0.1195125603208354,0.6005895059872297,0.5334622018477496
2023-10-06 06:00:00,0.1890444755554199,0.5457688234989939,0.6156067598878947
2023-10-06 07:00:00,0.2110489147161346,0.8249953961839863,0.6431483848422181
2023-10-06 08:00:00,0.2366064950531604,0.8262785088782216,0.7373965955248065
2023-10-06 09:00:00,0.2592913746054656,0.7310456294639438,0.6788807663263059
2023-10-06 10:00:00,0.3880493220160989,0.544394870209538,0.5144582075231215
2023-10-06 11:00:00,0.4487120762369991,0.6220123892516092,0.5312355982711892
2023-10-06 12:00:00,0.5430212753270965,0.7431551895889581,0.4914660391464732
2023-10-06 13:00:00,0.6332326792424021,0.8477554383620717,0.4429557292289983
2023-10-06 14:00:00,0.5977919600368324,0.8496860865673987,0.4253664110221115
2023-10-06 15:00:00,0.418831452824711,0.8060993774264467,0.2491345686071059
2023-10-06 16:00:00,0.2697057661667368,0.7281811564576391,0.1454618631624707
2023-10-06 17:00:00,0.2059243239608465,0.6408016728419883,0.0949159556744145
2023-10-06 18:00:00,0.220940555622375,0.5415575410805497,0.1007223012400608
2023-10-06 19:00:00,0.2681049459120806,0.398547280068491,0.1341628560832902
2023-10-06 20:00:00,0.2684336487763847,0.2390605452793096,0.2062551585677402
2023-10-06 21:00:00,0.1936793576658161,0.1365635558670642,0.3397927860808528
2023-10-06 22:00:00,0.1738902135612138,0.0956107354631611,0.4476022751502742
2023-10-06 23:00:00,0.0969468378553203,0.0750267271902047,0.6330079580444136
2023-10-07 00:00:00,0.047824105795692,0.0886201858520507,0.7331166734882429
2023-10-07 01:00:00,0.0340681781176648,0.1491959889729817,0.8416611353556315
2023-10-07 02:00:00,0.0237573330698449,0.2543660425672344,0.9464084587845148
2023-10-07 03:00:00,0.0538901254242541,0.3486900173760707,0.9846897842058168
2023-10-07 04:00:00,0.0877279627556894,0.4633751725838854,0.9999486729989644
2023-10-07 05:00:00,0.1235008122874241,0.6464416746999703,1.0
2023-10-07 06:00:00,0.128522468548195,0.8726098989349564,1.0
2023-10-07 07:00:00,0.2432176209742726,0.8859814911885978,1.0
2023-10-07 08:00:00,0.5358031372618831,0.9939162185768676,1.0
2023-10-07 09:00:00,0.7662455240885416,0.9967822748072006,1.0
2023-10-07 10:00:00,0.9301490659028095,1.0,1.0
2023-10-07 11:00:00,0.9768334712857514,1.0,1.0
2023-10-07 12:00:00,0.9693393021627188,0.9985782118404612,1.0
2023-10-07 13:00:00,0.9348712310292362,0.9967068659713844,1.0
2023-10-07 14:00:00,0.8213533981173646,0.9897880710028356,1.0
2023-10-07 15:00:00,0.6923486391703287,0.9892774064556444,1.0
2023-10-07 16:00:00,0.7425192290661382,0.9979865099090376,1.0
2023-10-07 17:00:00,0.7834160655152564,0.9979061051911,0.9997844446718304
2023-10-07 18:00:00,0.7759887377421061,0.9971577451120012,0.9970787397397108
2023-10-07 19:00:00,0.7472428901522767,0.9983349189259646,0.9814271521724128
2023-10-07 20:00:00,0.6711628483790977,0.998885868421567,0.9662353228899389
2023-10-07 21:00:00,0.5503481899211609,0.9920816857830372,0.9065169228447808
2023-10-07 22:00:00,0.5672899102853014,0.9852702633228176,0.8354853087780523
2023-10-07 23:00:00,0.5236511682373246,0.9430983362634198,0.8798167284797219
2023-10-08 00:00:00,0.4812781405604743,0.8361601455538881,0.8798848258124458
2023-10-08 01:00:00,0.4881855397442587,0.796451587303012,0.8133138675315708
2023-10-08 02:00:00,0.5284615279802309,0.8129514151928472,0.7771100623934877
2023-10-08 03:00:00,0.5128457343656253,0.7439336963728362,0.6223940927218767
2023-10-08 04:00:00,0.4248065667993882,0.8295763146643544,0.573405229967404
2023-10-08 05:00:00,0.3373305408004062,0.7685943958806056,0.6150467489279953
2023-10-08 06:00:00,0.3101716509052351,0.8534602183921665,0.7240390684090409
2023-10-08 07:00:00,0.2823586058772467,0.8661514294692894,0.9763039015477
2023-10-08 08:00:00,0.2711375273910223,0.7826884120118385,0.9886373787923576
2023-10-08 09:00:00,0.214220296323689,0.8617838441936019,0.971640462189718
2023-10-08 10:00:00,0.2237268616171444,0.7838177867964202,0.978469247132345
2023-10-08 11:00:00,0.8441710316277797,0.8635014365701115,0.99940227059757
2023-10-08 12:00:00,0.7675914670906815,0.9699145360709795,1.0
2023-10-08 13:00:00,0.3451996332679699,0.9728260757097232,1.0
2023-10-08 14:00:00,0.2419688935373343,0.927127083921744,0.9993824740640478
2023-10-08 15:00:00,0.3046344370623819,0.9165245068618676,1.0
2023-10-08 16:00:00,0.4140113288281011,0.8079147806354597,1.0
2023-10-08 17:00:00,0.4050726438659469,0.8167936848659141,0.9999192244087172
2023-10-08 18:00:00,0.3987671456305809,0.8898180356991836,0.9988622914731892
2023-10-08 19:00:00,0.4787345259797339,0.9986179264542324,0.9989812265034592
2023-10-08 20:00:00,0.5915451049804688,1.0,0.999275173237121
2023-10-08 21:00:00,0.6270967511569752,1.0,0.9986329452664244
2023-10-08 22:00:00,0.7086650810989679,1.0,0.9957681138531056
2023-10-08 23:00:00,0.7858658584893918,1.0,0.993866431167702
2023-10-09 00:00:00,0.8301912663029689,1.0,0.9891190684698764
2023-10-09 01:00:00,0.7916747167998669,1.0,0.9701996005438512
2023-10-09 02:00:00,0.7041063495710784,1.0,0.9047822765275544
2023-10-09 03:00:00,0.6788524926877489,0.9997720406725517,0.8286407321107154
2023-10-09 04:00:00,0.6961439824571796,0.9996441267674264,0.7853264995649749
2023-10-09 05:00:00,0.649702371335497,0.997842414706361,0.6721669552372951
2023-10-09 06:00:00,0.6986399164386824,1.0,0.537109889236151
2023-10-09 07:00:00,0.9650994593801062,1.0,0.7251181789472991
2023-10-09 08:00:00,0.8326463605843338,0.9973070076088498,0.4811104060777652
2023-10-09 09:00:00,0.6987426047231636,0.9854097522162144,0.5104720047096801
2023-10-09 10:00:00,0.5121056238810221,0.9780431510576236,0.5734975197735954
2023-10-09 11:00:00,0.4163297313490724,0.9712322334838068,0.5273409684499105
2023-10-09 12:00:00,0.3432884434469385,0.9237288493736118,0.4281076995375888
2023-10-09 13:00:00,0.3945508829129288,0.8837981130562577,0.2907141486024545
2023-10-09 14:00:00,0.3154353877298193,0.7868330525416953,0.3181367606119393
2023-10-09 15:00:00,0.1640786026038375,0.4858365401723026,0.1775871289321799
2023-10-09 16:00:00,0.1478832142025816,0.3102629075642504,0.1457456163331574
2023-10-09 17:00:00,0.1333520225450104,0.2561451001884111,0.1505000684775558
2023-10-09 18:00:00,0.0908718857110715,0.170373940000347,0.1715469944710825
2023-10-09 19:00:00,0.0739196936289469,0.1288753280452653,0.2002895361457775
2023-10-09 20:00:00,0.0412434047343684,0.1118205458510155,0.2000912248698714
2023-10-09 21:00:00,0.0088969959932215,0.1299435484643076,0.169756435880474
2023-10-09 22:00:00,0.0003375013669331,0.1592402481565288,0.2126095871520198
2023-10-09 23:00:00,0.0001681867767782,0.1797272800620085,0.2714504198311201
2023-10-10 00:00:00,0.0,0.1689688130921008,0.2574823541578904
2023-10-10 01:00:00,0.0008716567669039,0.1481847435820336,0.2692655613219816
2023-10-10 02:00:00,0.0074316730686262,0.2018826584410823,0.2783939199509964
2023-10-10 03:00:00,0.0505855036716835,0.2399363361932093,0.2521913690504685
2023-10-10 04:00:00,0.0772429915035472,0.2114183575499291,0.2264880012063419
2023-10-10 05:00:00,0.0720453028585396,0.1859438559588264,0.1921674784492044
2023-10-10 06:00:00,0.0286320720622742,0.1417280529059615,0.1272180384280634
2023-10-10 07:00:00,0.0015589813001794,0.141029626715417,0.1196803999882118
2023-10-10 08:00:00,0.0015020432815053,0.1529108309278301,0.1282467094122194
2023-10-10 09:00:00,0.019896464410171,0.2218063984041899,0.2238506803325578
2023-10-10 10:00:00,0.0448298769838669,0.2313028971354166,0.2359104218825795
2023-10-10 11:00:00,0.0679444565492517,0.3249085027407976,0.2851248971777024
2023-10-10 12:00:00,0.1193742775449565,0.4574528550790026,0.2449248507131938
2023-10-10 13:00:00,0.1575188660154155,0.4845355227102641,0.1702792036767099
2023-10-10 14:00:00,0.2063378820232316,0.4897696987476224,0.102931354560104
2023-10-10 15:00:00,0.20238142699198,0.4658669973510543,0.0427319555500753
2023-10-10 16:00:00,0.2505846272886189,0.3649342885983536,0.0015437474437788
2023-10-10 17:00:00,0.240463764838923,0.3019589910320207,0.0
2023-10-10 18:00:00,0.2028429492626315,0.2392280055027382,0.0
2023-10-10 19:00:00,0.1581760598163978,0.169040794466056,0.0
2023-10-10 20:00:00,0.1381251274370679,0.1342449001237458,0.0177168047506045
2023-10-10 21:00:00,0.1319756110509236,0.1141203384773404,0.0587495401793835
2023-10-10 22:00:00,0.1412810180701461,0.070114579855227,0.063336456523222
2023-10-10 23:00:00,0.1433121339947569,0.0197794324432323,0.0749896320642209
2023-10-11 00:00:00,0.117608858089821,0.0011704096607133,0.0972866077049105
2023-10-11 01:00:00,0.0835704803466796,0.0006314843308691,0.128028907027899
2023-10-11 02:00:00,0.0690661224664426,0.0,0.1476073148203831
2023-10-11 03:00:00,0.0605486421024098,0.0,0.1790731903774286
2023-10-11 04:00:00,0.0501871576496199,0.0,0.2308448093389374
2023-10-11 05:00:00,0.0475695592905181,0.0,0.3010529427746542
2023-10-11 06:00:00,0.0230620667046191,0.0,0.37825841997184
2023-10-11 07:00:00,0.0016163334347843,0.0,0.3034483934539596
2023-10-11 08:00:00,0.0057902881522583,0.0009314854160632,0.3992445951972911
2023-10-11 09:00:00,0.0016192003013261,0.0031763708669375,0.5596133696487526
2023-10-11 10:00:00,0.0224529559316198,0.0356374955644794,0.4860264958899005
2023-10-11 11:00:00,0.0436429724194645,0.0726415830499985,0.5289459150601057
2023-10-11 12:00:00,0.0660156736186906,0.0947998318017697,0.5784472998450784
2023-10-11 13:00:00,0.101093427807677,0.1242582470762963,0.5978892675412246
2023-10-11 14:00:00,0.1496728962542964,0.135841357941721,0.6156110607720667
2023-10-11 15:00:00,0.1934941329208074,0.2151356429056404,0.7396594683329264
2023-10-11 16:00:00,0.2394145921944013,0.3555574105455985,0.8102699354583142
2023-10-11 17:00:00,0.2947352664922577,0.5542232865601583,0.8728879729127572
2023-10-11 18:00:00,0.3011458839466369,0.7165064998701507,0.9152183408051534
2023-10-11 19:00:00,0.3170541314517751,0.8703286975037818,0.949009895324707
2023-10-11 20:00:00,0.3693560618980258,0.9389465307098588,0.959935668247198
2023-10-11 21:00:00,0.3975338624193777,0.9681857769785364,0.9571704428180372
2023-10-11 22:00:00,0.4194668804118836,0.97855939740449,0.9462619606965508
2023-10-11 23:00:00,0.4098905706717298,0.9768944783927568,0.9432771657806596
2023-10-12 00:00:00,0.36839259372038,0.981294815836389,0.9266809575697956
2023-10-12 01:00:00,0.3387420894273745,0.9883978943419612,0.9287448396869734
2023-10-12 02:00:00,0.3674635481990241,0.9910392917059604,0.9405282837113524
2023-10-12 03:00:00,0.3995834020228168,0.994135339275684,0.9461685193130394
2023-10-12 04:00:00,0.3819757006526773,0.996815360449498,0.9367125829060872
2023-10-12 05:00:00,0.3435202470791885,0.9973968275232252,0.9463917601342294
2023-10-12 06:00:00,0.2789472847982169,0.9969619894339368,0.9426946079029755
2023-10-12 07:00:00,0.3550451721241272,0.997059510424246,0.8859645556780248
2023-10-12 08:00:00,0.4580994213328642,0.9912045298059,0.8791511510711869
2023-10-12 09:00:00,0.5294283309014015,0.9803671712189718,0.9533387539433498
2023-10-12 10:00:00,0.6551725350174249,0.9686483931697272,0.822848170411353
2023-10-12 11:00:00,0.7083112679275811,0.9695467263265372,0.9063969531090432
2023-10-12 12:00:00,0.7409810645907533,0.966479052126018,0.8876232882730322
2023-10-12 13:00:00,0.7624613724502862,0.9150932785732294,0.7972715228211646
2023-10-12 14:00:00,0.7539820297091615,0.9301637512406492,0.6945056821785721
2023-10-12 15:00:00,0.7872565680859136,0.9742949866001902,0.5945747194726483
2023-10-12 16:00:00,0.7503944191278196,0.9921258633432825,0.5444470184301239
2023-10-12 17:00:00,0.6873960401497635,0.997469634012459,0.4123142918730094
2023-10-12 18:00:00,0.6554436870649749,0.9970542963813332,0.3289061449711619
2023-10-12 19:00:00,0.6991266549802294,0.9891120000602373,0.2833070536844091
2023-10-12 20:00:00,0.6346302873948041,0.982219459184634,0.2916289622487585
2023-10-12 21:00:00,0.5820249186621772,0.9791066942651288,0.3570743510925692
2023-10-12 22:00:00,0.6158562111698724,0.97114993700015,0.2646405681285982
2023-10-12 23:00:00,0.5161642249113594,0.9225167168511283,0.2274789062200808
2023-10-13 00:00:00,0.4137774012447183,0.8092677920472389,0.1526719916100595
2023-10-13 01:00:00,0.3727440569135878,0.6390243605071423,0.1287976316377228
2023-10-13 02:00:00,0.3095039246129055,0.4995918429754918,0.1207588233199774
2023-10-13 03:00:00,0.2377814405104693,0.2946248303831013,0.095836648754045
2023-10-13 04:00:00,0.1649084044437782,0.2480111402623793,0.1113340317034253
2023-10-13 05:00:00,0.1118835514666987,0.1891046380685045,0.1237168966555127
2023-10-13 06:00:00,0.0586045723335415,0.141565858149061,0.0850902351678586
2023-10-13 07:00:00,0.0113919946103314,0.1062278420317406,0.0437158646147235
2023-10-13 08:00:00,0.0004972538916893,0.0692726350298114,0.0316591543309828
2023-10-13 09:00:00,0.0,0.0205827491735321,0.0532902455797382
2023-10-13 10:00:00,0.0,0.0245713825319327,0.0422877899182388
2023-10-13 11:00:00,0.0,0.027532147815804,0.0538654187146355
2023-10-13 12:00:00,0.0,0.0321281408172806,0.041199965414658
2023-10-13 13:00:00,0.0,0.0029473456681943,0.0351721017189275
2023-10-13 14:00:00,0.0,0.0003206059823628,0.0117194220131518
2023-10-13 15:00:00,0.0,0.0,0.0008613120496662
2023-10-13 16:00:00,0.0,0.0,0.0
2023-10-13 17:00:00,0.0,0.0001659572514054,0.0008059977705961
2023-10-13 18:00:00,0.0,0.0,0.0666697118796554
2023-10-13 19:00:00,0.0,0.0,0.1873088817970425
2023-10-13 20:00:00,0.0,0.0,0.3769276547276117
2023-10-13 21:00:00,0.0,0.0,0.5483136925042844
2023-10-13 22:00:00,0.0,0.0,0.6630809073354683
2023-10-13 23:00:00,0.0,0.0009144867946899,0.6462158782809388
2023-10-14 00:00:00,0.0,0.0186472874061734,0.6743510938158221
2023-10-14 01:00:00,0.0,0.0307128437204298,0.6281904301612206
2023-10-14 02:00:00,0.0009264486287933,0.0620612209918452,0.6018851473440532
2023-10-14 03:00:00,0.0245781498017653,0.1010911488065532,0.6228408470652461
2023-10-14 04:00:00,0.0481784554088816,0.1265264492408902,0.6972647180744246
2023-10-14 05:00:00,0.0514192440930534,0.1345521795983408,0.6944251808465696
2023-10-14 06:00:00,0.0337658653072282,0.1124348944308711,0.7146180564281988
2023-10-14 07:00:00,0.010755577508141,0.113188717879501,0.7430599624035406
2023-10-14 08:00:00,0.0228037467969009,0.1298467084473254,0.5630478048636243
2023-10-14 09:00:00,0.0474719253240847,0.1430866180681714,0.6260025345422083
2023-10-14 10:00:00,0.0815741454853731,0.1420503737879734,0.642587427999459
2023-10-14 11:00:00,0.1124090540642831,0.1602233391182095,0.726978152405982
2023-10-14 12:00:00,0.1447158233792174,0.2052660300061593,0.6686616130903655
2023-10-14 13:00:00,0.2011042171054416,0.2489112093557719,0.7038088873320935
2023-10-14 14:00:00,0.2321490212982776,0.3545325675041847,0.7760011074589748
2023-10-14 15:00:00,0.289880104314268,0.5265177075379814,0.7759626238953834
2023-10-14 16:00:00,0.3351107189078736,0.6393942739449295,0.7831449134677064
2023-10-14 17:00:00,0.3594539087582258,0.7402895385143804,0.8520107518613728
2023-10-14 18:00:00,0.379731563181659,0.838446579727472,0.8632529701282775
2023-10-14 19:00:00,0.3790463326024074,0.8589179531421537,0.8315118808372348
2023-10-14 20:00:00,0.3395176245496164,0.8229013798283595,0.7530629401113472
2023-10-14 21:00:00,0.3224368827794892,0.8059544750288421,0.6522403230854109
2023-10-14 22:00:00,0.3621774732676986,0.8489403319514655,0.4396416330649182
2023-10-14 23:00:00,0.3451907712649675,0.8603702619964001,0.3446416932772966
2023-10-15 00:00:00,0.3426087790844487,0.8566407783358705,0.2956484813316196
2023-10-15 01:00:00,0.3410380806019104,0.8246466879751169,0.3120856238346474
2023-10-15 02:00:00,0.3442797427083932,0.7575633572597129,0.2487152666827432
2023-10-15 03:00:00,0.3048977337631525,0.6751384361117494,0.2225450472114912
2023-10-15 04:00:00,0.2576122720257129,0.6030419059828216,0.1893310172885072
2023-10-15 05:00:00,0.2252096662334367,0.572277681500304,0.1257905773088043
2023-10-15 06:00:00,0.1789414368423761,0.7035094616459865,0.0875538938185747
2023-10-15 07:00:00,0.2335982509687835,0.7312445266574037,0.1235825057123221
2023-10-15 08:00:00,0.2131996653438393,0.665727045021805,0.1670363603853711
2023-10-15 09:00:00,0.2216550446803273,0.4478665239670697,0.142365016189276
2023-10-15 10:00:00,0.2746437702303618,0.1652306201411228,0.0903983443391089
2023-10-15 11:00:00,0.3892707403968362,0.0884127850626029,0.0950479507446289
2023-10-15 12:00:00,0.4319862540251289,0.0259834937020844,0.0933016515245624
2023-10-15 13:00:00,0.4228148865543939,0.0094641022432863,0.0963353876974068
2023-10-15 14:00:00,0.3698851454491709,0.001559262961344,0.0958103292128619
2023-10-15 15:00:00,0.3844233712339713,0.0009701068884406,0.0796547356773825
2023-10-15 16:00:00,0.3630076452018388,0.0013292217566296,0.1263266334346696
2023-10-15 17:00:00,0.3230430877286624,0.0352702440779193,0.1321530225230198
2023-10-15 18:00:00,0.3022567836287754,0.1076534098269892,0.0932215241824879
2023-10-15 19:00:00,0.2954582825205684,0.2157848769543217,0.1013901888155469
2023-10-15 20:00:00,0.2988480617797452,0.2751523684832005,0.1380815809848261
2023-10-15 21:00:00,0.3102197693843467,0.3388259488772722,0.1844907773086448
2023-10-15 22:00:00,0.3344062995287328,0.3924706558776057,0.3951559892666885
2023-10-15 23:00:00,0.2946450227226307,0.4467348974514631,0.3549511323567309
2023-10-16 00:00:00,0.2425598007401609,0.5992478093290641,0.2304599113713682
2023-10-16 01:00:00,0.4001231053296257,0.9255823995552812,0.1579209519367592
2023-10-16 02:00:00,0.9555885713863996,0.9970752585167976,0.167667643696654
2023-10-16 03:00:00,0.9998777489257014,0.999785685071758,0.1688287071153229
2023-10-16 04:00:00,1.0,0.9987765573987774,0.2524903459486619
2023-10-16 05:00:00,1.0,0.9833673745198966,0.3596990420148264
2023-10-16 06:00:00,0.9996954600016276,0.9728023179995468,0.5814348015130735
2023-10-16 07:00:00,0.9932536954194112,0.9027168548185062,0.8309860696979597
2023-10-16 08:00:00,0.9972798621732424,0.8283829315035951,0.8433408363192689
2023-10-16 09:00:00,0.9947658301958072,0.7896729824589748,0.6451302883671779
2023-10-16 10:00:00,0.9456039628172233,0.7203293314167097,0.6666708740533567
2023-10-16 11:00:00,0.9791472534728206,0.6290747994690938,0.5018926368040197
2023-10-16 12:00:00,0.9712900990754172,0.7865316634084664,0.4750275222304599
2023-10-16 13:00:00,0.9656680425008138,0.864492696874282,0.5057856537937339
2023-10-16 14:00:00,0.9739521967819312,0.968406861124475,0.4345152206670225
2023-10-16 15:00:00,0.8606735615948446,0.983724020664988,0.5154411387599371
2023-10-16 16:00:00,0.7976791344436944,0.9800753468781516,0.6492276098213944
2023-10-16 17:00:00,0.777315242617738,0.971380613987742,0.6399024140601064
2023-10-16 18:00:00,0.7325239088021073,0.9738337448219848,0.6274374170241013
2023-10-16 19:00:00,0.6347378094991047,0.9795877668592664,0.5949954893074784
2023-10-16 20:00:00,0.5576740292941822,0.9688900374119578,0.5778423088048797
2023-10-16 21:00:00,0.5452797771279329,0.8812020058725395,0.5680965052710639
2023-10-16 22:00:00,0.5414638176463009,0.8996843325546364,0.5971853561650693
2023-10-16 23:00:00,0.4262203858568777,0.8699484183118235,0.3725488731284547
2023-10-17 00:00:00,0.3906838270573834,0.8516903983222114,0.5402713975096061
2023-10-17 01:00:00,0.3439566824171278,0.8191708302965351,0.4011642808228536
2023-10-17 02:00:00,0.3152914717306498,0.7621432940165201,0.3442136805041942
2023-10-17 03:00:00,0.3090930499282537,0.6611280628279144,0.293637004553103
2023-10-17 04:00:00,0.3029757777070687,0.6063894274967169,0.2401721898247213
2023-10-17 05:00:00,0.2548243672240014,0.5596287811503691,0.2266045364679074
2023-10-17 06:00:00,0.1546643995771221,0.6207769602731941,0.338733154184678
2023-10-17 07:00:00,0.174415392034194,0.7493288563747031,0.3883565625334098
2023-10-17 08:00:00,0.1301159461339315,0.6465537875306372,0.3342718314501195
2023-10-17 09:00:00,0.1290663083394368,0.5259053691539889,0.3517436731874553
2023-10-17 10:00:00,0.1281063580045513,0.4172449345682181,0.3528861391778086
2023-10-17 11:00:00,0.1447561091067744,0.415174375172534,0.4007443244161169
2023-10-17 12:00:00,0.133602221806844,0.3892839235417983,0.4247583750805823
2023-10-17 13:00:00,0.1153066111545936,0.3288151080312292,0.3478578679701861
2023-10-17 14:00:00,0.0912693201326856,0.2669106963413213,0.2441796290329079
2023-10-17 15:00:00,0.0516807331758387,0.1545772716110827,0.1732460127936469
2023-10-17 16:00:00,0.0425778222239874,0.1096648912803799,0.1649134182462505
2023-10-17 17:00:00,0.0285232308643316,0.0918735476101146,0.1763017473657147
2023-10-17 18:00:00,0.0115559907520518,0.0885600669711244,0.1971380508023928
2023-10-17 19:00:00,0.0181488593419392,0.0938433993096445,0.2163589078616472
2023-10-17 20:00:00,0.0261578497543833,0.0980542570936913,0.2113918884127748
2023-10-17 21:00:00,0.0187218516480688,0.1152176249260995,0.2181363074608098
2023-10-17 22:00:00,0.0016034670125425,0.1349065116807526,0.2144573934717116
2023-10-17 23:00:00,0.0011597844510296,0.1210887876211428,0.2089926713432361
2023-10-18 00:00:00,0.0008433702724431,0.1191584386077581,0.1948339923534518
2023-10-18 01:00:00,0.0006491269161498,0.1150942433114145,0.1945740974027346
2023-10-18 02:00:00,0.0011414901103848,0.1082986826990164,0.2417494424807479
2023-10-18 03:00:00,0.0032543017973307,0.0998851014118568,0.2845583273694406
2023-10-18 04:00:00,0.0100945090156754,0.0939852116154689,0.3277311605565688
2023-10-18 05:00:00,0.0197063481885623,0.0898133072198606,0.3553891057282491
2023-10-18 06:00:00,0.0223188871651693,0.0812222910862343,0.3604654954149832
2023-10-18 07:00:00,0.0012010978717429,0.055555642819872,0.3021624509026022
2023-10-18 08:00:00,0.0010604254560532,0.0550630279615813,0.3137405479655546
2023-10-18 09:00:00,0.0010780567437215,0.0684899676079843,0.3567850543003456
2023-10-18 10:00:00,0.0006793632226831,0.0963980543847177,0.5077352087482129
2023-10-18 11:00:00,0.00134658462861,0.1123011696572397,0.7755098529890472
2023-10-18 12:00:00,0.041209037397422,0.1076853509042777,0.714380282981723
2023-10-18 13:00:00,0.0679528713226318,0.0974184391545314,0.5404799903919494
2023-10-18 14:00:00,0.0755029799891453,0.0780686443927241,0.3866938749949137
2023-10-18 15:00:00,0.1282640648823158,0.0744650176927155,0.3108031967886133
2023-10-18 16:00:00,0.1809005082822313,0.0874092064651788,0.2910523258782679
2023-10-18 17:00:00,0.2057726741616242,0.1466567609824386,0.3076302335153218
2023-10-18 18:00:00,0.2020227020862055,0.2711214801065283,0.3120255672853756
2023-10-18 19:00:00,0.2229782646777583,0.401721341937196,0.2924116670695785
2023-10-18 20:00:00,0.2628687939612694,0.5154606719422185,0.277159522561466
2023-10-18 21:00:00,0.2920251702950671,0.5675879257177215,0.2757457627190484
2023-10-18 22:00:00,0.3111337275286905,0.5984842231850218,0.2914229530135011
2023-10-18 23:00:00,0.3072045644124349,0.4894474908417346,0.313708395739786
2023-10-19 00:00:00,0.3083686361125871,0.3624290516173917,0.3073383733338001
2023-10-19 01:00:00,0.3057378662957085,0.2602879050510381,0.2789390539032181
2023-10-19 02:00:00,0.2555991964402542,0.1806908869275859,0.2476605278214598
2023-10-19 03:00:00,0.1905334385391933,0.1513773436639823,0.2017854865080391
2023-10-19 04:00:00,0.1558845417172301,0.1440239186380423,0.156632895563163
2023-10-19 05:00:00,0.1236530495624916,0.1251791388380761,0.146985042328928
2023-10-19 06:00:00,0.0763448079427083,0.0896443572698854,0.0870210516686533
2023-10-19 07:00:00,0.059210506140017,0.0596102312499401,0.0122257584060718
2023-10-19 08:00:00,0.0894592556298947,0.0414698088870329,0.0007540330388187
2023-10-19 09:00:00,0.1958616107117896,0.0303133601456685,0.0004388234194587
2023-10-19 10:00:00,0.4647731391433017,0.0145244384123608,0.0
2023-10-19 11:00:00,0.767216448690377,0.0158316964417501,0.0001137428034364
2023-10-19 12:00:00,0.947058640274347,0.0044995359345978,0.0012716911976633
2023-10-19 13:00:00,0.968721994387558,0.0159773565585317,0.0103748253747528
2023-10-19 14:00:00,0.8823570550656786,0.0288211827963785,0.0648077562743542
2023-10-19 15:00:00,0.951036945667142,0.0618979743882721,0.1245594258401908
2023-10-19 16:00:00,0.9855071111442216,0.1134775199142156,0.2054130610297708
2023-10-19 17:00:00,0.9921412904278124,0.2110230969447715,0.2297183610255422
2023-10-19 18:00:00,0.9930649801017412,0.4194777198866302,0.2491567742590811
2023-10-19 19:00:00,0.9980754447139166,0.7077281241323433,0.2758001221550835
2023-10-19 20:00:00,0.999681351231594,0.87302310170691,0.2838516547009836
2023-10-19 21:00:00,0.9999604505651136,0.9008249332702238,0.2656856549331565
2023-10-19 22:00:00,1.0,0.9202150270050647,0.2754874073602015
2023-10-19 23:00:00,1.0,0.8679919523351333,0.2215393384297689
2023-10-20 00:00:00,0.999565096462474,0.8484168707155714,0.1838265026316923
2023-10-20 01:00:00,0.9987835136114382,0.7924326073889638,0.1960370057548572
2023-10-20 02:00:00,0.997193084043615,0.7272161221971698,0.2108551630007675
2023-10-20 03:00:00,0.9822343533335168,0.6989654559715122,0.1992523841608583
2023-10-20 04:00:00,0.967168907714046,0.6377650055230832,0.1878510549956677
2023-10-20 05:00:00,0.9700593543208502,0.757661922305238,0.1795477991789774
2023-10-20 06:00:00,0.9648023181491427,0.8055435255462048,0.1291480718874463
2023-10-20 07:00:00,0.985511711220336,0.775088300891951,0.0991483178793215
2023-10-20 08:00:00,0.9794173115998313,0.7465922037760416,0.1132818764331294
2023-10-20 09:00:00,0.9694468149172716,0.7088516085755591,0.0649627984738817
2023-10-20 10:00:00,0.9514505037295272,0.7254152484968597,0.0403984111118939
2023-10-20 11:00:00,0.8919249079585855,0.5582111022051642,0.0452545994247486
2023-10-20 12:00:00,0.7615187214870078,0.3525361999187594,0.057526242499258
2023-10-20 13:00:00,0.6422234049030379,0.22560694015104,0.0484536313543132
2023-10-20 14:00:00,0.5420204237395642,0.1563220398098814,0.070502337287454
2023-10-20 15:00:00,0.5969577677109662,0.1699120040033377,0.1167572129006479
2023-10-20 16:00:00,0.634518105999317,0.1512105558432784,0.1956136772056031
2023-10-20 17:00:00,0.5884595789940528,0.1648337233300302,0.2778386602214738
2023-10-20 18:00:00,0.500880674599043,0.234135686961654,0.3372582532221975
2023-10-20 19:00:00,0.4776141456529206,0.3002881006477705,0.364988632451475
2023-10-20 20:00:00,0.4935922887590196,0.3632928405711854,0.3400924096699633
2023-10-20 21:00:00,0.4647774400274738,0.4224599669961368,0.2592622407900742
2023-10-20 22:00:00,0.5184196802525738,0.5807549034068786,0.1657856095070932
2023-10-20 23:00:00,0.4536940615161571,0.544559199825611,0.1925026357563492
2023-10-21 00:00:00,0.3683138610490786,0.4859670003255208,0.2416767263724134
2023-10-21 01:00:00,0.2802456936805076,0.4733528654559765,0.2618143511753456
2023-10-21 02:00:00,0.224482149859659,0.3962583931442959,0.2775296759761236
2023-10-21 03:00:00,0.2138892840715794,0.2689308777354122,0.3559011244306377
2023-10-21 04:00:00,0.1499426949257944,0.2163669018963583,0.2887864019356522
2023-10-21 05:00:00,0.1053945340362249,0.3193800776612525,0.3379850839477739
2023-10-21 06:00:00,0.0761407263138714,0.3227001062405655,0.3631145751554202
2023-10-21 07:00:00,0.0240670232211842,0.1652408581154019,0.3393441197139765
2023-10-21 08:00:00,0.014919741870531,0.0494575266744576,0.3572439009847205
2023-10-21 09:00:00,0.0217566275908276,0.0014899649651221,0.3638218508826362
2023-10-21 10:00:00,0.0274457097832673,0.0011638761345857,0.2183786155351626
2023-10-21 11:00:00,0.0079525381911034,0.0186083219409768,0.2481504733266394
2023-10-21 12:00:00,0.0013057940146502,0.0696206794065587,0.3207366965175454
2023-10-21 13:00:00,0.0009793685931785,0.1873743144515293,0.3679473696191326
2023-10-21 14:00:00,0.0014875180581036,0.4112521698272306,0.3723253455816531
2023-10-21 15:00:00,0.0256313245280895,0.5209928634119969,0.5063748749253018
2023-10-21 16:00:00,0.0492553851183723,0.4676821496751573,0.5820211553885266
2023-10-21 17:00:00,0.0577874978383382,0.4144860685261247,0.6429112004298789
2023-10-21 18:00:00,0.0424046072305417,0.3872413417093115,0.6222306591233396
2023-10-21 19:00:00,0.0077183047930399,0.4295582849215837,0.5763226630640965
2023-10-21 20:00:00,0.0,0.495131288478577,0.5825745358186609
2023-10-21 21:00:00,0.0,0.5009045086654962,0.5408918000514211
2023-10-21 22:00:00,0.000653203406365,0.3260079037909414,0.2749638276941636
2023-10-21 23:00:00,0.058529493855495,0.3165092281266755,0.198310982947256
2023-10-22 00:00:00,0.0896784137277042,0.3091221260868646,0.213257163178687
2023-10-22 01:00:00,0.0846359309028176,0.3403486021203932,0.2020188531065299
2023-10-22 02:00:00,0.0753758935367359,0.3994233000512217,0.1727474811030369
2023-10-22 03:00:00,0.0503281518524768,0.4201515250735813,0.1739773189320284
2023-10-22 04:00:00,0.0370119630900862,0.423604263978846,0.177011676863128
2023-10-22 05:00:00,0.0432647396536434,0.4131022045035767,0.16803852483338
2023-10-22 06:00:00,0.0557681392220889,0.4512533097485312,0.1373216918870514
2023-10-22 07:00:00,0.0524395353653851,0.3711583442937315,0.2169360179527133
2023-10-22 08:00:00,0.0509288497999602,0.3578616778055827,0.1632069372663311
2023-10-22 09:00:00,0.0638552740508434,0.3612126867755565,0.1826967974893407
2023-10-22 10:00:00,0.0840376405154957,0.2580700045317606,0.1332841784346337
2023-10-22 11:00:00,0.1265064992156683,0.2427584673064986,0.1327419514749564
2023-10-22 12:00:00,0.1571969658720727,0.3012951464434854,0.1046727217879949
2023-10-22 13:00:00,0.1918429206399356,0.432990223753686,0.1174188595192105
2023-10-22 14:00:00,0.2578289991889904,0.6311958521799323,0.1352006080103855
2023-10-22 15:00:00,0.2732937850204168,0.7738862785638547,0.1396064781675151
2023-10-22 16:00:00,0.2736223102395051,0.8452560886058932,0.1961383227429358
2023-10-22 17:00:00,0.3206688765606849,0.8777021582609688,0.3933234588772643
2023-10-22 18:00:00,0.3449023533490748,0.8855276668772978,0.6282149810417026
2023-10-22 19:00:00,0.3200053981706208,0.8904309116936977,0.8019517917259067
2023-10-22 20:00:00,0.2620646532844095,0.8504271039775774,0.8195324972564099
2023-10-22 21:00:00,0.2482117017110189,0.6908462094325645,0.8055034712249157
2023-10-22 22:00:00,0.2010966375762341,0.4331999089982774,0.7594413944319183
2023-10-22 23:00:00,0.1684164182812559,0.3054751555124919,0.8753092772041271
2023-10-23 00:00:00,0.1567480377122467,0.2836164524352628,0.9792103081746818
2023-10-23 01:00:00,0.2258435043634153,0.3350595976012984,0.9967838923136392
2023-10-23 02:00:00,0.3329477310180664,0.3602287847232195,0.9978804993473626
2023-10-23 03:00:00,0.3584193248374789,0.3943099975585937,1.0
2023-10-23 04:00:00,0.2931523884043974,0.4939799059450236,1.0
2023-10-23 05:00:00,0.2578912934446646,0.5896208177205005,1.0
2023-10-23 06:00:00,0.214194360122182,0.6239707251779394,1.0
2023-10-23 07:00:00,0.1279036671507592,0.6773349444071451,1.0
2023-10-23 08:00:00,0.1644216799268535,0.7327550065283681,1.0
2023-10-23 09:00:00,0.1879305216222027,0.6505476353215236,1.0
2023-10-23 10:00:00,0.1699154049742455,0.6055009365081787,0.9802028867933484
2023-10-23 11:00:00,0.1614187628615136,0.7263029229407216,0.9815427992078992
2023-10-23 12:00:00,0.1656479227776621,0.8729508593191508,0.9495793074564216
2023-10-23 13:00:00,0.1637618915707457,0.8221352427613502,0.8185731569925944
2023-10-23 14:00:00,0.1713316814572203,0.7621464355319154,0.5526109926061692
2023-10-23 15:00:00,0.2523118717218536,0.6876232109817804,0.4890553935680514
2023-10-23 16:00:00,0.3345867621353249,0.6338376702826007,0.4668861276963177
2023-10-23 17:00:00,0.3489815113591213,0.5980688294554068,0.4543080127317142
2023-10-23 18:00:00,0.3569357083513846,0.5516069153555079,0.4210700240789675
2023-10-23 19:00:00,0.3353513845431259,0.5515090702405941,0.3686493720883637
2023-10-23 20:00:00,0.2843475217133566,0.5824777659247903,0.3186472412807489
2023-10-23 21:00:00,0.2221037764954411,0.5362575973560607,0.2660696646746467
2023-10-23 22:00:00,0.1452931118946449,0.5377317254060234,0.2705496993719363
2023-10-23 23:00:00,0.1125110831915163,0.502513218549342,0.2663152887930278
2023-10-24 00:00:00,0.0969092284931856,0.4534358292623283,0.2039609298207401
2023-10-24 01:00:00,0.0919021812139772,0.4312639641605951,0.1514206446853338
2023-10-24 02:00:00,0.0797103433048024,0.4139520046757717,0.1508572405459834
2023-10-24 03:00:00,0.0608408684824027,0.3823309864094055,0.1729307517506718
2023-10-24 04:00:00,0.0549146474576463,0.3687445836908677,0.1337520748961205
2023-10-24 05:00:00,0.0422238002415576,0.3354264552297156,0.092169864504945
2023-10-24 06:00:00,0.0230131367452783,0.2201569625754761,0.0862606132731718
2023-10-24 07:00:00,0.0012795800477071,0.2053454966326944,0.0234422991478365
2023-10-24 08:00:00,0.000621234279832,0.2527886714810639,0.0010280340325598
2023-10-24 09:00:00,0.0,0.1710277328304216,0.0021385495958764
2023-10-24 10:00:00,0.0,0.1476445151310341,0.017000355362113
2023-10-24 11:00:00,0.0,0.1543799802368762,0.0012979803521648
2023-10-24 12:00:00,0.0,0.1265993071537391,0.0002561632324667
2023-10-24 13:00:00,0.0,0.1325543721516927,0.0
2023-10-24 14:00:00,0.0011322334700939,0.0768046986822988,0.0
2023-10-24 15:00:00,0.0666530225791183,0.0451059115478415,0.0
2023-10-24 16:00:00,0.1083136539833218,0.0148354503843519,0.0398240517946629
2023-10-24 17:00:00,0.1309455726660934,0.000931729678235,0.1692817725387274
2023-10-24 18:00:00,0.096286371642468,0.0002130492060792,0.2039622917673946
2023-10-24 19:00:00,0.0787225891562069,0.0,0.2922177969240674
2023-10-24 20:00:00,0.1296681399438895,0.0,0.3703724091349084
2023-10-24 21:00:00,0.2042829413819157,0.023802037722145,0.4302011829575682
2023-10-24 22:00:00,0.299496086594326,0.1080289892121857,0.4645279887454961
2023-10-24 23:00:00,0.2954120355493882,0.1166337611628513,0.5768678001329011
2023-10-25 00:00:00,0.346803802290773,0.1433722996244243,0.7081997441310508
2023-10-25 01:00:00,0.3946313733368917,0.2467017173767089,0.6620728735830269
2023-10-25 02:00:00,0.4806066650191163,0.3959854288038865,0.7136608759562174
2023-10-25 03:00:00,0.5634106919656392,0.4318869409997479,0.7668795211642396
2023-10-25 04:00:00,0.6385845483518113,0.4803839150597067,0.7418816977856206
2023-10-25 05:00:00,0.7788229736627317,0.6532096769295487,0.773888438355689
2023-10-25 06:00:00,0.8007682258007573,0.7900884478699928,0.7479683838638604
2023-10-25 07:00:00,0.8017886292700673,0.8647980097851722,0.7281265726276472
2023-10-25 08:00:00,0.8609691632339378,0.884361603680779,0.6932769569696164
2023-10-25 09:00:00,0.9584194071152632,0.958816266527363,0.6854282734440822
2023-10-25 10:00:00,0.9775028665081348,0.9965186555401172,0.5750845460330738
2023-10-25 11:00:00,0.9696222909914902,0.9974177896586895,0.4445128783681034
2023-10-25 12:00:00,0.8832699146146089,0.997397108015671,0.3498974469752093
2023-10-25 13:00:00,0.9422899321013806,0.9978075463787404,0.3447253330081117
2023-10-25 14:00:00,0.7760050343532188,0.9979288624782188,0.3408623785754434
2023-10-25 15:00:00,0.5362751592997632,0.9980255731570176,0.3235652867485495
2023-10-25 16:00:00,0.3892636361464955,0.9838318419612312,0.3906681537628174
2023-10-25 17:00:00,0.3190818456263324,0.9750815996157576,0.3932498529845593
2023-10-25 18:00:00,0.2613126810859231,0.837470157473695,0.3516125008950825
2023-10-25 19:00:00,0.2444482878142712,0.5708030158398198,0.2365911583495296
2023-10-25 20:00:00,0.2159934916527442,0.3659898190716513,0.1291885679843379
2023-10-25 21:00:00,0.273573280159944,0.3236940421310125,0.0458614619728786
2023-10-25 22:00:00,0.3422012001860375,0.2116407693601122,0.0
2023-10-25 23:00:00,0.3898068549586277,0.2164241036558463,0.0010693349869422
2023-10-26 00:00:00,0.3222830794215982,0.167047615144767,0.0910499282911712
2023-10-26 01:00:00,0.2558057978262309,0.1318062987982058,0.2560037538117053
2023-10-26 02:00:00,0.2165025636261584,0.1512286826676013,0.3484853124306872
2023-10-26 03:00:00,0.1596987130595188,0.2395854868920021,0.307579551646912
2023-10-26 04:00:00,0.1246209939320882,0.2552128180958866,0.242945705363953
2023-10-26 05:00:00,0.1264546782362695,0.2258545183667949,0.1803445971869176
2023-10-26 06:00:00,0.0841372854569379,0.2443025595222423,0.1652775325027166
2023-10-26 07:00:00,0.0371364062907649,0.2460617208792493,0.1785522161745557
2023-10-26 08:00:00,0.0016144350463268,0.1958344902088439,0.1814353388119367
2023-10-26 09:00:00,4.97239087921342e-05,0.1469210549896838,0.1544781876545326
2023-10-26 10:00:00,0.0,0.0775502242294012,0.054106268228269
2023-10-26 11:00:00,0.0355171082066554,0.0543873216591629,0.0365014465805751
2023-10-26 12:00:00,0.1249161070468379,0.017185060027378,0.0308666720109827
2023-10-26 13:00:00,0.2189067547617394,3.3133170183967145e-06,0.0250859661819108
2023-10-26 14:00:00,0.2807681482601789,0.0,0.0242733402189865
2023-10-26 15:00:00,0.3957810900569741,0.0010663044998069,0.0592410096935197
2023-10-26 16:00:00,0.4743340046577204,0.0691013943915273,0.1251158877915027
2023-10-26 17:00:00,0.4636158428940118,0.1324396507412779,0.2259474268146589
2023-10-26 18:00:00,0.459443447636623,0.1424250415727204,0.2109441632538839
2023-10-26 19:00:00,0.4374487633798637,0.175693904652315,0.145729102340399
2023-10-26 20:00:00,0.3992573389040879,0.2870230363085378,0.1534679590487012
2023-10-26 21:00:00,0.3946989735746695,0.3412213995565776,0.2339660357805638
2023-10-26 22:00:00,0.3756267712786307,0.4075828611461166,0.1734275069891237
2023-10-26 23:00:00,0.2874911906672459,0.3844467346964318,0.1438151971966612
2023-10-27 00:00:00,0.2275690907746358,0.3107460698271109,0.1599792756286321
2023-10-27 01:00:00,0.208892775516884,0.2635140013850592,0.3094328088698044
2023-10-27 02:00:00,0.2439672245698816,0.2614385723288542,0.3020862083809048
2023-10-27 03:00:00,0.1521171424903121,0.2984187306921466,0.1774181291168811
2023-10-27 04:00:00,0.2262443904004066,0.2756903374117184,0.1861681034362394
2023-10-27 05:00:00,0.1826458725274778,0.2514417062397875,0.1541058689940209
2023-10-27 06:00:00,0.1284243312536501,0.2191949545168409,0.1405273699292949
2023-10-27 07:00:00,0.0466014555856293,0.1983838767008064,0.0957988757713168
2023-10-27 08:00:00,0.0058393423853356,0.2040533053329567,0.0871655052783442
2023-10-27 09:00:00,0.0154153229364382,0.1105526849335315,0.0821234198177562
2023-10-27 10:00:00,0.0723024443084118,0.0317011249610801,0.0542346402710559
2023-10-27 11:00:00,0.1593768830392875,0.00090455580381,0.0246496184978609
2023-10-27 12:00:00,0.2867199735703811,0.0,0.0166925519120459
2023-10-27 13:00:00,0.3506653651692509,0.0005463369531569,0.0153267722503811
2023-10-27 14:00:00,0.5349870444902407,0.0628362216201483,0.0222744875484042
2023-10-27 15:00:00,0.6803178132749071,0.2162639861013375,0.0433232386906941
2023-10-27 16:00:00,0.8282820103215236,0.3779965880649542,0.0878100301705154
2023-10-27 17:00:00,0.9011549980811824,0.493622574151731,0.2099822144103206
2023-10-27 18:00:00,0.8605745539945715,0.6293158281862345,0.2898554708443436
2023-10-27 19:00:00,0.8502608280555874,0.775429744346469,0.3690024606542649
2023-10-27 20:00:00,0.8502624860776016,0.8611678890153474,0.4489501784829532
2023-10-27 21:00:00,0.8456489213931015,0.919684104670107,0.3550321354585535
2023-10-27 22:00:00,0.93426380282134,0.9199033188664056,0.2325653624690436
2023-10-27 23:00:00,0.9724844078612483,0.8694872513316036,0.1960860358344184
2023-10-28 00:00:00,0.984677218144236,0.9676519437553056,0.1996491251428143
2023-10-28 01:00:00,0.988797988766938,0.9927945853837954,0.1790987120734321
2023-10-28 02:00:00,0.981048936158224,0.9969779837365242,0.2008720348083895
2023-10-28 03:00:00,0.9792287084791396,0.9917599328982284,0.0579373976763556
2023-10-28 04:00:00,0.9687888637866848,0.9975616012523376,0.9994232264998693
2023-10-28 05:00:00,0.8779076345605787,1.0,1.0
2023-10-28 06:00:00,0.7675457187727386,1.0,1.0
2023-10-28 07:00:00,0.689671282674752,1.0,1.0
2023-10-28 08:00:00,0.8175166260962392,1.0,1.0
2023-10-28 09:00:00,0.7785958028307148,1.0,1.0
2023-10-28 10:00:00,0.6765336616366517,1.0,1.0
2023-10-28 11:00:00,0.5286041739719366,1.0,1.0
2023-10-28 12:00:00,0.523395265629089,1.0,0.9966350318559632
2023-10-28 13:00:00,0.4760488030178095,1.0,0.916663543850768
2023-10-28 14:00:00,0.3440760631187289,1.0,0.7711321512858073
2023-10-28 15:00:00,0.1918939640319425,1.0,0.5963128142886691
2023-10-28 16:00:00,0.1089712334614174,0.99894570992663,0.4877893207899106
2023-10-28 17:00:00,0.055694065841974,0.988099815019595,0.413288672765096
2023-10-28 18:00:00,0.0169228198481541,0.9236043792924072,0.2927584897458943
2023-10-28 19:00:00,0.0097506887772504,0.8568040935042637,0.2390899159549887
2023-10-28 20:00:00,0.0014786541072371,0.782771858514524,0.1607541360107122
2023-10-28 21:00:00,0.000471468454872,0.6644213526856665,0.1080196978999119
2023-10-28 22:00:00,0.0,0.6398150406631768,0.0905086479934991
2023-10-28 23:00:00,0.0,0.5339227548611709,0.056160197538488
2023-10-29 00:00:00,0.0,0.5182469280716641,0.038759071063372
2023-10-29 01:00:00,0.0,0.581628699707829,0.0208413854143977
2023-10-29 02:00:00,0.0,0.6133756762236551,0.0057812726575564
2023-10-29 03:00:00,0.0001179381133684,0.5307802421594757,0.0008863097701976
2023-10-29 04:00:00,0.0003139454554888,0.4344605838551241,0.0002766458037631
2023-10-29 05:00:00,0.0,0.3334897047553966,0.0001301395347694
2023-10-29 06:00:00,0.0002183688232322,0.2448025715896506,7.927690456116122e-05
2023-10-29 07:00:00,0.0005661560819039,0.1696718323464487,0.0
2023-10-29 08:00:00,0.0008249598390915,0.1283449869529873,0.0016093296942368
2023-10-29 09:00:00,0.0012650275542065,0.1224787679373049,0.0013596337605146
2023-10-29 10:00:00,0.0013421567436916,0.1469638651492548,0.0014169126554252
2023-10-29 11:00:00,0.0014041693382013,0.1506580558477663,0.0013581903931362
2023-10-29 12:00:00,0.0015671331118914,0.082781244726742,0.0
2023-10-29 13:00:00,0.0010168642000435,0.0245908483181124,0.0
2023-10-29 14:00:00,0.0007056660122341,0.0027305670813018,0.0
2023-10-29 15:00:00,0.0005093633738997,0.0,0.0476251322459551
2023-10-29 16:00:00,0.0009704084178201,0.0012359268525067,0.1757898922839195
2023-10-29 17:00:00,0.0078263325628891,0.0274318928032918,0.3085311549940919
2023-10-29 18:00:00,0.0221296860501657,0.0449712214127085,0.3775559048247493
2023-10-29 19:00:00,0.0663256177715226,0.0692851636923995,0.4470084477094264
2023-10-29 20:00:00,0.1324086913875505,0.1430717169069776,0.5843909425673142
2023-10-29 21:00:00,0.1583979994642968,0.1818638190724491,0.6066295601963217
2023-10-29 22:00:00,0.2368712456397761,0.2289971806644614,0.5581625380547218
2023-10-29 23:00:00,0.2438408003913031,0.3106583286734188,0.572321407156053
2023-10-30 00:00:00,0.2579476661931456,0.4964002285128325,0.6768052063736261
2023-10-30 01:00:00,0.2921964202830994,0.672194247152291,0.7269096281014237
2023-10-30 02:00:00,0.3290033340454101,0.7986738167557061,0.7001847566342821
2023-10-30 03:00:00,0.3500926307603424,0.8846896551792918,0.7479880183350806
2023-10-30 04:00:00,0.3913303870780795,0.8996040369170943,0.7925368664311427
2023-10-30 05:00:00,0.4468286442600824,0.8943418303346322,0.7279147166831821
2023-10-30 06:00:00,0.4489364826601315,0.8898758296093909,0.7780313117831361
2023-10-30 07:00:00,0.4312017104204964,0.9082235012179106,0.7909021003573549
2023-10-30 08:00:00,0.4287613638086257,0.8809411042655995,0.6512340564353792
2023-10-30 09:00:00,0.4949633747923608,0.8440829196007423,0.5041011408263562
2023-10-30 10:00:00,0.558680615393944,0.6871123220406327,0.5342713056826124
2023-10-30 11:00:00,0.5687962949665543,0.626760206970514,0.506597266477697
2023-10-30 12:00:00,0.5777718818265628,0.6168762375326717,0.7063238667506797
2023-10-30 13:00:00,0.5358830620260799,0.6840695680356493,0.5863317165499419
2023-10-30 14:00:00,0.6326359315635331,0.6891179832757688,0.5409516540228152
2023-10-30 15:00:00,0.6754537657195446,0.6973086992899576,0.4921765810523937
2023-10-30 16:00:00,0.643675963083903,0.7287436840580959,0.3944451247944551
2023-10-30 17:00:00,0.652282340853822,0.7645400739183612,0.400840195175869
2023-10-30 18:00:00,0.5866306279998978,0.8020183525833429,0.3671166117674385
2023-10-30 19:00:00,0.4930313817815843,0.8630194258845709,0.3936899503072103
2023-10-30 20:00:00,0.4462405295153848,0.8411423926259958,0.3391353865854101
2023-10-30 21:00:00,0.4465576573914173,0.7977240973827886,0.3120864294712839
2023-10-30 22:00:00,0.5285762182248184,0.8210313927893544,0.3221992932113947
2023-10-30 23:00:00,0.508326938728881,0.747073444665647,0.2617580968570085
2023-10-31 00:00:00,0.4465053642497343,0.6700032365088369,0.2328298169802996
2023-10-31 01:00:00,0.436174612419278,0.6001122870476416,0.2493317547966452
2023-10-31 02:00:00,0.4749108607472937,0.50872942980598,0.2329430954129088
2023-10-31 03:00:00,0.5112646218218835,0.4755000818788615,0.2299446218154009
2023-10-31 04:00:00,0.4452270386265773,0.4901505062003541,0.2006380168441074
2023-10-31 05:00:00,0.3837427547554565,0.5105770179648804,0.2580890717849233
2023-10-31 06:00:00,0.3387605458303214,0.4761665397220188,0.3906570213292938
2023-10-31 07:00:00,0.5125217344246659,0.4147565427169301,0.4476278358035617
2023-10-31 08:00:00,0.3948096387526568,0.3075274782243117,0.6154513904471802
2023-10-31 09:00:00,0.4459647820665945,0.2553363407359403,0.451863856097452
2023-10-31 10:00:00,0.5250645462983574,0.275959647558873,0.4412365006465538
2023-10-31 11:00:00,0.690556011947931,0.3254640258215611,0.4512242787803699
2023-10-31 12:00:00,0.7827245394388834,0.4033480687858232,0.6607400856766046
2023-10-31 13:00:00,0.7101922502704695,0.56967797622182,0.6779689414828431
2023-10-31 14:00:00,0.6416842423233331,0.6826380187389897,0.7777819539986405
2023-10-31 15:00:00,0.5970229977875753,0.7690905589683383,0.8185421345280666
2023-10-31 16:00:00,0.6026833197649787,0.8834110833460989,0.8013083701040231
2023-10-31 17:00:00,0.6810060014911726,0.9628775914510092,0.766204880733116
2023-10-31 18:00:00,0.7222160077562518,0.9631921419131212,0.6900201872283337
2023-10-31 19:00:00,0.6930213161543304,0.9695761499841228,0.4182770283393611
2023-10-31 20:00:00,0.737034143186083,0.9764285523907033,0.5284534638224084
2023-10-31 21:00:00,0.7602055680518056,0.9698222540562448,0.4829056668125726
2023-10-31 22:00:00,0.759163173974729,0.9740856831369836,0.4859976441252465
2023-10-31 23:00:00,0.6575300459768257,0.9560029584597918,0.4773887076409034
2023-11-01 00:00:00,0.5657195499519896,0.9465501012365802,0.4553694351046693
2023-11-01 01:00:00,0.5048235101637497,0.935468118954328,0.3507399231779809
2023-11-01 02:00:00,0.4615401286704867,0.8767318600922628,0.3435486640805512
2023-11-01 03:00:00,0.4517643981509738,0.7549458859013576,0.3101446986977571
2023-11-01 04:00:00,0.4267950977375305,0.5639065480699725,0.3554293875600777
2023-11-01 05:00:00,0.4267728328704834,0.4327508031932357,0.3590415692796894
2023-11-01 06:00:00,0.4375920934614792,0.3652550784590976,0.2975343613842733
2023-11-01 07:00:00,0.4210966833276686,0.3536901645411073,0.3144074686212477
2023-11-01 08:00:00,0.2824102414199729,0.3158842005760841,0.2627397051044539
2023-11-01 09:00:00,0.1446608117982453,0.2277799556457918,0.2279631078632828
2023-11-01 10:00:00,0.158348282178243,0.0849357539532231,0.3417769958770353
2023-11-01 11:00:00,0.2399439157224169,0.019836327219321,0.3573405041414149
2023-11-01 12:00:00,0.192129403157951,0.0063413630903156,0.2456004946839575
2023-11-01 13:00:00,0.1485790107764449,0.040996450224733,0.1833224639393925
2023-11-01 14:00:00,0.1468464790606031,0.1791309842876359,0.2468545514773699
2023-11-01 15:00:00,0.1921260871139227,0.3129840551638135,0.2145307609458374
2023-11-01 16:00:00,0.1812423568925047,0.339270367341883,0.2127383799334756
2023-11-01 17:00:00,0.2039519883448781,0.4338487394494948,0.1740204275043961
2023-11-01 18:00:00,0.2786534596112818,0.551348683101679,0.163881872214523
2023-11-01 19:00:00,0.3533835099413504,0.5462555402244618,0.1807021970063253
2023-11-01 20:00:00,0.2981863411423427,0.406431533152761,0.1933228237177032
2023-11-01 21:00:00,0.2321722928215475,0.4480970092848235,0.1798504474116306
2023-11-01 22:00:00,0.257504974315369,0.5746524863772922,0.1985278285406773
2023-11-01 23:00:00,0.2168918435090507,0.5308103483486799,0.1636705912795721
2023-11-02 00:00:00,0.1672798628900565,0.4887964445001939,0.145569922877293
2023-11-02 01:00:00,0.1652707656224568,0.4737600158242618,0.1194311473883834
2023-11-02 02:00:00,0.1482347413605334,0.467634839949265,0.0899412351496079
2023-11-02 03:00:00,0.1134723658655204,0.4368971952425888,0.0687194571775548
2023-11-02 04:00:00,0.0740677468916949,0.3194014636519687,0.0710838682511273
2023-11-02 05:00:00,0.0329253229440427,0.3226919033948113,0.0681929261076684
2023-11-02 06:00:00,0.0014674807685652,0.3118824569228428,0.0742646759631587
2023-11-02 07:00:00,0.0,0.3020328898835026,0.0660608562768674
2023-11-02 08:00:00,0.0,0.2670634712269104,0.0605320696737252
2023-11-02 09:00:00,0.0,0.1648341090071435,0.0459156114291521
2023-11-02 10:00:00,0.000358868658153,0.0967556355046291,0.0021974214541366
2023-11-02 11:00:00,0.0,0.0588345995136335,0.018379726051505
2023-11-02 12:00:00,1.646724401735792e-06,0.0333811929023343,0.047028087323008
2023-11-02 13:00:00,0.0008355386896071,0.0012374356681225,0.0694988755618824
2023-11-02 14:00:00,0.008000688615188,0.0,0.1113921287013035
2023-11-02 15:00:00,0.0397311741230534,0.0,0.2122555402369281
2023-11-02 16:00:00,0.0286715346224167,0.0008429066807615,0.3379673599417693
2023-11-02 17:00:00,0.0436753965670766,0.0428994200588051,0.4209956857893202
2023-11-02 18:00:00,0.0780186232398538,0.0962237283295276,0.4607177637760935
2023-11-02 19:00:00,0.1055795188043631,0.129241475871965,0.4965138435363769
2023-11-02 20:00:00,0.1570980221617455,0.1149433383754655,0.5511083711985669
2023-11-02 21:00:00,0.2575672093559714,0.0758359245225495,0.5856351525175805
2023-11-02 22:00:00,0.3330396468343298,0.0671071164748247,0.6460495743097043
2023-11-02 23:00:00,0.2987193063972822,0.064630017561071,0.6588753999448289
2023-11-03 00:00:00,0.3463790853039112,0.0638144390255797,0.614831883922901
2023-11-03 01:00:00,0.241883386973462,0.0917564887626498,0.5722298341638902
2023-11-03 02:00:00,0.1627254018596574,0.1347395134907142,0.6692802952785117
2023-11-03 03:00:00,0.1619107816733566,0.121578527431862,0.7900197272207222
2023-11-03 04:00:00,0.1822390649832931,0.1280199663311827,0.8579932505788367
2023-11-03 05:00:00,0.2750864621081383,0.2447765761730717,0.8887669681723601
2023-11-03 06:00:00,0.2504227332819521,0.3179090584025663,0.8777290419036267
2023-11-03 07:00:00,0.1027212306564929,0.3740669855105332,0.9050617716670816
2023-11-03 08:00:00,0.0976326185114243,0.3145200380312851,0.7932649126239851
2023-11-03 09:00:00,0.1066238623039395,0.2940669651904137,0.8455777448766372
2023-11-03 10:00:00,0.1202925396900551,0.28802353416393,0.7503200044818953
2023-11-03 11:00:00,0.1509253651488061,0.3516914532854666,0.796628101199281
2023-11-03 12:00:00,0.1892484122631596,0.372903572967629,0.8489691104764253
2023-11-03 13:00:00,0.2014900032990898,0.2817719621595994,0.9144528083551944
2023-11-03 14:00:00,0.2252262464535782,0.384838640300277,0.9968866834453508
2023-11-03 15:00:00,0.2266227154949911,0.6359922340492796,0.999187538047242
2023-11-03 16:00:00,0.3977453054166308,0.7242277556774663,0.999888697480844
2023-11-03 17:00:00,0.4311245157827739,0.7039932550168505,0.9991422260508817
2023-11-03 18:00:00,0.4290702888389039,0.7172147152470607,0.999377119774912
2023-11-03 19:00:00,0.412436675402074,0.7816214748457366,1.0
2023-11-03 20:00:00,0.4887584533566743,0.6222772520352033,1.0
2023-11-03 21:00:00,0.4921841075996948,0.5443131534102695,0.9984025737039404
2023-11-03 22:00:00,0.437553203183841,0.4625047811495713,0.9802082441990672
2023-11-03 23:00:00,0.4730575380761639,0.3791870260550306,0.95593675600937
2023-11-04 00:00:00,0.54496169090271,0.3454403721429164,0.8781420078152925
2023-11-04 01:00:00,0.7057358143376369,0.4045936562656577,0.7096470010046865
2023-11-04 02:00:00,0.8233659314174278,0.5332451864005693,0.6345489290025499
2023-11-04 03:00:00,0.7907681932636336,0.5737820949429779,0.4775763337129082
2023-11-04 04:00:00,0.7135723244910146,0.4210106999266381,0.3503148399926478
2023-11-04 05:00:00,0.648986302170099,0.6911660549687404,0.3531096667246102
2023-11-04 06:00:00,0.5933525515537635,0.8734700570698657,0.2480935676425111
2023-11-04 07:00:00,0.6145967689214968,0.8381043508941052,0.144163218199038
2023-11-04 08:00:00,0.6617858176137886,0.752597406798718,0.0861961233849619
2023-11-04 09:00:00,0.8979944528317919,0.8186275444778741,0.001409568428214
2023-11-04 10:00:00,0.8287976115357643,0.9400815652086844,0.0
2023-11-04 11:00:00,0.8069615270577225,0.8908674452039931,0.0013255913273181
2023-11-04 12:00:00,0.9688864190594044,0.8613122553607218,0.0237845942085864
2023-11-04 13:00:00,0.859424242007187,0.8742254045274522,0.0387706963065402
2023-11-04 14:00:00,0.9865106850667716,0.9454029868630802,0.0681848853242163
2023-11-04 15:00:00,0.9983118842629825,0.9747131166894452,0.1928909681980906
2023-11-04 16:00:00,1.0,0.9958444358476626,0.1774235176884271
2023-11-04 17:00:00,1.0,0.9990423021752848,0.1759685441559436
2023-11-04 18:00:00,1.0,1.0,0.2372749740002202
2023-11-04 19:00:00,1.0,1.0,0.5248607919107076
2023-11-04 20:00:00,1.0,1.0,0.8454453399757934
2023-11-04 21:00:00,1.0,1.0,0.8259832064310709
2023-11-04 22:00:00,1.0,0.9992245443506178,0.4718113568873187
2023-11-04 23:00:00,0.999886226030736,1.0,0.1443972540836708
2023-11-05 00:00:00,0.8751066432279699,1.0,0.0719141492656633
2023-11-05 01:00:00,0.6565522493100633,1.0,0.0860945149963977
2023-11-05 02:00:00,0.4594310825946284,1.0,0.146033156151865
2023-11-05 03:00:00,0.3335279358757866,0.997983044269038,0.1211211143755445
2023-11-05 04:00:00,0.2626206235947952,0.980227542079352,0.1598320872175927
2023-11-05 05:00:00,0.1547624316869997,0.6967112223307291,0.1763935307272119
2023-11-05 06:00:00,0.1328663498747582,0.3564833799997965,0.2410931618385065
2023-11-05 07:00:00,0.091022533528945,0.3931312046799005,0.2615019324558233
2023-11-05 08:00:00,0.0667264414768593,0.3028829830144745,0.1833441366557202
2023-11-05 09:00:00,0.1102406020257987,0.1248170932133992,0.1693943201326856
2023-11-05 10:00:00,0.1583390960506364,0.1138960847667619,0.1411777968500174
2023-11-05 11:00:00,0.3420064558390698,0.1153572751026527,0.1771729787190755
2023-11-05 12:00:00,0.5452647240333308,0.0719967309166403,0.2898377063227635
2023-11-05 13:00:00,0.7013736238666609,0.0065741052035412,0.387367753421559
2023-11-05 14:00:00,0.7467795166314817,0.055008659175798,0.6258799593433055
2023-11-05 15:00:00,0.740420893126843,0.0946762281305649,0.732489548477472
2023-11-05 16:00:00,0.7556397681142769,0.1677795952441645,0.8051879452724082
2023-11-05 17:00:00,0.932297507142709,0.3962838805578892,0.7960174691443349
2023-11-05 18:00:00,0.9734908428067476,0.7432973431605918,0.7699324850942574
2023-11-05 19:00:00,0.940055036856458,0.8729696897120258,0.6417462872523887
2023-11-05 20:00:00,0.9041658476287244,0.9102910546695484,0.5438199853585436
2023-11-05 21:00:00,0.8022977511088053,0.9172839993744892,0.5131211701561422
2023-11-05 22:00:00,0.7618316949582568,0.9403744429544686,0.7419957740634096
2023-11-05 23:00:00,0.6433048715778426,0.9737586008957008,0.8212620978261911
2023-11-06 00:00:00,0.4611172083935707,0.864071796142977,0.7032328119464949
2023-11-06 01:00:00,0.384764082291547,0.7511943274853277,0.6957241974624933
2023-11-06 02:00:00,0.3579950472887824,0.6279203704759186,0.6718502512165144
2023-11-06 03:00:00,0.2463669745750676,0.5912266603482315,0.5994280880572749
2023-11-06 04:00:00,0.2437808155234343,0.5764457758735207,0.6088364513870936
2023-11-06 05:00:00,0.3621804028554679,0.6063971332475251,0.6753838670020009
2023-11-06 06:00:00,0.3866346240822786,0.636419634413875,0.7299115424062691
2023-11-06 07:00:00,0.2116985040552476,0.5008358737222509,0.7751360126570159
2023-11-06 08:00:00,0.1491091414993884,0.3986376578511755,0.7076668645821366
2023-11-06 09:00:00,0.1469412153842402,0.3376785025877111,0.9991323433670342
2023-11-06 10:00:00,0.1360861226624133,0.2868801503399618,0.8920778012743183
2023-11-06 11:00:00,0.1353800179911594,0.3002716217165679,0.6601622431885962
2023-11-06 12:00:00,0.1329633301379633,0.3434138298034668,0.9530432707344004
2023-11-06 13:00:00,0.1278713403963575,0.4137379250495262,0.97068445978601
2023-11-06 14:00:00,0.159043272336324,0.6052306976193695,0.9693952604056963
2023-11-06 15:00:00,0.2259148585250954,0.7344963877808813,0.9107445236904168
2023-11-06 16:00:00,0.2504045542548684,0.6936733769435508,0.8613528769000683
2023-11-06 17:00:00,0.2508541150809892,0.7587596855911554,0.8502071792004156
2023-11-06 18:00:00,0.2754853940477558,0.7451151025061513,0.8492102342493394
2023-11-06 19:00:00,0.3370045509213715,0.6804764598023657,0.8293937140820073
2023-11-06 20:00:00,0.4176823952618767,0.7339892293892655,0.8424506374433929
2023-11-06 21:00:00,0.4439273270127041,0.7736779568242091,0.8329874113494274
2023-11-06 22:00:00,0.5042640368143717,0.94868385713864,0.8937875772613326
2023-11-06 23:00:00,0.4111131608875749,0.8956386404099808,0.8477118560691285
2023-11-07 00:00:00,0.3344374263987821,0.8129113608715581,0.808978379941454
2023-11-07 01:00:00,0.2516904095419092,0.6581014090893315,0.735064805722704
2023-11-07 02:00:00,0.1879212840709811,0.5511728844611473,0.7062137173671348
2023-11-07 03:00:00,0.1542461152170218,0.5576846023011052,0.6490004389893774
2023-11-07 04:00:00,0.1087036787294874,0.6324083431094301,0.5691776400298074
2023-11-07 05:00:00,0.075846045624976,0.6500660017424938,0.4942725452722287
2023-11-07 06:00:00,0.0543826000363219,0.5680785849203471,0.5325215626386256
2023-11-07 07:00:00,0.0126731890478944,0.4666278954424889,0.5197083326726177
2023-11-07 08:00:00,0.0010243767227222,0.4091358356226503,0.3362030889473709
2023-11-07 09:00:00,0.0015994049365224,0.4567007379594192,0.3303439134086658
2023-11-07 10:00:00,0.0005240409202825,0.3683023624170839,0.2021915834713605
2023-11-07 11:00:00,0.0009198196573195,0.3073751396603054,0.2223643228119494
2023-11-07 12:00:00,0.0103276126524981,0.2687612265543221,0.3153994270399505
2023-11-07 13:00:00,0.0589217859155991,0.2317764992807425,0.3699816021264768
2023-11-07 14:00:00,0.1193868997050266,0.2163020613925909,0.3808153641769309
2023-11-07 15:00:00,0.2051853790781856,0.1820839807098987,0.365944923139086
2023-11-07 16:00:00,0.2260359533471999,0.2269497011222091,0.356346641490662
2023-11-07 17:00:00,0.2037413603340099,0.3112326743556004,0.3677256730646869
2023-11-07 18:00:00,0.1917337280472899,0.3895995133842518,0.336405157263762
2023-11-07 19:00:00,0.2024613673390906,0.3901783999274759,0.230510125752368
2023-11-07 20:00:00,0.2076297180325377,0.3721417336682089,0.1968956835129681
2023-11-07 21:00:00,0.2217789818258846,0.396231807135289,0.1408498310575298
2023-11-07 22:00:00,0.2055014691321678,0.4703031801709942,0.0429868522812338
2023-11-07 23:00:00,0.2305705843408123,0.4259926836475048,0.0013544473772734
2023-11-08 00:00:00,0.3011094105789085,0.3615284230973985,0.0005043694396424
2023-11-08 01:00:00,0.3424757757997201,0.3321188041587281,0.0
2023-11-08 02:00:00,0.3853588618484198,0.2880573459700042,0.0
2023-11-08 03:00:00,0.4425920209074332,0.2564871264439003,0.0002847407378402
2023-11-08 04:00:00,0.5434615783442079,0.1867980333714703,0.0008618309606913
2023-11-08 05:00:00,0.5696109541101393,0.1642387637905046,0.0006838670743057
2023-11-08 06:00:00,0.6500279108683268,0.2148959995095246,0.0
2023-11-08 07:00:00,0.7339207050847072,0.2943507238151201,0.0
2023-11-08 08:00:00,0.8319905692455816,0.4958203259636374,0.0
2023-11-08 09:00:00,0.8827903909620896,0.8216602849025352,0.0
2023-11-08 10:00:00,0.6939675013224283,0.9817405744315753,0.0
2023-11-08 11:00:00,0.6495543274224973,0.9757200845705916,0.0006729216357461
2023-11-08 12:00:00,0.4045086982203465,0.936508172477772,0.0083751818713019
2023-11-08 13:00:00,0.3804653516781875,0.7437499177222158,0.0094501496919619
2023-11-08 14:00:00,0.3074381990370408,0.4763138450049107,0.0265793749709534
2023-11-08 15:00:00,0.2021829380708582,0.5001448649986118,0.0435191505874683
2023-11-08 16:00:00,0.1547178684496412,0.3631654035032185,0.0415429496297649
2023-11-08 17:00:00,0.2312917054868212,0.2382529701282775,0.0582283384659711
2023-11-08 18:00:00,0.3523430668450648,0.277788445840474,0.0566413355808632
2023-11-08 19:00:00,0.3329100858152302,0.3146605850045198,0.1140320534799613
2023-11-08 20:00:00,0.4286805804258857,0.4115396356270983,0.1651107797435685
2023-11-08 21:00:00,0.5412894526338266,0.4426573507146898,0.1962528446920557
2023-11-08 22:00:00,0.7007616173987294,0.7072099704368442,0.2929245880226684
2023-11-08 23:00:00,0.6409933052810968,0.7500029077716902,0.2554082870483398
2023-11-09 00:00:00,0.5615055794809378,0.8193789556914685,0.1589695028230255
2023-11-09 01:00:00,0.5417935520994897,0.7645604937684303,0.1694950870439118
2023-11-09 02:00:00,0.5939593346290339,0.8682540382435119,0.1917623289270338
2023-11-09 03:00:00,0.594829726063348,0.8578132367601582,0.1842799124374888
2023-11-09 04:00:00,0.5600319890414966,0.8950810712926528,0.1573392807268628
2023-11-09 05:00:00,0.527108720704621,0.8673521926979614,0.1564412140378765
2023-11-09 06:00:00,0.4137500095990748,0.7672172340692258,0.2452341310339036
2023-11-09 07:00:00,0.5726911039913402,0.709724557166006,0.3561447928933536
2023-11-09 08:00:00,0.5138064443675521,0.7966174985848221,0.3713887563717911
2023-11-09 09:00:00,0.5191166026919496,0.8299692004334693,0.4120962573032753
2023-11-09 10:00:00,0.4622026440364862,0.8616438597635506,0.3680134318233315
2023-11-09 11:00:00,0.3908617262746773,0.7539769247466442,0.2281967113220613
2023-11-09 12:00:00,0.3662445467281965,0.6773420128167844,0.1846270311891643
2023-11-09 13:00:00,0.3225760381985334,0.5709951219995038,0.1339412670509488
2023-11-09 14:00:00,0.2557969747805128,0.4888511015698801,0.0968362069597431
2023-11-09 15:00:00,0.1623460007648842,0.3500412164949903,0.0808209063960056
2023-11-09 16:00:00,0.1473910551445157,0.2407061321283477,0.0557104045269536
2023-11-09 17:00:00,0.1383171245163562,0.2354501431284387,0.05944665740518
2023-11-09 18:00:00,0.1000100958581064,0.2124722674002055,0.0952560527651917
2023-11-09 19:00:00,0.0653706578647389,0.144773710007761,0.1190760439517451
2023-11-09 20:00:00,0.0332118529899447,0.0863130887349446,0.163356860478719
2023-11-09 21:00:00,0.0053582222633112,0.0581229901781269,0.2663116174585679
2023-11-09 22:00:00,0.0,0.0507181765986423,0.3800853841445025
2023-11-09 23:00:00,0.0,0.0521652371275658,0.3904445529763216
2023-11-10 00:00:00,0.0,0.0540989987990435,0.3988331345950856
2023-11-10 01:00:00,0.0003749510042028,0.0443428256153281,0.415674309325374
2023-11-10 02:00:00,0.0089284146533292,0.0353420855952244,0.4697333130182004
2023-11-10 03:00:00,0.0548899173736572,0.0395010530559066,0.5516655149023517
2023-11-10 04:00:00,0.0918000585892621,0.0535023212432861,0.6059765426162022
2023-11-10 05:00:00,0.1184088926689297,0.0706201441147748,0.6541690171933641
2023-11-10 06:00:00,0.1252664421118942,0.0891564172856947,0.6423584900650323
2023-11-10 07:00:00,0.129903192613639,0.11864327916912,0.5934382108301898
2023-11-10 08:00:00,0.1974504695219152,0.132573130084019,0.4681136717204175
2023-11-10 09:00:00,0.4970982261732513,0.1588324822631536,0.4945427841610378
2023-11-10 10:00:00,0.4578836603102341,0.1228099243313658,0.3359238992329516
2023-11-10 11:00:00,0.5695812063279495,0.1422590601677988,0.2852729940726087
2023-11-10 12:00:00,0.6114632163951599,0.1996658237930996,0.2884096756480098
2023-11-10 13:00:00,0.6057426820393481,0.3223730910058115,0.3268514785891265
2023-11-10 14:00:00,0.5265105393976947,0.492016731524,0.4098769480886023
2023-11-10 15:00:00,0.5382381545172797,0.5990178912293677,0.5019435306000554
2023-11-10 16:00:00,0.5872961898255192,0.6828738287383435,0.5384333071365854
2023-11-10 17:00:00,0.6083207036934647,0.7554194693471871,0.515058718475641
2023-11-10 18:00:00,0.6291816047593659,0.7765090512294395,0.539595441880569
2023-11-10 19:00:00,0.7864692257899863,0.8250480165668562,0.4903168070550058
2023-11-10 20:00:00,0.9333154142292496,0.8161001953424192,0.5005692189035852
2023-11-10 21:00:00,0.9716404060912288,0.8160713326697255,0.5270995813257554
2023-11-10 22:00:00,0.9745089181887556,0.8471860262303571,0.4731577128366707
2023-11-10 23:00:00,0.9659424451441548,0.8633432138979046,0.5174186494615343
2023-11-11 00:00:00,0.9674350389468124,0.8510971817315793,0.5656091605915743
2023-11-11 01:00:00,0.9735417241364522,0.7765750230527392,0.6162173062368156
2023-11-11 02:00:00,0.9855228187211976,0.7457734463261623,0.661938377455169
2023-11-11 03:00:00,0.9967718030892164,0.9092178407058216,0.6528305352902879
2023-11-11 04:00:00,0.9989693429734972,0.968400465896706,0.6299244032965765
2023-11-11 05:00:00,1.0,0.9605427411646624,0.6918257732017368
2023-11-11 06:00:00,0.9926060103123484,0.975015992432638,0.7044886327257343
2023-11-11 07:00:00,0.8550117717069738,0.9774091820311702,0.6511396146288104
2023-11-11 08:00:00,0.6339641879586613,0.996786687888351,0.5190286137699301
2023-11-11 09:00:00,0.5514685702479742,0.99681836171867,0.5658009083442439
2023-11-11 10:00:00,0.5660052003424152,0.9823099179984696,0.3993301391601562
2023-11-11 11:00:00,0.917464842204175,0.9844414361941268,0.3061189324248071
2023-11-11 12:00:00,0.8442651835921543,0.9912498854344186,0.2366015802021899
2023-11-11 13:00:00,0.4765616834553238,0.9855509240642872,0.2199323598076315
2023-11-11 14:00:00,0.4020229429980508,0.968120057598438,0.1702250686346316
2023-11-11 15:00:00,0.417568141338872,0.9697028203727374,0.1620322349024754
2023-11-11 16:00:00,0.3815197103163775,0.9576470057169596,0.1608798667496326
2023-11-11 17:00:00,0.2818217620350956,0.9372609144721936,0.1614123465968113
2023-11-11 18:00:00,0.1756981681374942,0.9679853370766236,0.1149973682328766
2023-11-11 19:00:00,0.1258650129916621,0.9815713252896576,0.0353704200071447
2023-11-11 20:00:00,0.4311987075930327,0.9725901254641464,0.0013992770824557
2023-11-11 21:00:00,0.5667232687956367,0.8773126415177888,0.0015014838549046
2023-11-11 22:00:00,0.4620522922939724,0.9732507132237254,0.0006401780384038
2023-11-11 23:00:00,0.723841152939142,0.7070104842092476,0.0015742560617284
2023-11-12 00:00:00,0.7582660749846813,0.3461853663126628,0.05714591811685
2023-11-12 01:00:00,0.7384521446976007,0.6775919596354166,0.1285444872052061
2023-11-12 02:00:00,0.749673048655192,0.972939030017728,0.1718210020875619
2023-11-12 03:00:00,0.7664090792338053,0.9756687544529734,0.2272226826038236
2023-11-12 04:00:00,0.8710783603144627,0.9012423995273564,0.2619503681955774
2023-11-12 05:00:00,0.9743043550478866,0.8069332534191656,0.2686607977923225
2023-11-12 06:00:00,0.9981317800634047,0.8314920500213024,0.3329634043126324
2023-11-12 07:00:00,1.0,0.729227673773672,0.3834489903418846
2023-11-12 08:00:00,1.0,0.6162868371975967,0.4949255628523484
2023-11-12 09:00:00,1.0,0.5857702719619851,0.7149192492167155
2023-11-12 10:00:00,1.0,0.4652245527778575,0.9522693297442268
2023-11-12 11:00:00,0.9832559909695892,0.6278988660550584,0.9244499705196206
2023-11-12 12:00:00,0.9101530835519428,0.7560711374469832,0.9744625247381872
2023-11-12 13:00:00,0.9228196611591414,0.7808127309761795,0.9928934870202556
2023-11-12 14:00:00,0.7724182091507257,0.7558969796872607,0.9971743440316392
2023-11-12 15:00:00,0.814726567735859,0.9343097537171609,0.9800934947394078
2023-11-12 16:00:00,0.799888012455959,0.9767208255194372,0.9473858627618528
2023-11-12 17:00:00,0.6855181993222704,0.9799917601292428,0.9519622403811784
2023-11-12 18:00:00,0.6097650839612374,0.9683073985031228,0.968375782561458
2023-11-12 19:00:00,0.5341639627818189,0.981738975624633,0.9723602058061588
2023-11-12 20:00:00,0.437304774141,0.967468950483534,0.9858882723290936
2023-11-12 21:00:00,0.421144728567086,0.9090488408905228,0.9767779057321984
2023-11-12 22:00:00,0.5153762670903423,0.9277558295555364,0.9961569885802424
2023-11-12 23:00:00,0.4526462586097468,0.92618899875217,0.9846920000961404
2023-11-13 00:00:00,0.3311363669002757,0.9374935112747492,0.9719027226267296
2023-11-13 01:00:00,0.2165686476464365,0.9191223904977436,0.902307797101588
2023-11-13 02:00:00,0.1565065337162391,0.8428464683831907,0.8412270171969545
2023-11-13 03:00:00,0.1211103154163734,0.7202244833403942,0.7483394753699208
2023-11-13 04:00:00,0.1045455184637331,0.6355354443095088,0.7113536292431402
2023-11-13 05:00:00,0.0928718669741761,0.5819880027397006,0.6983135915270038
2023-11-13 06:00:00,0.0713175652073878,0.5615901635363211,0.6439139328750909
2023-11-13 07:00:00,0.0202624844569785,0.5767649373197867,0.6677859156739477
2023-11-13 08:00:00,0.0014683401662539,0.7533847490946451,0.8053994085274491
2023-11-13 09:00:00,0.0011282898242177,0.6102061037923775,0.7469572085960239
2023-11-13 10:00:00,0.0006004139488818,0.4813885299208896,0.83496420991187
2023-11-13 11:00:00,0.0,0.5228983343037126,0.5871008580027063
2023-11-13 12:00:00,0.0,0.5295285056619083,0.5368158162808886
2023-11-13 13:00:00,0.0,0.4702445806241503,0.6884299914042155
2023-11-13 14:00:00,0.0,0.3887245919969346,0.5641651387308158
2023-11-13 15:00:00,0.0,0.2534014290454341,0.4793398754269469
2023-11-13 16:00:00,0.0,0.1703501332039926,0.4431592623392741
2023-11-13 17:00:00,0.0,0.2225774970709109,0.4236397852305493
2023-11-13 18:00:00,0.0,0.3482439876381868,0.3511334400550991
2023-11-13 19:00:00,0.0,0.3838519551395591,0.3251372303058898
2023-11-13 20:00:00,0.0,0.3491164921155942,0.2730643858317456
2023-11-13 21:00:00,0.0,0.3372485123428644,0.2395950797336553
2023-11-13 22:00:00,0.0012336536949756,0.3083520839416903,0.2381190256355634
2023-11-13 23:00:00,0.0271062956136815,0.2656517839120104,0.239597152261173
2023-11-14 00:00:00,0.0414256239249036,0.211350556292565,0.2265816202350691
2023-11-14 01:00:00,0.0449517669241412,0.2164926154940736,0.1850739273370481
2023-11-14 02:00:00,0.0402268229746351,0.1670025259840722,0.1644204177108465
2023-11-14 03:00:00,0.0014562365276361,0.1100191532396802,0.1667559731240366
2023-11-14 04:00:00,0.0023746470999873,0.0867457015841615,0.2051118339588439
2023-11-14 05:00:00,0.0374447181333903,0.0870353801577699,0.2841316235610862
2023-11-14 06:00:00,0.0766003131866455,0.1598941111097148,0.4417789138220494
2023-11-14 07:00:00,0.1601444856793272,0.2553850747401418,0.3820766249513314
2023-11-14 08:00:00,0.2373395776436999,0.2814903352774826,0.3673236603830375
2023-11-14 09:00:00,0.519385049545687,0.3232029699811748,0.2964534167370765
2023-11-14 10:00:00,0.8950638989217921,0.482769472147125,0.3423187498952828
2023-11-14 11:00:00,0.8609872830459495,0.6069976442000444,0.3559528316547668
2023-11-14 12:00:00,0.8745110580344605,0.597091095120299,0.3260460616716372
2023-11-14 13:00:00,0.7566741120581533,0.5696889076357573,0.4974681022120457
2023-11-14 14:00:00,0.6184679230833365,0.6828518381305769,0.5189382952023176
2023-11-14 15:00:00,0.5766624329136867,0.6373681928597245,0.3663787950877271
2023-11-14 16:00:00,0.5412018221188215,0.7553069638270957,0.2815425629709281
2023-11-14 17:00:00,0.4049543617597592,0.7470973987205356,0.2916637214959836
2023-11-14 18:00:00,0.2428858981412999,0.7511344423481062,0.6103091458089991
2023-11-14 19:00:00,0.1757665023305057,0.7630753423653397,0.8790545120737911
2023-11-14 20:00:00,0.1271900593065748,0.7614623705546061,0.9057409685421614
2023-11-14 21:00:00,0.1155731841629626,0.8065706047357297,0.8723881977056366
2023-11-14 22:00:00,0.0670008332121606,0.8681560965145335,0.8095780166925168
2023-11-14 23:00:00,0.0705647702310599,0.9047154819264132,0.757629721772437
2023-11-15 00:00:00,0.0364576683324926,0.8955470939087712,0.8079725059808469
2023-11-15 01:00:00,0.0134721787926418,0.8445687200508866,0.7820636431376139
2023-11-15 02:00:00,0.0115773771323409,0.8442292992585625,0.6676855835260129
2023-11-15 03:00:00,0.0006961370605269,0.6342941016153572,0.5721543894873725
2023-11-15 04:00:00,0.0,0.5308485186957066,0.5659759901707468
2023-11-15 05:00:00,0.000673896346996,0.6364155127332101,0.5794709102780211
2023-11-15 06:00:00,0.0002934574301725,0.5094304739260206,0.4647070130491568
2023-11-15 07:00:00,0.0007608961435704,0.3711585640128142,0.3407023498435426
2023-11-15 08:00:00,0.0015188420520109,0.2260310977113013,0.2574679648954104
2023-11-15 09:00:00,0.0016058862598892,0.1312271169587677,0.4011054693483838
2023-11-15 10:00:00,0.0007995261865503,0.1155779875961004,0.3910781495711383
2023-11-15 11:00:00,0.0012339197732264,0.1079224371442607,0.3147706642649532
2023-11-15 12:00:00,0.0137350742333854,0.0983909532135608,0.2752726342942979
2023-11-15 13:00:00,0.0015826848597308,0.1512406386581121,0.3716616474725063
2023-11-15 14:00:00,0.0196870518665687,0.245963719935199,0.2969798636592292
2023-11-15 15:00:00,0.0399641195933024,0.2944169854806139,0.2440677125469532
2023-11-15 16:00:00,0.0529711152992996,0.33525683209787,0.239658735935984
2023-11-15 17:00:00,0.0544322705736347,0.3583661528194652,0.2694400089238983
2023-11-15 18:00:00,0.0412240180314755,0.3340159319584665,0.2460621353847528
2023-11-15 19:00:00,0.0580958759083467,0.2953361218271692,0.2434946882958505
2023-11-15 20:00:00,0.0665051563113343,0.2419109219819112,0.2645987030727411
2023-11-15 21:00:00,0.0902432787652109,0.2190298036812177,0.2614543235379886
2023-11-15 22:00:00,0.0786039876002891,0.2455083560320287,0.2336006195716608
2023-11-15 23:00:00,0.1561835817262238,0.2325005219652761,0.3349111407410864
2023-11-16 00:00:00,0.2253306426253973,0.256832291098202,0.5791157289268144
2023-11-16 01:00:00,0.2352776496238958,0.2857531690909192,0.5621978426291272
2023-11-16 02:00:00,0.2128459737191792,0.2791358255872539,0.5923778636782777
2023-11-16 03:00:00,0.232481869217617,0.2485860001807119,0.703807512919108
2023-11-16 04:00:00,0.2606571702396169,0.2432761846804151,0.7519467204224829
2023-11-16 05:00:00,0.2482519679599338,0.2052322182000852,0.7112348406922583
2023-11-16 06:00:00,0.2876582956002428,0.1541835303400077,0.7758807481503954
2023-11-16 07:00:00,0.3829547688851948,0.1340363890516991,0.8617718827490713
2023-11-16 08:00:00,0.5183395762848698,0.1654768223856009,0.9208891313839582
2023-11-16 09:00:00,0.4984103542527342,0.3766114057279101,0.8446671355004404
2023-11-16 10:00:00,0.7806207058476466,0.4445457629908144,0.6787816122466442
2023-11-16 11:00:00,0.7920740819444844,0.5856064799564337,0.5947370778501423
2023-11-16 12:00:00,0.7789258582919252,0.5748714730630513,0.5975523649477491
2023-11-16 13:00:00,0.776389477299709,0.5385920814439362,0.6769041641085756
2023-11-16 14:00:00,0.7048281127331303,0.6664042379341873,0.4019987006592594
2023-11-16 15:00:00,0.6536781554128609,0.7591072157317517,0.3410637877345864
2023-11-16 16:00:00,0.6646644274393717,0.7695117183760101,0.2881341479183023
2023-11-16 17:00:00,0.7293920142977846,0.8075495794707653,0.2043706981185215
2023-11-16 18:00:00,0.6021974990570467,0.8407659998127058,0.1484976329055486
2023-11-16 19:00:00,0.4900899354149313,0.8003144731708601,0.0941635580623851
2023-11-16 20:00:00,0.4421976983936784,0.8047357634002087,0.0641300631504432
2023-11-16 21:00:00,0.4460550133698906,0.8357030550638834,0.0408832481484007
2023-11-16 22:00:00,0.4624293364730535,0.8325970780615713,0.0783657092674105
2023-11-16 23:00:00,0.4252996896606644,0.811967139150582,0.0539619548648011
2023-11-17 00:00:00,0.3198558427149953,0.8983081742828968,0.0243359628845663
2023-11-17 01:00:00,0.2356363153145983,0.8983054503895878,0.001066249959609
2023-11-17 02:00:00,0.1632107239143521,0.8120568686840581,0.0013819710881102
2023-11-17 03:00:00,0.1378215995489382,0.6601058922561944,0.0013924790363685
2023-11-17 04:00:00,0.0937481487498563,0.4971453566956364,0.0
2023-11-17 05:00:00,0.0508984864926805,0.3603612020903942,0.0
2023-11-17 06:00:00,0.0363784607718972,0.2479378320033254,0.0011995769793691
2023-11-17 07:00:00,0.0003443769380158,0.1584950849121692,0.0084429336529152
2023-11-17 08:00:00,0.0,0.0921127141690721,0.0232501154631571
2023-11-17 09:00:00,0.0,0.0701362011479396,0.0240777333577473
2023-11-17 10:00:00,0.0002343140396417,0.0557180245717366,0.062789940366558
2023-11-17 11:00:00,0.0008851714383542,0.0427113825978796,0.0792078644621605
2023-11-17 12:00:00,0.0081182402722975,0.0207243986379087,0.0886110932219262
2023-11-17 13:00:00,0.0485714767493453,0.0026540370548472,0.1038574704936906
2023-11-17 14:00:00,0.0764516054415235,0.0015017912278767,0.0988497687321083
2023-11-17 15:00:00,0.1106326954037535,0.0186368258170832,0.1556425117978862
2023-11-17 16:00:00,0.1605936943315992,0.0352550374916176,0.1277333731744803
2023-11-17 17:00:00,0.2226310274959389,0.0642330740012374,0.1494538667155247
2023-11-17 18:00:00,0.3024861703511157,0.0845856760062423,0.1947253326964534
2023-11-17 19:00:00,0.3930157056820938,0.0860374815323773,0.2275429769279131
2023-11-17 20:00:00,0.4360057216843748,0.0825485528684129,0.2438818364361532
2023-11-17 21:00:00,0.4974804672540402,0.0712993565727682,0.2469964307897231
2023-11-17 22:00:00,0.7938278329138662,0.1131431378570257,0.1875120487088471
2023-11-17 23:00:00,0.7539380484936284,0.1056461357602886,0.1736582089093775
2023-11-18 00:00:00,0.6568224196340523,0.152711926722059,0.146453579266866
2023-11-18 01:00:00,0.8422817809908998,0.2470999979505352,0.1481332732181923
2023-11-18 02:00:00,0.7461086067498899,0.3714991285910014,0.1254891881755754
2023-11-18 03:00:00,0.9694417099547542,0.506581138162052,0.1322485652624392
2023-11-18 04:00:00,0.9659853168562348,0.5597268054687898,0.1583539972118303
2023-11-18 05:00:00,0.9533022774590386,0.4282481732711293,0.1579249138925589
2023-11-18 06:00:00,0.9372011072495404,0.5045358885347454,0.1702165136150285
2023-11-18 07:00:00,0.9683255463643792,0.6188920977848028,0.176998294256871
2023-11-18 08:00:00,0.9800067384258594,0.5235438253365311,0.1694644783057418
2023-11-18 09:00:00,0.9705325170280108,0.5420568020515193,0.1469459136327107
2023-11-18 10:00:00,0.997340738383773,0.7459601701474657,0.134972006666894
2023-11-18 11:00:00,0.9974310008528964,0.863286485858992,0.0985810920303943
2023-11-18 12:00:00,0.9996578490812016,0.8625716415106082,0.0907877847260119
2023-11-18 13:00:00,0.999949891582813,0.8137642823013604,0.0977219553554759
2023-11-18 14:00:00,1.0,0.8636685415031085,0.0892943961947572
2023-11-18 15:00:00,1.0,0.9254019120160272,0.1286270571689979
2023-11-18 16:00:00,1.0,0.924902492099338,0.1202178585763071
2023-11-18 17:00:00,1.0,0.8914314095490898,0.0923044073815439
2023-11-18 18:00:00,1.0,0.8604025934256759,0.0867862794913497
2023-11-18 19:00:00,1.0,0.8481644960789899,0.083089505924898
2023-11-18 20:00:00,1.0,0.8495279823253358,0.0800853149563658
2023-11-18 21:00:00,1.0,0.8229210142995798,0.0704586973377302
2023-11-18 22:00:00,1.0,0.6382558673035864,0.001492280586093
2023-11-18 23:00:00,1.0,0.6622244517008463,0.0025550247796999
2023-11-19 00:00:00,1.0,0.6716387879614736,0.0014831863976771
2023-11-19 01:00:00,1.0,0.7166396215850231,0.0013439063153235
2023-11-19 02:00:00,1.0,0.8016739639581418,0.0014640412299461
2023-11-19 03:00:00,1.0,0.8104389882555195,0.0012595478226156
2023-11-19 04:00:00,1.0,0.8342061229780608,0.0009213927524541
2023-11-19 05:00:00,1.0,0.8285443268570245,0.0093451835750754
2023-11-19 06:00:00,1.0,0.78707161136702,0.0524309803457821
2023-11-19 07:00:00,1.0,0.6804093099107928,0.0020097342191957
2023-11-19 08:00:00,1.0,0.569104524998883,0.0001186038933548
2023-11-19 09:00:00,1.0,0.522145141963086,0.0006596122691833
2023-11-19 10:00:00,1.0,0.469723277621799,0.0013368394639756
2023-11-19 11:00:00,0.999164827508864,0.5220639627743391,0.001289528179792
2023-11-19 12:00:00,0.9999451761931376,0.6335797964357862,0.0108565442702349
2023-11-19 13:00:00,0.9972654074625252,0.6975227150262571,0.0343550131991018
2023-11-19 14:00:00,0.990972814996258,0.6935689215566597,0.0399394230125776
2023-11-19 15:00:00,0.9861201554342032,0.6529669948652679,0.0329977632348054
2023-11-19 16:00:00,0.9791802954829596,0.6038071049584283,0.0245815051926506
2023-11-19 17:00:00,0.9408873639075584,0.6238888291751636,0.021564466501373
2023-11-19 18:00:00,0.8592065674027586,0.6750214146632774,0.023616033831453
2023-11-19 19:00:00,0.8166961015439501,0.6753021876017252,0.0018794049624524
2023-11-19 20:00:00,0.7521416907216988,0.6350908404082254,0.0009358014935761
2023-11-19 21:00:00,0.6962947751961502,0.5901940897399304,0.0021282687685848
2023-11-19 22:00:00,0.473021338967716,0.5527737093906776,0.011631018196056
2023-11-19 23:00:00,0.4414769465627234,0.60874810405806,0.0013181524339065
2023-11-20 00:00:00,0.4737822370591507,0.6533912957883348,0.0011089584406684
2023-11-20 01:00:00,0.5631284464418498,0.6587454197453517,0.0012281182544683
2023-11-20 02:00:00,0.4816519590764264,0.6571016218148026,0.0013651088172314
2023-11-20 03:00:00,0.4013009460922939,0.6909702992906757,0.0012962985662073
2023-11-20 04:00:00,0.3690658862294714,0.707072332793591,0.0009836531152912
2023-11-20 05:00:00,0.4766489555633146,0.6591769854227701,1.354155197642208e-05
2023-11-20 06:00:00,0.4006891749263589,0.6727601126128552,0.0001542801950492
2023-11-20 07:00:00,0.4647966148027407,0.5889479085510851,0.0005141870648253
2023-11-20 08:00:00,0.3749196420308032,0.5626847385581023,0.0009269920829074
2023-11-20 09:00:00,0.2947479385176515,0.5868759576012106,0.0009904309035905
2023-11-20 10:00:00,0.2524198207979888,0.5313945517820471,0.0
2023-11-20 11:00:00,0.2575888228572272,0.4623275488809822,0.0
2023-11-20 12:00:00,0.2495625159319709,0.4418172181821337,0.0
2023-11-20 13:00:00,0.2685177341785306,0.4598910979975283,0.0004453027949613
2023-11-20 14:00:00,0.2572748053307627,0.4398989241107617,0.001035661089654
2023-11-20 15:00:00,0.2653905862297108,0.3687993669821546,0.00146153432871
2023-11-20 16:00:00,0.2500204852983063,0.2754434105617548,0.0150971482781802
2023-11-20 17:00:00,0.1918377097136055,0.2029713867536557,0.0347226488044838
2023-11-20 18:00:00,0.1658448985978668,0.1771819794100094,0.0424402963881399
2023-11-20 19:00:00,0.1219721284567141,0.1582972325530706,0.0471271673838297
2023-11-20 20:00:00,0.0840251118529076,0.1140102101307289,0.0565451266718845
2023-11-20 21:00:00,0.0484555519484227,0.0739188755259794,0.0699352984334908
2023-11-20 22:00:00,0.0015942617958667,0.0440004401736789,0.082558136360318
2023-11-20 23:00:00,0.009175934043585,0.0479175031574723,0.0913609476650462
2023-11-21 00:00:00,0.0007544159889221,0.0482973175890305,0.0844785278918696
2023-11-21 01:00:00,0.0,0.0490088638137368,0.0864292827307009
2023-11-21 02:00:00,0.0,0.045558595579434,0.085378511279237
2023-11-21 03:00:00,0.0,0.0379260190172133,0.0928091301637537
2023-11-21 04:00:00,0.0,0.0307294851035074,0.1093946368086571
2023-11-21 05:00:00,0.0,0.0097348947151034,0.1062791020262475
2023-11-21 06:00:00,0.0,0.000847164711921,0.1163519013161752
2023-11-21 07:00:00,0.0,0.0,0.0820893867343079
2023-11-21 08:00:00,0.000448802327798,0.0,0.0873117353401932
2023-11-21 09:00:00,0.0117770737292719,0.0,0.0880822480893602
2023-11-21 10:00:00,0.0500952028760723,0.0,0.0829833862828273
2023-11-21 11:00:00,0.044992506114486,0.0,0.0794906475964714
2023-11-21 12:00:00,0.0498871242298799,0.0,0.0759055100235284
2023-11-21 13:00:00,0.0851384798685709,0.0,0.1047786427479164
2023-11-21 14:00:00,0.1492006521598965,0.0,0.1352414196612788
2023-11-21 15:00:00,0.2111395137761932,0.0,0.1773469526004168
2023-11-21 16:00:00,0.2737352925967546,0.0002313548443364,0.233152835197698
2023-11-21 17:00:00,0.2610230009540233,0.0013443862690645,0.2300433925553864
2023-11-21 18:00:00,0.2324630388247421,0.010201135881586,0.2345003925896937
2023-11-21 19:00:00,0.2337188128552405,0.0185824278133367,0.1912104444566116
2023-11-21 20:00:00,0.2405043271631976,0.0506643921721215,0.2275110007890688
2023-11-21 21:00:00,0.2403133585562114,0.0793804140651927,0.2480587491802141
2023-11-21 22:00:00,0.2476431778053832,0.0673076218249751,0.2134439867306378
2023-11-21 23:00:00,0.2247677441515953,0.0528862897087545,0.1687113560882269
2023-11-22 00:00:00,0.2134717585993748,0.0510925638909433,0.1993140862658133
2023-11-22 01:00:00,0.1862123963100458,0.0636598643134622,0.21089045518364
2023-11-22 02:00:00,0.1588363039727304,0.0904496744567272,0.2012528469359952
2023-11-22 03:00:00,0.1523416766933366,0.1020594788532631,0.1827230889812793
2023-11-22 04:00:00,0.1649781068166096,0.0879062624538646,0.1740457715551837
2023-11-22 05:00:00,0.1533704178006041,0.0831942932278502,0.1696086514229868
2023-11-22 06:00:00,0.1230511127733716,0.1176687782885981,0.1356008356692744
2023-11-22 07:00:00,0.1073859602797265,0.1281088473750095,0.091942408505608
2023-11-22 08:00:00,0.0943959226795271,0.1136837169235827,0.1112325635610842
2023-11-22 09:00:00,0.077065206041523,0.0857104273403392,0.1018519845663332
2023-11-22 10:00:00,0.0711984961640601,0.033580494082831,0.0977209035088034
2023-11-22 11:00:00,0.0857858330595727,0.0059520021762723,0.1216101178935929
2023-11-22 12:00:00,0.0981217155269548,0.0008011686256508,0.1554417142681047
2023-11-22 13:00:00,0.1032925937689986,0.000192519106896,0.1581453108320049
2023-11-22 14:00:00,0.1124026728611366,0.0007102875148548,0.1115807598712397
2023-11-22 15:00:00,0.1225080443363563,0.0088699156162785,0.0823107420229444
2023-11-22 16:00:00,0.1667759231492585,0.0578612439772662,0.0896794655743767
2023-11-22 17:00:00,0.2457424332113827,0.0884132291756424,0.1520845352434644
2023-11-22 18:00:00,0.2523762385050456,0.1298737409068089,0.115515437780642
2023-11-22 19:00:00,0.2844092830333834,0.2168948042626474,0.0964038044798608
2023-11-22 20:00:00,0.3475308527354321,0.3678446875678168,0.0682971056769875
2023-11-22 21:00:00,0.3629604788387523,0.3758836961260029,0.0619025791392606
2023-11-22 22:00:00,0.4830316468781116,0.3678028677024093,0.0444374205240237
2023-11-22 23:00:00,0.4122339479284349,0.3309902537102793,0.0496964594897101
2023-11-23 00:00:00,0.3856721080206578,0.3960194852617052,0.068519723181631
2023-11-23 01:00:00,0.3012071123310164,0.3140305039150263,0.1309726051255768
2023-11-23 02:00:00,0.2086350715238284,0.3293157745810116,0.1886723680433884
2023-11-23 03:00:00,0.1505486287322698,0.2622865321589451,0.2765905249352549
2023-11-23 04:00:00,0.0968440139994901,0.2024739209343405,0.4375329890282325
2023-11-23 05:00:00,0.0566683096044203,0.1713289466558718,0.5022788203619664
2023-11-23 06:00:00,0.0246012308239157,0.1435462400025012,0.6289084986144421
2023-11-23 07:00:00,0.0015077992202409,0.1316443144106397,0.599100324842665
2023-11-23 08:00:00,0.0124615169818105,0.1293410156287399,0.7725823533301259
2023-11-23 09:00:00,0.0419339148047702,0.2126542353162578,0.8259321568058986
2023-11-23 10:00:00,0.0810720640070298,0.3619754049513075,0.9570812649197048
2023-11-23 11:00:00,0.1783639714608784,0.6234682385438408,0.9828172727347978
2023-11-23 12:00:00,0.2557225414350921,0.8702746933581782,0.9817955229017468
2023-11-23 13:00:00,0.4740530135584813,0.8612854901482078,1.0
2023-11-23 14:00:00,0.5043285500769522,0.9693526536031486,1.0
2023-11-23 15:00:00,0.5921814566344217,0.9909854932548172,1.0
2023-11-23 16:00:00,0.7179032961527506,0.9964613509333988,1.0
2023-11-23 17:00:00,0.7882243511723537,0.9971727982066036,1.0
2023-11-23 18:00:00,0.809923387041279,0.9978578262079774,1.0
2023-11-23 19:00:00,0.8006252868502748,0.9975194151884588,1.0
2023-11-23 20:00:00,0.8182762837877461,0.9985466470905378,1.0
2023-11-23 21:00:00,0.7798914815865311,0.9994235007591497,1.0
2023-11-23 22:00:00,0.7040906419941023,0.9997566603367624,1.0
2023-11-23 23:00:00,0.6564222691105861,1.0,1.0
2023-11-24 00:00:00,0.6262247468910964,1.0,1.0
2023-11-24 01:00:00,0.6511510026221181,1.0,1.0
2023-11-24 02:00:00,0.6740846540413651,1.0,1.0
2023-11-24 03:00:00,0.689088924258363,1.0,1.0
2023-11-24 04:00:00,0.6535835172615799,1.0,1.0
2023-11-24 05:00:00,0.5993689508999095,0.9992848439933426,1.0
2023-11-24 06:00:00,0.5926391423917283,1.0,0.9998831624299094
2023-11-24 07:00:00,0.535737907185274,0.9987781375062232,0.9975597468856112
2023-11-24 08:00:00,0.3987075285194746,0.9840294488894392,0.9990958419500612
2023-11-24 09:00:00,0.4098321253957312,0.98284588296429,0.9989318411334666
2023-11-24 10:00:00,0.4072310176550173,0.9354301028781468,0.954764416015226
2023-11-24 11:00:00,0.361472834169475,0.8774532180985594,0.8658812903111277
2023-11-24 12:00:00,0.3330070551703958,0.7180258152531642,0.870312472574072
2023-11-24 13:00:00,0.3490676412395402,0.634131564034356,0.7344722373812806
2023-11-24 14:00:00,0.2989119267931172,0.5504630593692554,0.671823548335655
2023-11-24 15:00:00,0.306375124875237,0.53969472062354,0.9118093291139292
2023-11-24 16:00:00,0.3597063659842497,0.5818064695869396,0.9222690794203016
2023-11-24 17:00:00,0.3325046308679518,0.6555577633427638,0.8675057965945574
2023-11-24 18:00:00,0.1933132900911219,0.8285716187720205,0.7355018690520642
2023-11-24 19:00:00,0.1217902992285934,0.7094636150434905,0.6576551175584979
2023-11-24 20:00:00,0.1278297573912377,0.4961493436027975,0.6613946989470837
2023-11-24 21:00:00,0.1121493881823969,0.5671399169498019,0.7050649044560451
2023-11-24 22:00:00,0.0466485440341475,0.700841137007171,0.7238142537135703
2023-11-24 23:00:00,0.028478458426357,0.6114549730338302,0.6053054254818586
2023-11-25 00:00:00,0.0407906190242642,0.4821567753561182,0.4493204051373052
2023-11-25 01:00:00,0.0925177920098398,0.3167456458596622,0.2916341731750887
2023-11-25 02:00:00,0.12928681046355,0.1891152967814526,0.2872847669264849
2023-11-25 03:00:00,0.1278142251220403,0.1646658486010981,0.296977007311154
2023-11-25 04:00:00,0.1993269951514948,0.1122589204825607,0.2025684281891467
2023-11-25 05:00:00,0.2685401174757216,0.0536185619877833,0.1672830885531855
2023-11-25 06:00:00,0.1807535364736918,0.0771717697966332,0.3213013745600881
2023-11-25 07:00:00,0.2299847104191001,0.0533591765983431,0.3561581225177042
2023-11-25 08:00:00,0.2726677040648616,0.0013935967208513,0.1505831994262396
2023-11-25 09:00:00,0.2503198174869313,0.0,0.08911506802428
2023-11-25 10:00:00,0.2277354259116976,0.0,0.1638090844247855
2023-11-25 11:00:00,0.4199847582898109,0.0003056904069738,0.1757717724719078
2023-11-25 12:00:00,0.4954861114227694,0.0011309716436598,0.1101824699663648
2023-11-25 13:00:00,0.7474747732573864,0.0015405650232352,0.0841983626870548
2023-11-25 14:00:00,0.6131210280399696,0.0015066460846296,0.0630466610777611
2023-11-25 15:00:00,0.9126926995570364,0.0534377846063352,0.0866687531564749
2023-11-25 16:00:00,0.9901817982492882,0.0764137389613132,0.1009407697939405
2023-11-25 17:00:00,0.9978985256618924,0.0468332825922498,0.106439193089803
2023-11-25 18:00:00,0.9991269547954884,0.0822607208700741,0.1315469134087656
2023-11-25 19:00:00,0.9993529444426492,0.0975729671179079,0.1091995543124629
2023-11-25 20:00:00,1.0,0.1236888123493568,0.0690766643075382
2023-11-25 21:00:00,0.9999421749239652,0.1975373972475139,0.0523481415767295
2023-11-25 22:00:00,0.9977904893214404,0.4395036494809817,0.0835591671513576
2023-11-25 23:00:00,0.9978861247791962,0.4585221624062731,0.083085999769323
2023-11-26 00:00:00,0.9985303535960078,0.4486544365976371,0.0766357487323237
2023-11-26 01:00:00,0.9991205346350576,0.5336390757093242,0.080647819182452
2023-11-26 02:00:00,1.0,0.6578214215297324,0.0794072478425269
2023-11-26 03:00:00,1.0,0.7566964953553442,0.0692675160426719
2023-11-26 04:00:00,1.0,0.8732601988549326,0.0692649448619169
2023-11-26 05:00:00,1.0,0.968831442539988,0.074775405958587
2023-11-26 06:00:00,1.0,0.9485312006831949,0.097508523978439
2023-11-26 07:00:00,1.0,0.91088119207644,0.0809512418859145
2023-11-26 08:00:00,1.0,0.903793621686549,0.1156352080550848
2023-11-26 09:00:00,1.0,0.9685339522517584,0.155682271602107
2023-11-26 10:00:00,1.0,0.9989459187376732,0.2954643816729776
2023-11-26 11:00:00,1.0,0.9999285242915932,0.3890531452652676
2023-11-26 12:00:00,1.0,1.0,0.499580373951033
2023-11-26 13:00:00,1.0,1.0,0.4758239026163138
2023-11-26 14:00:00,1.0,1.0,0.8748920478072821
2023-11-26 15:00:00,1.0,1.0,0.9766009991465052
2023-11-26 16:00:00,1.0,1.0,0.9417732213836868
2023-11-26 17:00:00,1.0,1.0,0.8953793968250549
2023-11-26 18:00:00,1.0,1.0,0.8749816994261898
2023-11-26 19:00:00,1.0,1.0,0.9288402943829306
2023-11-26 20:00:00,1.0,1.0,0.9349620669495826
2023-11-26 21:00:00,1.0,1.0,0.8142201947230918
2023-11-26 22:00:00,1.0,1.0,0.7557222328934015
2023-11-26 23:00:00,1.0,1.0,0.906613206551745
2023-11-27 00:00:00,1.0,1.0,0.9783258593939488
2023-11-27 01:00:00,1.0,1.0,0.9696210848739724
2023-11-27 02:00:00,1.0,1.0,0.938376407997281
2023-11-27 03:00:00,1.0,1.0,0.9696600733239666
2023-11-27 04:00:00,1.0,1.0,0.997652412240022
2023-11-27 05:00:00,1.0,1.0,0.9976658602945164
2023-11-27 06:00:00,0.9993823369344076,1.0,0.9976028835072236
2023-11-27 07:00:00,0.9984126558490828,1.0,0.9993114907757128
2023-11-27 08:00:00,0.9977679408453648,1.0,1.0
2023-11-27 09:00:00,0.9983772545858148,1.0,0.999399549820844
2023-11-27 10:00:00,0.9969797227896896,1.0,0.999802997688842
2023-11-27 11:00:00,0.9777503169439976,1.0,0.9996559167999068
2023-11-27 12:00:00,0.955283613765941,1.0,0.996808101928312
2023-11-27 13:00:00,0.8794479370117188,1.0,0.9774299104229296
2023-11-27 14:00:00,0.8234187481450099,1.0,0.9790470615711088
2023-11-27 15:00:00,0.7116620867860083,0.9976726513282926,0.957303676729888
2023-11-27 16:00:00,0.6456873183156929,0.9928423251981048,0.9105294545491536
2023-11-27 17:00:00,0.6419013995750277,0.9779550483803344,0.8861702688379225
2023-11-27 18:00:00,0.6106992718441034,0.9244750777101204,0.8728445090499579
2023-11-27 19:00:00,0.5745722032060809,0.8244069510815191,0.8696737788081949
2023-11-27 20:00:00,0.5168425101859897,0.7794440119874244,0.7852067292905321
2023-11-27 21:00:00,0.4319527102451698,0.7744827737995222,0.7308528189565621
2023-11-27 22:00:00,0.3313419507219901,0.778417521832036,0.4492492893942041
2023-11-27 23:00:00,0.206388451694663,0.7373182539846382,0.4380971543929156
2023-11-28 00:00:00,0.140280431392146,0.7225912225012685,0.4516382388819277
2023-11-28 01:00:00,0.0843436811484542,0.7679596134260589,0.3769368096893909
2023-11-28 02:00:00,0.0672128621269674,0.7140404102849025,0.2768251942653282
2023-11-28 03:00:00,0.0381319293009689,0.7333163560605517,0.1628871057547775
2023-11-28 04:00:00,0.029961394328697,0.5385067805745243,0.1140612597559012
2023-11-28 05:00:00,0.0308668640703936,0.453982220755683,0.0942412544699276
2023-11-28 06:00:00,0.0673233060275807,0.3939416751362919,0.0755815879971373
2023-11-28 07:00:00,0.1166791308159921,0.2249353228051678,0.0377024279700385
2023-11-28 08:00:00,0.1529848108104631,0.1141229330324659,0.050673858792174
2023-11-28 09:00:00,0.1852111286587185,0.1195807901083254,0.0834052936703551
2023-11-28 10:00:00,0.2649702184340533,0.1292106918260163,0.0694917931276209
2023-11-28 11:00:00,0.4235079537809285,0.1688746728149114,0.0420119813065123
2023-11-28 12:00:00,0.6402532820608101,0.2279510872036803,0.0625218830856622
2023-11-28 13:00:00,0.8538640651827544,0.3778068972568886,0.1498910492541743
2023-11-28 14:00:00,0.8927524978039312,0.5940118412566341,0.3603970163008746
2023-11-28 15:00:00,0.9806904107137444,0.7507030730154,0.4939166471069934
2023-11-28 16:00:00,0.9949637737149506,0.8481408100502164,0.5681237442041533
2023-11-28 17:00:00,1.0,0.9313630933075948,0.6080183873768725
2023-11-28 18:00:00,1.0,0.9666662901834724,0.618567739436829
2023-11-28 19:00:00,1.0,0.977473667244506,0.5843638828377318
2023-11-28 20:00:00,1.0,0.9971847440682206,0.4902969154657102
2023-11-28 21:00:00,1.0,1.0,0.4228662275800517
2023-11-28 22:00:00,1.0,1.0,0.3042703625423456
2023-11-28 23:00:00,1.0,1.0,0.2673176223156499
2023-11-29 00:00:00,1.0,1.0,0.2215371474721073
2023-11-29 01:00:00,1.0,1.0,0.1727811744789672
2023-11-29 02:00:00,0.9341426487841638,1.0,0.1355947349585738
2023-11-29 03:00:00,0.6181632771211512,1.0,0.0906322984134449
2023-11-29 04:00:00,0.4456721894881305,1.0,0.0684761299806482
2023-11-29 05:00:00,0.5077199764501036,1.0,0.0924315873314352
2023-11-29 06:00:00,0.51739804105821,1.0,0.1850977317959654
2023-11-29 07:00:00,0.482360529743768,0.9967650712705124,0.4058087760326909
2023-11-29 08:00:00,0.485863599901885,0.8734756232866274,0.5237461460961236
2023-11-29 09:00:00,0.4744831019756841,0.6142086141249712,0.6408289647569843
2023-11-29 10:00:00,0.659057804182464,0.6262369327295839,0.6932312086516735
2023-11-29 11:00:00,0.7415551765292299,0.7241920209398456,0.8256121149250105
2023-11-29 12:00:00,0.6000135459151922,0.8980921577004826,0.8484282400093827
2023-11-29 13:00:00,0.4156177682814255,0.9608768326005126,0.9722302817051708
2023-11-29 14:00:00,0.3857571393056632,0.8728170332565807,0.9793833439646203
2023-11-29 15:00:00,0.4431156114815107,0.8710893743178424,0.9962818077187132
2023-11-29 16:00:00,0.3559932599659838,0.9470842211854223,0.997754988327525
2023-11-29 17:00:00,0.2899961066401861,0.9453242308174084,0.997078082140754
2023-11-29 18:00:00,0.2347873488282845,0.906884885301777,0.9891943245931388
2023-11-29 19:00:00,0.1786819563971625,0.8497445910584693,0.9913176524093726
2023-11-29 20:00:00,0.1470034847072526,0.8378726641337076,0.9967379351846531
2023-11-29 21:00:00,0.1265877719018973,0.8309733072916666,0.9945172297409156
2023-11-29 22:00:00,0.1687256261414172,0.6354250549490934,0.9853690808115442
2023-11-29 23:00:00,0.2245841774286008,0.7819342519722733,0.9791535645528556
2023-11-30 00:00:00,0.227101646996791,0.6778911889768114,0.9466506484287236
2023-11-30 01:00:00,0.2343153454899008,0.5316993769477395,0.8495374567368451
2023-11-30 02:00:00,0.2502001438265532,0.4658245261198555,0.7604845738878437
2023-11-30 03:00:00,0.2301169376747281,0.3969868351431454,0.6679606624678069
2023-11-30 04:00:00,0.1956860380235061,0.3479743923237121,0.5881640724107331
2023-11-30 05:00:00,0.1324370561861524,0.3010279680389205,0.4956742751052956
2023-11-30 06:00:00,0.0931485026490454,0.3235061090756086,0.4363881793676638
2023-11-30 07:00:00,0.0245701059017306,0.3525255801630955,0.4028347317689384
2023-11-30 08:00:00,0.000935570476881,0.388457193873287,0.3972020133648043
2023-11-30 09:00:00,0.0,0.3705067307341332,0.4536048181695876
2023-11-30 10:00:00,0.0,0.2376654973996231,0.5477348651761322
2023-11-30 11:00:00,0.0,0.1797411956039129,0.5536294061374041
2023-11-30 12:00:00,0.0009164163489746,0.115136983347874,0.5119497168297861
2023-11-30 13:00:00,0.0278120235679975,0.1087011192359176,0.5376804732029734
2023-11-30 14:00:00,0.0768651214300417,0.2392052669151156,0.4870531527824651
2023-11-30 15:00:00,0.1192010383979947,0.3712761137220595,0.5832325710969812
2023-11-30 16:00:00,0.1851619801490135,0.4833061866510927,0.598105386970869
2023-11-30 17:00:00,0.318023605284348,0.5006564910115759,0.5905299171123629
2023-11-30 18:00:00,0.3490097086414013,0.4998774933659173,0.5147194862365723
2023-11-30 19:00:00,0.3979986415189855,0.503717645321017,0.399868524152469
2023-11-30 20:00:00,0.5286980766096925,0.5103773852578954,0.3710993863398732
2023-11-30 21:00:00,0.6207047412598055,0.5520712316425798,0.2787747320786021
2023-11-30 22:00:00,0.7432955760581821,0.4929781583399554,0.224931533040564
2023-11-30 23:00:00,0.8726482703015696,0.5232918652054531,0.1772206468519821
2023-12-01 00:00:00,0.9706083902346544,0.698409407746558,0.1376902238995421
2023-12-01 01:00:00,0.993251535627577,0.769173220092175,0.0873373536502613
2023-12-01 02:00:00,0.9969388301076452,0.7926069614933986,0.0531605645722033
2023-12-01 03:00:00,0.9984083456151628,0.8867938035453846,0.0274144944801829
2023-12-01 04:00:00,0.9983154247009676,0.9687989054162518,0.0268895622172386
2023-12-01 05:00:00,0.9973815375683353,0.9674354316362368,0.0126277048603381
2023-12-01 06:00:00,0.9898299485250236,0.8941221424177581,0.0041337418400384
2023-12-01 07:00:00,0.9863518702438454,0.6764370600382487,0.0409368553192786
2023-12-01 08:00:00,0.9375296324686287,0.4319373299093807,0.0783926365422267
2023-12-01 09:00:00,0.6807485935734767,0.3002131032008751,0.0767810905680937
2023-12-01 10:00:00,0.5642384329652474,0.2422243473576564,0.0532924193961947
2023-12-01 11:00:00,0.4908248489978267,0.1293063748116587,0.0509505645901549
2023-12-01 12:00:00,0.484160628973269,0.0924615065256754,0.0569415793699376
2023-12-01 13:00:00,0.3984426205454309,0.1003943354475731,0.0602318960077622
2023-12-01 14:00:00,0.1564497690574795,0.1294265658247704,0.0707013233035218
2023-12-01 15:00:00,0.0767435279546999,0.0770193689009722,0.0658840759127747
2023-12-01 16:00:00,0.0014965806911194,0.0617617953057382,0.0685805432936724
2023-12-01 17:00:00,0.0,0.048699987090491,0.064010456496594
2023-12-01 18:00:00,0.0,0.0009238439447739,0.0456362101766798
2023-12-01 19:00:00,0.0,0.0006692561448789,0.0538373227212943
2023-12-01 20:00:00,0.0010897439289716,0.0,0.0436720976642533
2023-12-01 21:00:00,0.0007135326566259,0.001279043995477,0.0414029157239627
2023-12-01 22:00:00,0.0470159197944441,0.0728307985791973,0.0141038396000082
2023-12-01 23:00:00,0.0684253608479219,0.0369512158281662,0.0012943468062706
2023-12-02 00:00:00,0.0383409916185865,0.0557316752041087,0.0
2023-12-02 01:00:00,0.0012107682383917,0.0619799950543571,0.0
2023-12-02 02:00:00,0.0,0.0428993522731307,0.0
2023-12-02 03:00:00,0.0,0.0327494756069058,0.0
2023-12-02 04:00:00,0.0,0.0504650789148667,0.0
2023-12-02 05:00:00,0.0010036004135032,0.0791056717143339,0.000160299095453
2023-12-02 06:00:00,0.0011948261385649,0.0841941085516237,0.0008240786253237
2023-12-02 07:00:00,0.0008411746399075,0.1040642284879497,0.0297693575129789
2023-12-02 08:00:00,0.0003175973113066,0.1543764740813012,0.0737329324086507
2023-12-02 09:00:00,0.0,0.1496850275525859,0.0757182579414517
2023-12-02 10:00:00,0.0003963623171538,0.1724101328382305,0.0526097475313672
2023-12-02 11:00:00,0.0011768041093365,0.2120886721642189,0.0746833109388164
2023-12-02 12:00:00,0.0016253676289826,0.1990868188197316,0.1163137894050747
2023-12-02 13:00:00,0.0327466512038037,0.3320989562015907,0.1539282471525903
2023-12-02 14:00:00,0.0568865794761508,0.3610287086636412,0.2565246095844343
2023-12-02 15:00:00,0.0863785135979745,0.4794805501800737,0.425400101281459
2023-12-02 16:00:00,0.1784670056860431,0.6013288996578041,0.4982825821521235
2023-12-02 17:00:00,0.2097269382352143,0.516768140730515,0.5567043591168971
2023-12-02 18:00:00,0.196307914708954,0.4257868801067078,0.5139290195664549
2023-12-02 19:00:00,0.3178938977858599,0.3950458367665609,0.4658101898392821
2023-12-02 20:00:00,0.3704799250060436,0.4161903562109454,0.5120117212432662
2023-12-02 21:00:00,0.459362268447876,0.4388995684829413,0.6208253452201294
2023-12-02 22:00:00,0.7245267886741489,0.3144273898180793,0.4855064473120994
2023-12-02 23:00:00,0.784659320232915,0.245936895507613,0.4056235528459736
2023-12-03 00:00:00,0.6914809918871112,0.2219129855336706,0.152977377760644
2023-12-03 01:00:00,0.6226528625862271,0.1864624615588219,0.1419724319495406
2023-12-03 02:00:00,0.7609664038115856,0.1162138990327423,0.0652194958107144
2023-12-03 03:00:00,0.8471442203895718,0.0696714017905441,0.020314171033747
2023-12-03 04:00:00,0.6103195396124148,0.1112309857910754,0.0005161053214976
2023-12-03 05:00:00,0.453826313704447,0.0627286060183655,0.1091499071495205
2023-12-03 06:00:00,0.5016729333042319,0.2931961483425564,0.6482036721472646
2023-12-03 07:00:00,0.3828310670416339,0.6775409100102443,0.8628743489583334
2023-12-03 08:00:00,0.2847493551914988,0.6889524646833831,0.9470581665537716
2023-12-03 09:00:00,0.2932698711071139,0.5635873866237067,0.9695483251334795
2023-12-03 10:00:00,0.320228486279257,0.7397476271087048,0.919991430893443
2023-12-03 11:00:00,0.2053271991754669,0.9698723219578562,0.8117380048714432
2023-12-03 12:00:00,0.1431336706759882,0.9594745012669782,0.665157252666997
2023-12-03 13:00:00,0.2132335363649854,0.903975056666954,0.5523851961871378
2023-12-03 14:00:00,0.3384558687023088,0.8635671652999579,0.5497908670138689
2023-12-03 15:00:00,0.3563402696372637,0.8526773951412027,0.5316099543976628
2023-12-03 16:00:00,0.3974188028597364,0.8319601358151903,0.4501178763271157
2023-12-03 17:00:00,0.542938483306785,0.7252314698462392,0.3757183208964229
2023-12-03 18:00:00,0.6780582783268947,0.6868890781028598,0.2973744058920667
2023-12-03 19:00:00,0.5493331812565623,0.6080579913519566,0.2373646256191278
2023-12-03 20:00:00,0.4387656130821876,0.584100274478688,0.1928058169246499
2023-12-03 21:00:00,0.3800636319553151,0.6155601669760311,0.1639126913220274
2023-12-03 22:00:00,0.2651976043102788,0.6842941863864076,0.2060198970869475
2023-12-03 23:00:00,0.2502106841093574,0.7731462553435681,0.2675698785220876
2023-12-04 00:00:00,0.1836752081229016,0.6397017497642367,0.2822304644615822
2023-12-04 01:00:00,0.1405880264207428,0.4021582167133007,0.2496127895280426
2023-12-04 02:00:00,0.1503054417815862,0.5284846452326556,0.2450969889273051
2023-12-04 03:00:00,0.186499944699356,0.5447308767854777,0.3241034520217796
2023-12-04 04:00:00,0.170443572250067,0.511559949201696,0.4253758589426676
2023-12-04 05:00:00,0.1632638421713137,0.4536657473620246,0.4176626937841278
2023-12-04 06:00:00,0.1645049861833161,0.4281126798367968,0.346535012612935
2023-12-04 07:00:00,0.0990524245243446,0.3629101631688137,0.3138284355986352
2023-12-04 08:00:00,0.0864937258701698,0.2604451802820941,0.3496380319782332
2023-12-04 09:00:00,0.0971797634573543,0.1869968183679518,0.4095930710337521
2023-12-04 10:00:00,0.0894802691889744,0.1421296830270804,0.4272424457899106
2023-12-04 11:00:00,0.0893784971798167,0.0759575647466322,0.7097703054839489
2023-12-04 12:00:00,0.0920413755903057,0.0347447808271919,0.3960145049624973
2023-12-04 13:00:00,0.090104668748145,0.0184644355493433,0.3191930967218735
2023-12-04 14:00:00,0.087216110790477,0.0347510735973034,0.3099605741064533
2023-12-04 15:00:00,0.0509381995481603,0.0618399124519497,0.3394233650631374
2023-12-04 16:00:00,0.0315436814345565,0.0966405401042863,0.353465758117975
2023-12-04 17:00:00,0.027300501570982,0.1529089025422638,0.3007373529322007
2023-12-04 18:00:00,0.0331699388479095,0.2047769135119868,0.2709792455037435
2023-12-04 19:00:00,0.0521621517106598,0.207052311866112,0.2476547839594822
2023-12-04 20:00:00,0.0534224276449166,0.1941711388382257,0.2344690678166408
2023-12-04 21:00:00,0.0253540585243624,0.1755917586532293,0.1905532163732192
2023-12-04 22:00:00,0.0007587866066328,0.1222202941483142,0.1580185983695236
2023-12-04 23:00:00,0.0004344835780025,0.1107867208181643,0.2048303847219429
2023-12-05 00:00:00,0.0,0.1192635882134531,0.1755094497032414
2023-12-05 01:00:00,0.0,0.1390998036253686,0.2293382002637277
2023-12-05 02:00:00,0.0,0.143662363875146,0.1992164998272665
2023-12-05 03:00:00,0.0,0.1218273242314656,0.0873513548981909
2023-12-05 04:00:00,0.0008457544582342,0.1013613331551645,0.0690772019180597
2023-12-05 05:00:00,0.0260193184310314,0.0879840757332596,0.0800797752305573
2023-12-05 06:00:00,0.0415261726753384,0.0726842646505318,0.0496732487398035
2023-12-05 07:00:00,0.0594027369630103,0.027745977725858,0.0677359337900199
2023-12-05 08:00:00,0.0780867595298617,0.0006852278522416,0.1078457925833907
2023-12-05 09:00:00,0.1315435474994135,0.0007328788439432,0.164044417586981
2023-12-05 10:00:00,0.1683732925676831,0.0,0.2117600285149867
2023-12-05 11:00:00,0.2222441754309959,0.0006112787458631,0.2667682248782488
2023-12-05 12:00:00,0.2780070086709814,0.0019048132927589,0.3338847596660938
2023-12-05 13:00:00,0.3394747793284896,0.0120913846040862,0.3979820893480887
2023-12-05 14:00:00,0.4312182625913932,0.0289683567932228,0.4469483179204604
2023-12-05 15:00:00,0.5050206340216343,0.0761938095092773,0.4794782205344804
2023-12-05 16:00:00,0.4438335802040848,0.1164350673264148,0.4339627736534168
2023-12-05 17:00:00,0.4221382250193677,0.1534726572971718,0.373448915730894
2023-12-05 18:00:00,0.3640072205487419,0.1672066894232058,0.3353483817156623
2023-12-05 19:00:00,0.315102000641667,0.18214893964381,0.3223708938149845
2023-12-05 20:00:00,0.3149366986517812,0.188932677499609,0.3140235461440741
2023-12-05 21:00:00,0.2896168933195226,0.2066048827825808,0.2938327695809158
2023-12-05 22:00:00,0.2191668273576724,0.2755242391349443,0.275704075308407
2023-12-05 23:00:00,0.2772245407104492,0.2573268553789924,0.2744933047325782
2023-12-06 00:00:00,0.3216575391931471,0.2320011020485871,0.2715580136168237
2023-12-06 01:00:00,0.3044939633288415,0.2037526111976773,0.2459629501392639
2023-12-06 02:00:00,0.3095008485457476,0.204037850199182,0.2253903314179065
2023-12-06 03:00:00,0.2996678336773043,0.2207966629975761,0.2189924981858995
2023-12-06 04:00:00,0.2822899163938036,0.2359853881636476,0.2140801342484218
2023-12-06 05:00:00,0.2953356481065937,0.2492987127865062,0.2388257575190924
2023-12-06 06:00:00,0.3247239387113284,0.2711720497779597,0.2581165475783005
2023-12-06 07:00:00,0.3176863364924013,0.2960057024862252,0.2617316277198542
2023-12-06 08:00:00,0.2866681011673672,0.2872190974117105,0.2540264441296945
2023-12-06 09:00:00,0.2029623268476498,0.2167374106014476,0.256800137314142
2023-12-06 10:00:00,0.2300040145325504,0.156602567317439,0.1580575517579621
2023-12-06 11:00:00,0.2147952746721654,0.1271998765421848,0.1433036841598211
2023-12-06 12:00:00,0.2432273322460698,0.1232307331234801,0.1547956349802952
2023-12-06 13:00:00,0.2673331958795685,0.132840684815949,0.1997291247049967
2023-12-06 14:00:00,0.2778031311783136,0.1698085373523188,0.2202181317447837
2023-12-06 15:00:00,0.3570136353860493,0.2542554288128622,0.2687686284383138
2023-12-06 16:00:00,0.3866387987448499,0.3119972235237072,0.3214105749441907
2023-12-06 17:00:00,0.3790082479614058,0.2696555517857371,0.380177007001989
2023-12-06 18:00:00,0.340213841083003,0.2843811558742149,0.4065534040039661
2023-12-06 19:00:00,0.2917030995188195,0.2743170806785034,0.4041471138499142
2023-12-06 20:00:00,0.2743347859850117,0.2340443773207321,0.4474659028396108
2023-12-06 21:00:00,0.2805762322120417,0.2192645914414349,0.4771905085619758
2023-12-06 22:00:00,0.3962606635748171,0.2116015097674201,0.4281994688744638
2023-12-06 23:00:00,0.4152059414807488,0.2040257703245075,0.401182883705189
2023-12-07 00:00:00,0.4376670176686804,0.2238381859523798,0.390837190977109
2023-12-07 01:00:00,0.3399352372861376,0.2610311726339502,0.3574018057654886
2023-12-07 02:00:00,0.2839131199456507,0.2687815965390673,0.321409110150306
2023-12-07 03:00:00,0.3345820747948939,0.3237924762800628,0.3199665811326769
2023-12-07 04:00:00,0.4025692378773409,0.3503001188141069,0.3626818018021926
2023-12-07 05:00:00,0.4109105798933241,0.2987094190385607,0.4014853636423747
2023-12-07 06:00:00,0.4133423574609694,0.2720134959501378,0.4114018717622445
2023-12-07 07:00:00,0.2832229090671913,0.2896322300231534,0.4194230098350375
2023-12-07 08:00:00,0.204153141944237,0.3342034255757051,0.4024393106597701
2023-12-07 09:00:00,0.170668737561095,0.4631020664389617,0.3781372815175773
2023-12-07 10:00:00,0.273088131075591,0.2861284742168352,0.1860125454422695
2023-12-07 11:00:00,0.3086713357688554,0.224213254218008,0.1499712700937308
2023-12-07 12:00:00,0.3789273180992775,0.282115350361743,0.1325397514829448
2023-12-07 13:00:00,0.440238902771395,0.3367792656219083,0.1412554231344485
2023-12-07 14:00:00,0.4042384437486237,0.4321733814438963,0.2054989228840747
2023-12-07 15:00:00,0.4253129460453207,0.4825363283842997,0.1761683950237199
2023-12-07 16:00:00,0.475316935894536,0.4424386569877076,0.1618906212788002
2023-12-07 17:00:00,0.4815645077649285,0.4290657479778614,0.1911542493533465
2023-12-07 18:00:00,0.4556697801826826,0.4606003854788986,0.1650494220210056
2023-12-07 19:00:00,0.423881183262744,0.5053231295417336,0.1476702853745105
2023-12-07 20:00:00,0.4089864998861076,0.5321119034212399,0.1100490958082909
2023-12-07 21:00:00,0.4139572779337565,0.5278463223401237,0.0867995795081643
2023-12-07 22:00:00,0.4784529972699732,0.437951334161696,0.06546745113298
2023-12-07 23:00:00,0.4855759782728806,0.3779970275031196,0.0649099490221808
2023-12-08 00:00:00,0.4457106403276032,0.4263491412393408,0.06592638352338
2023-12-08 01:00:00,0.3736698066487032,0.4945848969852223,0.0673743790271235
2023-12-08 02:00:00,0.3244930139554092,0.5482031239403619,0.0784621519200942
2023-12-08 03:00:00,0.3448207643296984,0.5703734650331385,0.0907423449497596
2023-12-08 04:00:00,0.3404314362145716,0.5894421518238541,0.0936424030977136
2023-12-08 05:00:00,0.3436125290939231,0.6022883552351808,0.0813119551714728
2023-12-08 06:00:00,0.3453740169799406,0.5944663013508117,0.0547741441165699
2023-12-08 07:00:00,0.3831826175739563,0.5829798941518746,0.0270488020641351
2023-12-08 08:00:00,0.3089530888725729,0.4984836484871659,0.0022381606444813
2023-12-08 09:00:00,0.2669500151490853,0.4401083163965761,0.0008564571929133
2023-12-08 10:00:00,0.3165042478274675,0.4118785889320124,0.0
2023-12-08 11:00:00,0.3343277865765142,0.3822849186417324,0.0
2023-12-08 12:00:00,0.3300738786560258,0.2939660627078386,0.0003163974269542
2023-12-08 13:00:00,0.356311559677124,0.2063237296210395,0.0005120007820378
2023-12-08 14:00:00,0.3788438248478509,0.1905978645374572,0.0006372542942271
2023-12-08 15:00:00,0.3921869985418382,0.183784756005979,0.0006588822096781
2023-12-08 16:00:00,0.437886150833828,0.1910342204025368,0.000706620855269
2023-12-08 17:00:00,0.4487549214581259,0.1874302726945066,0.0008741671742956
2023-12-08 18:00:00,0.4116033541610817,0.155375272619958,0.0011251572689978
2023-12-08 19:00:00,0.4015361187504787,0.1416294247496362,0.0010737585865594
2023-12-08 20:00:00,0.3885605350818509,0.1548519789003858,0.0010022002887102
2023-12-08 21:00:00,0.3208256827460395,0.1498228194666843,0.0
2023-12-08 22:00:00,0.3541393435858433,0.0989395613763846,0.0
2023-12-08 23:00:00,0.3332829490985746,0.0946913980970195,0.0
2023-12-09 00:00:00,0.3478662172953288,0.095000664393107,0.0
2023-12-09 01:00:00,0.4298415760588802,0.0829052457622453,0.0
2023-12-09 02:00:00,0.4758611769458047,0.0653524959788603,0.0003107474520315
2023-12-09 03:00:00,0.5274318246280446,0.0791912686591054,0.0013803235845628
2023-12-09 04:00:00,0.5524970191756104,0.0831925167756922,0.0013758653129627
2023-12-09 05:00:00,0.5067198416765999,0.0716621501773011,0.0005868891485376
2023-12-09 06:00:00,0.4585123062133789,0.0593259054071763,0.0009294876865312
2023-12-09 07:00:00,0.4441703363181719,0.0508014828551049,0.0013331599484861
2023-12-09 08:00:00,0.3776188909617904,0.0407093101077609,0.0008057655851825
2023-12-09 09:00:00,0.3055592346814723,0.051730286841299,0.0006526852744856
2023-12-09 10:00:00,0.4449078600391064,0.0699451390434714,0.0
2023-12-09 11:00:00,0.4113853928310419,0.0761016443663952,0.0
2023-12-09 12:00:00,0.3942661269817477,0.0759544092066147,0.0
2023-12-09 13:00:00,0.4689914104985256,0.0785280442705341,0.0007493605021557
2023-12-09 14:00:00,0.5915338151595171,0.0766470853020163,0.0013210683866263
2023-12-09 15:00:00,0.5694263744977565,0.0960773346470851,0.0321321175768484
2023-12-09 16:00:00,0.4568514481089473,0.1103626162398095,0.0882452375748578
2023-12-09 17:00:00,0.3928426402846193,0.1026669904297473,0.1445208110061346
2023-12-09 18:00:00,0.37855284354266,0.0761544704437255,0.1605231504814297
2023-12-09 19:00:00,0.3523577147839116,0.0645102239122577,0.1164670785268147
2023-12-09 20:00:00,0.285551482555913,0.0505891968222225,0.08843368174983
2023-12-09 21:00:00,0.2439691786672554,0.0439664682531668,0.0837192582149131
2023-12-09 22:00:00,0.253260319529016,0.0558985682094798,0.0720644698423497
2023-12-09 23:00:00,0.2401093626333997,0.0508635885575238,0.1067995908213596
2023-12-10 00:00:00,0.2235130359923917,0.0572600551680022,0.1170234002319036
2023-12-10 01:00:00,0.159838783974741,0.064330545126223,0.1230356506272858
2023-12-10 02:00:00,0.1061704813265333,0.0624752979652554,0.1327035941329656
2023-12-10 03:00:00,0.0901629176794313,0.0392317631665398,0.1353948490292418
2023-12-10 04:00:00,0.0951038856132357,0.0090822768367193,0.121163994658227
2023-12-10 05:00:00,0.1005276044209798,0.0013323149649925,0.1237511517954807
2023-12-10 06:00:00,0.0903999337963029,0.0019799876057244,0.1498256945142559
2023-12-10 07:00:00,0.0411330609539755,0.0132659295805139,0.1754241799996569
2023-12-10 08:00:00,0.0010799539634604,0.0015424318562925,0.1192814696068857
2023-12-10 09:00:00,0.0,0.00671979921316,0.140651172282649
2023-12-10 10:00:00,0.0,0.0013568810388153,0.0903600337458591
2023-12-10 11:00:00,0.0,0.0013007930680817,0.0744390020183488
2023-12-10 12:00:00,0.0,0.0015063044292474,0.0404734385558982
2023-12-10 13:00:00,0.0,0.023157057029749,0.0338883088305105
2023-12-10 14:00:00,0.0,0.0375094421548781,0.0543943573446834
2023-12-10 15:00:00,0.0,0.065920212689568,0.0883252246707093
2023-12-10 16:00:00,0.0,0.0910025951909083,0.1005803720623839
2023-12-10 17:00:00,0.0,0.1082141492881026,0.0833699282477883
2023-12-10 18:00:00,0.0,0.1304446131575341,0.0900227883282829
2023-12-10 19:00:00,0.0,0.1403381427129109,0.1320276073381012
2023-12-10 20:00:00,0.0,0.1387601973963718,0.2093293682422513
2023-12-10 21:00:00,0.0,0.1584916839412614,0.2869424445956361
2023-12-10 22:00:00,0.0009379121992323,0.1685083496804331,0.2514947629442402
2023-12-10 23:00:00,0.0003181353114009,0.1567765778186274,0.1700229738272872
2023-12-11 00:00:00,0.0,0.1631084493562287,0.1492630266675762
2023-12-11 01:00:00,0.0,0.1586486194647994,0.1497907381431729
2023-12-11 02:00:00,0.0016093125530317,0.1988958502127454,0.1586115594003714
2023-12-11 03:00:00,0.0686132907867431,0.1876286431854846,0.1687370912701475
2023-12-11 04:00:00,0.1285588975046195,0.1696419949625052,0.1809458670273326
2023-12-11 05:00:00,0.1718303580689274,0.1585936429453831,0.1850789606181624
2023-12-11 06:00:00,0.1929398206324359,0.1787045765546412,0.2269612480612362
2023-12-11 07:00:00,0.1495245508119171,0.1862735062642814,0.2824672655342451
2023-12-11 08:00:00,0.1149571876899868,0.1770815506480098,0.3356395095002417
2023-12-11 09:00:00,0.0742512123257506,0.1533455591575772,0.3640195980570674
2023-12-11 10:00:00,0.0795642301148059,0.1726028778973747,0.2583463020574034
2023-12-11 11:00:00,0.0709933159398097,0.2078777699688681,0.2631241293514476
2023-12-11 12:00:00,0.0600330969866584,0.3160019700044121,0.2619932991227293
2023-12-11 13:00:00,0.0796682694379021,0.3811934274785659,0.3568312685474071
2023-12-11 14:00:00,0.0783444385902554,0.4314061224071029,0.5163747890322816
2023-12-11 15:00:00,0.0450186261943742,0.4830278836044611,0.5878945503359526
2023-12-11 16:00:00,0.0393119310241898,0.5055507179958368,0.6366755370221107
2023-12-11 17:00:00,0.0650222862468046,0.5695165138618619,0.6334276526582007
2023-12-11 18:00:00,0.0871984397663789,0.5303148506513607,0.5909049900528652
2023-12-11 19:00:00,0.1155865426157035,0.466049247317844,0.5686267684487736
2023-12-11 20:00:00,0.0643172451094085,0.4237732279534433,0.5475140864553015
2023-12-11 21:00:00,0.0013571178991031,0.4255443834790996,0.5400240966697144
2023-12-11 22:00:00,0.0357828393481136,0.5369686768725027,0.494310178008734
2023-12-11 23:00:00,0.096216271905338,0.5240079624200958,0.4741859825607998
2023-12-12 00:00:00,0.1003437416226256,0.3618633482191298,0.419619878133138
2023-12-12 01:00:00,0.0405169795541202,0.2139512230368221,0.4108008668313618
2023-12-12 02:00:00,0.0090532419728297,0.1694457904965269,0.4213783631916918
2023-12-12 03:00:00,0.0016622648519628,0.1704008322136075,0.4493378361845328
2023-12-12 04:00:00,0.0163422694393232,0.1932694709378909,0.424634526757633
2023-12-12 05:00:00,0.0169516287597955,0.1988941329756593,0.3999311440910389
2023-12-12 06:00:00,0.014729117256364,0.1587967545378442,0.4136762572269813
2023-12-12 07:00:00,0.0029648908602645,0.1284176695580576,0.4790807471555822
2023-12-12 08:00:00,0.0005322359745798,0.1273715729806937,0.4770854953067754
2023-12-12 09:00:00,0.0008639880255156,0.119100622102326,0.440699360729043
2023-12-12 10:00:00,2.638888514898961e-05,0.0892344175600538,0.2778053221359751
2023-12-12 11:00:00,0.0009023079685136,0.1225662815804575,0.2356414670258566
2023-12-12 12:00:00,0.0010339056744295,0.1467989706525615,0.2258621571110744
2023-12-12 13:00:00,0.0014026577955757,0.1418170040728999,0.2118916044048234
2023-12-12 14:00:00,0.000654970119202,0.1135085844526103,0.1841857604731142
2023-12-12 15:00:00,0.0003787754407895,0.0880621461307301,0.1505824981951246
2023-12-12 16:00:00,0.0006090297418482,0.0820969834047205,0.1343142168194639
2023-12-12 17:00:00,0.0129877484701817,0.0581685702006022,0.1300334462932512
2023-12-12 18:00:00,0.0303049660196491,0.0392034852426815,0.1120061266656015
2023-12-12 19:00:00,0.0177051682098239,0.0188782783894757,0.09900337340785
2023-12-12 20:00:00,0.0319545078121758,0.0013410336051891,0.0978429878459257
2023-12-12 21:00:00,0.0538032662634756,0.0006556709607442,0.1141727204416312
2023-12-12 22:00:00,0.0371815967403985,0.0007386795835557,0.0759441712323357
2023-12-12 23:00:00,0.0288634697596232,0.0008512353585436,0.0880793262930477
2023-12-13 00:00:00,0.0320965188001495,0.0014536154815574,0.1199389789618697
2023-12-13 01:00:00,0.0157728132858775,0.0148835782132117,0.1566078616123573
2023-12-13 02:00:00,0.0014841404615664,0.0187057073599372,0.1412187136855779
2023-12-13 03:00:00,0.0038805849411908,0.0162773759536493,0.1209953836366242
2023-12-13 04:00:00,0.0013920310276006,0.0308514880199058,0.1069917982699824
2023-12-13 05:00:00,0.0006612453585356,0.0561533955966725,0.0893757623784682
2023-12-13 06:00:00,0.0,0.0738333253299488,0.1014596106959324
2023-12-13 07:00:00,0.0,0.0947680426578895,0.068212069717108
2023-12-13 08:00:00,0.0,0.092784142961689,0.0572369379155776
2023-12-13 09:00:00,0.0007308744916728,0.0942099795621984,0.1130423358842438
2023-12-13 10:00:00,0.0398688016374126,0.1210485018935858,0.1450608290877996
2023-12-13 11:00:00,0.0772367505466236,0.1691667706358666,0.1220083821053598
2023-12-13 12:00:00,0.1321166987512625,0.2920200185838089,0.1618330151427026
2023-12-13 13:00:00,0.1581823708964329,0.4441730461868585,0.2613386172874301
2023-12-13 14:00:00,0.2219123933829513,0.5035181918175392,0.3373280506508023
2023-12-13 15:00:00,0.2914041818356981,0.557065095776826,0.3927370286455341
2023-12-13 16:00:00,0.3370680497362723,0.5592515577677808,0.4591144299974629
2023-12-13 17:00:00,0.6309639628416572,0.820794797411152,0.4894555549995572
2023-12-13 18:00:00,0.91561816097085,0.775155647128236,0.5225797104679681
2023-12-13 19:00:00,0.9971320738200268,0.8470732807333953,0.601198439504586
2023-12-13 20:00:00,1.0,0.9411074071148642,0.5513748468137255
2023-12-13 21:00:00,1.0,0.956880052105274,0.5903919304118437
2023-12-13 22:00:00,1.0,0.921836454104754,0.5410675986919528
2023-12-13 23:00:00,1.0,0.9516685336243872,0.5640975790086136
2023-12-14 00:00:00,1.0,0.9784571579079222,0.6120726875230378
2023-12-14 01:00:00,1.0,0.9977388724782108,0.5854260220247156
2023-12-14 02:00:00,1.0,1.0,0.5220019583608589
2023-12-14 03:00:00,1.0,1.0,0.5076871822082918
2023-12-14 04:00:00,1.0,1.0,0.5041998819588056
2023-12-14 05:00:00,1.0,1.0,0.4815037577759986
2023-12-14 06:00:00,1.0,1.0,0.4386575845331927
2023-12-14 07:00:00,1.0,1.0,0.3500084783516678
2023-12-14 08:00:00,1.0,1.0,0.2906590193704842
2023-12-14 09:00:00,0.999573526818768,1.0,0.1693212518505021
2023-12-14 10:00:00,0.9974827236599392,1.0,0.0844840676176781
2023-12-14 11:00:00,0.9563188116534864,1.0,0.0872026939018099
2023-12-14 12:00:00,0.6293586578244477,1.0,0.1007119580811145
2023-12-14 13:00:00,0.4881720994812211,0.9996851908615212,0.1142023474562402
2023-12-14 14:00:00,0.3541549436407151,0.9966730666316412,0.1222501315322576
2023-12-14 15:00:00,0.1711111092099956,0.9710262678807078,0.1146221394632376
2023-12-14 16:00:00,0.1236369563084022,0.7763989018458946,0.1474074990141625
2023-12-14 17:00:00,0.1623033659130919,0.4587117597168567,0.1958645122503143
2023-12-14 18:00:00,0.3049784439061981,0.3469771606470245,0.2700087696898217
2023-12-14 19:00:00,0.4166025492100934,0.3910989496443007,0.2570945546517964
2023-12-14 20:00:00,0.4655718491747488,0.4362846184400172,0.1896270926481758
2023-12-14 21:00:00,0.4527039621390548,0.5029237737842635,0.2091045878291909
2023-12-14 22:00:00,0.3700038669935239,0.4761131370768827,0.2649952664094813
2023-12-14 23:00:00,0.4543261122859381,0.3845338899325701,0.3861505829430873
2023-12-15 00:00:00,0.4467539397719638,0.3839572738198673,0.4221717687993268
2023-12-15 01:00:00,0.4820139501609054,0.4149150334152521,0.39187807351156
2023-12-15 02:00:00,0.5325672595329534,0.481899259916318,0.3690681566599927
2023-12-15 03:00:00,0.5233879182852951,0.60110453686683,0.2748095132167043
2023-12-15 04:00:00,0.4954671158510096,0.6244681941138372,0.187203005248425
2023-12-15 05:00:00,0.4851976796692493,0.5984277740802639,0.1719945614633996
2023-12-15 06:00:00,0.5196017065858529,0.544002952139362,0.2011348905127032
2023-12-15 07:00:00,0.523060155070685,0.5112337988186506,0.2795978215784808
2023-12-15 08:00:00,0.5184648395363801,0.4153322799533021,0.3265128914826836
2023-12-15 09:00:00,0.4926756628198561,0.3717825662076863,0.3107022724899591
2023-12-15 10:00:00,0.5803841313505484,0.5459421132904252,0.3837834027857562
2023-12-15 11:00:00,0.6221075463139154,0.5763685391619314,0.3819089792912302
2023-12-15 12:00:00,0.6190906552707447,0.4837176379035501,0.405592059777453
2023-12-15 13:00:00,0.5553148151223176,0.4757506083818822,0.4445971040164723
2023-12-15 14:00:00,0.4180584810917673,0.4445916110394048,0.4855985579147837
2023-12-15 15:00:00,0.382701725741617,0.3944721502416274,0.4364936445273605
2023-12-15 16:00:00,0.3556589207618065,0.3868670868717767,0.2673709158803902
2023-12-15 17:00:00,0.3671169779659097,0.3777000405430014,0.1742153635212019
2023-12-15 18:00:00,0.298270054112852,0.4413724335190517,0.2144323454962836
2023-12-15 19:00:00,0.2293312128852395,0.5841371904011645,0.2860549290974935
2023-12-15 20:00:00,0.2071840061860926,0.6058000271616418,0.358553719676398
2023-12-15 21:00:00,0.1942759495155484,0.5420257998447792,0.3633953761431127
2023-12-15 22:00:00,0.1519993707245471,0.3154896583432465,0.3835298469643188
2023-12-15 23:00:00,0.1637817714728561,0.2416159124935374,0.2833554916132509
2023-12-16 00:00:00,0.1873617608562793,0.2622845188464994,0.2374745287926368
2023-12-16 01:00:00,0.2636304774315529,0.1920646810843274,0.2720602758569655
2023-12-16 02:00:00,0.3205185887081171,0.1543324718288347,0.2926276836519927
2023-12-16 03:00:00,0.2192319047217275,0.1688242893592984,0.2606390504276051
2023-12-16 04:00:00,0.106366475423177,0.1796771841111526,0.2479701634326012
2023-12-16 05:00:00,0.0980952440523633,0.1638010202669629,0.249416846855014
2023-12-16 06:00:00,0.1382750506494559,0.1668556881885902,0.2603726418189753
2023-12-16 07:00:00,0.1023345367581236,0.1740916632359324,0.3025736185460309
2023-12-16 08:00:00,0.0632536177541695,0.1104863835316078,0.3612850475934596
2023-12-16 09:00:00,0.0523050392375272,0.0932174336676504,0.4411960723353367
2023-12-16 10:00:00,0.0200006848846385,0.1362139570946787,0.5412437557394988
2023-12-16 11:00:00,0.0485485538937687,0.1619182848462871,0.5921751845116708
2023-12-16 12:00:00,0.078666934780046,0.163852385446137,0.5982358471240872
2023-12-16 13:00:00,0.1107699263329599,0.1441337664922078,0.6594583473953546
2023-12-16 14:00:00,0.1240098359538059,0.1556935263615028,0.7019031655554677
2023-12-16 15:00:00,0.1231548599168366,0.2107854076460296,0.6903331606995825
2023-12-16 16:00:00,0.1199230960771149,0.2440059512269263,0.69055503022437
2023-12-16 17:00:00,0.087216531529146,0.3000237053515864,0.6222840617684757
2023-12-16 18:00:00,0.0963440362144918,0.4102190507003684,0.518065394918903
2023-12-16 19:00:00,0.1556921589608286,0.4601249585743823,0.4990651638679255
2023-12-16 20:00:00,0.2203618467243668,0.4583445717306698,0.5357085178100984
2023-12-16 21:00:00,0.2761002241396436,0.4332253231721766,0.4583900894214904
2023-12-16 22:00:00,0.3012785942725886,0.2900563283683428,0.3924173373802035
2023-12-16 23:00:00,0.2795216117809021,0.2804817841723074,0.5295906892788955
2023-12-17 00:00:00,0.2513203745573954,0.3352477503757851,0.6808196703592936
2023-12-17 01:00:00,0.2775475589278476,0.374579077452616,0.7299830118815104
2023-12-17 02:00:00,0.2902051358441122,0.435150941212972,0.8431339170418534
2023-12-17 03:00:00,0.3226287707783817,0.5728690530739579,0.921918644624598
2023-12-17 04:00:00,0.3967402370926601,0.4987933121475519,0.9697096643884198
2023-12-17 05:00:00,0.3481943311254962,0.4715848436542585,0.9705842398350536
2023-12-17 06:00:00,0.2832393708571889,0.512392707899505,0.9706206197053
2023-12-17 07:00:00,0.2839455105899985,0.6227025019577126,0.9643846150317223
2023-12-17 08:00:00,0.3087217246784883,0.7244076074338427,0.9562415951996848
2023-12-17 09:00:00,0.3297270154641344,0.8523466197493809,0.9585281259873334
2023-12-17 10:00:00,0.3777745253120372,0.8664110283446468,0.9198089300417432
2023-12-17 11:00:00,0.3885949577381408,0.9276184505886502,0.9240534663979524
2023-12-17 12:00:00,0.4227999456567702,0.9337313408945122,0.888805457969117
2023-12-17 13:00:00,0.4895999930263345,0.9003662533230252,0.8772977193196615
2023-12-17 14:00:00,0.5515126543107376,0.8586314706241384,0.8248023893318924
2023-12-17 15:00:00,0.5706385070202398,0.7986702825508866,0.8084091766207826
2023-12-17 16:00:00,0.4899802628685446,0.7981927722108131,0.8176367890601064
2023-12-17 17:00:00,0.4307780187893537,0.7464484794467103,0.8064749848608876
2023-12-17 18:00:00,0.3996400895461537,0.723840171215581,0.8354130539239621
2023-12-17 19:00:00,0.3904376684450635,0.6792051277908624,0.8562678418128319
2023-12-17 20:00:00,0.3906329987095852,0.6152926161398296,0.913032475639792
2023-12-17 21:00:00,0.3597902254341474,0.4786440282086142,0.9385656593671812
2023-12-17 22:00:00,0.3363643627540738,0.6190451375799241,0.9433288013233858
2023-12-17 23:00:00,0.3459566387475705,0.6432958397210813,0.9653705459794188
2023-12-18 00:00:00,0.3375444739472632,0.6856454306957768,0.9588573617872848
2023-12-18 01:00:00,0.3875666724310981,0.7288453906190161,0.962262228423474
2023-12-18 02:00:00,0.4570190033881492,0.6980968269647336,0.9248039582196405
2023-12-18 03:00:00,0.4679219239677479,0.6477082944383807,0.893261036841698
2023-12-18 04:00:00,0.5014953426286286,0.7025923354952943,0.8867843291338753
2023-12-18 05:00:00,0.4965229829152425,0.7080222485112209,0.8688538869222006
2023-12-18 06:00:00,0.4803505832073735,0.6289258813546373,0.8458464628730724
2023-12-18 07:00:00,0.4311711694680008,0.5957732325285867,0.7430903958339317
2023-12-18 08:00:00,0.4366925635368995,0.5900609415341047,0.6720399202085009
2023-12-18 09:00:00,0.5376948094835469,0.5350286197039037,0.6097568405999078
2023-12-18 10:00:00,0.5939645315307418,0.3891542892830044,0.5693430448669234
2023-12-18 11:00:00,0.617650575887144,0.3755508949554044,0.6215828384449279
2023-12-18 12:00:00,0.607481852076412,0.3932653065600426,0.5940872859331517
2023-12-18 13:00:00,0.6133595479080101,0.421184204762278,0.54984964576422
2023-12-18 14:00:00,0.5492563029519872,0.3815052820966135,0.5381453271005667
2023-12-18 15:00:00,0.5068732398787354,0.3643848444122115,0.5077979299757216
2023-12-18 16:00:00,0.48698577226377,0.3345565141416063,0.4383981695362166
2023-12-18 17:00:00,0.4317737124324624,0.3359615444357878,0.4016041584264219
2023-12-18 18:00:00,0.3625200153176302,0.2752336707769656,0.3852869404686821
2023-12-18 19:00:00,0.2935397141899158,0.2102247593449611,0.374858193927341
2023-12-18 20:00:00,0.2627569959054585,0.201345992244147,0.3603751908719929
2023-12-18 21:00:00,0.2368552575703539,0.2136119798897138,0.3275238189821929
2023-12-18 22:00:00,0.2518364931243697,0.2081490342133964,0.2912028505911235
2023-12-18 23:00:00,0.2206463751450083,0.2042897511151881,0.2434776935702056
2023-12-19 00:00:00,0.16277950184018,0.1770464953254251,0.1936274260477302
2023-12-19 01:00:00,0.1151761821672028,0.1440694285374061,0.2205081079520431
2023-12-19 02:00:00,0.0819974787095013,0.1108439412771486,0.2496538847879647
2023-12-19 03:00:00,0.056918508866254,0.1030180267259186,0.3004531096788793
2023-12-19 04:00:00,0.0408923540240019,0.1397589258119171,0.3389278985316457
2023-12-19 05:00:00,0.0379801458782619,0.1463064259173823,0.3958505212871078
2023-12-19 06:00:00,0.0314021788391412,0.164644531175202,0.5368271061018401
2023-12-19 07:00:00,0.0256798929638332,0.178826263527465,0.5975012919482062
2023-12-19 08:00:00,0.013346153926226,0.2267207756541133,0.6189967526329888
2023-12-19 09:00:00,0.000854703725553,0.288260335236593,0.7585107204960841
2023-12-19 10:00:00,0.0009538359891355,0.2940875128203747,0.6575742235370711
2023-12-19 11:00:00,0.0268748979163325,0.3801248603396945,0.7587948312946394
2023-12-19 12:00:00,0.0723572104584936,0.4698037399965174,0.7371062016954608
2023-12-19 13:00:00,0.0818796485078101,0.5749610748166352,0.7196615630505132
2023-12-19 14:00:00,0.1112268134659411,0.6106087740729836,0.7346079115774117
2023-12-19 15:00:00,0.1491055652207019,0.6164101292105282,0.6883805125367407
2023-12-19 16:00:00,0.168229575250663,0.6774085736742206,0.5569853502161363
2023-12-19 17:00:00,0.2447220983068927,0.7345488118190391,0.4571844082252652
2023-12-19 18:00:00,0.3502755835165385,0.7277438967835669,0.4399345918418536
2023-12-19 19:00:00,0.362237749536053,0.7313807898876714,0.4629296726650662
2023-12-19 20:00:00,0.3353061224120894,0.7142897680693981,0.359749064725988
2023-12-19 21:00:00,0.3324820730421278,0.7238321210823807,0.5144241588567596
2023-12-19 22:00:00,0.3764933433408051,0.7546423369762945,0.6320345245934779
2023-12-19 23:00:00,0.4151645610535067,0.7747774872125364,0.6793439435023887
2023-12-20 00:00:00,0.4421019741133147,0.7870578672371659,0.7233114149056229
2023-12-20 01:00:00,0.4412718021791745,0.828770123276056,0.6704369619780896
2023-12-20 02:00:00,0.4180664642184388,0.8526167589075425,0.6742325016096526
2023-12-20 03:00:00,0.4096931164560754,0.8724018171721813,0.6575801138784371
2023-12-20 04:00:00,0.4111024678922167,0.8917795941720601,0.6258073819229026
2023-12-20 05:00:00,0.423194561129302,0.8547066956563713,0.5940315536424225
2023-12-20 06:00:00,0.418702697442248,0.7790901988160377,0.57259809737112
2023-12-20 07:00:00,0.3678634369295407,0.7019096449309704,0.611088501861672
2023-12-20 08:00:00,0.2807757870044584,0.6559274804358388,0.5223003322002935
2023-12-20 09:00:00,0.1955731148813285,0.5240343053356494,0.4003642104030435
2023-12-20 10:00:00,0.2456928701961742,0.4250266520805608,0.2756764810848859
2023-12-20 11:00:00,0.2189148672265944,0.3340499884162853,0.1758022682339537
2023-12-20 12:00:00,0.2805710212857115,0.3254777948840771,0.215956186157426
2023-12-20 13:00:00,0.40861012109744,0.3817902577468772,0.2114945673475078
2023-12-20 14:00:00,0.5856860463136162,0.5241402146083857,0.2532492463105644
2023-12-20 15:00:00,0.6859322903203029,0.5873348977830675,0.3555098047443464
2023-12-20 16:00:00,0.6856354171154545,0.596242208106845,0.4358203520182691
2023-12-20 17:00:00,0.6292219255484787,0.6411036510093538,0.5272488578472262
2023-12-20 18:00:00,0.6439967903436399,0.6244629972121294,0.6045599388920404
2023-12-20 19:00:00,0.6715056662466011,0.5741231192171183,0.6022121937446345
2023-12-20 20:00:00,0.7206707748712278,0.5683742707071741,0.5516940082599914
2023-12-20 21:00:00,0.5410057734819799,0.549317948958453,0.5947831331514845
2023-12-20 22:00:00,0.4101929773692212,0.5647550766764123,0.6320580002529169
2023-12-20 23:00:00,0.2894921271629583,0.5598074470470153,0.6139770831937104
2023-12-21 00:00:00,0.140312582838769,0.4428436724968206,0.4810362158257977
2023-12-21 01:00:00,0.0673188648971856,0.3047949784721424,0.4939944214291042
2023-12-21 02:00:00,0.0610276063283284,0.2193098317563923,0.5447074011260388
2023-12-21 03:00:00,0.0944910563674627,0.1708200982972687,0.7351360788532332
2023-12-21 04:00:00,0.2071555829515644,0.1631661957385493,0.775394598642985
2023-12-21 05:00:00,0.3103218655181087,0.1526374559776455,0.6854793230692545
2023-12-21 06:00:00,0.3545458971285352,0.1524858848721373,0.5324093812431385
2023-12-21 07:00:00,0.3803406244789074,0.1609354743770524,0.3913128095514634
2023-12-21 08:00:00,0.3160430574728772,0.1623103081011304,0.334696108998816
2023-12-21 09:00:00,0.3577782577938503,0.1151820374470131,0.592617458767361
2023-12-21 10:00:00,0.2874081119213229,0.0771701335906982,0.4946065806095896
2023-12-21 11:00:00,0.1493354989033119,0.0439034953616023,0.3992986460916357
2023-12-21 12:00:00,0.0886389554715624,0.0313291058820836,0.3076355067733066
2023-12-21 13:00:00,0.0597784098456887,0.0011361825699899,0.4124941685620476
2023-12-21 14:00:00,0.0643812207614674,0.0009532091664332,0.6440912321502087
2023-12-21 15:00:00,0.0490760335735246,0.0449649512378218,0.8205422981112611
2023-12-21 16:00:00,0.001480782733244,0.1163873485490387,0.8059505481345981
2023-12-21 17:00:00,0.0004531098347084,0.1726927663765701,0.8441729265100816
2023-12-21 18:00:00,0.0084144297768087,0.2073641384349149,0.8676653219983469
2023-12-21 19:00:00,0.0246671072018691,0.2710258477653553,0.9113737430447848
2023-12-21 20:00:00,0.0349588705823312,0.2900849884631587,0.9705432879379372
2023-12-21 21:00:00,0.0462063667820949,0.3146583145739985,0.98211205862706
2023-12-21 22:00:00,0.0754612099890615,0.3332911519443288,0.981448525696798
2023-12-21 23:00:00,0.1978948194217058,0.4134394732955234,0.9851590200187332
2023-12-22 00:00:00,0.384895327823614,0.5697677571789111,0.9860131475660536
2023-12-22 01:00:00,0.5008770905288995,0.7704478899637858,0.9924193986880232
2023-12-22 02:00:00,0.5648733509911431,0.8572929731381485,0.9886850905574224
2023-12-22 03:00:00,0.5269243202957452,0.8646766188877081,0.9772838860555412
2023-12-22 04:00:00,0.486870544408661,0.8684270646837022,0.9684533387227776
2023-12-22 05:00:00,0.5172840676276512,0.8594962475346584,0.8294172754474715
2023-12-22 06:00:00,0.6089477367650449,0.848209973254235,0.6690109103333716
2023-12-22 07:00:00,0.6559206083709118,0.8524816301133897,0.6739615459068149
2023-12-22 08:00:00,0.6651923983704809,0.8608812880671881,0.5092582593556323
2023-12-22 09:00:00,0.6291086689319485,0.9192698360268586,0.4685339039447261
2023-12-22 10:00:00,0.6977689312953574,0.877930728438633,0.4629574492086772
2023-12-22 11:00:00,0.6786477051529229,0.8468646068199008,0.5856706348119998
2023-12-22 12:00:00,0.5482518672943115,0.7700944694818235,0.623357490776411
2023-12-22 13:00:00,0.564452581156313,0.7412647826998842,0.6693873031466615
2023-12-22 14:00:00,0.4364513852237875,0.6326129935146156,0.5910229059605816
2023-12-22 15:00:00,0.3251475571027768,0.5891550678053712,0.4532490992078594
2023-12-22 16:00:00,0.2316058414434295,0.4951060207840664,0.4210490775264166
2023-12-22 17:00:00,0.2877801010032105,0.4169609110339794,0.5207197572670731
2023-12-22 18:00:00,0.3676259206011404,0.3873239560844072,0.6377218096863989
2023-12-22 19:00:00,0.3589092251522089,0.4488449330423393,0.6763447780235141
2023-12-22 20:00:00,0.2674332693511364,0.4191649131525575,0.7235250379524979
2023-12-22 21:00:00,0.3290089735018661,0.3934139098996431,0.7990606158387428
2023-12-22 22:00:00,0.3408648687250474,0.4289797645768309,0.7088512158861346
2023-12-22 23:00:00,0.2098528294781454,0.4195957090340408,0.8560351265801324
2023-12-23 00:00:00,0.1518337048736273,0.4210518606347975,0.8919973872066324
2023-12-23 01:00:00,0.1672054973303103,0.4720013126049166,0.9003797543594261
2023-12-23 02:00:00,0.2051205977894901,0.5333467947891335,0.8851617177327474
2023-12-23 03:00:00,0.2407960206075431,0.444992305406558,0.8985342574275397
2023-12-23 04:00:00,0.2194724955589942,0.4211502947838478,0.8930025038376354
2023-12-23 05:00:00,0.267896449643802,0.4044021344652363,0.8611027524362203
2023-12-23 06:00:00,0.3381040252112096,0.3346342946968826,0.7476864328571394
2023-12-23 07:00:00,0.1998676879733216,0.3013489776187473,0.6802869871550915
2023-12-23 08:00:00,0.0492583069146848,0.2366222462622947,0.542296755547617
2023-12-23 09:00:00,0.0513687554527731,0.1456848195954865,0.8943389880111794
2023-12-23 10:00:00,0.0873155921113257,0.2254973330528907,0.6675487312616086
2023-12-23 11:00:00,0.1502357744703105,0.2007398667678334,0.6371579528634065
2023-12-23 12:00:00,0.1905394784765305,0.169909304263545,0.5713089073405546
2023-12-23 13:00:00,0.2516606835757985,0.135346393959195,0.7741804029427323
2023-12-23 14:00:00,0.3916568163952796,0.151338355213988,0.6979120665905522
2023-12-23 15:00:00,0.6730848667668361,0.2317723542257072,0.7080638735902075
2023-12-23 16:00:00,0.8313396865246343,0.2333818790959377,0.7314978113361433
2023-12-23 17:00:00,0.8751548442965239,0.2321156832127789,0.7639775463179046
2023-12-23 18:00:00,0.8740734586528703,0.3701312308217965,0.8227295782051834
2023-12-23 19:00:00,0.885755289613811,0.5080308945350398,0.7636826365601783
2023-12-23 20:00:00,0.924216426275914,0.5599266173792821,0.6982028531093223
2023-12-23 21:00:00,0.8879275353126277,0.5680361136891483,0.6995967042212392
2023-12-23 22:00:00,0.819309253318637,0.537863619187299,0.7238933806325875
2023-12-23 23:00:00,0.771754171334061,0.5954666153278225,0.8201523575128293
2023-12-24 00:00:00,0.75321392919503,0.6320465312284581,0.8718513538634856
2023-12-24 01:00:00,0.7120482968349082,0.6158180408228456,0.8621998892890083
2023-12-24 02:00:00,0.76690720576866,0.6357718137354632,0.8327062457215553
2023-12-24 03:00:00,0.8121964697744333,0.6539646223479626,0.8340199881908941
2023-12-24 04:00:00,0.8262881297691196,0.6295903679592157,0.8485625397925284
2023-12-24 05:00:00,0.843721352371515,0.604856341492896,0.8502216276779674
2023-12-24 06:00:00,0.8539740867864073,0.5834495865441616,0.8603532080556832
2023-12-24 07:00:00,0.8349188542833516,0.6692985553367465,0.8916153315625159
2023-12-24 08:00:00,0.6513292836207969,0.7902606421825933,0.8604416753731522
2023-12-24 09:00:00,0.8191107488146016,0.8995528750949435,0.9969814649594376
2023-12-24 10:00:00,0.9913728533227458,0.9414302476870468,1.0
2023-12-24 11:00:00,0.9878587317622564,0.9730904678893244,0.9974234244402717
2023-12-24 12:00:00,0.8731828639709872,0.9445518294191048,0.9663305407256084
2023-12-24 13:00:00,0.8140409320008521,0.7343534488303989,0.7597824451970119
2023-12-24 14:00:00,0.7688520001430137,0.7373402445924048,0.5460960491030824
2023-12-24 15:00:00,0.6548138132282332,0.7405742383470721,0.385723229327233
2023-12-24 16:00:00,0.5445419962889229,0.7326939433228735,0.3185763452567306
2023-12-24 17:00:00,0.5111967036926668,0.7452317312651989,0.2694108751085069
2023-12-24 18:00:00,0.3828643911025103,0.7518475663428212,0.1842179142571742
2023-12-24 19:00:00,0.2647887834536484,0.6130534683177673,0.1344254320743037
2023-12-24 20:00:00,0.1512325745002896,0.5246000508077784,0.1617503750557993
2023-12-24 21:00:00,0.0824458692588058,0.3892224021986419,0.2606762374927795
2023-12-24 22:00:00,0.0649048066606708,0.2916225670209897,0.3763554329965629
2023-12-24 23:00:00,0.0596193472544352,0.2329184619429843,0.4442697225832471
2023-12-25 00:00:00,0.0016138113402073,0.2310165922626171,0.6474371423908308
2023-12-25 01:00:00,0.0351531443253062,0.2392553628659716,0.7436749140421549
2023-12-25 02:00:00,0.1901093994090759,0.2424780247258205,0.715406576792399
2023-12-25 03:00:00,0.2918355636347353,0.2079979173498216,0.8184592770595176
2023-12-25 04:00:00,0.3660851039138494,0.3064275644963083,0.938473876005684
2023-12-25 05:00:00,0.3903261243907455,0.5477018917308134,0.9932077788060006
2023-12-25 06:00:00,0.3751563527225668,0.9028780382443098,0.9977212263867744
2023-12-25 07:00:00,0.3837646534240324,0.9817584418003856,0.9985862650902444
2023-12-25 08:00:00,0.4787597936742446,0.9875918431998856,0.9991359991185804
2023-12-25 09:00:00,0.5445853635376575,0.9877091451408035,0.9979086701386892
2023-12-25 10:00:00,0.7236084844551834,0.9847797100840052,0.9899461845946468
2023-12-25 11:00:00,0.8594425986794865,0.996827889112086,0.9918307291915992
2023-12-25 12:00:00,0.8438136094535877,0.9884806676627764,0.9871834181492624
2023-12-25 13:00:00,0.7149473265105603,0.9687293993881324,0.997782277125938
2023-12-25 14:00:00,0.6948610661076564,0.8886602626127356,0.9880997308718612
2023-12-25 15:00:00,0.8093215904983819,0.8822226368523891,0.9700649361205256
2023-12-25 16:00:00,0.8371367641523773,0.965705347996132,0.9858873747532664
2023-12-25 17:00:00,0.8600891088348588,0.9786307546827528,0.9990279627781288
2023-12-25 18:00:00,0.9010012757544424,0.9944367284089132,1.0
2023-12-25 19:00:00,0.8827854168960472,0.8346636061574899,1.0
2023-12-25 20:00:00,0.905741323832593,0.7026640013152478,1.0
2023-12-25 21:00:00,0.9409412496230182,0.969513487971686,1.0
2023-12-25 22:00:00,0.9959613731484008,1.0,1.0
2023-12-25 23:00:00,0.9967220967112022,1.0,1.0
2023-12-26 00:00:00,0.9703154158748052,1.0,1.0
2023-12-26 01:00:00,0.9378570918164222,1.0,1.0
2023-12-26 02:00:00,0.8977695539885876,1.0,0.9985444156173008
2023-12-26 03:00:00,0.8828029445573395,0.999908540763107,0.9980197887794644
2023-12-26 04:00:00,0.7592754831501082,0.998092716815425,0.9913995281543606
2023-12-26 05:00:00,0.6384247237560795,0.9914258663950402,0.973330288930656
2023-12-26 06:00:00,0.4988144581613977,0.9852655510497248,0.8520594266505023
2023-12-26 07:00:00,0.3108852984858494,0.9534241420770784,0.7049092030992694
2023-12-26 08:00:00,0.2063519752103518,0.8949787476483513,0.5218811751970278
2023-12-26 09:00:00,0.1788129993513518,0.8770303040548088,0.3895344032960779
2023-12-26 10:00:00,0.1638847823236502,0.9160619187199212,0.1968872749727536
2023-12-26 11:00:00,0.1434438953212663,0.7251207314285577,0.0657239147261077
2023-12-26 12:00:00,0.1135361077738743,0.4931552114050372,0.1254410135979746
2023-12-26 13:00:00,0.1248725255330403,0.230913025101805,0.5939324541029587
2023-12-26 14:00:00,0.2292923085829791,0.1313373504900464,0.9661904378654133
2023-12-26 15:00:00,0.4136776487811718,0.3652370614943162,0.9989000831554138
2023-12-26 16:00:00,0.4668872029173608,0.7832297343833774,0.9993648248560288
2023-12-26 17:00:00,0.4570406870125166,0.988280536302554,0.998061647602156
2023-12-26 18:00:00,0.42729364033618,0.9982677254022336,0.9890141642950718
2023-12-26 19:00:00,0.41557909772287,0.998123175178478,0.9835302564832898
2023-12-26 20:00:00,0.3502407214220832,0.997378922755422,0.9858006745382072
2023-12-26 21:00:00,0.2884049384422552,0.992080507714764,0.992230627271864
2023-12-26 22:00:00,0.2348660456588844,0.986327691795,0.996335213480432
2023-12-26 23:00:00,0.2447037416345933,0.9771509606853808,0.9974965799867715
2023-12-27 00:00:00,0.2450249241847618,0.9448640112783396,0.9975251559338536
2023-12-27 01:00:00,0.3104033812977909,0.9268008088753894,0.9977183965296528
2023-12-27 02:00:00,0.3817980943941602,0.9244382459353776,0.9974128249423954
2023-12-27 03:00:00,0.3899037510740991,0.9228242799347522,0.9971085031048144
2023-12-27 04:00:00,0.4174439268174514,0.9027504889793644,0.9998707927130406
2023-12-27 05:00:00,0.4071086341259526,0.8602990854799358,1.0
2023-12-27 06:00:00,0.4721622373543533,0.8222449994554707,1.0
2023-12-27 07:00:00,0.5517065525054932,0.9279543184766582,0.9971949820424996
2023-12-27 08:00:00,0.640314541611017,0.9878544682770772,0.9981589223824296
2023-12-27 09:00:00,0.5465958476845735,0.9982055402269552,1.0
2023-12-27 10:00:00,0.6677384002535951,1.0,1.0
2023-12-27 11:00:00,0.8519376804626067,1.0,0.9970776021870132
2023-12-27 12:00:00,0.9748905842600304,1.0,1.0
2023-12-27 13:00:00,0.958988700816834,1.0,1.0
2023-12-27 14:00:00,0.8571773853177339,1.0,0.9967731962016984
2023-12-27 15:00:00,0.7939138318978104,1.0,0.9438945421206406
2023-12-27 16:00:00,0.8139417779211904,1.0,0.8660679362178628
2023-12-27 17:00:00,0.8294590968711704,1.0,0.8572433509078681
2023-12-27 18:00:00,0.8034457786410463,1.0,0.8267234259960698
2023-12-27 19:00:00,0.7169512206432866,0.9993616708743026,0.7801675422518861
2023-12-27 20:00:00,0.654201021381453,0.9972136815388996,0.7469395375719258
2023-12-27 21:00:00,0.5835581838695052,0.9791741246491475,0.6947996102127374
2023-12-27 22:00:00,0.4883285441429786,0.9734550800198822,0.6052525604472441
2023-12-27 23:00:00,0.3963236497118582,0.9156969170165218,0.5585331309075449
2023-12-28 00:00:00,0.3174911527072682,0.7926723442825616,0.4884013007668888
2023-12-28 01:00:00,0.2861785701676911,0.6785147797827626,0.4042752833148233
2023-12-28 02:00:00,0.2491922440871694,0.6722079912821451,0.3348823575412526
2023-12-28 03:00:00,0.2116934115590613,0.6571116353951248,0.226020616643569
2023-12-28 04:00:00,0.2079033508799434,0.6220136436761594,0.1293865956512151
2023-12-28 05:00:00,0.1670378680322684,0.4845878501343571,0.125737984975179
2023-12-28 06:00:00,0.1234202408323101,0.4251554074630239,0.137264751920513
2023-12-28 07:00:00,0.0728927172866522,0.3601485140183392,0.1205038907481174
2023-12-28 08:00:00,0.0176046081617766,0.310430992662517,0.1554481305328069
2023-12-28 09:00:00,0.0008213259036244,0.3077964876212326,0.1443681880539538
2023-12-28 10:00:00,0.0143390897831885,0.2633056235469244,0.1623804662741866
2023-12-28 11:00:00,0.0552228852814319,0.1497626888985727,0.2152986619986739
2023-12-28 12:00:00,0.1107249774184881,0.097122589747111,0.2071456348194795
2023-12-28 13:00:00,0.2561132424797108,0.0608776831159404,0.3520250600927016
2023-12-28 14:00:00,0.4119074453715405,0.0750045215382295,0.4525726059683008
2023-12-28 15:00:00,0.4405317150689418,0.1775135838128383,0.5021689686120725
2023-12-28 16:00:00,0.42260879005482,0.3381281210706125,0.621572265438005
2023-12-28 17:00:00,0.3906351959004122,0.4804959172516866,0.6763844396553788
2023-12-28 18:00:00,0.3412445432999554,0.5403470213896309,0.6561312862471038
2023-12-28 19:00:00,0.3270742004992915,0.6424666760014552,0.5844065332724377
2023-12-28 20:00:00,0.2914369277704774,0.7261417239320044,0.5475777037003461
2023-12-28 21:00:00,0.2570139629388946,0.7216760597976983,0.4683321207956551
2023-12-28 22:00:00,0.2267647724525601,0.7792460965175254,0.5431284390243829
2023-12-28 23:00:00,0.1752727670607224,0.8041610624275956,0.5982862033096014
2023-12-29 00:00:00,0.1314078943402159,0.7309333202885646,0.5815317506104513
2023-12-29 01:00:00,0.1005832120483996,0.6614149224524404,0.5687796290403877
2023-12-29 02:00:00,0.0648686231351366,0.581212230757171,0.5687504188687194
2023-12-29 03:00:00,0.0192953523467568,0.4951578105976379,0.542213605120291
2023-12-29 04:00:00,0.0011677422554664,0.4267383369744992,0.5180840320836485
2023-12-29 05:00:00,0.0,0.3645214364419575,0.46304902220084
2023-12-29 06:00:00,0.0,0.355006281846489,0.442232047810274
2023-12-29 07:00:00,0.0,0.3224499194450628,0.443306474124684
2023-12-29 08:00:00,0.0004575868058048,0.2922960200340919,0.4261852308036455
2023-12-29 09:00:00,0.0003873312395382,0.253209453782225,0.4390239294837503
2023-12-29 10:00:00,0.0,0.1974354881087159,0.3044647406908422
2023-12-29 11:00:00,0.0,0.224567893283819,0.320813305237714
2023-12-29 12:00:00,0.0,0.159838503482295,0.53503327899509
2023-12-29 13:00:00,0.0,0.2268343501620822,0.5859645285637549
2023-12-29 14:00:00,0.0,0.3115059316547867,0.6109222010070202
2023-12-29 15:00:00,0.0,0.3737481731215333,0.6488001673829321
2023-12-29 16:00:00,0.0,0.4357084417654798,0.7632367377187691
2023-12-29 17:00:00,0.0,0.4814870918498319,0.8406383757497751
2023-12-29 18:00:00,0.0003297173119837,0.5479909469878751,0.847815127154581
2023-12-29 19:00:00,0.0016313238081589,0.6032293528513191,0.7748793901181689
2023-12-29 20:00:00,0.0011994460828943,0.6271456737144321,0.7759396515640558
2023-12-29 21:00:00,0.0007793731938779,0.6233650173237121,0.8716500226189109
2023-12-29 22:00:00,0.0009605845594717,0.6455086446275897,0.8512793272928475
2023-12-29 23:00:00,0.0013679063398074,0.6635158108729942,0.8297290708504471
2023-12-30 00:00:00,0.0024367839682335,0.630414883295695,0.7647994452831792
2023-12-30 01:00:00,0.0077852431465597,0.5941340580485225,0.6299527174507091
2023-12-30 02:00:00,0.0030959996522641,0.5737225993785983,0.6500985949647192
2023-12-30 03:00:00,0.0011629758317486,0.5073732176637338,0.6323432922363281
2023-12-30 04:00:00,0.0008504885474061,0.5117407655404284,0.5992132230521806
2023-12-30 05:00:00,0.0004584212708317,0.4618229118047976,0.5910746957741532
2023-12-30 06:00:00,0.0,0.4172710811390596,0.5464865335452012
2023-12-30 07:00:00,0.0,0.3818147198047513,0.5117995442907795
2023-12-30 08:00:00,0.0,0.3619403231377695,0.5773891031352523
2023-12-30 09:00:00,0.0,0.2555949329550749,0.7103929145663392
2023-12-30 10:00:00,0.0,0.2069430008433223,0.7804006034252691
2023-12-30 11:00:00,0.0004467948589449,0.1824301520204232,0.8199626885208429
2023-12-30 12:00:00,0.0046912564171685,0.2060696377473719,0.8963541953392278
2023-12-30 13:00:00,0.040272465328765,0.272196529737485,0.961695777045356
2023-12-30 14:00:00,0.0604464026058421,0.4612069893506617,0.9717315661361794
2023-12-30 15:00:00,0.049829272662892,0.6565043412002862,0.9887081189872392
2023-12-30 16:00:00,0.0432791667046889,0.7802517741334205,0.9992074966430664
2023-12-30 17:00:00,0.0912246049619188,0.863774299621582,0.9973524006363612
2023-12-30 18:00:00,0.154076382225635,0.8915510239943959,0.9968639136919007
2023-12-30 19:00:00,0.1458965563306621,0.9021012549306832,0.97535715539471
2023-12-30 20:00:00,0.1218346520966174,0.8832231347077812,0.9450111015170228
2023-12-30 21:00:00,0.1204470209046906,0.8751249999002694,0.90009753532659
2023-12-30 22:00:00,0.1734083213058172,0.9125936919567632,0.8884200862809724
2023-12-30 23:00:00,0.2385438937766879,0.8748253716362847,0.8068961442685595
2023-12-31 00:00:00,0.3034289116952933,0.8185973073921952,0.7511179493922813
2023-12-31 01:00:00,0.3649662943447337,0.7698266552943809,0.7166029051238415
2023-12-31 02:00:00,0.2947686045777564,0.6526430260901357,0.66058536604339
2023-12-31 03:00:00,0.2945852154999777,0.5571269209867988,0.62216166577308
2023-12-31 04:00:00,0.3183870938868304,0.5575668655968959,0.5592173298979117
2023-12-31 05:00:00,0.3192015192867105,0.572284132826562,0.5066875850453096
2023-12-31 06:00:00,0.2932111889708276,0.5874538889118269,0.4378124717014288
2023-12-31 07:00:00,0.2129147816327662,0.6155607045865525,0.4288036231121985
2023-12-31 08:00:00,0.1615731038299261,0.6000778799742654,0.3821075321022981
2023-12-31 09:00:00,0.0955498452280081,0.6724406597661037,0.3184497870650946
2023-12-31 10:00:00,0.0653925129011565,0.6368672847747803,0.4418081364600487
2023-12-31 11:00:00,0.052420087889129,0.818537618599686,0.523072878519694
2023-12-31 12:00:00,0.0302221319254706,0.7158045675240311,0.3845130166197135
2023-12-31 13:00:00,0.0135799919078552,0.5978955396639756,0.202393033146079
2023-12-31 14:00:00,0.0285532260252759,0.5312187531415153,0.128712817734363
2023-12-31 15:00:00,0.0368198471910813,0.4629047633775698,0.108190517799527
2023-12-31 16:00:00,0.0337554150157504,0.4288447105806637,0.0881316147598565
2023-12-31 17:00:00,0.0399513193984436,0.3757990310394686,0.0482987749810312
2023-12-31 18:00:00,0.066300911061904,0.3039585811639922,0.0059017503962797
2023-12-31 19:00:00,0.0894478723114612,0.2435865308724197,0.0006233718660142
2023-12-31 20:00:00,0.1079336217805451,0.225539079678604,0.0
2023-12-31 21:00:00,0.1301543034759222,0.2022503248227188,7.216291489943959e-05
2023-12-31 22:00:00,0.1890503378475413,0.2406244745441511,0.0251056127298891
2023-12-31 23:00:00,0.1952155150619207,0.2094125654183182,0.073174471948661
