datetime,cluster_0,cluster_1,cluster_2
2023-01-01 00:00:00,0.0,0.0,0.0
2023-01-01 01:00:00,0.0,0.0,0.0
2023-01-01 02:00:00,0.0,0.0,0.0
2023-01-01 03:00:00,0.0,0.0,0.0
2023-01-01 04:00:00,0.0,0.0,0.0
2023-01-01 05:00:00,0.0,0.0,0.0
2023-01-01 06:00:00,0.0,0.0,0.0
2023-01-01 07:00:00,0.1665798896460626,0.0370634958809262,0.0381121797054209
2023-01-01 08:00:00,0.2915362531463514,0.057867825130492,0.1163783845142993
2023-01-01 09:00:00,0.394468570800712,0.1142401369534672,0.3179950654627755
2023-01-01 10:00:00,0.4782189083395283,0.178273551283746,0.390976620688932
2023-01-01 11:00:00,0.4603920063376314,0.1673820707280466,0.400514960333981
2023-01-01 12:00:00,0.4352101563709479,0.1621554030939357,0.3516900677365777
2023-01-01 13:00:00,0.2856480124958892,0.1803623160524539,0.181949048426777
2023-01-01 14:00:00,0.1152499223723243,0.0648238511700613,0.0524676353152076
2023-01-01 15:00:00,0.0,0.0,0.0
2023-01-01 16:00:00,0.0,0.0,0.0
2023-01-01 17:00:00,0.0,0.0,0.0
2023-01-01 18:00:00,0.0,0.0,0.0
2023-01-01 19:00:00,0.0,0.0,0.0
2023-01-01 20:00:00,0.0,0.0,0.0
2023-01-01 21:00:00,0.0,0.0,0.0
2023-01-01 22:00:00,0.0,0.0,0.0
2023-01-01 23:00:00,0.0,0.0,0.0
2023-01-02 00:00:00,0.0,0.0,0.0
2023-01-02 01:00:00,0.0,0.0,0.0
2023-01-02 02:00:00,0.0,0.0,0.0
2023-01-02 03:00:00,0.0,0.0,0.0
2023-01-02 04:00:00,0.0,0.0,0.0
2023-01-02 05:00:00,0.0,0.0,0.0
2023-01-02 06:00:00,0.0,0.0,0.0
2023-01-02 07:00:00,0.1920818798580486,0.1764995982590334,0.0890834726083841
2023-01-02 08:00:00,0.3337630394189013,0.3156837481298424,0.2390702886405041
2023-01-02 09:00:00,0.4704131224381331,0.4428872211837809,0.3941561505822089
2023-01-02 10:00:00,0.5157161034544421,0.4959417025498518,0.4780680526345439
2023-01-02 11:00:00,0.507603250737893,0.4772147328853293,0.4966950487055808
2023-01-02 12:00:00,0.434278450650665,0.3900044435840095,0.4576999066443285
2023-01-02 13:00:00,0.2899166282737878,0.2460225506400516,0.346986107675587
2023-01-02 14:00:00,0.1244145043851655,0.0903029960889053,0.1927040965610077
2023-01-02 15:00:00,0.0,0.0,0.0
2023-01-02 16:00:00,0.0,0.0,0.0
2023-01-02 17:00:00,0.0,0.0,0.0
2023-01-02 18:00:00,0.0,0.0,0.0
2023-01-02 19:00:00,0.0,0.0,0.0
2023-01-02 20:00:00,0.0,0.0,0.0
2023-01-02 21:00:00,0.0,0.0,0.0
2023-01-02 22:00:00,0.0,0.0,0.0
2023-01-02 23:00:00,0.0,0.0,0.0
2023-01-03 00:00:00,0.0,0.0,0.0
2023-01-03 01:00:00,0.0,0.0,0.0
2023-01-03 02:00:00,0.0,0.0,0.0
2023-01-03 03:00:00,0.0,0.0,0.0
2023-01-03 04:00:00,0.0,0.0,0.0
2023-01-03 05:00:00,0.0,0.0,0.0
2023-01-03 06:00:00,0.0,0.0,0.0
2023-01-03 07:00:00,0.2098623938980087,0.1852621886610344,0.0551375378505805
2023-01-03 08:00:00,0.3844658281479652,0.3571584316523254,0.1846793692873941
2023-01-03 09:00:00,0.5016005123782883,0.4810540808516809,0.3404317127662202
2023-01-03 10:00:00,0.5538642974547495,0.52058175082716,0.3979830276030193
2023-01-03 11:00:00,0.5229028645770597,0.4884451263867517,0.363947898384343
2023-01-03 12:00:00,0.452111735758736,0.3662284193846832,0.2130519417730151
2023-01-03 13:00:00,0.3217671179424922,0.1887177288299916,0.1051055805641587
2023-01-03 14:00:00,0.1352784331604716,0.0642188909812687,0.072952160465529
2023-01-03 15:00:00,0.0,0.0,0.0
2023-01-03 16:00:00,0.0,0.0,0.0
2023-01-03 17:00:00,0.0,0.0,0.0
2023-01-03 18:00:00,0.0,0.0,0.0
2023-01-03 19:00:00,0.0,0.0,0.0
2023-01-03 20:00:00,0.0,0.0,0.0
2023-01-03 21:00:00,0.0,0.0,0.0
2023-01-03 22:00:00,0.0,0.0,0.0
2023-01-03 23:00:00,0.0,0.0,0.0
2023-01-04 00:00:00,0.0,0.0,0.0
2023-01-04 01:00:00,0.0,0.0,0.0
2023-01-04 02:00:00,0.0,0.0,0.0
2023-01-04 03:00:00,0.0,0.0,0.0
2023-01-04 04:00:00,0.0,0.0,0.0
2023-01-04 05:00:00,0.0,0.0,0.0
2023-01-04 06:00:00,0.0,0.0,0.0
2023-01-04 07:00:00,0.0974701743609943,0.0185588862727736,0.0418087704084261
2023-01-04 08:00:00,0.1486271953744413,0.0589864182775639,0.0986212579135522
2023-01-04 09:00:00,0.1946913046010317,0.1005795088756805,0.3335061647541566
2023-01-04 10:00:00,0.2909204014075314,0.1773190518293189,0.4054088891854603
2023-01-04 11:00:00,0.1957540855055112,0.2598807355013952,0.4529956420800245
2023-01-04 12:00:00,0.0738603725471277,0.1576048635464871,0.4808433982870371
2023-01-04 13:00:00,0.0754941922680863,0.1013048069562546,0.3771120376967392
2023-01-04 14:00:00,0.0303486588377477,0.0591136174623407,0.2074902123735715
2023-01-04 15:00:00,0.0,0.0,0.0
2023-01-04 16:00:00,0.0,0.0,0.0
2023-01-04 17:00:00,0.0,0.0,0.0
2023-01-04 18:00:00,0.0,0.0,0.0
2023-01-04 19:00:00,0.0,0.0,0.0
2023-01-04 20:00:00,0.0,0.0,0.0
2023-01-04 21:00:00,0.0,0.0,0.0
2023-01-04 22:00:00,0.0,0.0,0.0
2023-01-04 23:00:00,0.0,0.0,0.0
2023-01-05 00:00:00,0.0,0.0,0.0
2023-01-05 01:00:00,0.0,0.0,0.0
2023-01-05 02:00:00,0.0,0.0,0.0
2023-01-05 03:00:00,0.0,0.0,0.0
2023-01-05 04:00:00,0.0,0.0,0.0
2023-01-05 05:00:00,0.0,0.0,0.0
2023-01-05 06:00:00,0.0,0.0,0.0
2023-01-05 07:00:00,0.1155688219459106,0.0224531411971397,0.0053669914544675
2023-01-05 08:00:00,0.1432274225398551,0.0304888030376279,0.0393242714320345
2023-01-05 09:00:00,0.1568979477826698,0.0292660860847075,0.0769989427110807
2023-01-05 10:00:00,0.1096006231632118,0.0328499117784975,0.1071255964314022
2023-01-05 11:00:00,0.0733954839066328,0.0371203565533328,0.1427253858189405
2023-01-05 12:00:00,0.0327483067940856,0.0232459874903579,0.1867113284537205
2023-01-05 13:00:00,0.0324205910787977,0.0119933722491226,0.1990722392144319
2023-01-05 14:00:00,0.0081832882533442,0.0006569057721698,0.1149692515003751
2023-01-05 15:00:00,0.0,0.0,0.0
2023-01-05 16:00:00,0.0,0.0,0.0
2023-01-05 17:00:00,0.0,0.0,0.0
2023-01-05 18:00:00,0.0,0.0,0.0
2023-01-05 19:00:00,0.0,0.0,0.0
2023-01-05 20:00:00,0.0,0.0,0.0
2023-01-05 21:00:00,0.0,0.0,0.0
2023-01-05 22:00:00,0.0,0.0,0.0
2023-01-05 23:00:00,0.0,0.0,0.0
2023-01-06 00:00:00,0.0,0.0,0.0
2023-01-06 01:00:00,0.0,0.0,0.0
2023-01-06 02:00:00,0.0,0.0,0.0
2023-01-06 03:00:00,0.0,0.0,0.0
2023-01-06 04:00:00,0.0,0.0,0.0
2023-01-06 05:00:00,0.0,0.0,0.0
2023-01-06 06:00:00,0.0,0.0,0.0
2023-01-06 07:00:00,0.1355743682657042,0.0143529666563412,0.0033604073444728
2023-01-06 08:00:00,0.209550130930775,0.0422950574203285,0.0431652040647236
2023-01-06 09:00:00,0.1429805479326365,0.0467812018952564,0.0515303182262504
2023-01-06 10:00:00,0.1492099502895622,0.1063610934069045,0.0795004062467871
2023-01-06 11:00:00,0.1924616913720176,0.1055226181529923,0.1359155177582208
2023-01-06 12:00:00,0.1781005059100387,0.0631124931153248,0.0745900064920142
2023-01-06 13:00:00,0.176210941401239,0.0435844414626503,0.0557068403703652
2023-01-06 14:00:00,0.0661835810556249,0.0072977628625886,0.0829014511354047
2023-01-06 15:00:00,0.0,0.0,0.0
2023-01-06 16:00:00,0.0,0.0,0.0
2023-01-06 17:00:00,0.0,0.0,0.0
2023-01-06 18:00:00,0.0,0.0,0.0
2023-01-06 19:00:00,0.0,0.0,0.0
2023-01-06 20:00:00,0.0,0.0,0.0
2023-01-06 21:00:00,0.0,0.0,0.0
2023-01-06 22:00:00,0.0,0.0,0.0
2023-01-06 23:00:00,0.0,0.0,0.0
2023-01-07 00:00:00,0.0,0.0,0.0
2023-01-07 01:00:00,0.0,0.0,0.0
2023-01-07 02:00:00,0.0,0.0,0.0
2023-01-07 03:00:00,0.0,0.0,0.0
2023-01-07 04:00:00,0.0,0.0,0.0
2023-01-07 05:00:00,0.0,0.0,0.0
2023-01-07 06:00:00,0.0,0.0,0.0
2023-01-07 07:00:00,0.0413191305217443,0.2068113375228618,0.0
2023-01-07 08:00:00,0.1086753251357761,0.4095044622725139,0.0114283614347764
2023-01-07 09:00:00,0.1923763071752287,0.5683002282298417,0.0347599709339648
2023-01-07 10:00:00,0.2166525021425125,0.6089753913590641,0.0378508600972501
2023-01-07 11:00:00,0.1972930232365208,0.5975450386355722,0.1375086874291215
2023-01-07 12:00:00,0.083634266515428,0.4957380049536607,0.1924270823925197
2023-01-07 13:00:00,0.112506967076812,0.330371194346193,0.1754371451153679
2023-01-07 14:00:00,0.0345959812066684,0.1225173337430277,0.1227136293628888
2023-01-07 15:00:00,0.0,0.0,0.0
2023-01-07 16:00:00,0.0,0.0,0.0
2023-01-07 17:00:00,0.0,0.0,0.0
2023-01-07 18:00:00,0.0,0.0,0.0
2023-01-07 19:00:00,0.0,0.0,0.0
2023-01-07 20:00:00,0.0,0.0,0.0
2023-01-07 21:00:00,0.0,0.0,0.0
2023-01-07 22:00:00,0.0,0.0,0.0
2023-01-07 23:00:00,0.0,0.0,0.0
2023-01-08 00:00:00,0.0,0.0,0.0
2023-01-08 01:00:00,0.0,0.0,0.0
2023-01-08 02:00:00,0.0,0.0,0.0
2023-01-08 03:00:00,0.0,0.0,0.0
2023-01-08 04:00:00,0.0,0.0,0.0
2023-01-08 05:00:00,0.0,0.0,0.0
2023-01-08 06:00:00,0.0,0.0,0.0
2023-01-08 07:00:00,0.0374332478103868,0.1423155726573393,0.0238600309443755
2023-01-08 08:00:00,0.0796436968953596,0.2255379294933358,0.0688652555659852
2023-01-08 09:00:00,0.137584238858606,0.3673595664102433,0.1518560967548761
2023-01-08 10:00:00,0.207986247895477,0.5345559937011367,0.1987173038271288
2023-01-08 11:00:00,0.3365971751449238,0.6234280937822407,0.1645608682386
2023-01-08 12:00:00,0.3016105681709563,0.5399420929168879,0.1332820419138573
2023-01-08 13:00:00,0.2070493372941416,0.3694880946422338,0.1210335026016935
2023-01-08 14:00:00,0.0735624648050261,0.15791219438802,0.0774688167583278
2023-01-08 15:00:00,0.0,0.0,0.0
2023-01-08 16:00:00,0.0,0.0,0.0
2023-01-08 17:00:00,0.0,0.0,0.0
2023-01-08 18:00:00,0.0,0.0,0.0
2023-01-08 19:00:00,0.0,0.0,0.0
2023-01-08 20:00:00,0.0,0.0,0.0
2023-01-08 21:00:00,0.0,0.0,0.0
2023-01-08 22:00:00,0.0,0.0,0.0
2023-01-08 23:00:00,0.0,0.0,0.0
2023-01-09 00:00:00,0.0,0.0,0.0
2023-01-09 01:00:00,0.0,0.0,0.0
2023-01-09 02:00:00,0.0,0.0,0.0
2023-01-09 03:00:00,0.0,0.0,0.0
2023-01-09 04:00:00,0.0,0.0,0.0
2023-01-09 05:00:00,0.0,0.0,0.0
2023-01-09 06:00:00,0.0,0.0,0.0
2023-01-09 07:00:00,0.0883860310463601,0.1954304018820852,0.0525004627570326
2023-01-09 08:00:00,0.1647969964409513,0.3276221769821693,0.1469746237284718
2023-01-09 09:00:00,0.4440547958217232,0.4505578895567088,0.3131026085031663
2023-01-09 10:00:00,0.4898107514080328,0.4408946853653036,0.3715208319002841
2023-01-09 11:00:00,0.4570345429320404,0.424556112822759,0.3177583476786862
2023-01-09 12:00:00,0.5265453992322234,0.3972397415127778,0.1730729524347461
2023-01-09 13:00:00,0.364852787895692,0.3090047778827066,0.0900707339187325
2023-01-09 14:00:00,0.181828641335027,0.0942130818145514,0.0249282917837582
2023-01-09 15:00:00,0.0,0.0,7.389484327453669e-05
2023-01-09 16:00:00,0.0,0.0,0.0
2023-01-09 17:00:00,0.0,0.0,0.0
2023-01-09 18:00:00,0.0,0.0,0.0
2023-01-09 19:00:00,0.0,0.0,0.0
2023-01-09 20:00:00,0.0,0.0,0.0
2023-01-09 21:00:00,0.0,0.0,0.0
2023-01-09 22:00:00,0.0,0.0,0.0
2023-01-09 23:00:00,0.0,0.0,0.0
2023-01-10 00:00:00,0.0,0.0,0.0
2023-01-10 01:00:00,0.0,0.0,0.0
2023-01-10 02:00:00,0.0,0.0,0.0
2023-01-10 03:00:00,0.0,0.0,0.0
2023-01-10 04:00:00,0.0,0.0,0.0
2023-01-10 05:00:00,0.0,0.0,0.0
2023-01-10 06:00:00,0.0,0.0,0.0
2023-01-10 07:00:00,0.1955973336292305,0.150877705276972,0.0002802334871541
2023-01-10 08:00:00,0.3411140240999777,0.2997317318981816,0.0197286880076166
2023-01-10 09:00:00,0.4889591101872895,0.4344028400237956,0.1094150147362229
2023-01-10 10:00:00,0.534422076368278,0.451926054012386,0.1829675982462615
2023-01-10 11:00:00,0.5647285132388564,0.46346313875617,0.226149411050346
2023-01-10 12:00:00,0.4479253754879493,0.3829590461632131,0.1061573697367859
2023-01-10 13:00:00,0.3052494974161369,0.2761720989859847,0.0579661462968687
2023-01-10 14:00:00,0.1498800030341726,0.0980239480856638,0.0584673577701673
2023-01-10 15:00:00,0.0,0.0,0.0086882447695443
2023-01-10 16:00:00,0.0,0.0,0.0
2023-01-10 17:00:00,0.0,0.0,0.0
2023-01-10 18:00:00,0.0,0.0,0.0
2023-01-10 19:00:00,0.0,0.0,0.0
2023-01-10 20:00:00,0.0,0.0,0.0
2023-01-10 21:00:00,0.0,0.0,0.0
2023-01-10 22:00:00,0.0,0.0,0.0
2023-01-10 23:00:00,0.0,0.0,0.0
2023-01-11 00:00:00,0.0,0.0,0.0
2023-01-11 01:00:00,0.0,0.0,0.0
2023-01-11 02:00:00,0.0,0.0,0.0
2023-01-11 03:00:00,0.0,0.0,0.0
2023-01-11 04:00:00,0.0,0.0,0.0
2023-01-11 05:00:00,0.0,0.0,0.0
2023-01-11 06:00:00,0.0,0.0,0.0
2023-01-11 07:00:00,0.1603239426873836,0.1866916266815302,0.000722209520728
2023-01-11 08:00:00,0.3810662865805885,0.3342257185802943,0.038120244489395
2023-01-11 09:00:00,0.4597111968708484,0.4873490407632453,0.1011746381462616
2023-01-11 10:00:00,0.5678751551930582,0.5971176739554289,0.1755696227589918
2023-01-11 11:00:00,0.5146937122475786,0.6001262361893023,0.2604690959895772
2023-01-11 12:00:00,0.5186008545905514,0.4796787996966596,0.2969982467085858
2023-01-11 13:00:00,0.3818092932230439,0.326844696483563,0.2519426534099259
2023-01-11 14:00:00,0.1672999648827942,0.1361851064902352,0.1532456930104758
2023-01-11 15:00:00,0.0,0.0,0.0587699920623435
2023-01-11 16:00:00,0.0,0.0,0.0
2023-01-11 17:00:00,0.0,0.0,0.0
2023-01-11 18:00:00,0.0,0.0,0.0
2023-01-11 19:00:00,0.0,0.0,0.0
2023-01-11 20:00:00,0.0,0.0,0.0
2023-01-11 21:00:00,0.0,0.0,0.0
2023-01-11 22:00:00,0.0,0.0,0.0
2023-01-11 23:00:00,0.0,0.0,0.0
2023-01-12 00:00:00,0.0,0.0,0.0
2023-01-12 01:00:00,0.0,0.0,0.0
2023-01-12 02:00:00,0.0,0.0,0.0
2023-01-12 03:00:00,0.0,0.0,0.0
2023-01-12 04:00:00,0.0,0.0,0.0
2023-01-12 05:00:00,0.0,0.0,0.0
2023-01-12 06:00:00,0.0,0.0,0.0
2023-01-12 07:00:00,0.1241913370154657,0.062501109273778,0.0471441361319335
2023-01-12 08:00:00,0.2854748796004808,0.1513413677742223,0.1989663838916308
2023-01-12 09:00:00,0.4141621969565524,0.327634167778014,0.2027682399770324
2023-01-12 10:00:00,0.4846894847543961,0.519494288091001,0.1645928589888492
2023-01-12 11:00:00,0.5041094668716147,0.5749213670198172,0.1222880162567422
2023-01-12 12:00:00,0.4784542424365907,0.5078967285213799,0.1358269712862378
2023-01-12 13:00:00,0.3535486309907177,0.3382807268042245,0.2519022866304215
2023-01-12 14:00:00,0.1686498166129162,0.1135755488352659,0.1423116300539596
2023-01-12 15:00:00,0.0,0.0,0.0686199311851746
2023-01-12 16:00:00,0.0,0.0,0.0
2023-01-12 17:00:00,0.0,0.0,0.0
2023-01-12 18:00:00,0.0,0.0,0.0
2023-01-12 19:00:00,0.0,0.0,0.0
2023-01-12 20:00:00,0.0,0.0,0.0
2023-01-12 21:00:00,0.0,0.0,0.0
2023-01-12 22:00:00,0.0,0.0,0.0
2023-01-12 23:00:00,0.0,0.0,0.0
2023-01-13 00:00:00,0.0,0.0,0.0
2023-01-13 01:00:00,0.0,0.0,0.0
2023-01-13 02:00:00,0.0,0.0,0.0
2023-01-13 03:00:00,0.0,0.0,0.0
2023-01-13 04:00:00,0.0,0.0,0.0
2023-01-13 05:00:00,0.0,0.0,0.0
2023-01-13 06:00:00,0.0,0.0,0.0
2023-01-13 07:00:00,0.0791849474743961,0.0355664937827204,0.0691150079921954
2023-01-13 08:00:00,0.1759931766225533,0.0790384095085451,0.2015094903273273
2023-01-13 09:00:00,0.2438561758638284,0.1319446941763582,0.3759109185197008
2023-01-13 10:00:00,0.3230254322941063,0.1790969824798234,0.4442030102832303
2023-01-13 11:00:00,0.3171209741469022,0.138183956504035,0.4214371401418283
2023-01-13 12:00:00,0.2609475925326492,0.1374047331027819,0.4197693960442464
2023-01-13 13:00:00,0.1826385860633004,0.0591594230112074,0.3855059415686288
2023-01-13 14:00:00,0.0451778117456936,0.02285982352492,0.2436787285850041
2023-01-13 15:00:00,0.0,0.0,0.0758117424944613
2023-01-13 16:00:00,0.0,0.0,0.0
2023-01-13 17:00:00,0.0,0.0,0.0
2023-01-13 18:00:00,0.0,0.0,0.0
2023-01-13 19:00:00,0.0,0.0,0.0
2023-01-13 20:00:00,0.0,0.0,0.0
2023-01-13 21:00:00,0.0,0.0,0.0
2023-01-13 22:00:00,0.0,0.0,0.0
2023-01-13 23:00:00,0.0,0.0,0.0
2023-01-14 00:00:00,0.0,0.0,0.0
2023-01-14 01:00:00,0.0,0.0,0.0
2023-01-14 02:00:00,0.0,0.0,0.0
2023-01-14 03:00:00,0.0,0.0,0.0
2023-01-14 04:00:00,0.0,0.0,0.0
2023-01-14 05:00:00,0.0,0.0,0.0
2023-01-14 06:00:00,0.0,0.0,0.0
2023-01-14 07:00:00,0.0398343771675989,0.0198965027896927,0.0440516144975699
2023-01-14 08:00:00,0.1194714654094085,0.0567071032833552,0.1939238720422041
2023-01-14 09:00:00,0.1566947905903446,0.0882533148174177,0.254768414898501
2023-01-14 10:00:00,0.2049645419897258,0.0743984802593941,0.2547146253118104
2023-01-14 11:00:00,0.2083551736329079,0.0676199972621511,0.1477152184210488
2023-01-14 12:00:00,0.2338422756004985,0.0600415552054777,0.1903125003479548
2023-01-14 13:00:00,0.1540361573985156,0.0351411256994199,0.0643497856758216
2023-01-14 14:00:00,0.0639027304151958,0.0090592349867177,0.0681131790529531
2023-01-14 15:00:00,0.0,0.0,0.0329596442179228
2023-01-14 16:00:00,0.0,0.0,0.0
2023-01-14 17:00:00,0.0,0.0,0.0
2023-01-14 18:00:00,0.0,0.0,0.0
2023-01-14 19:00:00,0.0,0.0,0.0
2023-01-14 20:00:00,0.0,0.0,0.0
2023-01-14 21:00:00,0.0,0.0,0.0
2023-01-14 22:00:00,0.0,0.0,0.0
2023-01-14 23:00:00,0.0,0.0,0.0
2023-01-15 00:00:00,0.0,0.0,0.0
2023-01-15 01:00:00,0.0,0.0,0.0
2023-01-15 02:00:00,0.0,0.0,0.0
2023-01-15 03:00:00,0.0,0.0,0.0
2023-01-15 04:00:00,0.0,0.0,0.0
2023-01-15 05:00:00,0.0,0.0,0.0
2023-01-15 06:00:00,0.0,0.0,0.0
2023-01-15 07:00:00,0.054983045745518,0.0131994573487533,0.049856421565753
2023-01-15 08:00:00,0.0936476242720149,0.0401886063024731,0.1787027599171322
2023-01-15 09:00:00,0.1019605415034499,0.1015109695059038,0.344742108286493
2023-01-15 10:00:00,0.2026873237424607,0.1359869985642621,0.4758199083279001
2023-01-15 11:00:00,0.1553080732793222,0.1159262382033611,0.5203229972063717
2023-01-15 12:00:00,0.17099011768211,0.091058863042608,0.4816865790422485
2023-01-15 13:00:00,0.0707094665957963,0.0445601383554392,0.3915996276194643
2023-01-15 14:00:00,0.0198627636023434,0.0108871317299225,0.2685107161154763
2023-01-15 15:00:00,0.0,0.0,0.0950278568815233
2023-01-15 16:00:00,0.0,0.0,0.0
2023-01-15 17:00:00,0.0,0.0,0.0
2023-01-15 18:00:00,0.0,0.0,0.0
2023-01-15 19:00:00,0.0,0.0,0.0
2023-01-15 20:00:00,0.0,0.0,0.0
2023-01-15 21:00:00,0.0,0.0,0.0
2023-01-15 22:00:00,0.0,0.0,0.0
2023-01-15 23:00:00,0.0,0.0,0.0
2023-01-16 00:00:00,0.0,0.0,0.0
2023-01-16 01:00:00,0.0,0.0,0.0
2023-01-16 02:00:00,0.0,0.0,0.0
2023-01-16 03:00:00,0.0,0.0,0.0
2023-01-16 04:00:00,0.0,0.0,0.0
2023-01-16 05:00:00,0.0,0.0,0.0
2023-01-16 06:00:00,0.0,0.0,0.0
2023-01-16 07:00:00,0.1419523652942973,0.0086750362981167,0.0009504055296216
2023-01-16 08:00:00,0.2300417958756417,0.0660769894380105,0.0373689752113196
2023-01-16 09:00:00,0.307872504763227,0.1151628709193764,0.088367927657292
2023-01-16 10:00:00,0.3539375150033493,0.2664196028167723,0.138594300618202
2023-01-16 11:00:00,0.2775553674166119,0.2342318693210988,0.1546994632073972
2023-01-16 12:00:00,0.1666827917816035,0.1898805849885182,0.1353417916144435
2023-01-16 13:00:00,0.1240049482284535,0.0690240318386097,0.0936946076702525
2023-01-16 14:00:00,0.0492272985554048,0.0436605898885581,0.0361926694937162
2023-01-16 15:00:00,0.0,0.0,0.0043956401868291
2023-01-16 16:00:00,0.0,0.0,0.0
2023-01-16 17:00:00,0.0,0.0,0.0
2023-01-16 18:00:00,0.0,0.0,0.0
2023-01-16 19:00:00,0.0,0.0,0.0
2023-01-16 20:00:00,0.0,0.0,0.0
2023-01-16 21:00:00,0.0,0.0,0.0
2023-01-16 22:00:00,0.0,0.0,0.0
2023-01-16 23:00:00,0.0,0.0,0.0
2023-01-17 00:00:00,0.0,0.0,0.0
2023-01-17 01:00:00,0.0,0.0,0.0
2023-01-17 02:00:00,0.0,0.0,0.0
2023-01-17 03:00:00,0.0,0.0,0.0
2023-01-17 04:00:00,0.0,0.0,0.0
2023-01-17 05:00:00,0.0,0.0,0.0
2023-01-17 06:00:00,0.0,0.0,0.0
2023-01-17 07:00:00,0.0450776183070792,0.0557266637156073,0.0252545806501925
2023-01-17 08:00:00,0.1546848415754592,0.1263487859091049,0.1314606612720418
2023-01-17 09:00:00,0.3669179512871779,0.1306292721140283,0.287686875252107
2023-01-17 10:00:00,0.3402832215879664,0.1594752650453831,0.1858574931418746
2023-01-17 11:00:00,0.3478789538587181,0.2159529805600326,0.1828188600832594
2023-01-17 12:00:00,0.3943310644254381,0.312955294392359,0.2014698906545169
2023-01-17 13:00:00,0.270800781765177,0.2565835671150159,0.3917392683631224
2023-01-17 14:00:00,0.0495399631612666,0.1099524945107601,0.259300990232156
2023-01-17 15:00:00,0.0,0.0,0.096818449867471
2023-01-17 16:00:00,0.0,0.0,0.0
2023-01-17 17:00:00,0.0,0.0,0.0
2023-01-17 18:00:00,0.0,0.0,0.0
2023-01-17 19:00:00,0.0,0.0,0.0
2023-01-17 20:00:00,0.0,0.0,0.0
2023-01-17 21:00:00,0.0,0.0,0.0
2023-01-17 22:00:00,0.0,0.0,0.0
2023-01-17 23:00:00,0.0,0.0,0.0
2023-01-18 00:00:00,0.0,0.0,0.0
2023-01-18 01:00:00,0.0,0.0,0.0
2023-01-18 02:00:00,0.0,0.0,0.0
2023-01-18 03:00:00,0.0,0.0,0.0
2023-01-18 04:00:00,0.0,0.0,0.0
2023-01-18 05:00:00,0.0,0.0,0.0
2023-01-18 06:00:00,0.0,0.0,0.0
2023-01-18 07:00:00,0.0066999904927201,0.0506041151165818,0.0716576657188936
2023-01-18 08:00:00,0.1032022662430351,0.0219406337830472,0.1996954827189505
2023-01-18 09:00:00,0.1614367803770273,0.0246444413161432,0.2441784505557561
2023-01-18 10:00:00,0.284607158057609,0.0405403496189333,0.2888544660165227
2023-01-18 11:00:00,0.3833728857559588,0.111063191133771,0.2731558444549638
2023-01-18 12:00:00,0.3209769682818144,0.0973148170385194,0.3912312815230212
2023-01-18 13:00:00,0.1770371748842608,0.1163804322523629,0.3221560592870867
2023-01-18 14:00:00,0.0387363021786372,0.0638736152842867,0.1882038788738181
2023-01-18 15:00:00,0.0,0.0,0.0475966552079638
2023-01-18 16:00:00,0.0,0.0,0.0
2023-01-18 17:00:00,0.0,0.0,0.0
2023-01-18 18:00:00,0.0,0.0,0.0
2023-01-18 19:00:00,0.0,0.0,0.0
2023-01-18 20:00:00,0.0,0.0,0.0
2023-01-18 21:00:00,0.0,0.0,0.0
2023-01-18 22:00:00,0.0,0.0,0.0
2023-01-18 23:00:00,0.0,0.0,0.0
2023-01-19 00:00:00,0.0,0.0,0.0
2023-01-19 01:00:00,0.0,0.0,0.0
2023-01-19 02:00:00,0.0,0.0,0.0
2023-01-19 03:00:00,0.0,0.0,0.0
2023-01-19 04:00:00,0.0,0.0,0.0
2023-01-19 05:00:00,0.0,0.0,0.0
2023-01-19 06:00:00,0.0,0.0,0.0
2023-01-19 07:00:00,0.2036732291894098,0.2089905610863607,0.0073904845625813
2023-01-19 08:00:00,0.396023598462461,0.3640344643479659,0.0639808690866306
2023-01-19 09:00:00,0.511400123720202,0.4921076721672303,0.2494409295669084
2023-01-19 10:00:00,0.5073735635120541,0.556357067232898,0.3929146770315185
2023-01-19 11:00:00,0.5029879723227421,0.4861532754952233,0.4107574732443254
2023-01-19 12:00:00,0.4794137503097074,0.3675867899282766,0.2820981961696996
2023-01-19 13:00:00,0.3713595459199383,0.2064047698261655,0.1983607749671948
2023-01-19 14:00:00,0.1884443459196323,0.1117546336293595,0.1285482938697948
2023-01-19 15:00:00,0.0,0.0,0.0437838540503663
2023-01-19 16:00:00,0.0,0.0,0.0
2023-01-19 17:00:00,0.0,0.0,0.0
2023-01-19 18:00:00,0.0,0.0,0.0
2023-01-19 19:00:00,0.0,0.0,0.0
2023-01-19 20:00:00,0.0,0.0,0.0
2023-01-19 21:00:00,0.0,0.0,0.0
2023-01-19 22:00:00,0.0,0.0,0.0
2023-01-19 23:00:00,0.0,0.0,0.0
2023-01-20 00:00:00,0.0,0.0,0.0
2023-01-20 01:00:00,0.0,0.0,0.0
2023-01-20 02:00:00,0.0,0.0,0.0
2023-01-20 03:00:00,0.0,0.0,0.0
2023-01-20 04:00:00,0.0,0.0,0.0
2023-01-20 05:00:00,0.0,0.0,0.0
2023-01-20 06:00:00,0.0,0.0,0.0
2023-01-20 07:00:00,0.1985587376685305,0.1253911040741472,0.0
2023-01-20 08:00:00,0.3721896068081659,0.2282146905774791,0.002199848008691
2023-01-20 09:00:00,0.5129226895271104,0.3589250278974784,0.0080512565102477
2023-01-20 10:00:00,0.5673937995107571,0.3972128286059563,0.0285769183937964
2023-01-20 11:00:00,0.5810729271465369,0.4702159688963684,0.0310440842887435
2023-01-20 12:00:00,0.5199228207503105,0.4268568566280784,0.0441718532936083
2023-01-20 13:00:00,0.3954104021231678,0.3061283331743192,0.0368232454132438
2023-01-20 14:00:00,0.2123967053428817,0.1599923312313176,0.0172048101551211
2023-01-20 15:00:00,0.0,0.0,0.0010015862299229
2023-01-20 16:00:00,0.0,0.0,0.0
2023-01-20 17:00:00,0.0,0.0,0.0
2023-01-20 18:00:00,0.0,0.0,0.0
2023-01-20 19:00:00,0.0,0.0,0.0
2023-01-20 20:00:00,0.0,0.0,0.0
2023-01-20 21:00:00,0.0,0.0,0.0
2023-01-20 22:00:00,0.0,0.0,0.0
2023-01-20 23:00:00,0.0,0.0,0.0
2023-01-21 00:00:00,0.0,0.0,0.0
2023-01-21 01:00:00,0.0,0.0,0.0
2023-01-21 02:00:00,0.0,0.0,0.0
2023-01-21 03:00:00,0.0,0.0,0.0
2023-01-21 04:00:00,0.0,0.0,0.0
2023-01-21 05:00:00,0.0,0.0,0.0
2023-01-21 06:00:00,0.0,0.0,0.0
2023-01-21 07:00:00,0.2434378841917816,0.0849518482490997,0.0193760930068108
2023-01-21 08:00:00,0.4049089819287683,0.2532820706509419,0.1426924779938595
2023-01-21 09:00:00,0.5442821485092367,0.4587512871740682,0.2024656956947277
2023-01-21 10:00:00,0.5931534089578303,0.5764957492231473,0.3101953311769558
2023-01-21 11:00:00,0.5709690925480797,0.5924777511851543,0.4882357043156173
2023-01-21 12:00:00,0.5243308131454241,0.5157378927131163,0.5776810589398554
2023-01-21 13:00:00,0.3906509713031639,0.3370023057439428,0.4675516069961684
2023-01-21 14:00:00,0.213439401772456,0.1596404225081265,0.2826575973272151
2023-01-21 15:00:00,0.0,0.0,0.0955334157174014
2023-01-21 16:00:00,0.0,0.0,0.0
2023-01-21 17:00:00,0.0,0.0,0.0
2023-01-21 18:00:00,0.0,0.0,0.0
2023-01-21 19:00:00,0.0,0.0,0.0
2023-01-21 20:00:00,0.0,0.0,0.0
2023-01-21 21:00:00,0.0,0.0,0.0
2023-01-21 22:00:00,0.0,0.0,0.0
2023-01-21 23:00:00,0.0,0.0,0.0
2023-01-22 00:00:00,0.0,0.0,0.0
2023-01-22 01:00:00,0.0,0.0,0.0
2023-01-22 02:00:00,0.0,0.0,0.0
2023-01-22 03:00:00,0.0,0.0,0.0
2023-01-22 04:00:00,0.0,0.0,0.0
2023-01-22 05:00:00,0.0,0.0,0.0
2023-01-22 06:00:00,0.0006475357500323,0.0,0.0
2023-01-22 07:00:00,0.0219910127890564,0.0223110281180889,0.0024994824780118
2023-01-22 08:00:00,0.0638809520539094,0.0555605538594687,0.026711081302619
2023-01-22 09:00:00,0.1041526877291735,0.0662482314033237,0.077004132633835
2023-01-22 10:00:00,0.0873152071426711,0.0791902324733761,0.1549422257803613
2023-01-22 11:00:00,0.1031380359196819,0.0895043220162419,0.1608491683566943
2023-01-22 12:00:00,0.0987682746158653,0.0704420342423005,0.1495443149522111
2023-01-22 13:00:00,0.0648653293648931,0.0466241090933662,0.1231775029613672
2023-01-22 14:00:00,0.0222811365722688,0.020609415409021,0.0922066646658408
2023-01-22 15:00:00,0.0,0.0,0.0352047314865753
2023-01-22 16:00:00,0.0,0.0,0.0
2023-01-22 17:00:00,0.0,0.0,0.0
2023-01-22 18:00:00,0.0,0.0,0.0
2023-01-22 19:00:00,0.0,0.0,0.0
2023-01-22 20:00:00,0.0,0.0,0.0
2023-01-22 21:00:00,0.0,0.0,0.0
2023-01-22 22:00:00,0.0,0.0,0.0
2023-01-22 23:00:00,0.0,0.0,0.0
2023-01-23 00:00:00,0.0,0.0,0.0
2023-01-23 01:00:00,0.0,0.0,0.0
2023-01-23 02:00:00,0.0,0.0,0.0
2023-01-23 03:00:00,0.0,0.0,0.0
2023-01-23 04:00:00,0.0,0.0,0.0
2023-01-23 05:00:00,0.0,0.0,0.0
2023-01-23 06:00:00,0.0005508816639114,0.0,0.0
2023-01-23 07:00:00,0.0212093366078936,0.0377746847368228,0.0333397940378315
2023-01-23 08:00:00,0.0640829609919832,0.102602205116976,0.0790492524514392
2023-01-23 09:00:00,0.1923812745095583,0.1244378472534976,0.1735399963521397
2023-01-23 10:00:00,0.096713063840116,0.1254606361271339,0.2158858606845236
2023-01-23 11:00:00,0.1452014168887087,0.1472804999081938,0.2754848485410322
2023-01-23 12:00:00,0.0948984718835292,0.0917363604003144,0.2223043062116985
2023-01-23 13:00:00,0.0607121644296263,0.0721197231067559,0.1848930502374013
2023-01-23 14:00:00,0.0181174406505795,0.0226062635368169,0.1283617101257713
2023-01-23 15:00:00,0.0,0.0,0.0563497811829191
2023-01-23 16:00:00,0.0,0.0,0.0
2023-01-23 17:00:00,0.0,0.0,0.0
2023-01-23 18:00:00,0.0,0.0,0.0
2023-01-23 19:00:00,0.0,0.0,0.0
2023-01-23 20:00:00,0.0,0.0,0.0
2023-01-23 21:00:00,0.0,0.0,0.0
2023-01-23 22:00:00,0.0,0.0,0.0
2023-01-23 23:00:00,0.0,0.0,0.0
2023-01-24 00:00:00,0.0,0.0,0.0
2023-01-24 01:00:00,0.0,0.0,0.0
2023-01-24 02:00:00,0.0,0.0,0.0
2023-01-24 03:00:00,0.0,0.0,0.0
2023-01-24 04:00:00,0.0,0.0,0.0
2023-01-24 05:00:00,0.0,0.0,0.0
2023-01-24 06:00:00,0.0108703127599815,0.000405128437621,0.0
2023-01-24 07:00:00,0.0284287281003642,0.0765980363340742,0.0176510713602581
2023-01-24 08:00:00,0.0669939778331443,0.2097240530193229,0.0594402878674809
2023-01-24 09:00:00,0.1570711362901772,0.2047577537583811,0.0605286065994946
2023-01-24 10:00:00,0.236007867364295,0.3904191508403556,0.0589763777548939
2023-01-24 11:00:00,0.1972095523911549,0.3686642088280567,0.1130353582294236
2023-01-24 12:00:00,0.1584864996606472,0.2768512104067139,0.0774042699585366
2023-01-24 13:00:00,0.1012455486364357,0.2479108106909454,0.0897241761231037
2023-01-24 14:00:00,0.0466633779294927,0.1021731157503581,0.0347160172006677
2023-01-24 15:00:00,0.0,0.0,0.0053998888990093
2023-01-24 16:00:00,0.0,0.0,0.0
2023-01-24 17:00:00,0.0,0.0,0.0
2023-01-24 18:00:00,0.0,0.0,0.0
2023-01-24 19:00:00,0.0,0.0,0.0
2023-01-24 20:00:00,0.0,0.0,0.0
2023-01-24 21:00:00,0.0,0.0,0.0
2023-01-24 22:00:00,0.0,0.0,0.0
2023-01-24 23:00:00,0.0,0.0,0.0
2023-01-25 00:00:00,0.0,0.0,0.0
2023-01-25 01:00:00,0.0,0.0,0.0
2023-01-25 02:00:00,0.0,0.0,0.0
2023-01-25 03:00:00,0.0,0.0,0.0
2023-01-25 04:00:00,0.0,0.0,0.0
2023-01-25 05:00:00,0.0,0.0,0.0
2023-01-25 06:00:00,0.0164912685189122,0.0716768558582691,0.0
2023-01-25 07:00:00,0.0549622630277215,0.1114705394683109,0.0034052866302831
2023-01-25 08:00:00,0.179412645078889,0.1814152681934304,0.0540799133023326
2023-01-25 09:00:00,0.2422768267938833,0.3456484296329034,0.0786596623570468
2023-01-25 10:00:00,0.2756110950620122,0.3614320982349606,0.0897293851158018
2023-01-25 11:00:00,0.2724379200749486,0.3945299464957785,0.1643185592152153
2023-01-25 12:00:00,0.2408883554733405,0.2915813622611237,0.1801457690443083
2023-01-25 13:00:00,0.1857905572257265,0.1854959004062959,0.1062488662416998
2023-01-25 14:00:00,0.0994606031175157,0.0737015442315375,0.0685572718465248
2023-01-25 15:00:00,0.0,0.0,0.0069379060395948
2023-01-25 16:00:00,0.0,0.0,0.0
2023-01-25 17:00:00,0.0,0.0,0.0
2023-01-25 18:00:00,0.0,0.0,0.0
2023-01-25 19:00:00,0.0,0.0,0.0
2023-01-25 20:00:00,0.0,0.0,0.0
2023-01-25 21:00:00,0.0,0.0,0.0
2023-01-25 22:00:00,0.0,0.0,0.0
2023-01-25 23:00:00,0.0,0.0,0.0
2023-01-26 00:00:00,0.0,0.0,0.0
2023-01-26 01:00:00,0.0,0.0,0.0
2023-01-26 02:00:00,0.0,0.0,0.0
2023-01-26 03:00:00,0.0,0.0,0.0
2023-01-26 04:00:00,0.0,0.0,0.0
2023-01-26 05:00:00,0.0,0.0,0.0
2023-01-26 06:00:00,0.0276857794579802,0.0481068647551793,0.0
2023-01-26 07:00:00,0.0568342493250311,0.0981795278177587,0.0739817627432641
2023-01-26 08:00:00,0.1226866083561444,0.1752979691779743,0.1574669473805716
2023-01-26 09:00:00,0.1994763925667671,0.2632665681842884,0.2989043942981899
2023-01-26 10:00:00,0.322196539219609,0.239471682835853,0.3581363081361312
2023-01-26 11:00:00,0.3309340038710338,0.2103429801685175,0.4261611431063312
2023-01-26 12:00:00,0.257718751416344,0.2028751145232507,0.4183489028649341
2023-01-26 13:00:00,0.1676530758241742,0.1855215497560179,0.3422318154909132
2023-01-26 14:00:00,0.1312240895148409,0.1005952058027723,0.1547637518848168
2023-01-26 15:00:00,0.0,0.0,0.0843349125432013
2023-01-26 16:00:00,0.0,0.0,0.0
2023-01-26 17:00:00,0.0,0.0,0.0
2023-01-26 18:00:00,0.0,0.0,0.0
2023-01-26 19:00:00,0.0,0.0,0.0
2023-01-26 20:00:00,0.0,0.0,0.0
2023-01-26 21:00:00,0.0,0.0,0.0
2023-01-26 22:00:00,0.0,0.0,0.0
2023-01-26 23:00:00,0.0,0.0,0.0
2023-01-27 00:00:00,0.0,0.0,0.0
2023-01-27 01:00:00,0.0,0.0,0.0
2023-01-27 02:00:00,0.0,0.0,0.0
2023-01-27 03:00:00,0.0,0.0,0.0
2023-01-27 04:00:00,0.0,0.0,0.0
2023-01-27 05:00:00,0.0,0.0,0.0
2023-01-27 06:00:00,0.0538717118267624,0.0713930433869584,0.0
2023-01-27 07:00:00,0.0780193050451965,0.1607339841579709,0.0154746818637807
2023-01-27 08:00:00,0.1586713934214415,0.2448704321240135,0.0593165552443595
2023-01-27 09:00:00,0.1779233716319349,0.3048728281155562,0.1436840904282255
2023-01-27 10:00:00,0.2072719970605135,0.2773746071595459,0.1506749270636714
2023-01-27 11:00:00,0.2019652854489402,0.2911037392272433,0.1802513287533924
2023-01-27 12:00:00,0.2502599649828857,0.2851116371567055,0.1858979932460076
2023-01-27 13:00:00,0.1950714984492623,0.2296929283427251,0.1273770743406948
2023-01-27 14:00:00,0.1241249697127383,0.1178011861554731,0.0464680377842743
2023-01-27 15:00:00,0.0511248371105471,0.0,0.0083192968178896
2023-01-27 16:00:00,0.0,0.0,0.0
2023-01-27 17:00:00,0.0,0.0,0.0
2023-01-27 18:00:00,0.0,0.0,0.0
2023-01-27 19:00:00,0.0,0.0,0.0
2023-01-27 20:00:00,0.0,0.0,0.0
2023-01-27 21:00:00,0.0,0.0,0.0
2023-01-27 22:00:00,0.0,0.0,0.0
2023-01-27 23:00:00,0.0,0.0,0.0
2023-01-28 00:00:00,0.0,0.0,0.0
2023-01-28 01:00:00,0.0,0.0,0.0
2023-01-28 02:00:00,0.0,0.0,0.0
2023-01-28 03:00:00,0.0,0.0,0.0
2023-01-28 04:00:00,0.0,0.0,0.0
2023-01-28 05:00:00,0.0,0.0,0.0
2023-01-28 06:00:00,0.0031150573076979,0.031702377033516,0.0
2023-01-28 07:00:00,0.0280271280364307,0.1040872922314575,0.0063368962584042
2023-01-28 08:00:00,0.0575584204645574,0.1819224088120151,0.034278663954123
2023-01-28 09:00:00,0.0946448881040956,0.1490765542124034,0.0688758868738155
2023-01-28 10:00:00,0.1001309344311421,0.1401946345343432,0.1460302556977424
2023-01-28 11:00:00,0.0994727497950585,0.1824984945348575,0.1729428514048474
2023-01-28 12:00:00,0.0782766374434628,0.1369417795088274,0.1334262709524774
2023-01-28 13:00:00,0.0312925271183039,0.0713291904276314,0.1095955907288572
2023-01-28 14:00:00,0.0134815495736884,0.0188201098167982,0.0514937677719284
2023-01-28 15:00:00,0.0134503386617744,0.0,0.0237846885881429
2023-01-28 16:00:00,0.0,0.0,0.0
2023-01-28 17:00:00,0.0,0.0,0.0
2023-01-28 18:00:00,0.0,0.0,0.0
2023-01-28 19:00:00,0.0,0.0,0.0
2023-01-28 20:00:00,0.0,0.0,0.0
2023-01-28 21:00:00,0.0,0.0,0.0
2023-01-28 22:00:00,0.0,0.0,0.0
2023-01-28 23:00:00,0.0,0.0,0.0
2023-01-29 00:00:00,0.0,0.0,0.0
2023-01-29 01:00:00,0.0,0.0,0.0
2023-01-29 02:00:00,0.0,0.0,0.0
2023-01-29 03:00:00,0.0,0.0,0.0
2023-01-29 04:00:00,0.0,0.0,0.0
2023-01-29 05:00:00,0.0,0.0,0.0
2023-01-29 06:00:00,6.760646872376372e-05,1.41151107899334e-05,0.0
2023-01-29 07:00:00,0.0122406234776324,0.0210660506659679,0.0159723942556075
2023-01-29 08:00:00,0.0288992208824462,0.0255770777831717,0.1072636053585651
2023-01-29 09:00:00,0.0440636170390847,0.0521727562877538,0.1869756227061408
2023-01-29 10:00:00,0.0644460105049318,0.0454610442781168,0.2340968826247707
2023-01-29 11:00:00,0.0576887815286775,0.0426571235171467,0.1563794322677949
2023-01-29 12:00:00,0.0566192156397442,0.0361299426239605,0.1469269350357261
2023-01-29 13:00:00,0.0275960864963756,0.0262225284692255,0.1447008517110866
2023-01-29 14:00:00,0.0118053329122928,0.0027714183758838,0.1149329555244422
2023-01-29 15:00:00,0.0,0.0,0.0445306686390455
2023-01-29 16:00:00,0.0,0.0,0.0
2023-01-29 17:00:00,0.0,0.0,0.0
2023-01-29 18:00:00,0.0,0.0,0.0
2023-01-29 19:00:00,0.0,0.0,0.0
2023-01-29 20:00:00,0.0,0.0,0.0
2023-01-29 21:00:00,0.0,0.0,0.0
2023-01-29 22:00:00,0.0,0.0,0.0
2023-01-29 23:00:00,0.0,0.0,0.0
2023-01-30 00:00:00,0.0,0.0,0.0
2023-01-30 01:00:00,0.0,0.0,0.0
2023-01-30 02:00:00,0.0,0.0,0.0
2023-01-30 03:00:00,0.0,0.0,0.0
2023-01-30 04:00:00,0.0,0.0,0.0
2023-01-30 05:00:00,0.0,0.0,0.0
2023-01-30 06:00:00,0.0003916851189555,0.0141248298256606,0.0
2023-01-30 07:00:00,0.055683254275867,0.0983646736106869,0.1073315187080733
2023-01-30 08:00:00,0.0804153743324102,0.1250446637305652,0.2352015192610596
2023-01-30 09:00:00,0.1160660348601356,0.2564572164031894,0.3244238742695468
2023-01-30 10:00:00,0.1361635915857006,0.3133470642347018,0.3803715617371729
2023-01-30 11:00:00,0.1238878582571685,0.315475481766045,0.3260649254742011
2023-01-30 12:00:00,0.1673774025572217,0.3408598643298076,0.2927626018236726
2023-01-30 13:00:00,0.1968910420283817,0.3078891741775038,0.1978868393201008
2023-01-30 14:00:00,0.1209281426910153,0.1857305287631643,0.0591796939020481
2023-01-30 15:00:00,0.0438073400003087,0.0,0.0122423918388235
2023-01-30 16:00:00,0.0,0.0,0.0
2023-01-30 17:00:00,0.0,0.0,0.0
2023-01-30 18:00:00,0.0,0.0,0.0
2023-01-30 19:00:00,0.0,0.0,0.0
2023-01-30 20:00:00,0.0,0.0,0.0
2023-01-30 21:00:00,0.0,0.0,0.0
2023-01-30 22:00:00,0.0,0.0,0.0
2023-01-30 23:00:00,0.0,0.0,0.0
2023-01-31 00:00:00,0.0,0.0,0.0
2023-01-31 01:00:00,0.0,0.0,0.0
2023-01-31 02:00:00,0.0,0.0,0.0
2023-01-31 03:00:00,0.0,0.0,0.0
2023-01-31 04:00:00,0.0,0.0,0.0
2023-01-31 05:00:00,0.0,0.0,0.0
2023-01-31 06:00:00,0.0343095848221217,0.0311012653215191,0.0
2023-01-31 07:00:00,0.107488081899215,0.0763477592521934,0.019009313784344
2023-01-31 08:00:00,0.2732895967961456,0.1440363976653697,0.1031542889648008
2023-01-31 09:00:00,0.2949066936384678,0.1731385929864806,0.2858244615312186
2023-01-31 10:00:00,0.3313547565108493,0.1696777184051262,0.4069839845897308
2023-01-31 11:00:00,0.1963581829495247,0.1434162547037092,0.2701314627574647
2023-01-31 12:00:00,0.2080076921824956,0.0815010523180593,0.3008183979025179
2023-01-31 13:00:00,0.2251782013357091,0.070302264552771,0.3674294872277224
2023-01-31 14:00:00,0.102822944898385,0.0426471269065817,0.1700902036435193
2023-01-31 15:00:00,0.0241649215383269,0.0,0.0776706993145168
2023-01-31 16:00:00,0.0,0.0,0.0
2023-01-31 17:00:00,0.0,0.0,0.0
2023-01-31 18:00:00,0.0,0.0,0.0
2023-01-31 19:00:00,0.0,0.0,0.0
2023-01-31 20:00:00,0.0,0.0,0.0
2023-01-31 21:00:00,0.0,0.0,0.0
2023-01-31 22:00:00,0.0,0.0,0.0
2023-01-31 23:00:00,0.0,0.0,0.0
2023-02-01 00:00:00,0.0,0.0,0.0
2023-02-01 01:00:00,0.0,0.0,0.0
2023-02-01 02:00:00,0.0,0.0,0.0
2023-02-01 03:00:00,0.0,0.0,0.0
2023-02-01 04:00:00,0.0,0.0,0.0
2023-02-01 05:00:00,0.0,0.0,0.0
2023-02-01 06:00:00,0.0396159177358129,0.0033741380422436,0.0
2023-02-01 07:00:00,0.129523827195994,0.0595462682015076,0.0290849458509897
2023-02-01 08:00:00,0.2302001070350641,0.1344538577233299,0.1387095653797172
2023-02-01 09:00:00,0.2944534352235125,0.2046946525179133,0.1601109493016915
2023-02-01 10:00:00,0.3328789897536541,0.2168328360548063,0.2205495169546556
2023-02-01 11:00:00,0.4303182847405828,0.2139386791075673,0.4217672906169888
2023-02-01 12:00:00,0.3739811368649712,0.2314206909946887,0.4231476775007061
2023-02-01 13:00:00,0.2601825629076947,0.261372206804664,0.2515931387641797
2023-02-01 14:00:00,0.2010798464038055,0.1575195966737685,0.233456800797993
2023-02-01 15:00:00,0.048384722355841,0.0,0.0987883680811015
2023-02-01 16:00:00,0.0,0.0,0.0
2023-02-01 17:00:00,0.0,0.0,0.0
2023-02-01 18:00:00,0.0,0.0,0.0
2023-02-01 19:00:00,0.0,0.0,0.0
2023-02-01 20:00:00,0.0,0.0,0.0
2023-02-01 21:00:00,0.0,0.0,0.0
2023-02-01 22:00:00,0.0,0.0,0.0
2023-02-01 23:00:00,0.0,0.0,0.0
2023-02-02 00:00:00,0.0,0.0,0.0
2023-02-02 01:00:00,0.0,0.0,0.0
2023-02-02 02:00:00,0.0,0.0,0.0
2023-02-02 03:00:00,0.0,0.0,0.0
2023-02-02 04:00:00,0.0,0.0,0.0
2023-02-02 05:00:00,0.0,0.0,0.0
2023-02-02 06:00:00,0.0492584874295299,0.0204175221593106,0.0
2023-02-02 07:00:00,0.2535045246861198,0.0533446959438627,0.0115065771836978
2023-02-02 08:00:00,0.4837296075713159,0.1436283477797983,0.0782849718158338
2023-02-02 09:00:00,0.6022967206087427,0.2305327256642772,0.1602263192609295
2023-02-02 10:00:00,0.6280271975758138,0.3493560061975002,0.1918222474176758
2023-02-02 11:00:00,0.5618363760457364,0.3918296825520588,0.1997364572208683
2023-02-02 12:00:00,0.4891239551127825,0.4117771882472487,0.2289139875575584
2023-02-02 13:00:00,0.4342400728483956,0.292066960517523,0.1805788316372997
2023-02-02 14:00:00,0.2509774762879685,0.1994971860207477,0.1113708684755276
2023-02-02 15:00:00,0.0786378143047368,0.0,0.0669708789145262
2023-02-02 16:00:00,0.0,0.0,0.0
2023-02-02 17:00:00,0.0,0.0,0.0
2023-02-02 18:00:00,0.0,0.0,0.0
2023-02-02 19:00:00,0.0,0.0,0.0
2023-02-02 20:00:00,0.0,0.0,0.0
2023-02-02 21:00:00,0.0,0.0,0.0
2023-02-02 22:00:00,0.0,0.0,0.0
2023-02-02 23:00:00,0.0,0.0,0.0
2023-02-03 00:00:00,0.0,0.0,0.0
2023-02-03 01:00:00,0.0,0.0,0.0
2023-02-03 02:00:00,0.0,0.0,0.0
2023-02-03 03:00:00,0.0,0.0,0.0
2023-02-03 04:00:00,0.0,0.0,0.0
2023-02-03 05:00:00,0.0,0.0,0.0
2023-02-03 06:00:00,0.0573257719271907,0.079214751838437,0.0
2023-02-03 07:00:00,0.0874472286585963,0.2369960173164117,0.0577917554207699
2023-02-03 08:00:00,0.2647980538384792,0.3914548954133796,0.1752437526140149
2023-02-03 09:00:00,0.372785636128931,0.469300285156383,0.3417154370191709
2023-02-03 10:00:00,0.3788906316377622,0.5705152635818651,0.5151375236637347
2023-02-03 11:00:00,0.550313769808929,0.5379391106770628,0.4532273688782309
2023-02-03 12:00:00,0.5077405167464709,0.3988036431173998,0.3505638961784024
2023-02-03 13:00:00,0.4217011715951678,0.2000676441379837,0.3714730951896699
2023-02-03 14:00:00,0.2231078345830842,0.1094655355424007,0.25241946767207
2023-02-03 15:00:00,0.0771482495049443,0.0525091703531217,0.1060016873896848
2023-02-03 16:00:00,0.0,0.0,0.0
2023-02-03 17:00:00,0.0,0.0,0.0
2023-02-03 18:00:00,0.0,0.0,0.0
2023-02-03 19:00:00,0.0,0.0,0.0
2023-02-03 20:00:00,0.0,0.0,0.0
2023-02-03 21:00:00,0.0,0.0,0.0
2023-02-03 22:00:00,0.0,0.0,0.0
2023-02-03 23:00:00,0.0,0.0,0.0
2023-02-04 00:00:00,0.0,0.0,0.0
2023-02-04 01:00:00,0.0,0.0,0.0
2023-02-04 02:00:00,0.0,0.0,0.0
2023-02-04 03:00:00,0.0,0.0,0.0
2023-02-04 04:00:00,0.0,0.0,0.0
2023-02-04 05:00:00,0.0,0.0,0.0
2023-02-04 06:00:00,0.0759519642300689,0.0032251800094255,0.0
2023-02-04 07:00:00,0.1416452329858838,0.0463833930342937,0.008638904046446
2023-02-04 08:00:00,0.2946389967968001,0.1280761246477922,0.0233745404248698
2023-02-04 09:00:00,0.4011828426880516,0.3398469184393238,0.055343437392498
2023-02-04 10:00:00,0.4598619512890515,0.4231626342372091,0.0608937949091862
2023-02-04 11:00:00,0.5277144178419493,0.5167340740539744,0.0570818930429607
2023-02-04 12:00:00,0.4729987958466441,0.31615408948135,0.0775715249204762
2023-02-04 13:00:00,0.3030716821532502,0.318453130560368,0.0435485383977004
2023-02-04 14:00:00,0.099729613914347,0.1798017352380153,0.0308650148007471
2023-02-04 15:00:00,0.0093017831404838,0.0755580522282083,0.0115044559547466
2023-02-04 16:00:00,0.0,0.0,0.0
2023-02-04 17:00:00,0.0,0.0,0.0
2023-02-04 18:00:00,0.0,0.0,0.0
2023-02-04 19:00:00,0.0,0.0,0.0
2023-02-04 20:00:00,0.0,0.0,0.0
2023-02-04 21:00:00,0.0,0.0,0.0
2023-02-04 22:00:00,0.0,0.0,0.0
2023-02-04 23:00:00,0.0,0.0,0.0
2023-02-05 00:00:00,0.0,0.0,0.0
2023-02-05 01:00:00,0.0,0.0,0.0
2023-02-05 02:00:00,0.0,0.0,0.0
2023-02-05 03:00:00,0.0,0.0,0.0
2023-02-05 04:00:00,0.0,0.0,0.0
2023-02-05 05:00:00,0.0,0.0,0.0
2023-02-05 06:00:00,0.0051890063078773,0.0185217582007732,0.0
2023-02-05 07:00:00,0.0443980735165717,0.0869343703883683,0.0371898142966301
2023-02-05 08:00:00,0.0987583802908692,0.1891174318846444,0.1163277445447795
2023-02-05 09:00:00,0.1642531766718152,0.3244452095931728,0.2079972950859429
2023-02-05 10:00:00,0.3362855461476867,0.4064197779724419,0.3951155723764121
2023-02-05 11:00:00,0.4444913104147192,0.3555358428181849,0.3966262262161278
2023-02-05 12:00:00,0.307581429218497,0.1581290921952823,0.3256223233685221
2023-02-05 13:00:00,0.1720134960441553,0.0919373116786424,0.2773344647540955
2023-02-05 14:00:00,0.0681443384109739,0.0834046154107063,0.1545725320723955
2023-02-05 15:00:00,0.0146802703015896,0.0148476451181604,0.0461475634081763
2023-02-05 16:00:00,0.0,0.0,0.0
2023-02-05 17:00:00,0.0,0.0,0.0
2023-02-05 18:00:00,0.0,0.0,0.0
2023-02-05 19:00:00,0.0,0.0,0.0
2023-02-05 20:00:00,0.0,0.0,0.0
2023-02-05 21:00:00,0.0,0.0,0.0
2023-02-05 22:00:00,0.0,0.0,0.0
2023-02-05 23:00:00,0.0,0.0,0.0
2023-02-06 00:00:00,0.0,0.0,0.0
2023-02-06 01:00:00,0.0,0.0,0.0
2023-02-06 02:00:00,0.0,0.0,0.0
2023-02-06 03:00:00,0.0,0.0,0.0
2023-02-06 04:00:00,0.0,0.0,0.0
2023-02-06 05:00:00,0.0,0.0,0.0
2023-02-06 06:00:00,0.0689774458617867,0.0164446210068398,0.0
2023-02-06 07:00:00,0.2110538880744365,0.1739793461212538,0.0252784500729162
2023-02-06 08:00:00,0.3551508266992124,0.345837143759594,0.0825869392063045
2023-02-06 09:00:00,0.3255574195816568,0.5146296586201052,0.2072320117675571
2023-02-06 10:00:00,0.4053099400112752,0.4872690153039905,0.3503820822179413
2023-02-06 11:00:00,0.1963055176738413,0.2946282939650258,0.4380544637513306
2023-02-06 12:00:00,0.2056288106611071,0.1838803317548176,0.4946422605537643
2023-02-06 13:00:00,0.1788050587298905,0.1334083361775919,0.39297396487491
2023-02-06 14:00:00,0.0966676888269612,0.0772609141491644,0.2061895057870454
2023-02-06 15:00:00,0.0419514705066983,0.0187014845242375,0.0672444052195702
2023-02-06 16:00:00,0.0,0.0,0.0
2023-02-06 17:00:00,0.0,0.0,0.0
2023-02-06 18:00:00,0.0,0.0,0.0
2023-02-06 19:00:00,0.0,0.0,0.0
2023-02-06 20:00:00,0.0,0.0,0.0
2023-02-06 21:00:00,0.0,0.0,0.0
2023-02-06 22:00:00,0.0,0.0,0.0
2023-02-06 23:00:00,0.0,0.0,0.0
2023-02-07 00:00:00,0.0,0.0,0.0
2023-02-07 01:00:00,0.0,0.0,0.0
2023-02-07 02:00:00,0.0,0.0,0.0
2023-02-07 03:00:00,0.0,0.0,0.0
2023-02-07 04:00:00,0.0,0.0,0.0
2023-02-07 05:00:00,0.0,0.0,0.0
2023-02-07 06:00:00,0.0277497257923826,0.0313062336504898,0.0
2023-02-07 07:00:00,0.1187265341078879,0.1702140027687429,0.0731929605564644
2023-02-07 08:00:00,0.2515428761293012,0.2679354882694258,0.168930638428717
2023-02-07 09:00:00,0.4164643662634508,0.3287545178531481,0.2567810485056746
2023-02-07 10:00:00,0.4158757836974646,0.2743215872811704,0.2858387457962769
2023-02-07 11:00:00,0.4109432687435763,0.2360674291134917,0.3108070831168411
2023-02-07 12:00:00,0.3957236735995724,0.1758553165489802,0.2669426264331688
2023-02-07 13:00:00,0.2099942502821539,0.1444222925099947,0.2121348822922149
2023-02-07 14:00:00,0.0793322096602114,0.0694989003230257,0.1594505150271883
2023-02-07 15:00:00,0.0120182553330541,0.0092790993484878,0.053325000987771
2023-02-07 16:00:00,0.0,0.0,0.0
2023-02-07 17:00:00,0.0,0.0,0.0
2023-02-07 18:00:00,0.0,0.0,0.0
2023-02-07 19:00:00,0.0,0.0,0.0
2023-02-07 20:00:00,0.0,0.0,0.0
2023-02-07 21:00:00,0.0,0.0,0.0
2023-02-07 22:00:00,0.0,0.0,0.0
2023-02-07 23:00:00,0.0,0.0,0.0
2023-02-08 00:00:00,0.0,0.0,0.0
2023-02-08 01:00:00,0.0,0.0,0.0
2023-02-08 02:00:00,0.0,0.0,0.0
2023-02-08 03:00:00,0.0,0.0,0.0
2023-02-08 04:00:00,0.0,0.0,0.0
2023-02-08 05:00:00,0.0,0.0,0.0
2023-02-08 06:00:00,0.0219504339010525,0.0391940945498516,0.0
2023-02-08 07:00:00,0.0839333092778081,0.1282919467201226,0.0453535874565763
2023-02-08 08:00:00,0.1704418001016221,0.2608868935680546,0.1442906388773092
2023-02-08 09:00:00,0.2523527278823764,0.4660880701610331,0.2527698610541255
2023-02-08 10:00:00,0.3500295497789923,0.6612896789193553,0.2253042994779039
2023-02-08 11:00:00,0.3627603797053584,0.7166649857142467,0.4496761288367605
2023-02-08 12:00:00,0.350040486397331,0.6517598024529397,0.4872164523897722
2023-02-08 13:00:00,0.3082355852441177,0.5065036082940519,0.4637446962698983
2023-02-08 14:00:00,0.2775559653156835,0.2996184049083186,0.3479763410799554
2023-02-08 15:00:00,0.0942846281339254,0.0930871192428462,0.2118964400360341
2023-02-08 16:00:00,0.0,0.0,0.0
2023-02-08 17:00:00,0.0,0.0,0.0
2023-02-08 18:00:00,0.0,0.0,0.0
2023-02-08 19:00:00,0.0,0.0,0.0
2023-02-08 20:00:00,0.0,0.0,0.0
2023-02-08 21:00:00,0.0,0.0,0.0
2023-02-08 22:00:00,0.0,0.0,0.0
2023-02-08 23:00:00,0.0,0.0,0.0
2023-02-09 00:00:00,0.0,0.0,0.0
2023-02-09 01:00:00,0.0,0.0,0.0
2023-02-09 02:00:00,0.0,0.0,0.0
2023-02-09 03:00:00,0.0,0.0,0.0
2023-02-09 04:00:00,0.0,0.0,0.0
2023-02-09 05:00:00,0.0,0.0,0.0
2023-02-09 06:00:00,0.0786132586645783,0.0945633333820992,0.0
2023-02-09 07:00:00,0.2904329945968425,0.2210996637126447,0.216238549909614
2023-02-09 08:00:00,0.4051978268651385,0.3661091275868908,0.470333857651544
2023-02-09 09:00:00,0.5503604466060622,0.5254696557146462,0.6609129280845191
2023-02-09 10:00:00,0.6412565237211909,0.6593183306296465,0.7615021371932644
2023-02-09 11:00:00,0.6916375163409509,0.7124243330147313,0.7941379431216699
2023-02-09 12:00:00,0.6176687811685266,0.6550630084185624,0.7529587576574144
2023-02-09 13:00:00,0.5090439611035729,0.5118819676576092,0.6500070083222996
2023-02-09 14:00:00,0.3187224231579528,0.3056764871308079,0.4775272179988909
2023-02-09 15:00:00,0.1165586786921648,0.0951415731109668,0.2407493253715801
2023-02-09 16:00:00,0.0,0.0,0.0
2023-02-09 17:00:00,0.0,0.0,0.0
2023-02-09 18:00:00,0.0,0.0,0.0
2023-02-09 19:00:00,0.0,0.0,0.0
2023-02-09 20:00:00,0.0,0.0,0.0
2023-02-09 21:00:00,0.0,0.0,0.0
2023-02-09 22:00:00,0.0,0.0,0.0
2023-02-09 23:00:00,0.0,0.0,0.0
2023-02-10 00:00:00,0.0,0.0,0.0
2023-02-10 01:00:00,0.0,0.0,0.0
2023-02-10 02:00:00,0.0,0.0,0.0
2023-02-10 03:00:00,0.0,0.0,0.0
2023-02-10 04:00:00,0.0,0.0,0.0
2023-02-10 05:00:00,0.0,0.0,0.0
2023-02-10 06:00:00,0.1279046895801524,0.0422900835423962,0.0
2023-02-10 07:00:00,0.3521777920373561,0.1531309620896679,0.143625669380332
2023-02-10 08:00:00,0.5229836574593637,0.2912631607634416,0.3646218322333107
2023-02-10 09:00:00,0.6675793237926281,0.394717655054502,0.5682840369084606
2023-02-10 10:00:00,0.7288522076377981,0.3506507425334316,0.6306217928100376
2023-02-10 11:00:00,0.7024357493925899,0.4067437198593125,0.6570232329380622
2023-02-10 12:00:00,0.6510280833908744,0.3058056294222736,0.7105185155959332
2023-02-10 13:00:00,0.5269033423414471,0.2703344620447692,0.6301773390887948
2023-02-10 14:00:00,0.3384271123515194,0.1660178604771848,0.4545691810092985
2023-02-10 15:00:00,0.1162920998131783,0.0436682946105649,0.2287697213233978
2023-02-10 16:00:00,0.0,0.0,0.0
2023-02-10 17:00:00,0.0,0.0,0.0
2023-02-10 18:00:00,0.0,0.0,0.0
2023-02-10 19:00:00,0.0,0.0,0.0
2023-02-10 20:00:00,0.0,0.0,0.0
2023-02-10 21:00:00,0.0,0.0,0.0
2023-02-10 22:00:00,0.0,0.0,0.0
2023-02-10 23:00:00,0.0,0.0,0.0
2023-02-11 00:00:00,0.0,0.0,0.0
2023-02-11 01:00:00,0.0,0.0,0.0
2023-02-11 02:00:00,0.0,0.0,0.0
2023-02-11 03:00:00,0.0,0.0,0.0
2023-02-11 04:00:00,0.0,0.0,0.0
2023-02-11 05:00:00,0.0,0.0,0.0
2023-02-11 06:00:00,0.1240537711091994,0.129340589151874,0.0
2023-02-11 07:00:00,0.3453087057634506,0.3533477372794695,0.1236946043556054
2023-02-11 08:00:00,0.5205875570841587,0.5458512211488511,0.2131332049252013
2023-02-11 09:00:00,0.6518787581265754,0.6501965258476017,0.2347696262369353
2023-02-11 10:00:00,0.7109191526440324,0.6289608714035139,0.4728035650256615
2023-02-11 11:00:00,0.7045765500645689,0.612818222369493,0.6012693504576401
2023-02-11 12:00:00,0.6134363249718744,0.44626808079459,0.5777999718684597
2023-02-11 13:00:00,0.4667901257832746,0.2652407208128127,0.4466857464105265
2023-02-11 14:00:00,0.2792836826374359,0.0862107842792878,0.3003407028043227
2023-02-11 15:00:00,0.0814482163860371,0.0078409808611173,0.1326691292870579
2023-02-11 16:00:00,0.0,0.0,0.0
2023-02-11 17:00:00,0.0,0.0,0.0
2023-02-11 18:00:00,0.0,0.0,0.0
2023-02-11 19:00:00,0.0,0.0,0.0
2023-02-11 20:00:00,0.0,0.0,0.0
2023-02-11 21:00:00,0.0,0.0,0.0
2023-02-11 22:00:00,0.0,0.0,0.0
2023-02-11 23:00:00,0.0,0.0,0.0
2023-02-12 00:00:00,0.0,0.0,0.0
2023-02-12 01:00:00,0.0,0.0,0.0
2023-02-12 02:00:00,0.0,0.0,0.0
2023-02-12 03:00:00,0.0,0.0,0.0
2023-02-12 04:00:00,0.0,0.0,0.0
2023-02-12 05:00:00,0.0,0.0,0.0
2023-02-12 06:00:00,0.0186810430248722,0.0071719676666604,0.0
2023-02-12 07:00:00,0.0992901861174887,0.0282715057192758,0.0356620792265054
2023-02-12 08:00:00,0.1253906528784913,0.0824541426397095,0.1498225224021376
2023-02-12 09:00:00,0.1573644561999979,0.1887019782881644,0.2489596355633297
2023-02-12 10:00:00,0.1434802737334175,0.3509764110168065,0.3467351106822176
2023-02-12 11:00:00,0.1858893649101208,0.4446875878529848,0.437652067689431
2023-02-12 12:00:00,0.1251471344666491,0.399702290552005,0.435920381666889
2023-02-12 13:00:00,0.1536787255756058,0.2362120298868686,0.3874668756845314
2023-02-12 14:00:00,0.1249975624895396,0.1099642246957995,0.2712911013953574
2023-02-12 15:00:00,0.0645515879363521,0.0355621476521745,0.1658684589866536
2023-02-12 16:00:00,0.0,0.0,0.0
2023-02-12 17:00:00,0.0,0.0,0.0
2023-02-12 18:00:00,0.0,0.0,0.0
2023-02-12 19:00:00,0.0,0.0,0.0
2023-02-12 20:00:00,0.0,0.0,0.0
2023-02-12 21:00:00,0.0,0.0,0.0
2023-02-12 22:00:00,0.0,0.0,0.0
2023-02-12 23:00:00,0.0,0.0,0.0
2023-02-13 00:00:00,0.0,0.0,0.0
2023-02-13 01:00:00,0.0,0.0,0.0
2023-02-13 02:00:00,0.0,0.0,0.0
2023-02-13 03:00:00,0.0,0.0,0.0
2023-02-13 04:00:00,0.0,0.0,0.0
2023-02-13 05:00:00,0.0,0.0,0.0
2023-02-13 06:00:00,0.1324522829116741,0.1368054738960055,0.0
2023-02-13 07:00:00,0.3584370552779909,0.3470436904627889,0.1169669840263608
2023-02-13 08:00:00,0.543242635797385,0.3752925539134638,0.1731415545119343
2023-02-13 09:00:00,0.6691750590510341,0.4303230854563875,0.139162719035017
2023-02-13 10:00:00,0.7172268894045667,0.3524452570416452,0.18941513654516
2023-02-13 11:00:00,0.712290790680519,0.3182774954592833,0.1418541009005674
2023-02-13 12:00:00,0.6409088022851597,0.2356086967198271,0.1624366440775603
2023-02-13 13:00:00,0.5077935077958081,0.0980144518757483,0.1298583340121039
2023-02-13 14:00:00,0.319264383850366,0.0590332044257042,0.0891322742809005
2023-02-13 15:00:00,0.11790532989364,0.0261267256779248,0.0417095839773014
2023-02-13 16:00:00,0.0,0.0,0.0
2023-02-13 17:00:00,0.0,0.0,0.0
2023-02-13 18:00:00,0.0,0.0,0.0
2023-02-13 19:00:00,0.0,0.0,0.0
2023-02-13 20:00:00,0.0,0.0,0.0
2023-02-13 21:00:00,0.0,0.0,0.0
2023-02-13 22:00:00,0.0,0.0,0.0
2023-02-13 23:00:00,0.0,0.0,0.0
2023-02-14 00:00:00,0.0,0.0,0.0
2023-02-14 01:00:00,0.0,0.0,0.0
2023-02-14 02:00:00,0.0,0.0,0.0
2023-02-14 03:00:00,0.0,0.0,0.0
2023-02-14 04:00:00,0.0,0.0,0.0
2023-02-14 05:00:00,0.0,0.0,0.0
2023-02-14 06:00:00,0.0031768267603313,0.0042646158578841,0.0
2023-02-14 07:00:00,0.0273398821586764,0.0233046538312428,0.0370577589454046
2023-02-14 08:00:00,0.0478596255149135,0.0419695532754766,0.1007529453249327
2023-02-14 09:00:00,0.1527705161248462,0.0569760019205463,0.1523830962167762
2023-02-14 10:00:00,0.1405073821870384,0.1516877995408778,0.1395759754742063
2023-02-14 11:00:00,0.1237717232400472,0.2027662967156982,0.1840258174754196
2023-02-14 12:00:00,0.0705944376539505,0.3698541410994375,0.1214424178734533
2023-02-14 13:00:00,0.0347955664590164,0.2926934331413396,0.0878398607400758
2023-02-14 14:00:00,0.0404757471691939,0.2681552830721464,0.0697679391110634
2023-02-14 15:00:00,0.0477976020153403,0.0837572456415803,0.0211696990123793
2023-02-14 16:00:00,0.0,0.0,0.0
2023-02-14 17:00:00,0.0,0.0,0.0
2023-02-14 18:00:00,0.0,0.0,0.0
2023-02-14 19:00:00,0.0,0.0,0.0
2023-02-14 20:00:00,0.0,0.0,0.0
2023-02-14 21:00:00,0.0,0.0,0.0
2023-02-14 22:00:00,0.0,0.0,0.0
2023-02-14 23:00:00,0.0,0.0,0.0
2023-02-15 00:00:00,0.0,0.0,0.0
2023-02-15 01:00:00,0.0,0.0,0.0
2023-02-15 02:00:00,0.0,0.0,0.0
2023-02-15 03:00:00,0.0,0.0,0.0
2023-02-15 04:00:00,0.0,0.0,0.0
2023-02-15 05:00:00,0.0,0.0,0.0
2023-02-15 06:00:00,0.034369765380205,0.0339040851815359,0.0
2023-02-15 07:00:00,0.187911180538115,0.1413827500051001,0.0703022579798152
2023-02-15 08:00:00,0.2470987363668869,0.4151943785091647,0.1653624578888683
2023-02-15 09:00:00,0.4505581220052426,0.5335535691207366,0.3183871111883739
2023-02-15 10:00:00,0.5170047472257696,0.5641381250484098,0.4434706530295401
2023-02-15 11:00:00,0.5258229353625503,0.5090196837969784,0.4873558137463213
2023-02-15 12:00:00,0.4220405577423037,0.4721813365659533,0.5159302612902208
2023-02-15 13:00:00,0.2412337876775867,0.4178944284111345,0.4719634623103464
2023-02-15 14:00:00,0.186336714325707,0.2462493572546048,0.3945203086726828
2023-02-15 15:00:00,0.0951954554353724,0.0819783157171535,0.1979248283948347
2023-02-15 16:00:00,0.0,0.0,0.0
2023-02-15 17:00:00,0.0,0.0,0.0
2023-02-15 18:00:00,0.0,0.0,0.0
2023-02-15 19:00:00,0.0,0.0,0.0
2023-02-15 20:00:00,0.0,0.0,0.0
2023-02-15 21:00:00,0.0,0.0,0.0
2023-02-15 22:00:00,0.0,0.0,0.0
2023-02-15 23:00:00,0.0,0.0,0.0
2023-02-16 00:00:00,0.0,0.0,0.0
2023-02-16 01:00:00,0.0,0.0,0.0
2023-02-16 02:00:00,0.0,0.0,0.0
2023-02-16 03:00:00,0.0,0.0,0.0
2023-02-16 04:00:00,0.0,0.0,0.0
2023-02-16 05:00:00,0.0,0.0,0.0
2023-02-16 06:00:00,0.1244968008527567,0.0644135731201163,0.0
2023-02-16 07:00:00,0.3129824924080677,0.1561582034317512,0.1839103669417869
2023-02-16 08:00:00,0.5159935035025492,0.3177082647082724,0.3627988481397274
2023-02-16 09:00:00,0.6018126801844814,0.2442302250848996,0.4976516119080992
2023-02-16 10:00:00,0.5479253963978328,0.2292274273620201,0.566744066436209
2023-02-16 11:00:00,0.5131081504654238,0.2671385025895726,0.6617267074730202
2023-02-16 12:00:00,0.5005874724738405,0.2092621142466017,0.6052276142925346
2023-02-16 13:00:00,0.4125819454543433,0.134915839931486,0.5622348663610531
2023-02-16 14:00:00,0.3028313472647601,0.061926074302582,0.4244194596047347
2023-02-16 15:00:00,0.1240211135856692,0.0310938610379183,0.2213543204649257
2023-02-16 16:00:00,0.0,0.0,0.0538915273017901
2023-02-16 17:00:00,0.0,0.0,0.0
2023-02-16 18:00:00,0.0,0.0,0.0
2023-02-16 19:00:00,0.0,0.0,0.0
2023-02-16 20:00:00,0.0,0.0,0.0
2023-02-16 21:00:00,0.0,0.0,0.0
2023-02-16 22:00:00,0.0,0.0,0.0
2023-02-16 23:00:00,0.0,0.0,0.0
2023-02-17 00:00:00,0.0,0.0,0.0
2023-02-17 01:00:00,0.0,0.0,0.0
2023-02-17 02:00:00,0.0,0.0,0.0
2023-02-17 03:00:00,0.0,0.0,0.0
2023-02-17 04:00:00,0.0,0.0,0.0
2023-02-17 05:00:00,0.0,0.0,0.0
2023-02-17 06:00:00,0.0689042334358899,0.0133480772096011,0.0
2023-02-17 07:00:00,0.1483566612726943,0.0624501224095226,0.1018353659841711
2023-02-17 08:00:00,0.2399579579501882,0.109045896867462,0.1920116279072001
2023-02-17 09:00:00,0.3805041273010009,0.1171756376257674,0.3401090480866522
2023-02-17 10:00:00,0.5476926417503225,0.1295085433932468,0.4587170474224383
2023-02-17 11:00:00,0.6071837717009979,0.0997917571578526,0.5183760711198023
2023-02-17 12:00:00,0.5477616301678863,0.0761607635229045,0.5663459898037294
2023-02-17 13:00:00,0.3780706954431936,0.071091208765881,0.5335503940677673
2023-02-17 14:00:00,0.2203788183223043,0.0271665951137694,0.2894362559573205
2023-02-17 15:00:00,0.0459157657941317,0.0056958976382232,0.0734924213458153
2023-02-17 16:00:00,0.0,0.0,0.0170208881209812
2023-02-17 17:00:00,0.0,0.0,0.0
2023-02-17 18:00:00,0.0,0.0,0.0
2023-02-17 19:00:00,0.0,0.0,0.0
2023-02-17 20:00:00,0.0,0.0,0.0
2023-02-17 21:00:00,0.0,0.0,0.0
2023-02-17 22:00:00,0.0,0.0,0.0
2023-02-17 23:00:00,0.0,0.0,0.0
2023-02-18 00:00:00,0.0,0.0,0.0
2023-02-18 01:00:00,0.0,0.0,0.0
2023-02-18 02:00:00,0.0,0.0,0.0
2023-02-18 03:00:00,0.0,0.0,0.0
2023-02-18 04:00:00,0.0,0.0,0.0
2023-02-18 05:00:00,0.0,0.0,0.0
2023-02-18 06:00:00,0.0220373892892928,0.0107253480357655,0.0
2023-02-18 07:00:00,0.0705467279557778,0.0332338925994578,0.0513705073327771
2023-02-18 08:00:00,0.0618083909981092,0.0302690779417936,0.1660187192256335
2023-02-18 09:00:00,0.0622289374159207,0.0446883746881351,0.2817320323214102
2023-02-18 10:00:00,0.1033984383518456,0.121578344762902,0.4283624028460775
2023-02-18 11:00:00,0.2341417950640194,0.0921843692264272,0.4875526524537196
2023-02-18 12:00:00,0.1337254267310084,0.0623630746343588,0.5676241209139916
2023-02-18 13:00:00,0.0767312378884713,0.0520583678075364,0.5063549300997111
2023-02-18 14:00:00,0.1576261194378283,0.124065389561233,0.3177644403204446
2023-02-18 15:00:00,0.0844336186936284,0.0818715928950841,0.1164256242657769
2023-02-18 16:00:00,0.0,0.0,0.025587183438477
2023-02-18 17:00:00,0.0,0.0,0.0
2023-02-18 18:00:00,0.0,0.0,0.0
2023-02-18 19:00:00,0.0,0.0,0.0
2023-02-18 20:00:00,0.0,0.0,0.0
2023-02-18 21:00:00,0.0,0.0,0.0
2023-02-18 22:00:00,0.0,0.0,0.0
2023-02-18 23:00:00,0.0,0.0,0.0
2023-02-19 00:00:00,0.0,0.0,0.0
2023-02-19 01:00:00,0.0,0.0,0.0
2023-02-19 02:00:00,0.0,0.0,0.0
2023-02-19 03:00:00,0.0,0.0,0.0
2023-02-19 04:00:00,0.0,0.0,0.0
2023-02-19 05:00:00,0.0,0.0,0.0
2023-02-19 06:00:00,0.0055051412768864,0.0437318831778598,0.0
2023-02-19 07:00:00,0.0393018862159359,0.2808720770482609,0.0388269284753473
2023-02-19 08:00:00,0.0694956980171464,0.549263173762343,0.0988823349203314
2023-02-19 09:00:00,0.0606317511425623,0.679069378521754,0.1922857032839588
2023-02-19 10:00:00,0.1327490825765272,0.7273255297571737,0.2458426412728956
2023-02-19 11:00:00,0.4568533889177231,0.5945162799911867,0.2343913302854376
2023-02-19 12:00:00,0.5380415695746465,0.3513430459708004,0.2434581295186068
2023-02-19 13:00:00,0.3770524646326695,0.1821561160879944,0.1239962080308429
2023-02-19 14:00:00,0.1872418373999147,0.0740516394628299,0.1391006223870552
2023-02-19 15:00:00,0.0409869065542816,0.0226611750506663,0.0306007178531121
2023-02-19 16:00:00,0.0,0.0,0.0
2023-02-19 17:00:00,0.0,0.0,0.0
2023-02-19 18:00:00,0.0,0.0,0.0
2023-02-19 19:00:00,0.0,0.0,0.0
2023-02-19 20:00:00,0.0,0.0,0.0
2023-02-19 21:00:00,0.0,0.0,0.0
2023-02-19 22:00:00,0.0,0.0,0.0
2023-02-19 23:00:00,0.0,0.0,0.0
2023-02-20 00:00:00,0.0,0.0,0.0
2023-02-20 01:00:00,0.0,0.0,0.0
2023-02-20 02:00:00,0.0,0.0,0.0
2023-02-20 03:00:00,0.0,0.0,0.0
2023-02-20 04:00:00,0.0,0.0,0.0
2023-02-20 05:00:00,0.0,0.0,0.0
2023-02-20 06:00:00,0.0292685532511761,0.0568281545115141,0.0
2023-02-20 07:00:00,0.2828897209519433,0.2323497354804312,0.1985540180934031
2023-02-20 08:00:00,0.4183908615524453,0.4492518839299866,0.4026260119724518
2023-02-20 09:00:00,0.5242687819073097,0.5578641148017509,0.5411229208954665
2023-02-20 10:00:00,0.6528456802979272,0.4487599659615298,0.5915635921987504
2023-02-20 11:00:00,0.6656637405319765,0.5773276198754834,0.5606953937212876
2023-02-20 12:00:00,0.5645426924127078,0.4963260681292994,0.5865826931478167
2023-02-20 13:00:00,0.5151741654959745,0.2760843081319408,0.3221038083219615
2023-02-20 14:00:00,0.2867444001371594,0.1900274948718144,0.1955845385831134
2023-02-20 15:00:00,0.1107274268392071,0.0965426975477458,0.0795472412534049
2023-02-20 16:00:00,0.0,0.0,0.0122912385512235
2023-02-20 17:00:00,0.0,0.0,0.0
2023-02-20 18:00:00,0.0,0.0,0.0
2023-02-20 19:00:00,0.0,0.0,0.0
2023-02-20 20:00:00,0.0,0.0,0.0
2023-02-20 21:00:00,0.0,0.0,0.0
2023-02-20 22:00:00,0.0,0.0,0.0
2023-02-20 23:00:00,0.0,0.0,0.0
2023-02-21 00:00:00,0.0,0.0,0.0
2023-02-21 01:00:00,0.0,0.0,0.0
2023-02-21 02:00:00,0.0,0.0,0.0
2023-02-21 03:00:00,0.0,0.0,0.0
2023-02-21 04:00:00,0.0,0.0,0.0
2023-02-21 05:00:00,0.0,0.0,0.0
2023-02-21 06:00:00,0.0100611026200322,0.0429932999581443,0.0030221412806273
2023-02-21 07:00:00,0.0202747813667317,0.2561607156048994,0.0725659864012141
2023-02-21 08:00:00,0.2012721635875418,0.3907642301369791,0.2007032140651905
2023-02-21 09:00:00,0.3495425538915515,0.440319722034035,0.3349754429024996
2023-02-21 10:00:00,0.5767503828069145,0.5343763402685147,0.423578548678432
2023-02-21 11:00:00,0.6788552085905969,0.547896131287258,0.4635768886551454
2023-02-21 12:00:00,0.6369461008167645,0.3441638435357033,0.4792893070708606
2023-02-21 13:00:00,0.4446916762140133,0.3104769104346636,0.3523805961402508
2023-02-21 14:00:00,0.2742437916551125,0.1502922708702591,0.2816965733030056
2023-02-21 15:00:00,0.1029471680407943,0.030281732738419,0.1581581162032732
2023-02-21 16:00:00,0.0,0.0,0.0367966714532431
2023-02-21 17:00:00,0.0,0.0,0.0
2023-02-21 18:00:00,0.0,0.0,0.0
2023-02-21 19:00:00,0.0,0.0,0.0
2023-02-21 20:00:00,0.0,0.0,0.0
2023-02-21 21:00:00,0.0,0.0,0.0
2023-02-21 22:00:00,0.0,0.0,0.0
2023-02-21 23:00:00,0.0,0.0,0.0
2023-02-22 00:00:00,0.0,0.0,0.0
2023-02-22 01:00:00,0.0,0.0,0.0
2023-02-22 02:00:00,0.0,0.0,0.0
2023-02-22 03:00:00,0.0,0.0,0.0
2023-02-22 04:00:00,0.0,0.0,0.0
2023-02-22 05:00:00,0.0,0.0,0.0
2023-02-22 06:00:00,0.1127930399166495,0.0578777626699092,0.0063702513947329
2023-02-22 07:00:00,0.2383129774452555,0.2531735663704522,0.1533761378524795
2023-02-22 08:00:00,0.4090203166624771,0.4551139780437467,0.3706932295303317
2023-02-22 09:00:00,0.4707529150786651,0.484972791379208,0.3961951222384723
2023-02-22 10:00:00,0.5588445739464873,0.4383307403609673,0.2473236326746928
2023-02-22 11:00:00,0.4986011043981251,0.4051443211547126,0.2848612662677093
2023-02-22 12:00:00,0.4380952426550632,0.2772071291972383,0.3146725752989315
2023-02-22 13:00:00,0.2904034271561321,0.2506867885020169,0.27507051437794
2023-02-22 14:00:00,0.2667138147801472,0.0992393476764236,0.1960380951165971
2023-02-22 15:00:00,0.0992276868937885,0.029339032881162,0.0764086096705482
2023-02-22 16:00:00,0.0,0.0,0.0306804035996561
2023-02-22 17:00:00,0.0,0.0,0.0
2023-02-22 18:00:00,0.0,0.0,0.0
2023-02-22 19:00:00,0.0,0.0,0.0
2023-02-22 20:00:00,0.0,0.0,0.0
2023-02-22 21:00:00,0.0,0.0,0.0
2023-02-22 22:00:00,0.0,0.0,0.0
2023-02-22 23:00:00,0.0,0.0,0.0
2023-02-23 00:00:00,0.0,0.0,0.0
2023-02-23 01:00:00,0.0,0.0,0.0
2023-02-23 02:00:00,0.0,0.0,0.0
2023-02-23 03:00:00,0.0,0.0,0.0
2023-02-23 04:00:00,0.0,0.0,0.0
2023-02-23 05:00:00,0.0,0.0,0.0
2023-02-23 06:00:00,0.1056968015871491,0.1748141240803268,0.001616152465905
2023-02-23 07:00:00,0.3083311425722894,0.2380827794688821,0.0445591772998464
2023-02-23 08:00:00,0.5571802367342182,0.4254514937563071,0.1161256529172074
2023-02-23 09:00:00,0.6448727031367576,0.5398759775172177,0.177561648114186
2023-02-23 10:00:00,0.6070458149473321,0.5696092119149261,0.2590422096794064
2023-02-23 11:00:00,0.6555671496464672,0.6430877361730768,0.3992113371844306
2023-02-23 12:00:00,0.6140234149299503,0.5740728068649439,0.3039330167474087
2023-02-23 13:00:00,0.5635374471643325,0.4756996446684506,0.2706358956810847
2023-02-23 14:00:00,0.3929515783516067,0.2953884367950801,0.2215071086332844
2023-02-23 15:00:00,0.1614953879666043,0.1154007009668253,0.1408771178749888
2023-02-23 16:00:00,0.0,0.0,0.0404936694168928
2023-02-23 17:00:00,0.0,0.0,0.0
2023-02-23 18:00:00,0.0,0.0,0.0
2023-02-23 19:00:00,0.0,0.0,0.0
2023-02-23 20:00:00,0.0,0.0,0.0
2023-02-23 21:00:00,0.0,0.0,0.0
2023-02-23 22:00:00,0.0,0.0,0.0
2023-02-23 23:00:00,0.0,0.0,0.0
2023-02-24 00:00:00,0.0,0.0,0.0
2023-02-24 01:00:00,0.0,0.0,0.0
2023-02-24 02:00:00,0.0,0.0,0.0
2023-02-24 03:00:00,0.0,0.0,0.0
2023-02-24 04:00:00,0.0,0.0,0.0
2023-02-24 05:00:00,0.0,0.0,0.0
2023-02-24 06:00:00,0.1827963491455316,0.1913777228442158,0.0271985902043458
2023-02-24 07:00:00,0.3754661859517565,0.4242875485629748,0.135879294375417
2023-02-24 08:00:00,0.5529665780319524,0.5983681727659346,0.3035950778124764
2023-02-24 09:00:00,0.6881063804845859,0.7151388214673681,0.4259887996866957
2023-02-24 10:00:00,0.7078437784125652,0.7414148769474468,0.4561536516485213
2023-02-24 11:00:00,0.653632833410984,0.7013366296219453,0.4642578506655893
2023-02-24 12:00:00,0.5600451507191617,0.5571547753992887,0.3250412913450291
2023-02-24 13:00:00,0.3580097474823287,0.3959526661407018,0.1654840845796028
2023-02-24 14:00:00,0.2322154834736571,0.1598570291601693,0.1151991934744266
2023-02-24 15:00:00,0.0678675847771233,0.03269905710521,0.0773669396324798
2023-02-24 16:00:00,0.0,0.0,0.0156395866724291
2023-02-24 17:00:00,0.0,0.0,0.0
2023-02-24 18:00:00,0.0,0.0,0.0
2023-02-24 19:00:00,0.0,0.0,0.0
2023-02-24 20:00:00,0.0,0.0,0.0
2023-02-24 21:00:00,0.0,0.0,0.0
2023-02-24 22:00:00,0.0,0.0,0.0
2023-02-24 23:00:00,0.0,0.0,0.0
2023-02-25 00:00:00,0.0,0.0,0.0
2023-02-25 01:00:00,0.0,0.0,0.0
2023-02-25 02:00:00,0.0,0.0,0.0
2023-02-25 03:00:00,0.0,0.0,0.0
2023-02-25 04:00:00,0.0,0.0,0.0
2023-02-25 05:00:00,0.0,0.0,0.0
2023-02-25 06:00:00,0.0717156480183242,0.0129957747577415,0.0150611458133863
2023-02-25 07:00:00,0.2314200750007673,0.0827314486537316,0.1589639326433921
2023-02-25 08:00:00,0.4509855083238797,0.1762482615289642,0.2837040500460608
2023-02-25 09:00:00,0.6423326667467606,0.3372735208817609,0.3801979485493946
2023-02-25 10:00:00,0.6889624029294452,0.4572906732189023,0.4512943871246969
2023-02-25 11:00:00,0.6600255736751927,0.5720627161838961,0.3743569529622986
2023-02-25 12:00:00,0.5858497913603137,0.4295122384572818,0.1782514442352432
2023-02-25 13:00:00,0.5068354241091827,0.3008587167116518,0.0859328521541821
2023-02-25 14:00:00,0.3009952495624728,0.1785081148083912,0.0527730543484761
2023-02-25 15:00:00,0.0874742131637213,0.0657896271137563,0.0475095281954358
2023-02-25 16:00:00,0.0,0.0,0.0292032900055155
2023-02-25 17:00:00,0.0,0.0,0.0
2023-02-25 18:00:00,0.0,0.0,0.0
2023-02-25 19:00:00,0.0,0.0,0.0
2023-02-25 20:00:00,0.0,0.0,0.0
2023-02-25 21:00:00,0.0,0.0,0.0
2023-02-25 22:00:00,0.0,0.0,0.0
2023-02-25 23:00:00,0.0,0.0,0.0
2023-02-26 00:00:00,0.0,0.0,0.0
2023-02-26 01:00:00,0.0,0.0,0.0
2023-02-26 02:00:00,0.0,0.0,0.0
2023-02-26 03:00:00,0.0,0.0,0.0
2023-02-26 04:00:00,0.0,0.0,0.0
2023-02-26 05:00:00,0.0,0.0,0.0
2023-02-26 06:00:00,0.1452743492371144,0.0050381825871967,0.000608676795401
2023-02-26 07:00:00,0.3262034987420553,0.0126760524005382,0.0473682243108928
2023-02-26 08:00:00,0.3994937617211953,0.0377779576782384,0.0863758749017843
2023-02-26 09:00:00,0.5298648807967892,0.0945566323348783,0.1533361387560512
2023-02-26 10:00:00,0.5755900033172414,0.0919617226093506,0.1924733445732977
2023-02-26 11:00:00,0.5699042853606425,0.0658224909067173,0.1666568594574985
2023-02-26 12:00:00,0.5659248843818547,0.0679746690586721,0.1321941916361665
2023-02-26 13:00:00,0.4793707856150322,0.0596016800931746,0.1282373843057047
2023-02-26 14:00:00,0.31527434122853,0.0214565927538514,0.1178670125304641
2023-02-26 15:00:00,0.1078421435887995,0.0055269882269753,0.0341464245381816
2023-02-26 16:00:00,0.0,0.0,0.0072245292335292
2023-02-26 17:00:00,0.0,0.0,0.0
2023-02-26 18:00:00,0.0,0.0,0.0
2023-02-26 19:00:00,0.0,0.0,0.0
2023-02-26 20:00:00,0.0,0.0,0.0
2023-02-26 21:00:00,0.0,0.0,0.0
2023-02-26 22:00:00,0.0,0.0,0.0
2023-02-26 23:00:00,0.0,0.0,0.0
2023-02-27 00:00:00,0.0,0.0,0.0
2023-02-27 01:00:00,0.0,0.0,0.0
2023-02-27 02:00:00,0.0,0.0,0.0
2023-02-27 03:00:00,0.0,0.0,0.0
2023-02-27 04:00:00,0.0,0.0,0.0
2023-02-27 05:00:00,0.0,0.0,0.0
2023-02-27 06:00:00,0.1009315575847334,0.0894686227670438,0.0006173800281765
2023-02-27 07:00:00,0.0943241645935412,0.1544198681437845,0.0323166074091564
2023-02-27 08:00:00,0.1872913374584197,0.2495341103333019,0.1264810772483797
2023-02-27 09:00:00,0.1941048713756058,0.2521339577905107,0.1501226962261366
2023-02-27 10:00:00,0.3272973747908324,0.1427425867312076,0.1932000336936559
2023-02-27 11:00:00,0.4359809544883459,0.0695633895805677,0.1544163714086248
2023-02-27 12:00:00,0.3820055327590313,0.0647940892646278,0.1669899098325014
2023-02-27 13:00:00,0.2672113105272289,0.0854732955134001,0.1867288297743783
2023-02-27 14:00:00,0.1880768391430811,0.0665839213506357,0.1322561004863175
2023-02-27 15:00:00,0.0909732906444377,0.0186489150969134,0.0660374148716525
2023-02-27 16:00:00,0.0,0.0,0.0069959771630648
2023-02-27 17:00:00,0.0,0.0,0.0
2023-02-27 18:00:00,0.0,0.0,0.0
2023-02-27 19:00:00,0.0,0.0,0.0
2023-02-27 20:00:00,0.0,0.0,0.0
2023-02-27 21:00:00,0.0,0.0,0.0
2023-02-27 22:00:00,0.0,0.0,0.0
2023-02-27 23:00:00,0.0,0.0,0.0
2023-02-28 00:00:00,0.0,0.0,0.0
2023-02-28 01:00:00,0.0,0.0,0.0
2023-02-28 02:00:00,0.0,0.0,0.0
2023-02-28 03:00:00,0.0,0.0,0.0
2023-02-28 04:00:00,0.0,0.0,0.0
2023-02-28 05:00:00,0.0,0.0,0.0
2023-02-28 06:00:00,0.0167351042357364,0.030821081051955,0.0309379262534957
2023-02-28 07:00:00,0.0628735940685582,0.050055630007724,0.2166055551773354
2023-02-28 08:00:00,0.1357004272860533,0.1061418848004799,0.3759118276910689
2023-02-28 09:00:00,0.1518880301180869,0.2061325574288963,0.5254459497115271
2023-02-28 10:00:00,0.2423648470745039,0.2104657971098769,0.5907946507989574
2023-02-28 11:00:00,0.3607422913044527,0.2257323559706197,0.553500592232462
2023-02-28 12:00:00,0.4265849617271144,0.2134094973583189,0.5139593338169838
2023-02-28 13:00:00,0.2741094763577759,0.2463687501748365,0.4502961997213495
2023-02-28 14:00:00,0.1963331584030302,0.2517760552671169,0.2992282089678968
2023-02-28 15:00:00,0.0746953605433854,0.0690036973961671,0.1762806093708145
2023-02-28 16:00:00,0.0,0.0,0.050840621737511
2023-02-28 17:00:00,0.0,0.0,0.0
2023-02-28 18:00:00,0.0,0.0,0.0
2023-02-28 19:00:00,0.0,0.0,0.0
2023-02-28 20:00:00,0.0,0.0,0.0
2023-02-28 21:00:00,0.0,0.0,0.0
2023-02-28 22:00:00,0.0,0.0,0.0
2023-02-28 23:00:00,0.0,0.0,0.0
2023-03-01 00:00:00,0.0,0.0,0.0
2023-03-01 01:00:00,0.0,0.0,0.0
2023-03-01 02:00:00,0.0,0.0,0.0
2023-03-01 03:00:00,0.0,0.0,0.0
2023-03-01 04:00:00,0.0,0.0,0.0
2023-03-01 05:00:00,0.0,0.0,0.0
2023-03-01 06:00:00,0.1547544933608207,0.2089304638667131,0.0586734616838199
2023-03-01 07:00:00,0.3742579943578578,0.4264337406191351,0.1487509927486937
2023-03-01 08:00:00,0.5429780137986773,0.6028530276982027,0.3489902474247827
2023-03-01 09:00:00,0.6803314430993052,0.721829513685985,0.5455201702844729
2023-03-01 10:00:00,0.7062120799856468,0.6796300250179295,0.7117838317399587
2023-03-01 11:00:00,0.7017795472456403,0.5621610457184182,0.7366952313132553
2023-03-01 12:00:00,0.64771739149135,0.4183804504552011,0.7601581173346815
2023-03-01 13:00:00,0.4767414589434786,0.2783436311746007,0.6801771172619042
2023-03-01 14:00:00,0.315660381407261,0.1526678645945788,0.5273557008511294
2023-03-01 15:00:00,0.1268253400336033,0.0347047704662547,0.3054319685326381
2023-03-01 16:00:00,0.0,0.0,0.0852184813833174
2023-03-01 17:00:00,0.0,0.0,0.0
2023-03-01 18:00:00,0.0,0.0,0.0
2023-03-01 19:00:00,0.0,0.0,0.0
2023-03-01 20:00:00,0.0,0.0,0.0
2023-03-01 21:00:00,0.0,0.0,0.0
2023-03-01 22:00:00,0.0,0.0,0.0
2023-03-01 23:00:00,0.0,0.0,0.0
2023-03-02 00:00:00,0.0,0.0,0.0
2023-03-02 01:00:00,0.0,0.0,0.0
2023-03-02 02:00:00,0.0,0.0,0.0
2023-03-02 03:00:00,0.0,0.0,0.0
2023-03-02 04:00:00,0.0,0.0,0.0
2023-03-02 05:00:00,0.0,0.0,0.0
2023-03-02 06:00:00,0.1186287287894389,0.2094069201120077,0.0399484946713063
2023-03-02 07:00:00,0.227880424987127,0.4353172866338008,0.1863668228375469
2023-03-02 08:00:00,0.4228907138183291,0.5975479132259539,0.400548650053735
2023-03-02 09:00:00,0.363634888988193,0.6910654349364221,0.5772182283558592
2023-03-02 10:00:00,0.4211048761205086,0.7009458863915217,0.7332381133951955
2023-03-02 11:00:00,0.4703554927843367,0.6539191257137287,0.7694257486582455
2023-03-02 12:00:00,0.4662255840090974,0.4600718677116848,0.759414286543852
2023-03-02 13:00:00,0.479510491805872,0.365949263743368,0.6673039407713709
2023-03-02 14:00:00,0.3612935693202876,0.2161747082734366,0.5155138896046351
2023-03-02 15:00:00,0.1445098691661371,0.0922372569654392,0.302786908440106
2023-03-02 16:00:00,0.0,0.0,0.0862980155236446
2023-03-02 17:00:00,0.0,0.0,0.0
2023-03-02 18:00:00,0.0,0.0,0.0
2023-03-02 19:00:00,0.0,0.0,0.0
2023-03-02 20:00:00,0.0,0.0,0.0
2023-03-02 21:00:00,0.0,0.0,0.0
2023-03-02 22:00:00,0.0,0.0,0.0
2023-03-02 23:00:00,0.0,0.0,0.0
2023-03-03 00:00:00,0.0,0.0,0.0
2023-03-03 01:00:00,0.0,0.0,0.0
2023-03-03 02:00:00,0.0,0.0,0.0
2023-03-03 03:00:00,0.0,0.0,0.0
2023-03-03 04:00:00,0.0,0.0,0.0
2023-03-03 05:00:00,0.0,0.029610004248089,0.0
2023-03-03 06:00:00,0.1445134355436895,0.1668765883696908,0.0621174222358667
2023-03-03 07:00:00,0.2735505137437795,0.2987645290637866,0.2405151070125812
2023-03-03 08:00:00,0.4709442951824549,0.4406910543873182,0.3996541747992934
2023-03-03 09:00:00,0.553341795637477,0.5699537686912727,0.5774158092231215
2023-03-03 10:00:00,0.4416019004382369,0.628146129514171,0.7009126002127017
2023-03-03 11:00:00,0.4400811830578922,0.4716984240314589,0.6648363779146753
2023-03-03 12:00:00,0.3851396575361482,0.2627824050918649,0.4409632570864483
2023-03-03 13:00:00,0.2528752127989022,0.1859779601694504,0.395973328945209
2023-03-03 14:00:00,0.1923518171385861,0.1145296465907376,0.3330794065380876
2023-03-03 15:00:00,0.072499317214308,0.0368575967095093,0.2001012400010252
2023-03-03 16:00:00,0.0,0.0,0.0575524538355495
2023-03-03 17:00:00,0.0,0.0,0.0
2023-03-03 18:00:00,0.0,0.0,0.0
2023-03-03 19:00:00,0.0,0.0,0.0
2023-03-03 20:00:00,0.0,0.0,0.0
2023-03-03 21:00:00,0.0,0.0,0.0
2023-03-03 22:00:00,0.0,0.0,0.0
2023-03-03 23:00:00,0.0,0.0,0.0
2023-03-04 00:00:00,0.0,0.0,0.0
2023-03-04 01:00:00,0.0,0.0,0.0
2023-03-04 02:00:00,0.0,0.0,0.0
2023-03-04 03:00:00,0.0,0.0,0.0
2023-03-04 04:00:00,0.0,0.0,0.0
2023-03-04 05:00:00,0.0330796601200929,0.0268907725043248,0.0
2023-03-04 06:00:00,0.1590289001760207,0.1966752125313964,0.046743152808396
2023-03-04 07:00:00,0.4157471684659177,0.4219708045846422,0.1601284209886613
2023-03-04 08:00:00,0.5775699011302198,0.5902918440978345,0.3308181824342543
2023-03-04 09:00:00,0.7100853630849194,0.6956203345086878,0.3938228251370692
2023-03-04 10:00:00,0.7439741092144886,0.6544937692985469,0.3991295388987406
2023-03-04 11:00:00,0.755673967305281,0.605880448687257,0.5570309873148908
2023-03-04 12:00:00,0.6731791796171743,0.5374397892922688,0.552074766114768
2023-03-04 13:00:00,0.5467129799157989,0.4810380007184864,0.4930558960408252
2023-03-04 14:00:00,0.3653369699597952,0.3275419252654763,0.4003040139210541
2023-03-04 15:00:00,0.1536695561091994,0.1193734503502269,0.2571195012171941
2023-03-04 16:00:00,0.0,0.0,0.061435471218695
2023-03-04 17:00:00,0.0,0.0,0.0
2023-03-04 18:00:00,0.0,0.0,0.0
2023-03-04 19:00:00,0.0,0.0,0.0
2023-03-04 20:00:00,0.0,0.0,0.0
2023-03-04 21:00:00,0.0,0.0,0.0
2023-03-04 22:00:00,0.0,0.0,0.0
2023-03-04 23:00:00,0.0,0.0,0.0
2023-03-05 00:00:00,0.0,0.0,0.0
2023-03-05 01:00:00,0.0,0.0,0.0
2023-03-05 02:00:00,0.0,0.0,0.0
2023-03-05 03:00:00,0.0,0.0,0.0
2023-03-05 04:00:00,0.0,0.0,0.0
2023-03-05 05:00:00,0.0220086027749039,0.0391378792090125,0.0
2023-03-05 06:00:00,0.1611761113160066,0.2118027659412078,0.0621749278450178
2023-03-05 07:00:00,0.2512424394424403,0.3527227798446217,0.2057944249117402
2023-03-05 08:00:00,0.4660031132911361,0.4685585797019918,0.3695396367637364
2023-03-05 09:00:00,0.5741963767872864,0.5177432552470735,0.5560643254456447
2023-03-05 10:00:00,0.7272830401548636,0.6075584831390802,0.5548517720133991
2023-03-05 11:00:00,0.7027632426256893,0.6017332414262848,0.4208448301229258
2023-03-05 12:00:00,0.6323145347112952,0.5722659720423154,0.3841514492084329
2023-03-05 13:00:00,0.5408946357009299,0.4790847647344401,0.2908953133430474
2023-03-05 14:00:00,0.3683070020108183,0.3068755036247493,0.1707605375293904
2023-03-05 15:00:00,0.1744705851789617,0.1563779525418261,0.1315306850682686
2023-03-05 16:00:00,0.0,0.0,0.0379878570721166
2023-03-05 17:00:00,0.0,0.0,0.0
2023-03-05 18:00:00,0.0,0.0,0.0
2023-03-05 19:00:00,0.0,0.0,0.0
2023-03-05 20:00:00,0.0,0.0,0.0
2023-03-05 21:00:00,0.0,0.0,0.0
2023-03-05 22:00:00,0.0,0.0,0.0
2023-03-05 23:00:00,0.0,0.0,0.0
2023-03-06 00:00:00,0.0,0.0,0.0
2023-03-06 01:00:00,0.0,0.0,0.0
2023-03-06 02:00:00,0.0,0.0,0.0
2023-03-06 03:00:00,0.0,0.0,0.0
2023-03-06 04:00:00,0.0,0.0,0.0
2023-03-06 05:00:00,0.0299183144525332,0.0425481978249597,0.0
2023-03-06 06:00:00,0.1957989696306511,0.2269466201634442,0.0293002581628497
2023-03-06 07:00:00,0.4311798105561418,0.450351584744409,0.1065089957601184
2023-03-06 08:00:00,0.6112468551003725,0.614159048237435,0.3115098957497529
2023-03-06 09:00:00,0.7047898653887282,0.7368482188331787,0.5007506381995249
2023-03-06 10:00:00,0.7517666705282396,0.7873995972361602,0.6137186208744044
2023-03-06 11:00:00,0.750040760616566,0.7740333530787084,0.5141282331817026
2023-03-06 12:00:00,0.696771858886506,0.665473833143975,0.4324947955125728
2023-03-06 13:00:00,0.5533151078324944,0.3979481803830114,0.2996623693692859
2023-03-06 14:00:00,0.3281644457762084,0.208572915306313,0.312563405724116
2023-03-06 15:00:00,0.0757377996484619,0.0876350688512234,0.1872366145797246
2023-03-06 16:00:00,0.0,0.0,0.0411043039574807
2023-03-06 17:00:00,0.0,0.0,0.0
2023-03-06 18:00:00,0.0,0.0,0.0
2023-03-06 19:00:00,0.0,0.0,0.0
2023-03-06 20:00:00,0.0,0.0,0.0
2023-03-06 21:00:00,0.0,0.0,0.0
2023-03-06 22:00:00,0.0,0.0,0.0
2023-03-06 23:00:00,0.0,0.0,0.0
2023-03-07 00:00:00,0.0,0.0,0.0
2023-03-07 01:00:00,0.0,0.0,0.0
2023-03-07 02:00:00,0.0,0.0,0.0
2023-03-07 03:00:00,0.0,0.0,0.0
2023-03-07 04:00:00,0.0,0.0,0.0
2023-03-07 05:00:00,0.0117245432128218,0.008510981299667,0.0
2023-03-07 06:00:00,0.1144940841307211,0.106256218226481,0.0185902587222263
2023-03-07 07:00:00,0.2293735071413832,0.2223790294591529,0.0713838785690322
2023-03-07 08:00:00,0.3974533234888001,0.4231845429706576,0.202493374400896
2023-03-07 09:00:00,0.5684832862147263,0.569395069270201,0.4238892987456082
2023-03-07 10:00:00,0.6595521010773664,0.6235435401892265,0.5307782296050201
2023-03-07 11:00:00,0.6686890043527738,0.4789429588507905,0.6642997048128635
2023-03-07 12:00:00,0.4161642814586969,0.371447516917759,0.6350386716206105
2023-03-07 13:00:00,0.4279310765152115,0.2363431853738156,0.5019883949854029
2023-03-07 14:00:00,0.2327988935752823,0.1567104362189417,0.2705095768823382
2023-03-07 15:00:00,0.0799946097120145,0.0259541591587249,0.1370019084002501
2023-03-07 16:00:00,0.0,0.0,0.0514668349677195
2023-03-07 17:00:00,0.0,0.0,0.0
2023-03-07 18:00:00,0.0,0.0,0.0
2023-03-07 19:00:00,0.0,0.0,0.0
2023-03-07 20:00:00,0.0,0.0,0.0
2023-03-07 21:00:00,0.0,0.0,0.0
2023-03-07 22:00:00,0.0,0.0,0.0
2023-03-07 23:00:00,0.0,0.0,0.0
2023-03-08 00:00:00,0.0,0.0,0.0
2023-03-08 01:00:00,0.0,0.0,0.0
2023-03-08 02:00:00,0.0,0.0,0.0
2023-03-08 03:00:00,0.0,0.0,0.0
2023-03-08 04:00:00,0.0,0.0,0.0
2023-03-08 05:00:00,0.0326445168533905,0.0048381781094504,0.0
2023-03-08 06:00:00,0.1974998172826167,0.051007176655819,0.0549961647684513
2023-03-08 07:00:00,0.3953369534015112,0.2520916048438005,0.1869297139569661
2023-03-08 08:00:00,0.5482261064898003,0.3043687922814978,0.3287095487740276
2023-03-08 09:00:00,0.6401078407819601,0.3331827046455938,0.5099659459582191
2023-03-08 10:00:00,0.595567217052574,0.4412687551081323,0.5237405122073862
2023-03-08 11:00:00,0.6146013310847597,0.5481743336944691,0.5838150020266945
2023-03-08 12:00:00,0.5937890545348371,0.5851970768293111,0.4954051524824361
2023-03-08 13:00:00,0.5196028846305943,0.4386103165949498,0.5360908536892904
2023-03-08 14:00:00,0.3474396418517311,0.2908583487116511,0.4242927024425273
2023-03-08 15:00:00,0.1386226228406074,0.0758206287518641,0.22383741022344
2023-03-08 16:00:00,0.0138317679721342,0.0,0.0287760584478429
2023-03-08 17:00:00,0.0,0.0,0.0
2023-03-08 18:00:00,0.0,0.0,0.0
2023-03-08 19:00:00,0.0,0.0,0.0
2023-03-08 20:00:00,0.0,0.0,0.0
2023-03-08 21:00:00,0.0,0.0,0.0
2023-03-08 22:00:00,0.0,0.0,0.0
2023-03-08 23:00:00,0.0,0.0,0.0
2023-03-09 00:00:00,0.0,0.0,0.0
2023-03-09 01:00:00,0.0,0.0,0.0
2023-03-09 02:00:00,0.0,0.0,0.0
2023-03-09 03:00:00,0.0,0.0,0.0
2023-03-09 04:00:00,0.0,0.0,0.0
2023-03-09 05:00:00,0.0205764017057404,0.0155276572382529,0.0
2023-03-09 06:00:00,0.1244844496688621,0.0731488742080547,0.0172964172023907
2023-03-09 07:00:00,0.2415070588217533,0.1656675713256908,0.0676914211073166
2023-03-09 08:00:00,0.3854750141230026,0.3560226007886189,0.0902539477379695
2023-03-09 09:00:00,0.5600684477450041,0.6114018891797935,0.1953571090905899
2023-03-09 10:00:00,0.6509596964640443,0.7262301901218623,0.3631410884390518
2023-03-09 11:00:00,0.6804063212921854,0.7063066278518758,0.3969954116986303
2023-03-09 12:00:00,0.638027601666604,0.6191682677744845,0.3402353659824891
2023-03-09 13:00:00,0.5415701257070652,0.4811262724301994,0.1997099558776949
2023-03-09 14:00:00,0.3772278362322679,0.3209586417481104,0.1575961036828068
2023-03-09 15:00:00,0.1570289428324717,0.1458601515939817,0.1426083267055726
2023-03-09 16:00:00,0.0253788970158708,0.0,0.0271813173027936
2023-03-09 17:00:00,0.0,0.0,0.0
2023-03-09 18:00:00,0.0,0.0,0.0
2023-03-09 19:00:00,0.0,0.0,0.0
2023-03-09 20:00:00,0.0,0.0,0.0
2023-03-09 21:00:00,0.0,0.0,0.0
2023-03-09 22:00:00,0.0,0.0,0.0
2023-03-09 23:00:00,0.0,0.0,0.0
2023-03-10 00:00:00,0.0,0.0,0.0
2023-03-10 01:00:00,0.0,0.0,0.0
2023-03-10 02:00:00,0.0,0.0,0.0
2023-03-10 03:00:00,0.0,0.0,0.0
2023-03-10 04:00:00,0.0,0.0,0.0
2023-03-10 05:00:00,0.0056700638606762,0.0402458209884516,0.0
2023-03-10 06:00:00,0.0604251111756226,0.2055217326605382,0.0383578253248723
2023-03-10 07:00:00,0.1014851326222131,0.3833860538425269,0.2064385635509859
2023-03-10 08:00:00,0.2051822964429004,0.4461681392941721,0.3050264093463273
2023-03-10 09:00:00,0.4742663269901188,0.5956538893241302,0.5608801503456339
2023-03-10 10:00:00,0.594030166853061,0.5734149818141536,0.6782260530962639
2023-03-10 11:00:00,0.662096598238878,0.3997869910404031,0.7155255348122951
2023-03-10 12:00:00,0.6399654578927498,0.2510584243859135,0.689764129006071
2023-03-10 13:00:00,0.5265531611602515,0.2108142852973892,0.6072659677797374
2023-03-10 14:00:00,0.3773501413617408,0.1257084962884652,0.4742773800144404
2023-03-10 15:00:00,0.1765134647037489,0.06345014559563,0.2780822621905347
2023-03-10 16:00:00,0.025427575123526,0.0,0.090306601950342
2023-03-10 17:00:00,0.0,0.0,0.0
2023-03-10 18:00:00,0.0,0.0,0.0
2023-03-10 19:00:00,0.0,0.0,0.0
2023-03-10 20:00:00,0.0,0.0,0.0
2023-03-10 21:00:00,0.0,0.0,0.0
2023-03-10 22:00:00,0.0,0.0,0.0
2023-03-10 23:00:00,0.0,0.0,0.0
2023-03-11 00:00:00,0.0,0.0,0.0
2023-03-11 01:00:00,0.0,0.0,0.0
2023-03-11 02:00:00,0.0,0.0,0.0
2023-03-11 03:00:00,0.0,0.0,0.0
2023-03-11 04:00:00,0.0,0.0,0.0
2023-03-11 05:00:00,0.0,0.0099591068551475,0.0
2023-03-11 06:00:00,0.0306408272380062,0.0443297864396504,0.0219090513735237
2023-03-11 07:00:00,0.0798592056551309,0.102003590664526,0.0916520881628843
2023-03-11 08:00:00,0.1312597133062248,0.1093926639522776,0.1555495782380896
2023-03-11 09:00:00,0.1502646637418901,0.19302476981965,0.1276229997301487
2023-03-11 10:00:00,0.2294174260311821,0.1130580795525484,0.3487363202882438
2023-03-11 11:00:00,0.1898144547750379,0.1165318316832736,0.2495933136930476
2023-03-11 12:00:00,0.2382302230145274,0.1289337449601471,0.2786725305833869
2023-03-11 13:00:00,0.3138192707426468,0.1064420513090365,0.270846790349992
2023-03-11 14:00:00,0.271696422143031,0.0614699654858577,0.1213654881364885
2023-03-11 15:00:00,0.1028135243983007,0.0312466487349739,0.1551393484766043
2023-03-11 16:00:00,0.0068879574238902,0.0,0.0354599577184561
2023-03-11 17:00:00,0.0,0.0,0.0
2023-03-11 18:00:00,0.0,0.0,0.0
2023-03-11 19:00:00,0.0,0.0,0.0
2023-03-11 20:00:00,0.0,0.0,0.0
2023-03-11 21:00:00,0.0,0.0,0.0
2023-03-11 22:00:00,0.0,0.0,0.0
2023-03-11 23:00:00,0.0,0.0,0.0
2023-03-12 00:00:00,0.0,0.0,0.0
2023-03-12 01:00:00,0.0,0.0,0.0
2023-03-12 02:00:00,0.0,0.0,0.0
2023-03-12 03:00:00,0.0,0.0,0.0
2023-03-12 04:00:00,0.0,0.0,0.0
2023-03-12 05:00:00,0.010374999921467,0.0,0.0
2023-03-12 06:00:00,0.1487782800970438,0.0054483324479555,0.055040543292825
2023-03-12 07:00:00,0.333256820550477,0.0632022650774212,0.2020512076998099
2023-03-12 08:00:00,0.4933469140942066,0.1033539485179003,0.4303045301922534
2023-03-12 09:00:00,0.6358968613763663,0.2028610308216214,0.5990065220368476
2023-03-12 10:00:00,0.6317012920095706,0.3487973801488606,0.6427608437761868
2023-03-12 11:00:00,0.73726003574132,0.2724541954763794,0.604521788519769
2023-03-12 12:00:00,0.6912780511325275,0.2334584040243565,0.5872928201070183
2023-03-12 13:00:00,0.5817332271631371,0.1692418924090802,0.4771600140141919
2023-03-12 14:00:00,0.3460064082474862,0.0873424952101149,0.418540674108192
2023-03-12 15:00:00,0.1391609146505004,0.0371126723356862,0.2515823259493125
2023-03-12 16:00:00,0.0125200136507768,0.0,0.0992670452011039
2023-03-12 17:00:00,0.0,0.0,0.0
2023-03-12 18:00:00,0.0,0.0,0.0
2023-03-12 19:00:00,0.0,0.0,0.0
2023-03-12 20:00:00,0.0,0.0,0.0
2023-03-12 21:00:00,0.0,0.0,0.0
2023-03-12 22:00:00,0.0,0.0,0.0
2023-03-12 23:00:00,0.0,0.0,0.0
2023-03-13 00:00:00,0.0,0.0,0.0
2023-03-13 01:00:00,0.0,0.0,0.0
2023-03-13 02:00:00,0.0,0.0,0.0
2023-03-13 03:00:00,0.0,0.0,0.0
2023-03-13 04:00:00,0.0,0.0,0.0
2023-03-13 05:00:00,0.0427606239316318,0.0580262330011104,0.0
2023-03-13 06:00:00,0.2459167225451318,0.2623620798127509,0.0520633239942867
2023-03-13 07:00:00,0.4537342292531071,0.4756880501355626,0.0840664852033559
2023-03-13 08:00:00,0.6301826721268828,0.6338674788372329,0.1695313264011854
2023-03-13 09:00:00,0.7446966186956462,0.7158661378698998,0.2133030161070529
2023-03-13 10:00:00,0.7880626978542878,0.7765039865920345,0.4042671994988364
2023-03-13 11:00:00,0.7813564990822572,0.7665886094626826,0.6405622873053455
2023-03-13 12:00:00,0.7187719092864663,0.7044432336605788,0.6688363349502601
2023-03-13 13:00:00,0.5980077877854599,0.5772601302007698,0.5838919682959566
2023-03-13 14:00:00,0.4221997296143216,0.3950786460450411,0.4540686523976301
2023-03-13 15:00:00,0.2045175102962703,0.177794546109038,0.2954054615248874
2023-03-13 16:00:00,0.0285560036445243,0.0228903839487341,0.0856298458157697
2023-03-13 17:00:00,0.0,0.0,0.0
2023-03-13 18:00:00,0.0,0.0,0.0
2023-03-13 19:00:00,0.0,0.0,0.0
2023-03-13 20:00:00,0.0,0.0,0.0
2023-03-13 21:00:00,0.0,0.0,0.0
2023-03-13 22:00:00,0.0,0.0,0.0
2023-03-13 23:00:00,0.0,0.0,0.0
2023-03-14 00:00:00,0.0,0.0,0.0
2023-03-14 01:00:00,0.0,0.0,0.0
2023-03-14 02:00:00,0.0,0.0,0.0
2023-03-14 03:00:00,0.0,0.0,0.0
2023-03-14 04:00:00,0.0,0.0,0.0
2023-03-14 05:00:00,0.0520266820334879,0.0604757179937081,0.0
2023-03-14 06:00:00,0.2558359552422339,0.2564880060147266,0.0797158358319699
2023-03-14 07:00:00,0.4717220972593303,0.4761490684017928,0.2348506033980753
2023-03-14 08:00:00,0.6298412743353953,0.6278594830731878,0.4370429324138055
2023-03-14 09:00:00,0.7386811911842237,0.728296290952607,0.5729059988378417
2023-03-14 10:00:00,0.7825643709770135,0.7634511338291706,0.6071156218696188
2023-03-14 11:00:00,0.788932466354739,0.7527272220167858,0.4982279602184806
2023-03-14 12:00:00,0.6748596492923962,0.6938188989327932,0.3510600135212247
2023-03-14 13:00:00,0.5293146891528453,0.5479658978407348,0.1720740711990246
2023-03-14 14:00:00,0.3621419711639391,0.395224908710641,0.1352949964434978
2023-03-14 15:00:00,0.1705522398438235,0.1818174619479272,0.097466154753118
2023-03-14 16:00:00,0.0194885290000533,0.0216330921978826,0.0394481104164196
2023-03-14 17:00:00,0.0,0.0,0.0
2023-03-14 18:00:00,0.0,0.0,0.0
2023-03-14 19:00:00,0.0,0.0,0.0
2023-03-14 20:00:00,0.0,0.0,0.0
2023-03-14 21:00:00,0.0,0.0,0.0
2023-03-14 22:00:00,0.0,0.0,0.0
2023-03-14 23:00:00,0.0,0.0,0.0
2023-03-15 00:00:00,0.0,0.0,0.0
2023-03-15 01:00:00,0.0,0.0,0.0
2023-03-15 02:00:00,0.0,0.0,0.0
2023-03-15 03:00:00,0.0,0.0,0.0
2023-03-15 04:00:00,0.0,0.0,0.0
2023-03-15 05:00:00,0.0226080026367227,0.0442807116986527,0.0
2023-03-15 06:00:00,0.1245141316125423,0.2230753357564668,0.0315781178476789
2023-03-15 07:00:00,0.3468283480766397,0.4044893561306767,0.045987517867113
2023-03-15 08:00:00,0.3675841061661493,0.5990831989020571,0.0758777473702724
2023-03-15 09:00:00,0.2927688338555559,0.6939511075948883,0.1322348498392589
2023-03-15 10:00:00,0.3035882630826906,0.6440516553948901,0.2300941298525047
2023-03-15 11:00:00,0.2773313336012949,0.6083087312785663,0.2823063175365678
2023-03-15 12:00:00,0.204294967080677,0.4629377175005902,0.2380036684825306
2023-03-15 13:00:00,0.1555527467469862,0.3254815027252447,0.0951238421991853
2023-03-15 14:00:00,0.1364525045530999,0.1491588355897036,0.0387226854207657
2023-03-15 15:00:00,0.0744597269209489,0.0315148945003078,0.0184261309808861
2023-03-15 16:00:00,0.0108692111471339,0.0,0.0052040718032676
2023-03-15 17:00:00,0.0,0.0,0.0
2023-03-15 18:00:00,0.0,0.0,0.0
2023-03-15 19:00:00,0.0,0.0,0.0
2023-03-15 20:00:00,0.0,0.0,0.0
2023-03-15 21:00:00,0.0,0.0,0.0
2023-03-15 22:00:00,0.0,0.0,0.0
2023-03-15 23:00:00,0.0,0.0,0.0
2023-03-16 00:00:00,0.0,0.0,0.0
2023-03-16 01:00:00,0.0,0.0,0.0
2023-03-16 02:00:00,0.0,0.0,0.0
2023-03-16 03:00:00,0.0,0.0,0.0
2023-03-16 04:00:00,0.0,0.0,0.0
2023-03-16 05:00:00,0.0114905639545525,0.0011488119333135,0.0
2023-03-16 06:00:00,0.0848668367968982,0.0115838080298137,0.0209270465171753
2023-03-16 07:00:00,0.284765442715793,0.0740131795494493,0.1355176198916625
2023-03-16 08:00:00,0.4683551032199273,0.0635466012863463,0.1831150776431679
2023-03-16 09:00:00,0.6568229317571725,0.063897685560679,0.2803231527552376
2023-03-16 10:00:00,0.683751017463026,0.0903267737481669,0.2505398461639847
2023-03-16 11:00:00,0.6440097035742999,0.1706904534487697,0.4464579203623904
2023-03-16 12:00:00,0.5974673151933398,0.1051942197840882,0.567855454762417
2023-03-16 13:00:00,0.3400042956639532,0.1142720146176937,0.5432157606596875
2023-03-16 14:00:00,0.2126391706598866,0.0603659196816237,0.3237077963533216
2023-03-16 15:00:00,0.1076766191219684,0.0185713661747198,0.2494170753270626
2023-03-16 16:00:00,0.0099935394435065,2.117506499800696e-05,0.1012519838763854
2023-03-16 17:00:00,0.0,0.0,0.0
2023-03-16 18:00:00,0.0,0.0,0.0
2023-03-16 19:00:00,0.0,0.0,0.0
2023-03-16 20:00:00,0.0,0.0,0.0
2023-03-16 21:00:00,0.0,0.0,0.0
2023-03-16 22:00:00,0.0,0.0,0.0
2023-03-16 23:00:00,0.0,0.0,0.0
2023-03-17 00:00:00,0.0,0.0,0.0
2023-03-17 01:00:00,0.0,0.0,0.0
2023-03-17 02:00:00,0.0,0.0,0.0
2023-03-17 03:00:00,0.0,0.0,0.0
2023-03-17 04:00:00,0.0,0.0,0.0
2023-03-17 05:00:00,0.00481994074197,0.0009220702130827,0.0
2023-03-17 06:00:00,0.0435514073461432,0.0174087135681926,0.1388006741429999
2023-03-17 07:00:00,0.0833731034217028,0.0418552929453036,0.333995976848772
2023-03-17 08:00:00,0.1397392692403568,0.0759412296807949,0.5421608187681073
2023-03-17 09:00:00,0.1574919453228021,0.0904860364700848,0.678529005733445
2023-03-17 10:00:00,0.1737357534620348,0.1369713778718613,0.7119223954929361
2023-03-17 11:00:00,0.2069704601523253,0.119497663978543,0.7008025047411152
2023-03-17 12:00:00,0.2014969230395964,0.0950710906635201,0.716826191415161
2023-03-17 13:00:00,0.1232657786589013,0.0831984804331215,0.5709750547555427
2023-03-17 14:00:00,0.0742768530254216,0.0489333331048015,0.4991922729961629
2023-03-17 15:00:00,0.0230193049518582,0.0211388444463961,0.289755607148483
2023-03-17 16:00:00,0.0018194167305222,0.0002552224817826,0.1051427226502008
2023-03-17 17:00:00,0.0,0.0,0.0
2023-03-17 18:00:00,0.0,0.0,0.0
2023-03-17 19:00:00,0.0,0.0,0.0
2023-03-17 20:00:00,0.0,0.0,0.0
2023-03-17 21:00:00,0.0,0.0,0.0
2023-03-17 22:00:00,0.0,0.0,0.0
2023-03-17 23:00:00,0.0,0.0,0.0
2023-03-18 00:00:00,0.0,0.0,0.0
2023-03-18 01:00:00,0.0,0.0,0.0
2023-03-18 02:00:00,0.0,0.0,0.0
2023-03-18 03:00:00,0.0,0.0,0.0
2023-03-18 04:00:00,0.0,0.0,0.0
2023-03-18 05:00:00,0.0098756185696243,0.0090874398690101,0.0
2023-03-18 06:00:00,0.073119141667545,0.0448079540778236,0.1384956680852809
2023-03-18 07:00:00,0.1588130788993433,0.1320015610645913,0.3556840354949842
2023-03-18 08:00:00,0.2222078541083203,0.1808233440614951,0.5441971775361081
2023-03-18 09:00:00,0.3185484052235174,0.2030122705936657,0.6873393511548198
2023-03-18 10:00:00,0.3289750024531249,0.1978361696519082,0.7599033523460159
2023-03-18 11:00:00,0.3152083956940723,0.2370425823107464,0.7835030253255018
2023-03-18 12:00:00,0.1674619007796638,0.1975317601223588,0.7510337383104699
2023-03-18 13:00:00,0.1527797429717239,0.1998641138550115,0.6613794539340409
2023-03-18 14:00:00,0.1135719799935921,0.1855626844501166,0.5190737283284381
2023-03-18 15:00:00,0.0411899321669472,0.0908056255693243,0.3229970709314017
2023-03-18 16:00:00,0.0064726645818665,0.0068855930072021,0.116480520498449
2023-03-18 17:00:00,0.0,0.0,0.0
2023-03-18 18:00:00,0.0,0.0,0.0
2023-03-18 19:00:00,0.0,0.0,0.0
2023-03-18 20:00:00,0.0,0.0,0.0
2023-03-18 21:00:00,0.0,0.0,0.0
2023-03-18 22:00:00,0.0,0.0,0.0
2023-03-18 23:00:00,0.0,0.0,0.0
2023-03-19 00:00:00,0.0,0.0,0.0
2023-03-19 01:00:00,0.0,0.0,0.0
2023-03-19 02:00:00,0.0,0.0,0.0
2023-03-19 03:00:00,0.0,0.0,0.0
2023-03-19 04:00:00,0.0,0.0,0.0
2023-03-19 05:00:00,0.0205863383004072,0.0084870454594291,0.0
2023-03-19 06:00:00,0.1299390440057548,0.0524282824786405,0.113737604001718
2023-03-19 07:00:00,0.2374246943739913,0.13092832700162,0.2569210940064084
2023-03-19 08:00:00,0.4003991023788728,0.1534953198213881,0.415922499143094
2023-03-19 09:00:00,0.3787365708280099,0.2123626594734361,0.5937802069232962
2023-03-19 10:00:00,0.3681643067981782,0.1499183881340099,0.7219190294140233
2023-03-19 11:00:00,0.4081185538975427,0.2098778375954859,0.7507805609250606
2023-03-19 12:00:00,0.3192793405942172,0.1957191905242667,0.7175586560530903
2023-03-19 13:00:00,0.2614870725940095,0.1740491998705614,0.6424544323846662
2023-03-19 14:00:00,0.1739813119342326,0.1030037359391195,0.5005222340396932
2023-03-19 15:00:00,0.0763718849184876,0.0482866862570464,0.3161124495660089
2023-03-19 16:00:00,0.0052178531118704,0.003343573968283,0.1142387590135525
2023-03-19 17:00:00,0.0,0.0,0.0
2023-03-19 18:00:00,0.0,0.0,0.0
2023-03-19 19:00:00,0.0,0.0,0.0
2023-03-19 20:00:00,0.0,0.0,0.0
2023-03-19 21:00:00,0.0,0.0,0.0
2023-03-19 22:00:00,0.0,0.0,0.0
2023-03-19 23:00:00,0.0,0.0,0.0
2023-03-20 00:00:00,0.0,0.0,0.0
2023-03-20 01:00:00,0.0,0.0,0.0
2023-03-20 02:00:00,0.0,0.0,0.0
2023-03-20 03:00:00,0.0,0.0,0.0
2023-03-20 04:00:00,0.0,0.0,0.0
2023-03-20 05:00:00,0.0123773897630239,0.0247956701740341,0.0
2023-03-20 06:00:00,0.0766562973202512,0.1390759183937056,0.1034802360342127
2023-03-20 07:00:00,0.1778439773432175,0.2847064419639855,0.1865363984403347
2023-03-20 08:00:00,0.2564400556184334,0.438017138728215,0.3492983066609045
2023-03-20 09:00:00,0.4097164114285756,0.4892949870907997,0.4940854005674097
2023-03-20 10:00:00,0.3625947850075333,0.5568140773130524,0.507364626717585
2023-03-20 11:00:00,0.3919615107970314,0.547232222232132,0.6325664149790792
2023-03-20 12:00:00,0.3122863011902003,0.513333054315364,0.5209311600624146
2023-03-20 13:00:00,0.2512045280379975,0.3736785304104111,0.4580403107736202
2023-03-20 14:00:00,0.1764863478642836,0.2479056542828543,0.3072997070369418
2023-03-20 15:00:00,0.1088240414530738,0.1009167454703535,0.1956474217335071
2023-03-20 16:00:00,0.0149204991618799,0.008525469870629,0.0810887123974079
2023-03-20 17:00:00,0.0,0.0,0.0
2023-03-20 18:00:00,0.0,0.0,0.0
2023-03-20 19:00:00,0.0,0.0,0.0
2023-03-20 20:00:00,0.0,0.0,0.0
2023-03-20 21:00:00,0.0,0.0,0.0
2023-03-20 22:00:00,0.0,0.0,0.0
2023-03-20 23:00:00,0.0,0.0,0.0
2023-03-21 00:00:00,0.0,0.0,0.0
2023-03-21 01:00:00,0.0,0.0,0.0
2023-03-21 02:00:00,0.0,0.0,0.0
2023-03-21 03:00:00,0.0,0.0,0.0
2023-03-21 04:00:00,0.0,0.0,0.0
2023-03-21 05:00:00,0.0374594307824338,0.0431550349132536,0.0
2023-03-21 06:00:00,0.1550612598770414,0.148779269328003,0.0792814148785805
2023-03-21 07:00:00,0.2840901207380241,0.269099510693239,0.2001387903122559
2023-03-21 08:00:00,0.3457293093878735,0.2854646632253571,0.3288862490165478
2023-03-21 09:00:00,0.5479519339990147,0.2299026712314445,0.4647857968346843
2023-03-21 10:00:00,0.6155658001348868,0.2149669741939109,0.5404900715579231
2023-03-21 11:00:00,0.5828876184949742,0.2487496394428799,0.4382418422692366
2023-03-21 12:00:00,0.5248771374830796,0.1628124454375173,0.3266871044810854
2023-03-21 13:00:00,0.4567848278739915,0.1266923755387931,0.2536623831108086
2023-03-21 14:00:00,0.315652026789501,0.0831633000957298,0.194553671221341
2023-03-21 15:00:00,0.1539929631545683,0.049345801408954,0.1768108434918666
2023-03-21 16:00:00,0.020199150316299,0.0022073207556466,0.0765193408463858
2023-03-21 17:00:00,0.0,0.0,0.0
2023-03-21 18:00:00,0.0,0.0,0.0
2023-03-21 19:00:00,0.0,0.0,0.0
2023-03-21 20:00:00,0.0,0.0,0.0
2023-03-21 21:00:00,0.0,0.0,0.0
2023-03-21 22:00:00,0.0,0.0,0.0
2023-03-21 23:00:00,0.0,0.0,0.0
2023-03-22 00:00:00,0.0,0.0,0.0
2023-03-22 01:00:00,0.0,0.0,0.0
2023-03-22 02:00:00,0.0,0.0,0.0
2023-03-22 03:00:00,0.0,0.0,0.0
2023-03-22 04:00:00,0.0,0.0,0.0
2023-03-22 05:00:00,0.0499629689696268,0.045025883944641,0.0
2023-03-22 06:00:00,0.1962508121076515,0.1785773557572861,0.0426555146790215
2023-03-22 07:00:00,0.2623837849413604,0.3905002960377038,0.2065139865512097
2023-03-22 08:00:00,0.4019453306239773,0.5449529083283038,0.3039146911519343
2023-03-22 09:00:00,0.4834586072407126,0.563710954911067,0.4343370537604968
2023-03-22 10:00:00,0.5870363814859306,0.6710079698231015,0.4997614502588534
2023-03-22 11:00:00,0.6349985619912011,0.5087598428099953,0.5276304418126335
2023-03-22 12:00:00,0.5342972666036836,0.2717830912079899,0.5325021282616799
2023-03-22 13:00:00,0.3398730824213015,0.2409314286816952,0.3979296053070985
2023-03-22 14:00:00,0.2561161568605464,0.1720595158531705,0.2825559224532815
2023-03-22 15:00:00,0.1051528036305685,0.1011119708136291,0.2297991850647316
2023-03-22 16:00:00,0.0099371698269517,0.0115875878660882,0.0893960561766126
2023-03-22 17:00:00,0.0,0.0,0.0
2023-03-22 18:00:00,0.0,0.0,0.0
2023-03-22 19:00:00,0.0,0.0,0.0
2023-03-22 20:00:00,0.0,0.0,0.0
2023-03-22 21:00:00,0.0,0.0,0.0
2023-03-22 22:00:00,0.0,0.0,0.0
2023-03-22 23:00:00,0.0,0.0,0.0
2023-03-23 00:00:00,0.0,0.0,0.0
2023-03-23 01:00:00,0.0,0.0,0.0
2023-03-23 02:00:00,0.0,0.0,0.0
2023-03-23 03:00:00,0.0,0.0,0.0
2023-03-23 04:00:00,0.0,0.0,0.0
2023-03-23 05:00:00,0.0307372535721329,0.0746553005030492,0.0051740543984024
2023-03-23 06:00:00,0.17035546497221,0.2546121842424055,0.1420547042435754
2023-03-23 07:00:00,0.2092243257073465,0.4610253363146935,0.2608257278023984
2023-03-23 08:00:00,0.4205931731368701,0.6079134689761833,0.4386992269087942
2023-03-23 09:00:00,0.535206523566465,0.7017835343909299,0.5686618074477485
2023-03-23 10:00:00,0.5995217541946696,0.733636151769048,0.6306579911057438
2023-03-23 11:00:00,0.6380134975980185,0.7062063160931403,0.6309235782639406
2023-03-23 12:00:00,0.5423868712512459,0.592601041971586,0.5701136512665408
2023-03-23 13:00:00,0.3614550176584564,0.4276234448375405,0.3857862885817271
2023-03-23 14:00:00,0.2675338781184353,0.2226642572376516,0.3314858788742385
2023-03-23 15:00:00,0.1512837159851494,0.1060208660136747,0.2078460858567662
2023-03-23 16:00:00,0.0235041417326063,0.0150983878688918,0.0701985676076603
2023-03-23 17:00:00,0.0,0.0,0.0
2023-03-23 18:00:00,0.0,0.0,0.0
2023-03-23 19:00:00,0.0,0.0,0.0
2023-03-23 20:00:00,0.0,0.0,0.0
2023-03-23 21:00:00,0.0,0.0,0.0
2023-03-23 22:00:00,0.0,0.0,0.0
2023-03-23 23:00:00,0.0,0.0,0.0
2023-03-24 00:00:00,0.0,0.0,0.0
2023-03-24 01:00:00,0.0,0.0,0.0
2023-03-24 02:00:00,0.0,0.0,0.0
2023-03-24 03:00:00,0.0,0.0,0.0
2023-03-24 04:00:00,0.0,0.0,0.0
2023-03-24 05:00:00,0.0708190230560174,0.0825534394669464,0.0041880635579594
2023-03-24 06:00:00,0.2396442592968359,0.2592759009263673,0.0962959273167865
2023-03-24 07:00:00,0.3631662998437043,0.4140374641602781,0.3038099337500393
2023-03-24 08:00:00,0.5503188202491331,0.49370330760328,0.4860430459190382
2023-03-24 09:00:00,0.6174000013140015,0.5101274471263588,0.5908365315642397
2023-03-24 10:00:00,0.6231209587870878,0.545487318366515,0.6400984788944649
2023-03-24 11:00:00,0.6146834942578889,0.6526862044092485,0.6694822549757273
2023-03-24 12:00:00,0.5100861074982304,0.6288050211915043,0.6401048928888033
2023-03-24 13:00:00,0.420079794855231,0.500839874073369,0.5434232377489564
2023-03-24 14:00:00,0.294579068454455,0.3273170693617408,0.3115804872224488
2023-03-24 15:00:00,0.1759706701919046,0.1661509664696142,0.1378106901631989
2023-03-24 16:00:00,0.02709752523219,0.0230229150083257,0.0538573724036527
2023-03-24 17:00:00,0.0,0.0,0.0
2023-03-24 18:00:00,0.0,0.0,0.0
2023-03-24 19:00:00,0.0,0.0,0.0
2023-03-24 20:00:00,0.0,0.0,0.0
2023-03-24 21:00:00,0.0,0.0,0.0
2023-03-24 22:00:00,0.0,0.0,0.0
2023-03-24 23:00:00,0.0,0.0,0.0
2023-03-25 00:00:00,0.0,0.0,0.0
2023-03-25 01:00:00,0.0,0.0,0.0
2023-03-25 02:00:00,0.0,0.0,0.0
2023-03-25 03:00:00,0.0,0.0,0.0
2023-03-25 04:00:00,0.0,0.0,0.0
2023-03-25 05:00:00,0.0501602581436814,0.0705405088749915,0.005050872677986
2023-03-25 06:00:00,0.2185591082113522,0.2135426114685509,0.0935967348660528
2023-03-25 07:00:00,0.2544847456743583,0.3119621714420902,0.172757838355152
2023-03-25 08:00:00,0.478708558006985,0.4368207626268443,0.2142061326704634
2023-03-25 09:00:00,0.6843653766886875,0.5401990499332698,0.2990528089913261
2023-03-25 10:00:00,0.744635814560334,0.5719958207515576,0.3266223993114162
2023-03-25 11:00:00,0.7379646008036703,0.6006618817215814,0.3217315801673287
2023-03-25 12:00:00,0.6284547716351178,0.5015199341948495,0.1534075904766285
2023-03-25 13:00:00,0.422498884714886,0.3757532525472088,0.0647780584931586
2023-03-25 14:00:00,0.2450599701020993,0.2322182802318539,0.0551654969567748
2023-03-25 15:00:00,0.1288295071407593,0.1207418700703399,0.0268418973305255
2023-03-25 16:00:00,0.018855918061074,0.0172112463529493,0.0125494814758448
2023-03-25 17:00:00,0.0,0.0,0.0
2023-03-25 18:00:00,0.0,0.0,0.0
2023-03-25 19:00:00,0.0,0.0,0.0
2023-03-25 20:00:00,0.0,0.0,0.0
2023-03-25 21:00:00,0.0,0.0,0.0
2023-03-25 22:00:00,0.0,0.0,0.0
2023-03-25 23:00:00,0.0,0.0,0.0
2023-03-26 00:00:00,0.0,0.0,0.0
2023-03-26 01:00:00,0.0,0.0,0.0
2023-03-26 02:00:00,0.0,0.0,0.0
2023-03-26 03:00:00,0.0,0.0,0.0
2023-03-26 04:00:00,0.0,0.0,0.0
2023-03-26 05:00:00,0.059341870605972,0.0184544891731907,0.0046736873342791
2023-03-26 06:00:00,0.2057016180841569,0.0628762129814838,0.0784571201532063
2023-03-26 07:00:00,0.2723874128597493,0.1274047843473583,0.3290858823465378
2023-03-26 08:00:00,0.4250630842115081,0.1649399403162915,0.4697514007882279
2023-03-26 09:00:00,0.4651824282786486,0.2596933833643489,0.6091722811025732
2023-03-26 10:00:00,0.4111789423660787,0.3381017414400993,0.6435321740681098
2023-03-26 11:00:00,0.3559287160256196,0.2103992797850237,0.5438956000017862
2023-03-26 12:00:00,0.2533733648659224,0.1389138614259124,0.5506289315208537
2023-03-26 13:00:00,0.1326621033303535,0.0586602387001758,0.536438445805816
2023-03-26 14:00:00,0.0547364807102268,0.030525010243092,0.4564230149185671
2023-03-26 15:00:00,0.0254102740101973,0.0151438324712624,0.2538590605090532
2023-03-26 16:00:00,0.0022592871706817,0.0001198065949138,0.1115450922919489
2023-03-26 17:00:00,0.0,0.0,0.0
2023-03-26 18:00:00,0.0,0.0,0.0
2023-03-26 19:00:00,0.0,0.0,0.0
2023-03-26 20:00:00,0.0,0.0,0.0
2023-03-26 21:00:00,0.0,0.0,0.0
2023-03-26 22:00:00,0.0,0.0,0.0
2023-03-26 23:00:00,0.0,0.0,0.0
2023-03-27 00:00:00,0.0,0.0,0.0
2023-03-27 01:00:00,0.0,0.0,0.0
2023-03-27 02:00:00,0.0,0.0,0.0
2023-03-27 03:00:00,0.0,0.0,0.0
2023-03-27 04:00:00,0.0,0.0,0.0
2023-03-27 05:00:00,0.0797292992863465,0.0538782553742134,0.006875407881717
2023-03-27 06:00:00,0.274996151240118,0.2021047493723593,0.0797156453195289
2023-03-27 07:00:00,0.4838729436850892,0.3049835942342381,0.1157137103806438
2023-03-27 08:00:00,0.6403570462655104,0.4022518315205504,0.1199386683892098
2023-03-27 09:00:00,0.7302480681826592,0.5594344055217968,0.1247590872268758
2023-03-27 10:00:00,0.717609567808219,0.5711027841811389,0.1767876757253635
2023-03-27 11:00:00,0.7174251645093063,0.5422379333650524,0.2277742500456189
2023-03-27 12:00:00,0.6854569105145041,0.5314936367985891,0.1850909596897751
2023-03-27 13:00:00,0.5414662200390028,0.4063910719101294,0.1507446423252588
2023-03-27 14:00:00,0.4067388316713372,0.2439310650467321,0.0978049730912896
2023-03-27 15:00:00,0.1610966786340999,0.1265006383737539,0.0515960571173573
2023-03-27 16:00:00,0.0243156638491744,0.0195001141075596,0.0118049103542895
2023-03-27 17:00:00,0.0,0.0,0.0
2023-03-27 18:00:00,0.0,0.0,0.0
2023-03-27 19:00:00,0.0,0.0,0.0
2023-03-27 20:00:00,0.0,0.0,0.0
2023-03-27 21:00:00,0.0,0.0,0.0
2023-03-27 22:00:00,0.0,0.0,0.0
2023-03-27 23:00:00,0.0,0.0,0.0
2023-03-28 00:00:00,0.0,0.0,0.0
2023-03-28 01:00:00,0.0,0.0,0.0
2023-03-28 02:00:00,0.0,0.0,0.0
2023-03-28 03:00:00,0.0,0.0,0.0
2023-03-28 04:00:00,0.0,0.0,0.0
2023-03-28 05:00:00,0.0334712861132213,0.0722568125380481,0.0023355594135532
2023-03-28 06:00:00,0.1163429624755009,0.1624613647350128,0.046474845394673
2023-03-28 07:00:00,0.1592931735690048,0.1502994808063063,0.1869737997542037
2023-03-28 08:00:00,0.1533872281799624,0.125668447938283,0.4523582838281874
2023-03-28 09:00:00,0.2950298850011643,0.2248854984797964,0.7212387101101538
2023-03-28 10:00:00,0.5769642002366294,0.2200124760520102,0.8096569670746145
2023-03-28 11:00:00,0.5688306956619791,0.1866602619917715,0.7788677759118785
2023-03-28 12:00:00,0.389659668664519,0.2019296288890958,0.75888044617098
2023-03-28 13:00:00,0.3526938928810248,0.0652203427807015,0.6395418608620351
2023-03-28 14:00:00,0.241117551806823,0.0651800704874888,0.4031467548086334
2023-03-28 15:00:00,0.1747979752117071,0.0385037605033267,0.2892206123116014
2023-03-28 16:00:00,0.0317656387564864,0.006160773751462,0.125884892637658
2023-03-28 17:00:00,0.0,0.0,0.002339986332285
2023-03-28 18:00:00,0.0,0.0,0.0
2023-03-28 19:00:00,0.0,0.0,0.0
2023-03-28 20:00:00,0.0,0.0,0.0
2023-03-28 21:00:00,0.0,0.0,0.0
2023-03-28 22:00:00,0.0,0.0,0.0
2023-03-28 23:00:00,0.0,0.0,0.0
2023-03-29 00:00:00,0.0,0.0,0.0
2023-03-29 01:00:00,0.0,0.0,0.0
2023-03-29 02:00:00,0.0,0.0,0.0
2023-03-29 03:00:00,0.0,0.0,0.0
2023-03-29 04:00:00,0.0,0.0,0.0
2023-03-29 05:00:00,0.0352967452880944,0.02548389689387,0.0096754001543346
2023-03-29 06:00:00,0.12404070552943,0.0358563851332623,0.1181277608607243
2023-03-29 07:00:00,0.3094916877416591,0.0678284929182168,0.3171793496232991
2023-03-29 08:00:00,0.3632392462925499,0.1471893990184035,0.4220569983116182
2023-03-29 09:00:00,0.3978758849776274,0.2653527808866501,0.4185602539900735
2023-03-29 10:00:00,0.4596561380598885,0.2631819517774395,0.414111405550507
2023-03-29 11:00:00,0.413921145739378,0.1994669872529348,0.4659398285306739
2023-03-29 12:00:00,0.354218589815399,0.1390524183267619,0.5052227141376477
2023-03-29 13:00:00,0.335968054690702,0.1342363369757453,0.4453765235537973
2023-03-29 14:00:00,0.2332230898360824,0.0954572580604623,0.3171136053955807
2023-03-29 15:00:00,0.1074560119180685,0.0434856099528168,0.2113996246602559
2023-03-29 16:00:00,0.01905347198276,0.0043443126526478,0.0988131254099807
2023-03-29 17:00:00,0.0,0.0,0.0035324221724622
2023-03-29 18:00:00,0.0,0.0,0.0
2023-03-29 19:00:00,0.0,0.0,0.0
2023-03-29 20:00:00,0.0,0.0,0.0
2023-03-29 21:00:00,0.0,0.0,0.0
2023-03-29 22:00:00,0.0,0.0,0.0
2023-03-29 23:00:00,0.0,0.0,0.0
2023-03-30 00:00:00,0.0,0.0,0.0
2023-03-30 01:00:00,0.0,0.0,0.0
2023-03-30 02:00:00,0.0,0.0,0.0
2023-03-30 03:00:00,0.0,0.0,0.0
2023-03-30 04:00:00,0.0,0.0,0.0
2023-03-30 05:00:00,0.0827957866064684,0.0326249826479353,0.0158591557645437
2023-03-30 06:00:00,0.228143754662127,0.0941835495556027,0.1889720903491774
2023-03-30 07:00:00,0.3735916581659272,0.117698299603732,0.4117990143061282
2023-03-30 08:00:00,0.4028703544232668,0.1297531036969454,0.5867874688712182
2023-03-30 09:00:00,0.3383506043269488,0.1207895895966768,0.7090197777080876
2023-03-30 10:00:00,0.2364604424964086,0.1672998114450289,0.759579608989262
2023-03-30 11:00:00,0.245062944271817,0.173221825890806,0.7641036462824925
2023-03-30 12:00:00,0.1845284809304744,0.1247978481623544,0.6877242851785063
2023-03-30 13:00:00,0.1759942405591475,0.0842923203927318,0.5715883457307045
2023-03-30 14:00:00,0.1073338926469844,0.0726286646235023,0.4433291356005727
2023-03-30 15:00:00,0.0452451311524785,0.0283551703039036,0.3242653654953249
2023-03-30 16:00:00,0.0066913828369608,0.0036194833078784,0.1365430851913367
2023-03-30 17:00:00,0.0,0.0,0.002774452115266
2023-03-30 18:00:00,0.0,0.0,0.0
2023-03-30 19:00:00,0.0,0.0,0.0
2023-03-30 20:00:00,0.0,0.0,0.0
2023-03-30 21:00:00,0.0,0.0,0.0
2023-03-30 22:00:00,0.0,0.0,0.0
2023-03-30 23:00:00,0.0,0.0,0.0
2023-03-31 00:00:00,0.0,0.0,0.0
2023-03-31 01:00:00,0.0,0.0,0.0
2023-03-31 02:00:00,0.0,0.0,0.0
2023-03-31 03:00:00,0.0,0.0,0.0
2023-03-31 04:00:00,0.0,0.0,0.0
2023-03-31 05:00:00,0.1041545943733705,0.1211453489262183,0.0020966984653903
2023-03-31 06:00:00,0.311136684576924,0.3392548835648183,0.0257923056069561
2023-03-31 07:00:00,0.4315174095730224,0.5374346152498929,0.046496824644396
2023-03-31 08:00:00,0.418941289226681,0.5983864424388897,0.0517220455338049
2023-03-31 09:00:00,0.5776535028845325,0.4539236394128012,0.0995155026301079
2023-03-31 10:00:00,0.6558903763640342,0.4738435482047854,0.2038218830497118
2023-03-31 11:00:00,0.7469099832987084,0.5639278355344016,0.4767787691872279
2023-03-31 12:00:00,0.7040027399800468,0.3293977460773436,0.3452059182984504
2023-03-31 13:00:00,0.5936454734624341,0.261671359172728,0.3742432014662126
2023-03-31 14:00:00,0.4399683187350739,0.1863050217732039,0.4114432579840775
2023-03-31 15:00:00,0.2279607401824345,0.0987936087941649,0.2580749262679065
2023-03-31 16:00:00,0.0424439737741628,0.017129720308819,0.1045020815279274
2023-03-31 17:00:00,0.0,0.0,0.0030289308364451
2023-03-31 18:00:00,0.0,0.0,0.0
2023-03-31 19:00:00,0.0,0.0,0.0
2023-03-31 20:00:00,0.0,0.0,0.0
2023-03-31 21:00:00,0.0,0.0,0.0
2023-03-31 22:00:00,0.0,0.0,0.0
2023-03-31 23:00:00,0.0,0.0,0.0
2023-04-01 00:00:00,0.0,0.0,0.0
2023-04-01 01:00:00,0.0,0.0,0.0
2023-04-01 02:00:00,0.0,0.0,0.0
2023-04-01 03:00:00,0.0,0.0,0.0
2023-04-01 04:00:00,0.0,0.0,0.0
2023-04-01 05:00:00,0.0139304599443338,0.0189251425537679,0.0004559176490525
2023-04-01 06:00:00,0.0436722973434533,0.0415829219812591,0.0198415898025594
2023-04-01 07:00:00,0.0780729247313259,0.0562677692342269,0.067930286042655
2023-04-01 08:00:00,0.1764048088384335,0.0898200342592911,0.1413289946628797
2023-04-01 09:00:00,0.3072689006578837,0.1313093085226373,0.3295706535995097
2023-04-01 10:00:00,0.4345932956209857,0.1153509120826645,0.4416613012066075
2023-04-01 11:00:00,0.4351482948754024,0.0938943418922578,0.483818491135299
2023-04-01 12:00:00,0.3797585283683973,0.1034906887065155,0.4534885864712407
2023-04-01 13:00:00,0.3889407605976198,0.067260423359031,0.3620974942236328
2023-04-01 14:00:00,0.3135889186255741,0.0736037768036208,0.2701947394054749
2023-04-01 15:00:00,0.1979863031075127,0.028519987448377,0.1241516924968756
2023-04-01 16:00:00,0.0404513028965097,0.0035515907898783,0.0616867498196146
2023-04-01 17:00:00,0.0,0.0,0.0038037815957975
2023-04-01 18:00:00,0.0,0.0,0.0
2023-04-01 19:00:00,0.0,0.0,0.0
2023-04-01 20:00:00,0.0,0.0,0.0
2023-04-01 21:00:00,0.0,0.0,0.0
2023-04-01 22:00:00,0.0,0.0,0.0
2023-04-01 23:00:00,0.0,0.0,0.0
2023-04-02 00:00:00,0.0,0.0,0.0
2023-04-02 01:00:00,0.0,0.0,0.0
2023-04-02 02:00:00,0.0,0.0,0.0
2023-04-02 03:00:00,0.0,0.0,0.0
2023-04-02 04:00:00,0.0,0.0010107414717946,0.0
2023-04-02 05:00:00,0.0183253718233681,0.0344536674992057,0.0130447795930626
2023-04-02 06:00:00,0.0609075142356765,0.0557392476912248,0.0800879910776011
2023-04-02 07:00:00,0.0803796981397016,0.1030896225992737,0.2395322194229304
2023-04-02 08:00:00,0.0542019098943047,0.1578949078604987,0.2598644570481756
2023-04-02 09:00:00,0.1782923770888928,0.0992922681838836,0.2076837058522316
2023-04-02 10:00:00,0.2947931434650184,0.16440031404426,0.1965318800274049
2023-04-02 11:00:00,0.2965315369507354,0.209395590299919,0.2336957801396738
2023-04-02 12:00:00,0.2498933365300079,0.1611818026384197,0.3807309539985532
2023-04-02 13:00:00,0.3209971466875422,0.0930125052855099,0.3548311715283428
2023-04-02 14:00:00,0.2759973476524611,0.0367053992610599,0.1943068817536726
2023-04-02 15:00:00,0.0690933559205621,0.0185506011112995,0.201039435634857
2023-04-02 16:00:00,0.013296133536136,0.0047192072865744,0.0693114586065414
2023-04-02 17:00:00,0.0,0.0,0.0039251652911362
2023-04-02 18:00:00,0.0,0.0,0.0
2023-04-02 19:00:00,0.0,0.0,0.0
2023-04-02 20:00:00,0.0,0.0,0.0
2023-04-02 21:00:00,0.0,0.0,0.0
2023-04-02 22:00:00,0.0,0.0,0.0
2023-04-02 23:00:00,0.0,0.0,0.0
2023-04-03 00:00:00,0.0,0.0,0.0
2023-04-03 01:00:00,0.0,0.0,0.0
2023-04-03 02:00:00,0.0,0.0,0.0
2023-04-03 03:00:00,0.0,0.0,0.0
2023-04-03 04:00:00,0.0,0.0,0.0
2023-04-03 05:00:00,0.0177934231393476,0.0052816371580511,0.0054238181327556
2023-04-03 06:00:00,0.0559666070894518,0.0157024738930556,0.0399763416388174
2023-04-03 07:00:00,0.1705094154346262,0.0284019809071787,0.0797922415442207
2023-04-03 08:00:00,0.2898637668575182,0.0577940293768069,0.1975239871536195
2023-04-03 09:00:00,0.4453241561907686,0.0805263891310533,0.1764981740245433
2023-04-03 10:00:00,0.5740294679567025,0.1383568705696253,0.2584076362051706
2023-04-03 11:00:00,0.5324270255350396,0.169163077704356,0.2887171731836246
2023-04-03 12:00:00,0.5113753024585677,0.1999803311636981,0.237129759738484
2023-04-03 13:00:00,0.535303580258963,0.1208212152334668,0.1967409380914673
2023-04-03 14:00:00,0.4019520527297153,0.0928192796817126,0.136837972336232
2023-04-03 15:00:00,0.1912828484043182,0.047631915841011,0.0777519281766046
2023-04-03 16:00:00,0.0390143919031516,0.0066035705291422,0.0313612248520098
2023-04-03 17:00:00,0.0,0.0,0.0
2023-04-03 18:00:00,0.0,0.0,0.0
2023-04-03 19:00:00,0.0,0.0,0.0
2023-04-03 20:00:00,0.0,0.0,0.0
2023-04-03 21:00:00,0.0,0.0,0.0
2023-04-03 22:00:00,0.0,0.0,0.0
2023-04-03 23:00:00,0.0,0.0,0.0
2023-04-04 00:00:00,0.0,0.0,0.0
2023-04-04 01:00:00,0.0,0.0,0.0
2023-04-04 02:00:00,0.0,0.0,0.0
2023-04-04 03:00:00,0.0,0.0,0.0
2023-04-04 04:00:00,0.0,0.0013449705864403,0.0
2023-04-04 05:00:00,0.0516892752769541,0.0335561401086481,0.0021208234881851
2023-04-04 06:00:00,0.1364713342528634,0.0949433052852297,0.0379557287932672
2023-04-04 07:00:00,0.1785547805101725,0.2633357081753953,0.1244160852350801
2023-04-04 08:00:00,0.2778910786197726,0.3268922378158759,0.1701511684000804
2023-04-04 09:00:00,0.2456134434921323,0.3828733695974545,0.2210421323102126
2023-04-04 10:00:00,0.3825445014996543,0.4028065897405912,0.2079458962359038
2023-04-04 11:00:00,0.4524861101287366,0.4214985173009558,0.2000371361829443
2023-04-04 12:00:00,0.3838857907895909,0.4634211505761887,0.1814183043479525
2023-04-04 13:00:00,0.2840687780212962,0.3077557723152249,0.1472721976942989
2023-04-04 14:00:00,0.171785951895928,0.1983817829914997,0.0920009094817404
2023-04-04 15:00:00,0.082200923306909,0.0921742120539564,0.0631824747236289
2023-04-04 16:00:00,0.024856376321441,0.0190638657217452,0.0215046557712418
2023-04-04 17:00:00,0.0,0.0,0.0005497178281238
2023-04-04 18:00:00,0.0,0.0,0.0
2023-04-04 19:00:00,0.0,0.0,0.0
2023-04-04 20:00:00,0.0,0.0,0.0
2023-04-04 21:00:00,0.0,0.0,0.0
2023-04-04 22:00:00,0.0,0.0,0.0
2023-04-04 23:00:00,0.0,0.0,0.0
2023-04-05 00:00:00,0.0,0.0,0.0
2023-04-05 01:00:00,0.0,0.0,0.0
2023-04-05 02:00:00,0.0,0.0,0.0
2023-04-05 03:00:00,0.0,0.0,0.0
2023-04-05 04:00:00,0.0004104845145431,0.005090630619479,0.0
2023-04-05 05:00:00,0.0288224102564396,0.1132402870702231,0.0174352541280179
2023-04-05 06:00:00,0.1306539547494379,0.2889385077766649,0.0856149620778445
2023-04-05 07:00:00,0.3415722730237553,0.3716132665942203,0.2075697771609807
2023-04-05 08:00:00,0.5034569155185472,0.3362716938407067,0.3256889263684868
2023-04-05 09:00:00,0.4333181097812598,0.3571215981804034,0.3521059842439976
2023-04-05 10:00:00,0.4076000171069837,0.3013084241460185,0.4002512134670248
2023-04-05 11:00:00,0.4245871841569889,0.2217517424325995,0.4521819233560307
2023-04-05 12:00:00,0.2716533367235406,0.1277149483802231,0.4676472355541839
2023-04-05 13:00:00,0.1447307742741428,0.1483674111080926,0.348774378130699
2023-04-05 14:00:00,0.1353877398749332,0.0944532570403294,0.2683905576427091
2023-04-05 15:00:00,0.0700110343527777,0.0892306596439703,0.1859846495711855
2023-04-05 16:00:00,0.0215337410905081,0.0200865425902268,0.0683009622434368
2023-04-05 17:00:00,0.0,0.0,0.0061935294247749
2023-04-05 18:00:00,0.0,0.0,0.0
2023-04-05 19:00:00,0.0,0.0,0.0
2023-04-05 20:00:00,0.0,0.0,0.0
2023-04-05 21:00:00,0.0,0.0,0.0
2023-04-05 22:00:00,0.0,0.0,0.0
2023-04-05 23:00:00,0.0,0.0,0.0
2023-04-06 00:00:00,0.0,0.0,0.0
2023-04-06 01:00:00,0.0,0.0,0.0
2023-04-06 02:00:00,0.0,0.0,0.0
2023-04-06 03:00:00,0.0,0.0,0.0
2023-04-06 04:00:00,5.5862727503574e-05,0.0,0.0
2023-04-06 05:00:00,0.0290402308361221,0.013744440985368,0.0028455648386331
2023-04-06 06:00:00,0.0893167662744528,0.0416391602944245,0.023627704118386
2023-04-06 07:00:00,0.143202459432558,0.089399001075808,0.0709273827659633
2023-04-06 08:00:00,0.1916792130769467,0.1938285700683429,0.1156390561199229
2023-04-06 09:00:00,0.243636384282751,0.1654504659262676,0.157996964953749
2023-04-06 10:00:00,0.3011314296319012,0.1578672134415622,0.2446956347980618
2023-04-06 11:00:00,0.3094390319105353,0.149661052006257,0.2221869501417212
2023-04-06 12:00:00,0.3044022955170594,0.1275749570509194,0.1984091504861313
2023-04-06 13:00:00,0.224512296934165,0.0994752697951835,0.1486559910422993
2023-04-06 14:00:00,0.1085133702948854,0.0825240986462773,0.0935271974313256
2023-04-06 15:00:00,0.0478698144642448,0.0402370946742957,0.0507837359719422
2023-04-06 16:00:00,0.016716791945934,0.0109864818158111,0.0244753335772184
2023-04-06 17:00:00,0.0,0.0,0.0005297294718031
2023-04-06 18:00:00,0.0,0.0,0.0
2023-04-06 19:00:00,0.0,0.0,0.0
2023-04-06 20:00:00,0.0,0.0,0.0
2023-04-06 21:00:00,0.0,0.0,0.0
2023-04-06 22:00:00,0.0,0.0,0.0
2023-04-06 23:00:00,0.0,0.0,0.0
2023-04-07 00:00:00,0.0,0.0,0.0
2023-04-07 01:00:00,0.0,0.0,0.0
2023-04-07 02:00:00,0.0,0.0,0.0
2023-04-07 03:00:00,0.0,0.0,0.0
2023-04-07 04:00:00,0.0021411487784557,0.0018561237849808,0.0
2023-04-07 05:00:00,0.0703997460903261,0.0450130085082157,0.008744037612758
2023-04-07 06:00:00,0.236876814757817,0.1123865080389937,0.0437071056835403
2023-04-07 07:00:00,0.4507228350805068,0.1221892310339133,0.1639386918843821
2023-04-07 08:00:00,0.5251175149411285,0.2103088532152695,0.245547573738291
2023-04-07 09:00:00,0.4478681823448948,0.2140890095073224,0.4210463076241801
2023-04-07 10:00:00,0.476805397578348,0.3027140367119172,0.5679976104107118
2023-04-07 11:00:00,0.4838544145700651,0.2868629321065912,0.6152526110215534
2023-04-07 12:00:00,0.4490012709242671,0.2181544750552668,0.6371378068062844
2023-04-07 13:00:00,0.3215179568060791,0.1610386124186867,0.5551726874140134
2023-04-07 14:00:00,0.1674519031192808,0.1414422316150317,0.4740607503759627
2023-04-07 15:00:00,0.0960860036776228,0.0945404688079319,0.3228045466531639
2023-04-07 16:00:00,0.0160701337692065,0.0269646386750499,0.1440253068928813
2023-04-07 17:00:00,0.0,0.0,0.0129813193925674
2023-04-07 18:00:00,0.0,0.0,0.0
2023-04-07 19:00:00,0.0,0.0,0.0
2023-04-07 20:00:00,0.0,0.0,0.0
2023-04-07 21:00:00,0.0,0.0,0.0
2023-04-07 22:00:00,0.0,0.0,0.0
2023-04-07 23:00:00,0.0,0.0,0.0
2023-04-08 00:00:00,0.0,0.0,0.0
2023-04-08 01:00:00,0.0,0.0,0.0
2023-04-08 02:00:00,0.0,0.0,0.0
2023-04-08 03:00:00,0.0,0.0,0.0
2023-04-08 04:00:00,0.0025717322669525,0.0066138940254529,0.0
2023-04-08 05:00:00,0.0389564197166711,0.0546774932128398,0.0266874059644178
2023-04-08 06:00:00,0.0553679938223612,0.1820919985839669,0.1781597999629229
2023-04-08 07:00:00,0.0842664012857234,0.4089048958998469,0.2707845524947593
2023-04-08 08:00:00,0.1836912072917996,0.5126257648730995,0.3688246655209339
2023-04-08 09:00:00,0.197282423182037,0.5618047342902066,0.409558132952237
2023-04-08 10:00:00,0.2520244563744628,0.6259003990433285,0.4679948270012796
2023-04-08 11:00:00,0.2626842450036215,0.4938721189032438,0.4932813829226471
2023-04-08 12:00:00,0.386742808942903,0.3847274572306652,0.4941059397226118
2023-04-08 13:00:00,0.2935615341579241,0.304242374388061,0.3783149712805465
2023-04-08 14:00:00,0.2102094156219362,0.1294480120592763,0.2484131316956296
2023-04-08 15:00:00,0.1433242360180558,0.073765937597929,0.167717306805096
2023-04-08 16:00:00,0.0470672090301311,0.0125457634485208,0.0889197849682692
2023-04-08 17:00:00,0.0,0.0,0.0104897572175658
2023-04-08 18:00:00,0.0,0.0,0.0
2023-04-08 19:00:00,0.0,0.0,0.0
2023-04-08 20:00:00,0.0,0.0,0.0
2023-04-08 21:00:00,0.0,0.0,0.0
2023-04-08 22:00:00,0.0,0.0,0.0
2023-04-08 23:00:00,0.0,0.0,0.0
2023-04-09 00:00:00,0.0,0.0,0.0
2023-04-09 01:00:00,0.0,0.0,0.0
2023-04-09 02:00:00,0.0,0.0,0.0
2023-04-09 03:00:00,0.0,0.0,0.0
2023-04-09 04:00:00,0.0047236410811078,0.0078064246085682,0.0
2023-04-09 05:00:00,0.1196476875185379,0.091720451911787,0.0428486082452279
2023-04-09 06:00:00,0.305576015581156,0.2049203008373938,0.1942313174589741
2023-04-09 07:00:00,0.456139282977818,0.2825934834527907,0.4044390994224592
2023-04-09 08:00:00,0.6179352457439984,0.3625626836439957,0.5573013784121498
2023-04-09 09:00:00,0.7265282878396153,0.333054230027283,0.726406314483596
2023-04-09 10:00:00,0.7242432649068458,0.3182315507210885,0.7703724081392822
2023-04-09 11:00:00,0.6397951493798296,0.4461937872737001,0.7508652518355531
2023-04-09 12:00:00,0.5716503189223617,0.3358943573455619,0.6438176100225604
2023-04-09 13:00:00,0.4740962406043174,0.3206006438383191,0.5893702938238933
2023-04-09 14:00:00,0.3608811104826517,0.220571179709877,0.3665250737555625
2023-04-09 15:00:00,0.2093857671274439,0.1059499326506553,0.2767992956919551
2023-04-09 16:00:00,0.0485188167949402,0.0259563491377836,0.1197333147397779
2023-04-09 17:00:00,0.0,0.0,0.0127733332334558
2023-04-09 18:00:00,0.0,0.0,0.0
2023-04-09 19:00:00,0.0,0.0,0.0
2023-04-09 20:00:00,0.0,0.0,0.0
2023-04-09 21:00:00,0.0,0.0,0.0
2023-04-09 22:00:00,0.0,0.0,0.0
2023-04-09 23:00:00,0.0,0.0,0.0
2023-04-10 00:00:00,0.0,0.0,0.0
2023-04-10 01:00:00,0.0,0.0,0.0
2023-04-10 02:00:00,0.0,0.0,0.0
2023-04-10 03:00:00,0.0,0.0,0.0
2023-04-10 04:00:00,0.0069109736296643,0.0056974785148224,0.0
2023-04-10 05:00:00,0.1158151067087802,0.1109352317157287,0.0068155181327827
2023-04-10 06:00:00,0.2546759159434171,0.2269777232015147,0.035084402587887
2023-04-10 07:00:00,0.3324074533596711,0.3351312610716607,0.1007346256287701
2023-04-10 08:00:00,0.4256933424971492,0.3921781471658723,0.1639341247578054
2023-04-10 09:00:00,0.484818815809576,0.4378334549836042,0.1931116756173593
2023-04-10 10:00:00,0.4779328881928265,0.50165841855399,0.1968143532491017
2023-04-10 11:00:00,0.4266983031560866,0.4928226511720588,0.2011087832483811
2023-04-10 12:00:00,0.2892154274989165,0.4519714666321561,0.2608874957538076
2023-04-10 13:00:00,0.2634839478294279,0.2972329503362682,0.2376867932612053
2023-04-10 14:00:00,0.210301117190041,0.131743180701212,0.2077355791214169
2023-04-10 15:00:00,0.1406837010312545,0.0590357272216353,0.2224030053364672
2023-04-10 16:00:00,0.0329784961168898,0.015845842973937,0.0872600162135532
2023-04-10 17:00:00,0.0,0.0,0.011389966460026
2023-04-10 18:00:00,0.0,0.0,0.0
2023-04-10 19:00:00,0.0,0.0,0.0
2023-04-10 20:00:00,0.0,0.0,0.0
2023-04-10 21:00:00,0.0,0.0,0.0
2023-04-10 22:00:00,0.0,0.0,0.0
2023-04-10 23:00:00,0.0,0.0,0.0
2023-04-11 00:00:00,0.0,0.0,0.0
2023-04-11 01:00:00,0.0,0.0,0.0
2023-04-11 02:00:00,0.0,0.0,0.0
2023-04-11 03:00:00,0.0,0.0,0.0
2023-04-11 04:00:00,0.0007168285131123,0.007096036428122,0.0
2023-04-11 05:00:00,0.0456786616996057,0.0470357136045676,0.0229478063774546
2023-04-11 06:00:00,0.1172002103593548,0.1525908002860896,0.1019729572288444
2023-04-11 07:00:00,0.2443506220403927,0.2099473010040271,0.2088275316252867
2023-04-11 08:00:00,0.4381368377784951,0.4094924496188866,0.3452427818030026
2023-04-11 09:00:00,0.4910628196465773,0.4654343964559287,0.4326691354126781
2023-04-11 10:00:00,0.5282380157945031,0.1795080670462894,0.4986634621766984
2023-04-11 11:00:00,0.4150464966584753,0.3281327578374818,0.7037816605404362
2023-04-11 12:00:00,0.3814048124877575,0.3189386681333879,0.6769724710769055
2023-04-11 13:00:00,0.2314160242234066,0.2396247709511622,0.6067094248841666
2023-04-11 14:00:00,0.1824210728085906,0.1517169096834967,0.4893756805008261
2023-04-11 15:00:00,0.076526372174407,0.0413433547340786,0.3053949623112257
2023-04-11 16:00:00,0.0309050288444331,0.0101398512467085,0.1156096055168956
2023-04-11 17:00:00,0.0,0.0,0.0091459806082815
2023-04-11 18:00:00,0.0,0.0,0.0
2023-04-11 19:00:00,0.0,0.0,0.0
2023-04-11 20:00:00,0.0,0.0,0.0
2023-04-11 21:00:00,0.0,0.0,0.0
2023-04-11 22:00:00,0.0,0.0,0.0
2023-04-11 23:00:00,0.0,0.0,0.0
2023-04-12 00:00:00,0.0,0.0,0.0
2023-04-12 01:00:00,0.0,0.0,0.0
2023-04-12 02:00:00,0.0,0.0,0.0
2023-04-12 03:00:00,0.0,0.0,0.0
2023-04-12 04:00:00,0.0070178841774611,0.0004887711200742,0.0
2023-04-12 05:00:00,0.0880818842021888,0.0186627701365291,0.0224249597708111
2023-04-12 06:00:00,0.1864398544327753,0.0291155950238773,0.0719380025475181
2023-04-12 07:00:00,0.1766497596796292,0.0403156981239898,0.0393924871096848
2023-04-12 08:00:00,0.2242523260160948,0.0361109225133584,0.1141879856872665
2023-04-12 09:00:00,0.2537433546299402,0.0353739212210006,0.1303088450996506
2023-04-12 10:00:00,0.2751972807656,0.0418828856136118,0.3037566313415217
2023-04-12 11:00:00,0.3300020563806201,0.044539524206485,0.3546025185767722
2023-04-12 12:00:00,0.208730500607183,0.0460444292706689,0.3399854487045696
2023-04-12 13:00:00,0.2191347428271184,0.0500715101840874,0.1317678219367392
2023-04-12 14:00:00,0.200274510054531,0.0287834646036725,0.1153045596785859
2023-04-12 15:00:00,0.1643640161632679,0.0109742434945116,0.0827849547703191
2023-04-12 16:00:00,0.0536100249252223,0.0017685839622964,0.0857398704333332
2023-04-12 17:00:00,0.0,0.0,0.0065984675017919
2023-04-12 18:00:00,0.0,0.0,0.0
2023-04-12 19:00:00,0.0,0.0,0.0
2023-04-12 20:00:00,0.0,0.0,0.0
2023-04-12 21:00:00,0.0,0.0,0.0
2023-04-12 22:00:00,0.0,0.0,0.0
2023-04-12 23:00:00,0.0,0.0,0.0
2023-04-13 00:00:00,0.0,0.0,0.0
2023-04-13 01:00:00,0.0,0.0,0.0
2023-04-13 02:00:00,0.0,0.0,0.0
2023-04-13 03:00:00,0.0,0.0,0.0
2023-04-13 04:00:00,0.0080044814669866,0.0060346570013481,0.0
2023-04-13 05:00:00,0.0938985143730057,0.0440256234402035,0.0333151454109623
2023-04-13 06:00:00,0.2204063481106554,0.0993947379448962,0.1784431538815748
2023-04-13 07:00:00,0.3548835661012472,0.1340040376820674,0.3506858707750117
2023-04-13 08:00:00,0.3758876539794124,0.13159649470355,0.5275055512616547
2023-04-13 09:00:00,0.4163477976235324,0.1455242267822956,0.649802494542153
2023-04-13 10:00:00,0.4414119622981562,0.141452130862357,0.5814966599673436
2023-04-13 11:00:00,0.4137904171616136,0.2103487971368317,0.3697140414049815
2023-04-13 12:00:00,0.3864343624536611,0.200719824968623,0.387083842958499
2023-04-13 13:00:00,0.2722043922475911,0.1430203098292468,0.348073550297318
2023-04-13 14:00:00,0.1945060091254443,0.1173827647402421,0.2172894255862283
2023-04-13 15:00:00,0.1562636178199943,0.0635879231525809,0.2499959296062105
2023-04-13 16:00:00,0.0436160366835232,0.0176121262482228,0.1314973732369517
2023-04-13 17:00:00,0.0,0.0,0.0090201988475912
2023-04-13 18:00:00,0.0,0.0,0.0
2023-04-13 19:00:00,0.0,0.0,0.0
2023-04-13 20:00:00,0.0,0.0,0.0
2023-04-13 21:00:00,0.0,0.0,0.0
2023-04-13 22:00:00,0.0,0.0,0.0
2023-04-13 23:00:00,0.0,0.0,0.0
2023-04-14 00:00:00,0.0,0.0,0.0
2023-04-14 01:00:00,0.0,0.0,0.0
2023-04-14 02:00:00,0.0,0.0,0.0
2023-04-14 03:00:00,0.0,0.0,0.0
2023-04-14 04:00:00,0.0048102833759947,0.0029454528392538,0.0
2023-04-14 05:00:00,0.0896489531323108,0.0186482978972067,0.0470428196388355
2023-04-14 06:00:00,0.1664486665909933,0.0527516296169404,0.2286719852156732
2023-04-14 07:00:00,0.4427562392466345,0.1061956215786765,0.4252115855051637
2023-04-14 08:00:00,0.5627502761379046,0.1145191500415907,0.5800632799063701
2023-04-14 09:00:00,0.690772714143428,0.1752092968866728,0.6960569894614723
2023-04-14 10:00:00,0.7180140830795745,0.142736612004675,0.7546460345843908
2023-04-14 11:00:00,0.6896050893068699,0.1549996710185547,0.7418515077873781
2023-04-14 12:00:00,0.6062073148597831,0.1632373216481986,0.6811199472678108
2023-04-14 13:00:00,0.5214809950326375,0.1608001050620451,0.4143696652682995
2023-04-14 14:00:00,0.3942133851416266,0.1260419339887706,0.3432169687454293
2023-04-14 15:00:00,0.2111371296916254,0.0644457723018727,0.207062147900507
2023-04-14 16:00:00,0.0558111108321359,0.0166134396564212,0.0813442395322999
2023-04-14 17:00:00,0.0,0.0,0.0106572065431327
2023-04-14 18:00:00,0.0,0.0,0.0
2023-04-14 19:00:00,0.0,0.0,0.0
2023-04-14 20:00:00,0.0,0.0,0.0
2023-04-14 21:00:00,0.0,0.0,0.0
2023-04-14 22:00:00,0.0,0.0,0.0
2023-04-14 23:00:00,0.0,0.0,0.0
2023-04-15 00:00:00,0.0,0.0,0.0
2023-04-15 01:00:00,0.0,0.0,0.0
2023-04-15 02:00:00,0.0,0.0,0.0
2023-04-15 03:00:00,0.0,0.0,0.0
2023-04-15 04:00:00,0.0085036425833122,0.0125725150586686,0.0
2023-04-15 05:00:00,0.1235467608542459,0.1116970842558586,0.0182295532858071
2023-04-15 06:00:00,0.2746019538230161,0.2506655368472953,0.0919413167669069
2023-04-15 07:00:00,0.4558848509480696,0.3224265023337961,0.2918059846955889
2023-04-15 08:00:00,0.5897797707405117,0.2862154617999435,0.4060596518583261
2023-04-15 09:00:00,0.6916588355802769,0.375093410889963,0.5105452250318898
2023-04-15 10:00:00,0.7049667883777567,0.368112870448525,0.6272403311480022
2023-04-15 11:00:00,0.7269066784002972,0.3610335173246708,0.7222926630109576
2023-04-15 12:00:00,0.6581103509173972,0.2866980491551185,0.5565097227295442
2023-04-15 13:00:00,0.4800344083893286,0.2362608002082847,0.2769771401733355
2023-04-15 14:00:00,0.3677214781671513,0.1833561719975716,0.1967503997942465
2023-04-15 15:00:00,0.2272819947170766,0.1068850510935975,0.2352726841101362
2023-04-15 16:00:00,0.052398529382344,0.0349862082742197,0.1031766349934488
2023-04-15 17:00:00,0.0,0.0,0.0143924526403108
2023-04-15 18:00:00,0.0,0.0,0.0
2023-04-15 19:00:00,0.0,0.0,0.0
2023-04-15 20:00:00,0.0,0.0,0.0
2023-04-15 21:00:00,0.0,0.0,0.0
2023-04-15 22:00:00,0.0,0.0,0.0
2023-04-15 23:00:00,0.0,0.0,0.0
2023-04-16 00:00:00,0.0,0.0,0.0
2023-04-16 01:00:00,0.0,0.0,0.0
2023-04-16 02:00:00,0.0,0.0,0.0
2023-04-16 03:00:00,0.0,0.0,0.0
2023-04-16 04:00:00,0.0127985307508544,0.0154240709206277,0.0
2023-04-16 05:00:00,0.1195329921268578,0.140099863885656,0.0429149563146514
2023-04-16 06:00:00,0.2588696769259239,0.3234202613823159,0.1563998731809753
2023-04-16 07:00:00,0.309136093332252,0.4182336087237188,0.3016135647320986
2023-04-16 08:00:00,0.4610183059118761,0.5082603032456119,0.4670601989160627
2023-04-16 09:00:00,0.6155824883130093,0.5938628716871477,0.5646441724556802
2023-04-16 10:00:00,0.5784045409945143,0.6679113722877236,0.5879383560838608
2023-04-16 11:00:00,0.5326275282382886,0.6620392697424062,0.5342241900037621
2023-04-16 12:00:00,0.5121546251461272,0.6326478077390236,0.5242200700549705
2023-04-16 13:00:00,0.381278730348788,0.5393623433788699,0.4086279426393516
2023-04-16 14:00:00,0.1990734265233134,0.3890048714502817,0.2150656391600074
2023-04-16 15:00:00,0.1297881401775443,0.2062931773317978,0.1513793995913337
2023-04-16 16:00:00,0.0438086658701313,0.0507334558846533,0.0668500733542663
2023-04-16 17:00:00,0.0,0.0,0.0112751555996519
2023-04-16 18:00:00,0.0,0.0,0.0
2023-04-16 19:00:00,0.0,0.0,0.0
2023-04-16 20:00:00,0.0,0.0,0.0
2023-04-16 21:00:00,0.0,0.0,0.0
2023-04-16 22:00:00,0.0,0.0,0.0
2023-04-16 23:00:00,0.0,0.0,0.0
2023-04-17 00:00:00,0.0,0.0,0.0
2023-04-17 01:00:00,0.0,0.0,0.0
2023-04-17 02:00:00,0.0,0.0,0.0
2023-04-17 03:00:00,0.0,0.0,0.0
2023-04-17 04:00:00,0.0139533092427388,0.016210274579978,0.0
2023-04-17 05:00:00,0.0874116470084107,0.1653857990383732,0.0118245004514613
2023-04-17 06:00:00,0.1446681071507042,0.3543864954731704,0.0301692968337396
2023-04-17 07:00:00,0.3046803939332855,0.544124952202759,0.0869941489478641
2023-04-17 08:00:00,0.3809600353600802,0.6485789300795487,0.1790168916725399
2023-04-17 09:00:00,0.4597877392832269,0.7340440472501482,0.2075287767531485
2023-04-17 10:00:00,0.4574649105980783,0.759757452124125,0.2182053111801959
2023-04-17 11:00:00,0.4735476395754295,0.7454500700745753,0.2239399882190407
2023-04-17 12:00:00,0.6448678706117527,0.6816284673215289,0.2666358799981992
2023-04-17 13:00:00,0.5830682594091465,0.5436360830453959,0.2252689682646325
2023-04-17 14:00:00,0.428438522583864,0.3599115141989041,0.1680455155039917
2023-04-17 15:00:00,0.2205537742289799,0.1730179907281734,0.1232168076057281
2023-04-17 16:00:00,0.0541510670576428,0.0453605683717356,0.0685943379353248
2023-04-17 17:00:00,0.0,0.0,0.0132932403639482
2023-04-17 18:00:00,0.0,0.0,0.0
2023-04-17 19:00:00,0.0,0.0,0.0
2023-04-17 20:00:00,0.0,0.0,0.0
2023-04-17 21:00:00,0.0,0.0,0.0
2023-04-17 22:00:00,0.0,0.0,0.0
2023-04-17 23:00:00,0.0,0.0,0.0
2023-04-18 00:00:00,0.0,0.0,0.0
2023-04-18 01:00:00,0.0,0.0,0.0
2023-04-18 02:00:00,0.0,0.0,0.0
2023-04-18 03:00:00,0.0,0.0,0.0
2023-04-18 04:00:00,0.0145842437751087,0.0175021434159569,0.0
2023-04-18 05:00:00,0.1321533092846057,0.1450549179655706,0.0442470127373391
2023-04-18 06:00:00,0.3203408546745729,0.335164348970311,0.1973461682562783
2023-04-18 07:00:00,0.4998997451325678,0.4997862297957423,0.3361931026853665
2023-04-18 08:00:00,0.6376075119423752,0.6524747145337209,0.3894409807537867
2023-04-18 09:00:00,0.7024694428394787,0.7260613439533964,0.5509328199062393
2023-04-18 10:00:00,0.7325867532970011,0.7424454786072475,0.4971150092483962
2023-04-18 11:00:00,0.708488268328559,0.7024129678396912,0.364199249358492
2023-04-18 12:00:00,0.5594915231770424,0.6488686274710629,0.2710058007554812
2023-04-18 13:00:00,0.4446951936115376,0.5296941529231187,0.2716737953691451
2023-04-18 14:00:00,0.3165088126974175,0.3622093033834068,0.1961888749048847
2023-04-18 15:00:00,0.1507682207878354,0.1851162464098667,0.0738838678115495
2023-04-18 16:00:00,0.0432601818973357,0.045793216202759,0.0265720588584557
2023-04-18 17:00:00,0.0,0.0,0.0005554234567518
2023-04-18 18:00:00,0.0,0.0,0.0
2023-04-18 19:00:00,0.0,0.0,0.0
2023-04-18 20:00:00,0.0,0.0,0.0
2023-04-18 21:00:00,0.0,0.0,0.0
2023-04-18 22:00:00,0.0,0.0,0.0
2023-04-18 23:00:00,0.0,0.0,0.0
2023-04-19 00:00:00,0.0,0.0,0.0
2023-04-19 01:00:00,0.0,0.0,0.0
2023-04-19 02:00:00,0.0,0.0,0.0
2023-04-19 03:00:00,0.0,0.0,0.0
2023-04-19 04:00:00,0.0164501432564451,0.0190017376981124,0.0
2023-04-19 05:00:00,0.1136051400578614,0.1090847934675385,0.0344288667334631
2023-04-19 06:00:00,0.2949195642659624,0.2294894257465611,0.102562424190397
2023-04-19 07:00:00,0.4964758495162588,0.3411872367421539,0.296989984607953
2023-04-19 08:00:00,0.5435218912728742,0.3848300058568238,0.214844149254679
2023-04-19 09:00:00,0.5792259380694773,0.5043258254842837,0.1438459727538994
2023-04-19 10:00:00,0.5851995215934099,0.483674149443837,0.1790466965400528
2023-04-19 11:00:00,0.5181273108418906,0.5291522991558804,0.265137293447542
2023-04-19 12:00:00,0.3975018863658792,0.4035464940853996,0.2258643754757782
2023-04-19 13:00:00,0.2662714988836198,0.3303337642992004,0.1920929608915529
2023-04-19 14:00:00,0.2411286611551547,0.2212213593148734,0.1208500975509156
2023-04-19 15:00:00,0.1813336524437659,0.0944422714400396,0.1144916382252803
2023-04-19 16:00:00,0.0578966210734332,0.0330405861209441,0.0702117043196319
2023-04-19 17:00:00,0.0,0.0,0.009763247753226
2023-04-19 18:00:00,0.0,0.0,0.0
2023-04-19 19:00:00,0.0,0.0,0.0
2023-04-19 20:00:00,0.0,0.0,0.0
2023-04-19 21:00:00,0.0,0.0,0.0
2023-04-19 22:00:00,0.0,0.0,0.0
2023-04-19 23:00:00,0.0,0.0,0.0
2023-04-20 00:00:00,0.0,0.0,0.0
2023-04-20 01:00:00,0.0,0.0,0.0
2023-04-20 02:00:00,0.0,0.0,0.0
2023-04-20 03:00:00,0.0,0.0,0.0
2023-04-20 04:00:00,0.0081084989913383,0.004690871496807,0.0
2023-04-20 05:00:00,0.0409600679677372,0.0215212634298013,0.0149123306405682
2023-04-20 06:00:00,0.1491157110139604,0.0769164311193313,0.0563676199216967
2023-04-20 07:00:00,0.144355873272363,0.0956627025986527,0.1245176080402946
2023-04-20 08:00:00,0.2496954854454078,0.1828560082341811,0.2147509283290831
2023-04-20 09:00:00,0.4054060073279505,0.2710917490767728,0.3377552041618113
2023-04-20 10:00:00,0.5213984892697513,0.3199896890758114,0.5014551863643144
2023-04-20 11:00:00,0.537152808231299,0.24853654138158,0.4963470134957027
2023-04-20 12:00:00,0.4871154945090666,0.3631088064634604,0.3340185841782159
2023-04-20 13:00:00,0.4089397512201783,0.2667080325875377,0.2281218155354971
2023-04-20 14:00:00,0.269067983756009,0.2095725505513865,0.1574633761395005
2023-04-20 15:00:00,0.2045544837116311,0.1041560299786375,0.1265423931372629
2023-04-20 16:00:00,0.0459031831249046,0.0249536029035711,0.0598038474296297
2023-04-20 17:00:00,0.0,0.0,0.0064408167476451
2023-04-20 18:00:00,0.0,0.0,0.0
2023-04-20 19:00:00,0.0,0.0,0.0
2023-04-20 20:00:00,0.0,0.0,0.0
2023-04-20 21:00:00,0.0,0.0,0.0
2023-04-20 22:00:00,0.0,0.0,0.0
2023-04-20 23:00:00,0.0,0.0,0.0
2023-04-21 00:00:00,0.0,0.0,0.0
2023-04-21 01:00:00,0.0,0.0,0.0
2023-04-21 02:00:00,0.0,0.0,0.0
2023-04-21 03:00:00,0.0,0.0,0.0
2023-04-21 04:00:00,0.0137197682038581,0.0107936491142395,0.0
2023-04-21 05:00:00,0.1063137368006742,0.078827282280283,0.0610870349543822
2023-04-21 06:00:00,0.1954167821656721,0.1530709492372944,0.2462944950665012
2023-04-21 07:00:00,0.1958485846823275,0.159675033501652,0.4231040708996987
2023-04-21 08:00:00,0.3049699733563667,0.271146919430213,0.5405927310872773
2023-04-21 09:00:00,0.5023308898079523,0.338775204236817,0.62994876527477
2023-04-21 10:00:00,0.5410462913051098,0.2677246944275127,0.693056898037601
2023-04-21 11:00:00,0.5459725814642032,0.2795161326648893,0.6394277328745898
2023-04-21 12:00:00,0.5334062486548188,0.2270908323128299,0.5801325880599161
2023-04-21 13:00:00,0.4414891030145713,0.2581293828093607,0.4796113972868659
2023-04-21 14:00:00,0.329377312915694,0.1422891584585108,0.2966432991736529
2023-04-21 15:00:00,0.1673836208150849,0.0644576307872782,0.2625213706786642
2023-04-21 16:00:00,0.0515978900147424,0.0142442645307472,0.1063134384760973
2023-04-21 17:00:00,0.0,0.0,0.0162930674241803
2023-04-21 18:00:00,0.0,0.0,0.0
2023-04-21 19:00:00,0.0,0.0,0.0
2023-04-21 20:00:00,0.0,0.0,0.0
2023-04-21 21:00:00,0.0,0.0,0.0
2023-04-21 22:00:00,0.0,0.0,0.0
2023-04-21 23:00:00,0.0,0.0,0.0
2023-04-22 00:00:00,0.0,0.0,0.0
2023-04-22 01:00:00,0.0,0.0,0.0
2023-04-22 02:00:00,0.0,0.0,0.0
2023-04-22 03:00:00,0.0,0.0,0.0
2023-04-22 04:00:00,0.0026444423959808,0.0162497085347741,0.002071299394661
2023-04-22 05:00:00,0.0411887803535025,0.085484404123566,0.0652764216641275
2023-04-22 06:00:00,0.1737270483957649,0.2444759408773694,0.2433603658296532
2023-04-22 07:00:00,0.313155865746468,0.2233660058326753,0.4451189052212346
2023-04-22 08:00:00,0.4801961031033332,0.449733143812863,0.5135280791824726
2023-04-22 09:00:00,0.4993252091555807,0.5453108353105084,0.550861021126056
2023-04-22 10:00:00,0.5942692470251704,0.6245624350198301,0.5729261226394297
2023-04-22 11:00:00,0.6678882633403366,0.6458830721996729,0.5697794147827934
2023-04-22 12:00:00,0.5736970617763777,0.4560125682256277,0.5531975592592401
2023-04-22 13:00:00,0.4860108860033292,0.3260908705400758,0.5750596390016359
2023-04-22 14:00:00,0.3174748188668149,0.1955336738957198,0.4599038057376068
2023-04-22 15:00:00,0.1489515639806823,0.1434562235614462,0.274074546211147
2023-04-22 16:00:00,0.0497678318638065,0.0406210289899166,0.1199258176061339
2023-04-22 17:00:00,0.0,0.0,0.0182597751970313
2023-04-22 18:00:00,0.0,0.0,0.0
2023-04-22 19:00:00,0.0,0.0,0.0
2023-04-22 20:00:00,0.0,0.0,0.0
2023-04-22 21:00:00,0.0,0.0,0.0
2023-04-22 22:00:00,0.0,0.0,0.0
2023-04-22 23:00:00,0.0,0.0,0.0
2023-04-23 00:00:00,0.0,0.0,0.0
2023-04-23 01:00:00,0.0,0.0,0.0
2023-04-23 02:00:00,0.0,0.0,0.0
2023-04-23 03:00:00,0.0,0.0,0.0
2023-04-23 04:00:00,0.0222954389031615,0.0255465300484039,0.0014774002792959
2023-04-23 05:00:00,0.1344419229529715,0.1404418156699551,0.060091128924519
2023-04-23 06:00:00,0.2762395870179503,0.2804645074435965,0.2059305448315362
2023-04-23 07:00:00,0.4659405693095166,0.5122630414474595,0.4347620092962835
2023-04-23 08:00:00,0.6104697260350282,0.6553412631586368,0.5884009740560443
2023-04-23 09:00:00,0.707914391185282,0.7159310635590654,0.6725106533630659
2023-04-23 10:00:00,0.7195467361800101,0.7123625343254496,0.690341659759339
2023-04-23 11:00:00,0.7005471388486488,0.6280788222803151,0.6932039744508589
2023-04-23 12:00:00,0.5817854331454964,0.5244267335207539,0.620463839142862
2023-04-23 13:00:00,0.5066389299823758,0.4442796226247253,0.5682423040206954
2023-04-23 14:00:00,0.3143811710503663,0.3577360540840742,0.4312914552384656
2023-04-23 15:00:00,0.1850748723036417,0.2033277532347886,0.2813740196962163
2023-04-23 16:00:00,0.0600460481995206,0.0484649433900351,0.1038191146027068
2023-04-23 17:00:00,0.0020798254872441,0.0,0.0197211064832925
2023-04-23 18:00:00,0.0,0.0,0.0
2023-04-23 19:00:00,0.0,0.0,0.0
2023-04-23 20:00:00,0.0,0.0,0.0
2023-04-23 21:00:00,0.0,0.0,0.0
2023-04-23 22:00:00,0.0,0.0,0.0
2023-04-23 23:00:00,0.0,0.0,0.0
2023-04-24 00:00:00,0.0,0.0,0.0
2023-04-24 01:00:00,0.0,0.0,0.0
2023-04-24 02:00:00,0.0,0.0,0.0
2023-04-24 03:00:00,0.0,0.0,0.0
2023-04-24 04:00:00,0.0252945981506444,0.025172887315904,0.0028954507592495
2023-04-24 05:00:00,0.1251240675821945,0.1678559643033981,0.0702893211716782
2023-04-24 06:00:00,0.2627987561172907,0.3220576367207186,0.2536577831462044
2023-04-24 07:00:00,0.4463378580053825,0.5034915283914676,0.4476265164814781
2023-04-24 08:00:00,0.6478483752017749,0.5956504310225025,0.5952194839285402
2023-04-24 09:00:00,0.694837687468791,0.5955525983694574,0.7035771882737187
2023-04-24 10:00:00,0.7001880939997231,0.5982523334948014,0.7542079909518535
2023-04-24 11:00:00,0.656890837958453,0.6209175096571148,0.7567227929803523
2023-04-24 12:00:00,0.5639186325804899,0.5320731052987294,0.6962386967389385
2023-04-24 13:00:00,0.4605547301073965,0.4212995745211634,0.5711587014934122
2023-04-24 14:00:00,0.3137264870536913,0.2858720931395313,0.4839581229866952
2023-04-24 15:00:00,0.1023558414472656,0.1376039096746505,0.2852318724477297
2023-04-24 16:00:00,0.0476807377375359,0.0389887980425685,0.1383196616693197
2023-04-24 17:00:00,0.0022289850086602,0.0016190961569546,0.0245629109003333
2023-04-24 18:00:00,0.0,0.0,0.0
2023-04-24 19:00:00,0.0,0.0,0.0
2023-04-24 20:00:00,0.0,0.0,0.0
2023-04-24 21:00:00,0.0,0.0,0.0
2023-04-24 22:00:00,0.0,0.0,0.0
2023-04-24 23:00:00,0.0,0.0,0.0
2023-04-25 00:00:00,0.0,0.0,0.0
2023-04-25 01:00:00,0.0,0.0,0.0
2023-04-25 02:00:00,0.0,0.0,0.0
2023-04-25 03:00:00,0.0,0.0,0.0
2023-04-25 04:00:00,0.0212738503273646,0.0338824261924118,0.0018275943160988
2023-04-25 05:00:00,0.150889993497885,0.1179243620392848,0.0326196010135284
2023-04-25 06:00:00,0.3478019474606577,0.2757511274363471,0.0908979199396385
2023-04-25 07:00:00,0.5098943025888054,0.3140135793946453,0.1152746106936759
2023-04-25 08:00:00,0.6471574878402855,0.4544117355282505,0.2103488138953831
2023-04-25 09:00:00,0.7414051022912531,0.5224707271458211,0.4564279699908999
2023-04-25 10:00:00,0.7724980151811516,0.6356509957158389,0.4365876665787581
2023-04-25 11:00:00,0.7398245513571872,0.6043737381489769,0.2327698143647137
2023-04-25 12:00:00,0.683198381085566,0.5068863896443879,0.2743677170718728
2023-04-25 13:00:00,0.5869428839055423,0.3670687085076336,0.217762779461119
2023-04-25 14:00:00,0.4341669023716844,0.2629101685872905,0.1908652465556494
2023-04-25 15:00:00,0.2396057592736317,0.1375364185433105,0.2289224347017464
2023-04-25 16:00:00,0.0673531853077369,0.0386617074298479,0.1129233547399729
2023-04-25 17:00:00,0.0035297724120785,0.001154406493617,0.0228826335019811
2023-04-25 18:00:00,0.0,0.0,0.0
2023-04-25 19:00:00,0.0,0.0,0.0
2023-04-25 20:00:00,0.0,0.0,0.0
2023-04-25 21:00:00,0.0,0.0,0.0
2023-04-25 22:00:00,0.0,0.0,0.0
2023-04-25 23:00:00,0.0,0.0,0.0
2023-04-26 00:00:00,0.0,0.0,0.0
2023-04-26 01:00:00,0.0,0.0,0.0
2023-04-26 02:00:00,0.0,0.0,0.0
2023-04-26 03:00:00,0.0,0.0,0.0
2023-04-26 04:00:00,0.0214575669973891,0.0318853270991085,0.0
2023-04-26 05:00:00,0.1287764320824917,0.1336755630700914,0.0018666651530261
2023-04-26 06:00:00,0.3254664010447547,0.3275652446409795,0.0107159507666197
2023-04-26 07:00:00,0.52610080403805,0.5196068830355193,0.0419223744020001
2023-04-26 08:00:00,0.6398350339335169,0.6087716480880698,0.0391413714983397
2023-04-26 09:00:00,0.6913843923473649,0.7308947399530726,0.0522590410431722
2023-04-26 10:00:00,0.6099475434592339,0.7442538555663293,0.0926209569356703
2023-04-26 11:00:00,0.5191848900905235,0.7345103548675974,0.164583759644093
2023-04-26 12:00:00,0.4278416306461333,0.6755655893107917,0.1856948855413455
2023-04-26 13:00:00,0.3360675050422575,0.560739806385235,0.1845419442195219
2023-04-26 14:00:00,0.2651926442209571,0.4021719424496497,0.146820884288972
2023-04-26 15:00:00,0.1828576629537677,0.2160946166442799,0.1296471722840269
2023-04-26 16:00:00,0.0602432575319401,0.0589692683495722,0.0598983735967948
2023-04-26 17:00:00,0.0025298063674351,0.0024807604057048,0.0158756751540345
2023-04-26 18:00:00,0.0,0.0,0.0
2023-04-26 19:00:00,0.0,0.0,0.0
2023-04-26 20:00:00,0.0,0.0,0.0
2023-04-26 21:00:00,0.0,0.0,0.0
2023-04-26 22:00:00,0.0,0.0,0.0
2023-04-26 23:00:00,0.0,0.0,0.0
2023-04-27 00:00:00,0.0,0.0,0.0
2023-04-27 01:00:00,0.0,0.0,0.0
2023-04-27 02:00:00,0.0,0.0,0.0
2023-04-27 03:00:00,0.0,0.0,0.0
2023-04-27 04:00:00,0.0176596104158604,0.0281682989211328,0.0042015725210439
2023-04-27 05:00:00,0.0533349894166727,0.168239882049465,0.0631093794452271
2023-04-27 06:00:00,0.065279112834155,0.3433670361790381,0.1866017478677371
2023-04-27 07:00:00,0.226440740547922,0.4823693969339518,0.2684652711001909
2023-04-27 08:00:00,0.3822721588062602,0.4969286075025856,0.4509264007236736
2023-04-27 09:00:00,0.4767930621026903,0.4870485738359788,0.4471706482351902
2023-04-27 10:00:00,0.469298159885243,0.3880683316909642,0.5391390029404988
2023-04-27 11:00:00,0.6270409569730965,0.2590838469733289,0.4406304549857383
2023-04-27 12:00:00,0.5430843815232677,0.2956730570583212,0.486194137715768
2023-04-27 13:00:00,0.4355087283561039,0.2649187786468181,0.4518541391468151
2023-04-27 14:00:00,0.3085215331796977,0.2234860917142254,0.3342096323065875
2023-04-27 15:00:00,0.1415813284991298,0.1210733381616742,0.2182407065108636
2023-04-27 16:00:00,0.036055718849237,0.0331942436007964,0.1070290005471011
2023-04-27 17:00:00,0.0028212286250954,0.0006819746632519,0.0227762459782877
2023-04-27 18:00:00,0.0,0.0,0.0
2023-04-27 19:00:00,0.0,0.0,0.0
2023-04-27 20:00:00,0.0,0.0,0.0
2023-04-27 21:00:00,0.0,0.0,0.0
2023-04-27 22:00:00,0.0,0.0,0.0
2023-04-27 23:00:00,0.0,0.0,0.0
2023-04-28 00:00:00,0.0,0.0,0.0
2023-04-28 01:00:00,0.0,0.0,0.0
2023-04-28 02:00:00,0.0,0.0,0.0
2023-04-28 03:00:00,0.0,0.0,0.0
2023-04-28 04:00:00,0.0144580639464821,0.0210640813913472,0.0048766394205278
2023-04-28 05:00:00,0.0286364606662374,0.0440274036270539,0.0759372014303945
2023-04-28 06:00:00,0.0328802459563784,0.0886702149616258,0.2550682391609252
2023-04-28 07:00:00,0.0417816413759367,0.1131440784597887,0.3708140251751887
2023-04-28 08:00:00,0.0552887447921741,0.1974148130569567,0.5297497160961752
2023-04-28 09:00:00,0.0489775093537821,0.2213745429610608,0.5344703142500972
2023-04-28 10:00:00,0.0525172531387299,0.2137140988354559,0.4448833307136033
2023-04-28 11:00:00,0.0437585950692634,0.1148282036337286,0.483113810791279
2023-04-28 12:00:00,0.0497679911219818,0.1132858419307825,0.5079451113420753
2023-04-28 13:00:00,0.0329937800517771,0.0865564236730922,0.401263482300772
2023-04-28 14:00:00,0.016558770014065,0.0753362771605586,0.3915618247026378
2023-04-28 15:00:00,0.0074758479649379,0.0492503272262132,0.2010430604836415
2023-04-28 16:00:00,0.0035767365429157,0.0153341363211319,0.1245448787410224
2023-04-28 17:00:00,0.0,0.0,0.026528367237024
2023-04-28 18:00:00,0.0,0.0,0.0
2023-04-28 19:00:00,0.0,0.0,0.0
2023-04-28 20:00:00,0.0,0.0,0.0
2023-04-28 21:00:00,0.0,0.0,0.0
2023-04-28 22:00:00,0.0,0.0,0.0
2023-04-28 23:00:00,0.0,0.0,0.0
2023-04-29 00:00:00,0.0,0.0,0.0
2023-04-29 01:00:00,0.0,0.0,0.0
2023-04-29 02:00:00,0.0,0.0,0.0
2023-04-29 03:00:00,0.0,0.0,0.0
2023-04-29 04:00:00,0.0049637264519865,0.0094863737084995,0.0074114315512914
2023-04-29 05:00:00,0.0209073699443815,0.0270541355694208,0.0837986002848062
2023-04-29 06:00:00,0.0725204161590956,0.0514334359801679,0.2588106948739755
2023-04-29 07:00:00,0.1036314378972256,0.0954917696096587,0.3909548740582166
2023-04-29 08:00:00,0.1787910631356636,0.1220071589746289,0.5481914721949398
2023-04-29 09:00:00,0.2538878738536141,0.1405459405988215,0.6701005344120645
2023-04-29 10:00:00,0.192865035560668,0.1345932954690158,0.730067191491212
2023-04-29 11:00:00,0.2336803928485052,0.1475556581485584,0.7195303773817047
2023-04-29 12:00:00,0.2021294241806989,0.1703766056013605,0.6627607253253535
2023-04-29 13:00:00,0.2080375662807284,0.0965736761182368,0.6079316452560546
2023-04-29 14:00:00,0.2088393821095252,0.0578934259621626,0.4715548207468437
2023-04-29 15:00:00,0.1165355929929825,0.0263164032665753,0.353673929206839
2023-04-29 16:00:00,0.0290045405783924,0.0072523840991838,0.1690841932095965
2023-04-29 17:00:00,0.0021682050473054,0.0,0.0280499542146206
2023-04-29 18:00:00,0.0,0.0,0.0
2023-04-29 19:00:00,0.0,0.0,0.0
2023-04-29 20:00:00,0.0,0.0,0.0
2023-04-29 21:00:00,0.0,0.0,0.0
2023-04-29 22:00:00,0.0,0.0,0.0
2023-04-29 23:00:00,0.0,0.0,0.0
2023-04-30 00:00:00,0.0,0.0,0.0
2023-04-30 01:00:00,0.0,0.0,0.0
2023-04-30 02:00:00,0.0,0.0,0.0
2023-04-30 03:00:00,0.0,0.0,0.0
2023-04-30 04:00:00,0.0202183936645257,0.0138043034120173,0.0064406644468074
2023-04-30 05:00:00,0.1344356717458248,0.0468623862627224,0.0820470716729583
2023-04-30 06:00:00,0.2566558024723403,0.0680177487283295,0.2676188651506873
2023-04-30 07:00:00,0.4404258037178127,0.0823642280637165,0.4406297547151494
2023-04-30 08:00:00,0.348469935049097,0.115665982716666,0.5936015735122773
2023-04-30 09:00:00,0.3302177777631473,0.1264974687587487,0.7178918415915466
2023-04-30 10:00:00,0.4541001817483059,0.0995852981943579,0.733272973394963
2023-04-30 11:00:00,0.348874412554094,0.0925279971720763,0.7375008647113722
2023-04-30 12:00:00,0.3365702555627677,0.1093716712042424,0.6401946783054603
2023-04-30 13:00:00,0.3646677294590819,0.0471187593326478,0.5669949786151263
2023-04-30 14:00:00,0.2429209969216331,0.0683409557324066,0.4028522241582378
2023-04-30 15:00:00,0.1414564185326667,0.0260543823733934,0.2200629844610699
2023-04-30 16:00:00,0.0400578427271665,0.0080609113737537,0.1031449626252032
2023-04-30 17:00:00,6.85651479707605e-05,0.0,0.023076872394341
2023-04-30 18:00:00,0.0,0.0,0.0
2023-04-30 19:00:00,0.0,0.0,0.0
2023-04-30 20:00:00,0.0,0.0,0.0
2023-04-30 21:00:00,0.0,0.0,0.0
2023-04-30 22:00:00,0.0,0.0,0.0
2023-04-30 23:00:00,0.0,0.0,0.0
2023-05-01 00:00:00,0.0,0.0,0.0
2023-05-01 01:00:00,0.0,0.0,0.0
2023-05-01 02:00:00,0.0,0.0,0.0
2023-05-01 03:00:00,0.0,0.0,0.0
2023-05-01 04:00:00,0.0253025254002277,0.0068525251092314,0.0058549788224258
2023-05-01 05:00:00,0.0951891285655535,0.0336596798685302,0.076314810819707
2023-05-01 06:00:00,0.1328271475514406,0.0528978674307525,0.252152636570848
2023-05-01 07:00:00,0.1471063830927925,0.1127321677569297,0.446938462994852
2023-05-01 08:00:00,0.2051407236253609,0.1275428179635006,0.6114343330116477
2023-05-01 09:00:00,0.1792075149830833,0.0882877108791686,0.7198636148342361
2023-05-01 10:00:00,0.1459163380055811,0.0922578361993486,0.7488961441606072
2023-05-01 11:00:00,0.1268261084125597,0.0660828154593378,0.802901026924581
2023-05-01 12:00:00,0.1762886224572943,0.0587790817290845,0.7666563692132096
2023-05-01 13:00:00,0.1711387932480657,0.1048767882305235,0.6836659495623625
2023-05-01 14:00:00,0.1583445792119543,0.0989568142498045,0.5479970918644842
2023-05-01 15:00:00,0.1113743030588119,0.0771620292895068,0.3749100962242774
2023-05-01 16:00:00,0.0457219187058002,0.0383729466276864,0.1813050597198182
2023-05-01 17:00:00,0.0062580364096122,0.0030243977266376,0.026885041560252
2023-05-01 18:00:00,0.0,0.0,0.0
2023-05-01 19:00:00,0.0,0.0,0.0
2023-05-01 20:00:00,0.0,0.0,0.0
2023-05-01 21:00:00,0.0,0.0,0.0
2023-05-01 22:00:00,0.0,0.0,0.0
2023-05-01 23:00:00,0.0,0.0,0.0
2023-05-02 00:00:00,0.0,0.0,0.0
2023-05-02 01:00:00,0.0,0.0,0.0
2023-05-02 02:00:00,0.0,0.0,0.0
2023-05-02 03:00:00,0.0,0.0,0.0
2023-05-02 04:00:00,0.0261300985403298,0.0378945867597277,0.0081379053757174
2023-05-02 05:00:00,0.1751075999794436,0.1981938294362049,0.0869332138984213
2023-05-02 06:00:00,0.3702887518002427,0.3918014034777806,0.2695962450528341
2023-05-02 07:00:00,0.5439885329343257,0.5647907268466557,0.4490520995567521
2023-05-02 08:00:00,0.6458822953198989,0.6725362212624493,0.5917982478867664
2023-05-02 09:00:00,0.6733924313561014,0.7463121331963091,0.6997873438921336
2023-05-02 10:00:00,0.7258977941845753,0.7728594633968653,0.7439954685748996
2023-05-02 11:00:00,0.6734578145348911,0.7552742395411475,0.7354925410462482
2023-05-02 12:00:00,0.6073627025769882,0.7036905221700246,0.7106321368218563
2023-05-02 13:00:00,0.5409690383074882,0.5809371565471226,0.6195458107973518
2023-05-02 14:00:00,0.4217119177707826,0.425505259165669,0.4547159779351024
2023-05-02 15:00:00,0.2548548425365178,0.2381883595815792,0.2942256435371064
2023-05-02 16:00:00,0.0778995110616663,0.0659660058022867,0.1567809234199531
2023-05-02 17:00:00,0.0058191755200308,0.004904949960952,0.034432844154504
2023-05-02 18:00:00,0.0,0.0,0.0
2023-05-02 19:00:00,0.0,0.0,0.0
2023-05-02 20:00:00,0.0,0.0,0.0
2023-05-02 21:00:00,0.0,0.0,0.0
2023-05-02 22:00:00,0.0,0.0,0.0
2023-05-02 23:00:00,0.0,0.0,0.0
2023-05-03 00:00:00,0.0,0.0,0.0
2023-05-03 01:00:00,0.0,0.0,0.0
2023-05-03 02:00:00,0.0,0.0,0.0
2023-05-03 03:00:00,0.0,0.0,0.0
2023-05-03 04:00:00,0.0287103667132211,0.0386454265926671,0.0112054146266429
2023-05-03 05:00:00,0.1839561003581035,0.1986084306711039,0.0806655925055683
2023-05-03 06:00:00,0.3759130783321061,0.3900384458734082,0.1852860078068188
2023-05-03 07:00:00,0.5449726895982177,0.5575937644475004,0.3449619003782649
2023-05-03 08:00:00,0.6654757061766186,0.6711542936715847,0.4557170539356148
2023-05-03 09:00:00,0.7474126941721624,0.7466709710665878,0.541584418609501
2023-05-03 10:00:00,0.7786852459910072,0.7691662988743554,0.648697850398882
2023-05-03 11:00:00,0.7486293266852244,0.7507030312962971,0.6526395740436653
2023-05-03 12:00:00,0.6773943508353713,0.6842727219506993,0.5461815061155564
2023-05-03 13:00:00,0.5852495024669371,0.5705244483868948,0.5334099315626967
2023-05-03 14:00:00,0.4345763720390914,0.4152827522014612,0.3994368841846006
2023-05-03 15:00:00,0.2511121293639037,0.2334716120391426,0.2966037489971646
2023-05-03 16:00:00,0.0774112818604457,0.0655778345982216,0.1505657645309129
2023-05-03 17:00:00,0.0062287288674376,0.0052510907155952,0.0258769525383027
2023-05-03 18:00:00,0.0,0.0,0.0
2023-05-03 19:00:00,0.0,0.0,0.0
2023-05-03 20:00:00,0.0,0.0,0.0
2023-05-03 21:00:00,0.0,0.0,0.0
2023-05-03 22:00:00,0.0,0.0,0.0
2023-05-03 23:00:00,0.0,0.0,0.0
2023-05-04 00:00:00,0.0,0.0,0.0
2023-05-04 01:00:00,0.0,0.0,0.0
2023-05-04 02:00:00,0.0,0.0,0.0
2023-05-04 03:00:00,0.0,0.0,0.0
2023-05-04 04:00:00,0.0346610876356561,0.0407876934424307,0.0082449083698048
2023-05-04 05:00:00,0.1799762467480984,0.1946848022047374,0.0370942246274722
2023-05-04 06:00:00,0.3623467861103582,0.3690809460138262,0.0979859687448436
2023-05-04 07:00:00,0.5133688408657929,0.5497623915920411,0.1568731149392112
2023-05-04 08:00:00,0.6418575127748573,0.6663481134372289,0.2176732134031231
2023-05-04 09:00:00,0.7361341928336177,0.7404112477635699,0.2984310863654451
2023-05-04 10:00:00,0.763202729467914,0.743629412091478,0.2847660695461285
2023-05-04 11:00:00,0.7029995844270849,0.7208802188942484,0.2609826851523296
2023-05-04 12:00:00,0.5779582921928739,0.6735279420635981,0.2580452285228078
2023-05-04 13:00:00,0.3914056866982215,0.5654399821458573,0.2085863772460401
2023-05-04 14:00:00,0.3259351845135776,0.3997967563358612,0.1621372328694487
2023-05-04 15:00:00,0.194146545772861,0.2102984765281532,0.1825024572750522
2023-05-04 16:00:00,0.0716890508998844,0.0703024289906875,0.0610464191490654
2023-05-04 17:00:00,0.0064935236503563,0.008118636384477,0.0174508770801206
2023-05-04 18:00:00,0.0,0.0,0.0
2023-05-04 19:00:00,0.0,0.0,0.0
2023-05-04 20:00:00,0.0,0.0,0.0
2023-05-04 21:00:00,0.0,0.0,0.0
2023-05-04 22:00:00,0.0,0.0,0.0
2023-05-04 23:00:00,0.0,0.0,0.0
2023-05-05 00:00:00,0.0,0.0,0.0
2023-05-05 01:00:00,0.0,0.0,0.0
2023-05-05 02:00:00,0.0,0.0,0.0
2023-05-05 03:00:00,0.0,0.0022599385203434,0.0
2023-05-05 04:00:00,0.0320469991724725,0.0423308785670894,0.0043618328298441
2023-05-05 05:00:00,0.157661000636347,0.1882415337754469,0.0313073914100007
2023-05-05 06:00:00,0.3398142524164975,0.3752767902552966,0.0807275116482889
2023-05-05 07:00:00,0.5221419919226605,0.5438328401884331,0.2106209566854015
2023-05-05 08:00:00,0.6180739135374879,0.6450754384987943,0.2396604067091633
2023-05-05 09:00:00,0.6646003690974381,0.6882239440365931,0.3121464739735809
2023-05-05 10:00:00,0.6799389929944151,0.7294409570097434,0.381751097232149
2023-05-05 11:00:00,0.712158487797118,0.7071248191575421,0.4115040795710433
2023-05-05 12:00:00,0.6589915420979996,0.625449618807255,0.496629402784998
2023-05-05 13:00:00,0.5279837614570378,0.5030473787108377,0.3470746785663015
2023-05-05 14:00:00,0.3971810420618947,0.3722554423287084,0.3995971247693717
2023-05-05 15:00:00,0.2177886310198761,0.1976093742179226,0.2392848267573253
2023-05-05 16:00:00,0.0770096020429543,0.0631645568650257,0.0964361150681503
2023-05-05 17:00:00,0.0077597549751872,0.0055485211475715,0.0218336145405404
2023-05-05 18:00:00,0.0,0.0,0.0
2023-05-05 19:00:00,0.0,0.0,0.0
2023-05-05 20:00:00,0.0,0.0,0.0
2023-05-05 21:00:00,0.0,0.0,0.0
2023-05-05 22:00:00,0.0,0.0,0.0
2023-05-05 23:00:00,0.0,0.0,0.0
2023-05-06 00:00:00,0.0,0.0,0.0
2023-05-06 01:00:00,0.0,0.0,0.0
2023-05-06 02:00:00,0.0,0.0,0.0
2023-05-06 03:00:00,0.0,0.0019527103552264,0.0
2023-05-06 04:00:00,0.0304096632520129,0.0404428588691755,0.008656715909731
2023-05-06 05:00:00,0.1782570339218895,0.1809495848340571,0.0594195522768427
2023-05-06 06:00:00,0.3609001638851914,0.3666172289314794,0.1676557292949321
2023-05-06 07:00:00,0.522309576070342,0.5226504979462233,0.3773269083344107
2023-05-06 08:00:00,0.6422347696339374,0.6503884470775083,0.5039665472951889
2023-05-06 09:00:00,0.7055613347454018,0.7125125339110512,0.5506040545526513
2023-05-06 10:00:00,0.7170925395273556,0.7544703565205603,0.5627992665802303
2023-05-06 11:00:00,0.7132566483567548,0.7384079712157382,0.5763624832475321
2023-05-06 12:00:00,0.6495444526368694,0.6760808191523977,0.475902772125137
2023-05-06 13:00:00,0.5501333952069274,0.5661133174686419,0.3984713091218987
2023-05-06 14:00:00,0.3725802453917046,0.4149542500313852,0.3011460363021281
2023-05-06 15:00:00,0.2105415954047069,0.2353186909780517,0.2163432421109762
2023-05-06 16:00:00,0.074724997651328,0.068403044940886,0.0951235186216161
2023-05-06 17:00:00,0.0073698182427527,0.0067540209202501,0.0227279853688223
2023-05-06 18:00:00,0.0,0.0,0.0
2023-05-06 19:00:00,0.0,0.0,0.0
2023-05-06 20:00:00,0.0,0.0,0.0
2023-05-06 21:00:00,0.0,0.0,0.0
2023-05-06 22:00:00,0.0,0.0,0.0
2023-05-06 23:00:00,0.0,0.0,0.0
2023-05-07 00:00:00,0.0,0.0,0.0
2023-05-07 01:00:00,0.0,0.0,0.0
2023-05-07 02:00:00,0.0,0.0,0.0
2023-05-07 03:00:00,0.0,0.002697363260859,0.0
2023-05-07 04:00:00,0.0323900545767625,0.0446031644278068,0.0014587053127983
2023-05-07 05:00:00,0.1707088399460158,0.210137931489913,0.0064426092806165
2023-05-07 06:00:00,0.364111526115584,0.4011313780456053,0.0097062455710964
2023-05-07 07:00:00,0.4793157143392711,0.572808823379499,0.0783478294931943
2023-05-07 08:00:00,0.5833975387073436,0.6892215903718563,0.2314245220016377
2023-05-07 09:00:00,0.6107815873935086,0.7566804167421761,0.2220988400947814
2023-05-07 10:00:00,0.6670706294006693,0.7777491090954912,0.1922766934801416
2023-05-07 11:00:00,0.6250451916372148,0.7587770736042435,0.3934099728454087
2023-05-07 12:00:00,0.5260124738738845,0.6591624534278058,0.4103916456460979
2023-05-07 13:00:00,0.416664203597097,0.5708194504851878,0.2893288584539035
2023-05-07 14:00:00,0.3398802069513275,0.3908547967723977,0.171080042268887
2023-05-07 15:00:00,0.1947079956662918,0.2283600389164961,0.1089892531207682
2023-05-07 16:00:00,0.0561400609066118,0.0670121901104263,0.0731863761189432
2023-05-07 17:00:00,0.0050079244787656,0.0057932119650311,0.0087079200973194
2023-05-07 18:00:00,0.0,0.0,0.0
2023-05-07 19:00:00,0.0,0.0,0.0
2023-05-07 20:00:00,0.0,0.0,0.0
2023-05-07 21:00:00,0.0,0.0,0.0
2023-05-07 22:00:00,0.0,0.0,0.0
2023-05-07 23:00:00,0.0,0.0,0.0
2023-05-08 00:00:00,0.0,0.0,0.0
2023-05-08 01:00:00,0.0,0.0,0.0
2023-05-08 02:00:00,0.0,0.0,0.0
2023-05-08 03:00:00,0.0,0.0005232278028416,0.0
2023-05-08 04:00:00,0.0334062581080708,0.0265679859924936,0.0
2023-05-08 05:00:00,0.1236921410564047,0.1075360879047143,0.0103981484448441
2023-05-08 06:00:00,0.249098829236021,0.2036776722433068,0.0317138916849861
2023-05-08 07:00:00,0.2096445345589247,0.4155093097386864,0.0530858202393992
2023-05-08 08:00:00,0.1151798169500166,0.5229969425380491,0.0784055114146127
2023-05-08 09:00:00,0.0927924810419776,0.7033157690686874,0.1367193523979185
2023-05-08 10:00:00,0.1004083091616519,0.7184790458897284,0.1420116512725673
2023-05-08 11:00:00,0.1404841949091534,0.7246484167579412,0.1372816673006126
2023-05-08 12:00:00,0.0941241583974337,0.490139979067719,0.1834899278661704
2023-05-08 13:00:00,0.0665872937028937,0.3575854674479239,0.1841566671139301
2023-05-08 14:00:00,0.1664521379032088,0.2169322196515407,0.1214587571870209
2023-05-08 15:00:00,0.0746094064770137,0.1409468644344082,0.0920786359904589
2023-05-08 16:00:00,0.038004885409406,0.0502448143794375,0.0735433995463833
2023-05-08 17:00:00,0.0018852688654808,0.0065130017612384,0.0195082105428627
2023-05-08 18:00:00,0.0,0.0,0.0
2023-05-08 19:00:00,0.0,0.0,0.0
2023-05-08 20:00:00,0.0,0.0,0.0
2023-05-08 21:00:00,0.0,0.0,0.0
2023-05-08 22:00:00,0.0,0.0,0.0
2023-05-08 23:00:00,0.0,0.0,0.0
2023-05-09 00:00:00,0.0,0.0,0.0
2023-05-09 01:00:00,0.0,0.0,0.0
2023-05-09 02:00:00,0.0,0.0,0.0
2023-05-09 03:00:00,0.0,0.0009020358631938,0.0
2023-05-09 04:00:00,0.0122564039090086,0.0235329834117754,0.0124406235684781
2023-05-09 05:00:00,0.030833637224866,0.0619406954287182,0.0773250034093536
2023-05-09 06:00:00,0.0585545689105262,0.1262822225827288,0.2098603960763723
2023-05-09 07:00:00,0.247881376539302,0.3264271422375873,0.3957850344836854
2023-05-09 08:00:00,0.43942590028238,0.257052065454794,0.5524977717154167
2023-05-09 09:00:00,0.4769292370027246,0.2817831446077045,0.5554898560112158
2023-05-09 10:00:00,0.4711490616979898,0.3463366783279434,0.6302938190921349
2023-05-09 11:00:00,0.2674600746781621,0.2294855611874842,0.4798160599634033
2023-05-09 12:00:00,0.3218953511082457,0.2022690431599039,0.4892453965852117
2023-05-09 13:00:00,0.2848157184284084,0.1646565472971329,0.4793393827186226
2023-05-09 14:00:00,0.2682978833300042,0.1221862044665385,0.4119470764784428
2023-05-09 15:00:00,0.1169529095381455,0.0763500453846983,0.2035748600281147
2023-05-09 16:00:00,0.0645629489906418,0.0338488171570819,0.1052756959585561
2023-05-09 17:00:00,0.0085511049087831,0.00312470054856,0.0314525057664516
2023-05-09 18:00:00,0.0,0.0,0.0014167172212751
2023-05-09 19:00:00,0.0,0.0,0.0
2023-05-09 20:00:00,0.0,0.0,0.0
2023-05-09 21:00:00,0.0,0.0,0.0
2023-05-09 22:00:00,0.0,0.0,0.0
2023-05-09 23:00:00,0.0,0.0,0.0
2023-05-10 00:00:00,0.0,0.0,0.0
2023-05-10 01:00:00,0.0,0.0,0.0
2023-05-10 02:00:00,0.0,0.0,0.0
2023-05-10 03:00:00,0.0,0.0038344910052202,0.0
2023-05-10 04:00:00,0.0373028804740074,0.0542141050459605,0.0153292906176205
2023-05-10 05:00:00,0.1902754655591314,0.187568475948076,0.1005120651657345
2023-05-10 06:00:00,0.3681342085603751,0.3475663499290559,0.2860050798281545
2023-05-10 07:00:00,0.4879583138169718,0.4927901236608354,0.4771863877447664
2023-05-10 08:00:00,0.5383290147366883,0.6101449855946012,0.6118516105031101
2023-05-10 09:00:00,0.5500478948886471,0.6104278860528067,0.68579534845956
2023-05-10 10:00:00,0.4814539227277852,0.61134755854611,0.6056731650908008
2023-05-10 11:00:00,0.5619306457473565,0.5776478538918105,0.5433072486443571
2023-05-10 12:00:00,0.5205837154404689,0.5140311606413905,0.4751838335540489
2023-05-10 13:00:00,0.4053104019704516,0.4521310751013991,0.4362162782411602
2023-05-10 14:00:00,0.3702716031796941,0.351242277555972,0.4333014211193883
2023-05-10 15:00:00,0.2157087568692407,0.2145801122239275,0.294979212431093
2023-05-10 16:00:00,0.0720163631931557,0.0675551176891885,0.1751733484918407
2023-05-10 17:00:00,0.010626185206583,0.0080593549862119,0.0329391403890954
2023-05-10 18:00:00,0.0,0.0,0.0027796949409771
2023-05-10 19:00:00,0.0,0.0,0.0
2023-05-10 20:00:00,0.0,0.0,0.0
2023-05-10 21:00:00,0.0,0.0,0.0
2023-05-10 22:00:00,0.0,0.0,0.0
2023-05-10 23:00:00,0.0,0.0,0.0
2023-05-11 00:00:00,0.0,0.0,0.0
2023-05-11 01:00:00,0.0,0.0,0.0
2023-05-11 02:00:00,0.0,0.0,0.0
2023-05-11 03:00:00,0.0,0.00444722126985,0.0
2023-05-11 04:00:00,0.0383988438792134,0.0484057262563037,0.0161965999680576
2023-05-11 05:00:00,0.1928942415924971,0.2070891233359949,0.1019367558103974
2023-05-11 06:00:00,0.3810804562300793,0.391269763939476,0.2876411451675497
2023-05-11 07:00:00,0.5484842010355746,0.5557651142858304,0.4711676182736864
2023-05-11 08:00:00,0.5836538018120149,0.5476898798112744,0.6139409456773676
2023-05-11 09:00:00,0.6430143742009891,0.5958516776034625,0.7253152725020644
2023-05-11 10:00:00,0.6730115814342023,0.6172380859838077,0.7535611399733667
2023-05-11 11:00:00,0.6235255377662703,0.6569507286518428,0.72365949249382
2023-05-11 12:00:00,0.4691332255920516,0.5516480200689506,0.6150637687680349
2023-05-11 13:00:00,0.4118484925023341,0.4742428884717269,0.4626343407022926
2023-05-11 14:00:00,0.3413119331688085,0.2669149949955361,0.3753638301080311
2023-05-11 15:00:00,0.2030921809373358,0.1502288084902124,0.3224499570749289
2023-05-11 16:00:00,0.0763174239379437,0.0642979656266138,0.178671317960447
2023-05-11 17:00:00,0.0109226724197589,0.009866869629818,0.0353297161141677
2023-05-11 18:00:00,0.0,0.0,0.0028116080572222
2023-05-11 19:00:00,0.0,0.0,0.0
2023-05-11 20:00:00,0.0,0.0,0.0
2023-05-11 21:00:00,0.0,0.0,0.0
2023-05-11 22:00:00,0.0,0.0,0.0
2023-05-11 23:00:00,0.0,0.0,0.0
2023-05-12 00:00:00,0.0,0.0,0.0
2023-05-12 01:00:00,0.0,0.0,0.0
2023-05-12 02:00:00,0.0,0.0,0.0
2023-05-12 03:00:00,0.0020852920947426,0.0048147789477899,0.0
2023-05-12 04:00:00,0.0392424852596663,0.0497585843333337,0.0169462831801507
2023-05-12 05:00:00,0.1956296939266255,0.208329224445111,0.0992965287618199
2023-05-12 06:00:00,0.3827020075149848,0.392964609874218,0.2294817589812885
2023-05-12 07:00:00,0.548752625057741,0.5561309282182979,0.363388201668917
2023-05-12 08:00:00,0.653177705313289,0.6657511457992591,0.4962831908203352
2023-05-12 09:00:00,0.6828936538178206,0.7481205350606968,0.4351588187992107
2023-05-12 10:00:00,0.7118451459148694,0.7530169800310234,0.4596618244910435
2023-05-12 11:00:00,0.6976576997485575,0.5627143200933923,0.3784553425063726
2023-05-12 12:00:00,0.6982435342065586,0.4914245884399487,0.326630303433551
2023-05-12 13:00:00,0.5994981236522207,0.339902490297607,0.353132188920208
2023-05-12 14:00:00,0.4274894213972993,0.1864034405062162,0.3207180754614772
2023-05-12 15:00:00,0.2604066102332885,0.1463139258515989,0.2517251013947998
2023-05-12 16:00:00,0.088358715323473,0.0702289207972065,0.1385100341999768
2023-05-12 17:00:00,0.0123873154949251,0.0108763878821414,0.0492010717954592
2023-05-12 18:00:00,0.0,0.0,0.0045270999089561
2023-05-12 19:00:00,0.0,0.0,0.0
2023-05-12 20:00:00,0.0,0.0,0.0
2023-05-12 21:00:00,0.0,0.0,0.0
2023-05-12 22:00:00,0.0,0.0,0.0
2023-05-12 23:00:00,0.0,0.0,0.0
2023-05-13 00:00:00,0.0,0.0,0.0
2023-05-13 01:00:00,0.0,0.0,0.0
2023-05-13 02:00:00,0.0,0.0,0.0
2023-05-13 03:00:00,0.0019593370424,0.0055683552022427,0.0
2023-05-13 04:00:00,0.0515370572666373,0.0535818210732592,0.015082835976013
2023-05-13 05:00:00,0.1726705082778368,0.1878620093469123,0.0703865755986268
2023-05-13 06:00:00,0.348677821688052,0.355758659517879,0.2015690158225768
2023-05-13 07:00:00,0.540496014694479,0.5349838484172538,0.2778777239015556
2023-05-13 08:00:00,0.6507254735532455,0.6426915298869323,0.3950277446497607
2023-05-13 09:00:00,0.7327926323369675,0.7229261218791703,0.448371221581089
2023-05-13 10:00:00,0.7310890968069732,0.7086083044853492,0.4339501717469405
2023-05-13 11:00:00,0.5474791417154048,0.6235008911358277,0.5488843181221021
2023-05-13 12:00:00,0.4985428608275348,0.4545706876602494,0.4913561631173941
2023-05-13 13:00:00,0.3945404741443211,0.3425385224784739,0.3669038173898231
2023-05-13 14:00:00,0.309418321405344,0.2439788428056637,0.3123501241616704
2023-05-13 15:00:00,0.1892652397314263,0.1950742182590767,0.1549707436881478
2023-05-13 16:00:00,0.0725123379218943,0.0656850600581353,0.0887578333119493
2023-05-13 17:00:00,0.0107357973650678,0.0091221396807689,0.0380788228086463
2023-05-13 18:00:00,0.0,0.0,0.0033321803930103
2023-05-13 19:00:00,0.0,0.0,0.0
2023-05-13 20:00:00,0.0,0.0,0.0
2023-05-13 21:00:00,0.0,0.0,0.0
2023-05-13 22:00:00,0.0,0.0,0.0
2023-05-13 23:00:00,0.0,0.0,0.0
2023-05-14 00:00:00,0.0,0.0,0.0
2023-05-14 01:00:00,0.0,0.0,0.0
2023-05-14 02:00:00,0.0,0.0,0.0
2023-05-14 03:00:00,0.0030645485170477,0.0060120728256479,0.0
2023-05-14 04:00:00,0.0565412858347552,0.0502239596062182,0.0178522342302376
2023-05-14 05:00:00,0.1739314783097698,0.1986802547719203,0.1014172388991863
2023-05-14 06:00:00,0.3584574363910339,0.3789530911356434,0.2768637377453519
2023-05-14 07:00:00,0.5162083890485292,0.5230933271931311,0.4551349791722096
2023-05-14 08:00:00,0.6384121846970725,0.6232294081788997,0.588336961717872
2023-05-14 09:00:00,0.6791277116023877,0.6816515103585751,0.7004058527439097
2023-05-14 10:00:00,0.7226940048410012,0.7200194506410872,0.754790101137588
2023-05-14 11:00:00,0.6395214679419922,0.6719795304660839,0.7639725453061854
2023-05-14 12:00:00,0.6050358818698319,0.5960892320606231,0.6804393525305269
2023-05-14 13:00:00,0.5337243707441756,0.5004263837695577,0.5540723355175188
2023-05-14 14:00:00,0.3809728689027247,0.329709715071419,0.4612709355064272
2023-05-14 15:00:00,0.2105763088514081,0.1836858660030466,0.2811861809064323
2023-05-14 16:00:00,0.0725005312999734,0.0667414131745905,0.1591227171463894
2023-05-14 17:00:00,0.0105218430598716,0.0101068956850045,0.0503003672186212
2023-05-14 18:00:00,0.0,0.0,0.0049166026423382
2023-05-14 19:00:00,0.0,0.0,0.0
2023-05-14 20:00:00,0.0,0.0,0.0
2023-05-14 21:00:00,0.0,0.0,0.0
2023-05-14 22:00:00,0.0,0.0,0.0
2023-05-14 23:00:00,0.0,0.0,0.0
2023-05-15 00:00:00,0.0,0.0,0.0
2023-05-15 01:00:00,0.0,0.0,0.0
2023-05-15 02:00:00,0.0,0.0,0.0
2023-05-15 03:00:00,0.0028804835711782,0.0057897993477402,0.0
2023-05-15 04:00:00,0.0406850794341589,0.0502786204257289,0.0243092575674035
2023-05-15 05:00:00,0.1918067178769938,0.2012456328584653,0.0902405926243676
2023-05-15 06:00:00,0.3731095483415084,0.3777614529761349,0.2065797769301045
2023-05-15 07:00:00,0.5320415002604291,0.5360026401872475,0.39222211234471
2023-05-15 08:00:00,0.6378571721287256,0.6392983248468727,0.4573456274335033
2023-05-15 09:00:00,0.7025464703949438,0.7001174620328113,0.5066417742625126
2023-05-15 10:00:00,0.7342630537549412,0.6517339834322013,0.5863748464376524
2023-05-15 11:00:00,0.7141210074638156,0.5485787555838739,0.5654785609384682
2023-05-15 12:00:00,0.6533597165738544,0.5118214995124517,0.457971562080758
2023-05-15 13:00:00,0.5616027111154244,0.5173249944709952,0.3904639632375941
2023-05-15 14:00:00,0.4203107548703799,0.3610787557064485,0.2513002478655198
2023-05-15 15:00:00,0.2499816126209152,0.2144904565709234,0.161363949538964
2023-05-15 16:00:00,0.085406997993252,0.0702181260208471,0.070867760355982
2023-05-15 17:00:00,0.0125978085360251,0.0108565621720649,0.0244589973931907
2023-05-15 18:00:00,0.0,0.0,0.0
2023-05-15 19:00:00,0.0,0.0,0.0
2023-05-15 20:00:00,0.0,0.0,0.0
2023-05-15 21:00:00,0.0,0.0,0.0
2023-05-15 22:00:00,0.0,0.0,0.0
2023-05-15 23:00:00,0.0,0.0,0.0
2023-05-16 00:00:00,0.0,0.0,0.0
2023-05-16 01:00:00,0.0,0.0,0.0
2023-05-16 02:00:00,0.0,0.0,0.0
2023-05-16 03:00:00,0.0029670283280658,0.0077343284910823,0.0
2023-05-16 04:00:00,0.0398015566108087,0.0537332278428318,0.0182029137934941
2023-05-16 05:00:00,0.1881152567950951,0.2000010638584763,0.0910013060867542
2023-05-16 06:00:00,0.3650116463057171,0.3651993803171828,0.2494356405062972
2023-05-16 07:00:00,0.5173467037230658,0.5168226662590997,0.3290957088644479
2023-05-16 08:00:00,0.6328930823894939,0.6394851043109847,0.4685943758859786
2023-05-16 09:00:00,0.7067529951302921,0.6539148567722101,0.5402047481716938
2023-05-16 10:00:00,0.708858699106489,0.5955189385351461,0.4626221569717008
2023-05-16 11:00:00,0.7163204446755519,0.4714652192286164,0.3589024399567069
2023-05-16 12:00:00,0.662106880891601,0.2903723494364119,0.234030529964088
2023-05-16 13:00:00,0.5662735353596714,0.2378257174776655,0.2269665155229603
2023-05-16 14:00:00,0.4245646860294619,0.1353108059131282,0.2140021955110891
2023-05-16 15:00:00,0.250384634289675,0.0993784140467832,0.1933737781423374
2023-05-16 16:00:00,0.0862748289407962,0.0310277672939972,0.1078920310332449
2023-05-16 17:00:00,0.0138324199648581,0.0035705662731998,0.0356014290125685
2023-05-16 18:00:00,0.0,0.0,0.0033478458403158
2023-05-16 19:00:00,0.0,0.0,0.0
2023-05-16 20:00:00,0.0,0.0,0.0
2023-05-16 21:00:00,0.0,0.0,0.0
2023-05-16 22:00:00,0.0,0.0,0.0
2023-05-16 23:00:00,0.0,0.0,0.0
2023-05-17 00:00:00,0.0,0.0,0.0
2023-05-17 01:00:00,0.0,0.0,0.0
2023-05-17 02:00:00,0.0,0.0,0.0
2023-05-17 03:00:00,0.0035344463947886,0.0035019434739051,0.0
2023-05-17 04:00:00,0.0458958816467771,0.0402956582292803,0.0154790818924878
2023-05-17 05:00:00,0.179843381081108,0.1589819446800118,0.0574584625937457
2023-05-17 06:00:00,0.3245665682392149,0.3568060179665999,0.1814229105206788
2023-05-17 07:00:00,0.5102729225840607,0.5256689695105035,0.3244003162698682
2023-05-17 08:00:00,0.6229680685573593,0.6475977718542355,0.5044622678476338
2023-05-17 09:00:00,0.7012182046293791,0.7226506570309676,0.5104400630444202
2023-05-17 10:00:00,0.7311011709666003,0.7441091722642452,0.5075146895174063
2023-05-17 11:00:00,0.7260463401449622,0.7257731835331007,0.6172165642406859
2023-05-17 12:00:00,0.6701349831722233,0.661768902557463,0.5813263162132372
2023-05-17 13:00:00,0.576125745790456,0.5503613084001395,0.5088458615342348
2023-05-17 14:00:00,0.4288310817591241,0.3940606119463049,0.3817903836194029
2023-05-17 15:00:00,0.2614675629828406,0.227618043314035,0.2815041810242168
2023-05-17 16:00:00,0.0917108298111092,0.0759024320010798,0.1471319592008064
2023-05-17 17:00:00,0.0145387455041506,0.0133440365790119,0.0456097671772245
2023-05-17 18:00:00,0.0,0.0,0.0032068093746792
2023-05-17 19:00:00,0.0,0.0,0.0
2023-05-17 20:00:00,0.0,0.0,0.0
2023-05-17 21:00:00,0.0,0.0,0.0
2023-05-17 22:00:00,0.0,0.0,0.0
2023-05-17 23:00:00,0.0,0.0,0.0
2023-05-18 00:00:00,0.0,0.0,0.0
2023-05-18 01:00:00,0.0,0.0,0.0
2023-05-18 02:00:00,0.0,0.0,0.0
2023-05-18 03:00:00,0.0038503830529279,0.0072086117401517,0.0
2023-05-18 04:00:00,0.0423397560302249,0.052449746919514,0.0033574894588242
2023-05-18 05:00:00,0.1923631327075241,0.2044436936383205,0.022127560852193
2023-05-18 06:00:00,0.3692945626276312,0.3775193489379387,0.0573200137022516
2023-05-18 07:00:00,0.5258562026481486,0.5279703298212066,0.0966560501366962
2023-05-18 08:00:00,0.6358251779813002,0.6342372782685992,0.1562648124362177
2023-05-18 09:00:00,0.7098838820519924,0.5816842253123987,0.3238604658348154
2023-05-18 10:00:00,0.7382827092274933,0.6145372791520188,0.4191241566969743
2023-05-18 11:00:00,0.7269529827889479,0.6388835584784699,0.4686467601884936
2023-05-18 12:00:00,0.6720923015504662,0.5435797202074719,0.4566259195042584
2023-05-18 13:00:00,0.5714845081605031,0.4469335902338643,0.4059258340684195
2023-05-18 14:00:00,0.4382765289901877,0.2644968051671389,0.3044780447229189
2023-05-18 15:00:00,0.2515177020618317,0.1723633577636423,0.1849516658376854
2023-05-18 16:00:00,0.0904925854827647,0.0614078580930648,0.0931174572756439
2023-05-18 17:00:00,0.014681752244403,0.010149635378832,0.0233825302964873
2023-05-18 18:00:00,0.0,0.0,0.0033986768450816
2023-05-18 19:00:00,0.0,0.0,0.0
2023-05-18 20:00:00,0.0,0.0,0.0
2023-05-18 21:00:00,0.0,0.0,0.0
2023-05-18 22:00:00,0.0,0.0,0.0
2023-05-18 23:00:00,0.0,0.0,0.0
2023-05-19 00:00:00,0.0,0.0,0.0
2023-05-19 01:00:00,0.0,0.0,0.0
2023-05-19 02:00:00,0.0,0.0,0.0
2023-05-19 03:00:00,0.0040888454696108,0.0071920561492916,0.0
2023-05-19 04:00:00,0.0424683673789372,0.0522184669119269,0.0112085716745488
2023-05-19 05:00:00,0.1958791518017359,0.1674679329906891,0.063557335120816
2023-05-19 06:00:00,0.3610423699494555,0.322555461261846,0.1286950716979649
2023-05-19 07:00:00,0.4963977179543615,0.5165712469442282,0.2265437892927265
2023-05-19 08:00:00,0.5550354378010899,0.570996812497522,0.3742064761207546
2023-05-19 09:00:00,0.6884682593621188,0.6190290250114144,0.4847582240818747
2023-05-19 10:00:00,0.7356361500273138,0.6967724952572679,0.5614278898173226
2023-05-19 11:00:00,0.6956461342257418,0.6297219152327498,0.6271721153605329
2023-05-19 12:00:00,0.5170203375301979,0.4944875749178105,0.5871512449120592
2023-05-19 13:00:00,0.4431357693535139,0.4471415059269492,0.5058231767252481
2023-05-19 14:00:00,0.2861133920984783,0.3369038761797975,0.4860043328763462
2023-05-19 15:00:00,0.1959513361686048,0.192932436110813,0.3222603046187836
2023-05-19 16:00:00,0.0871006865520733,0.0633992982198362,0.1405856575064976
2023-05-19 17:00:00,0.0184264933656888,0.0153957240206179,0.0444502408389355
2023-05-19 18:00:00,0.0,0.0,0.0041449412543926
2023-05-19 19:00:00,0.0,0.0,0.0
2023-05-19 20:00:00,0.0,0.0,0.0
2023-05-19 21:00:00,0.0,0.0,0.0
2023-05-19 22:00:00,0.0,0.0,0.0
2023-05-19 23:00:00,0.0,0.0,0.0
2023-05-20 00:00:00,0.0,0.0,0.0
2023-05-20 01:00:00,0.0,0.0,0.0
2023-05-20 02:00:00,0.0,0.0,0.0
2023-05-20 03:00:00,0.00505816912808,0.0090526519125629,0.0
2023-05-20 04:00:00,0.0478263048326254,0.0593092350859482,0.0169773600667509
2023-05-20 05:00:00,0.1854277175353698,0.2012704630751446,0.0741048221853433
2023-05-20 06:00:00,0.3542533925758577,0.3672763072008999,0.1968758297560677
2023-05-20 07:00:00,0.5224012856962149,0.5232581734940619,0.2704353296478459
2023-05-20 08:00:00,0.6256138197472729,0.626787438248697,0.3429896492319312
2023-05-20 09:00:00,0.6927271102724054,0.643248072783704,0.5270279515549262
2023-05-20 10:00:00,0.7168198599308058,0.6617402366917295,0.5824822407386246
2023-05-20 11:00:00,0.7178017194855033,0.6367359829594109,0.5331610197844007
2023-05-20 12:00:00,0.6615614525845143,0.4196543686638253,0.4494659403538424
2023-05-20 13:00:00,0.5503400445791523,0.3848332752876987,0.3952162698004173
2023-05-20 14:00:00,0.4193826782928292,0.1908395760813659,0.350407723306023
2023-05-20 15:00:00,0.2541786141846089,0.1552720636523418,0.2478945650088692
2023-05-20 16:00:00,0.0926181286432307,0.0675614187047615,0.1339017888905357
2023-05-20 17:00:00,0.0178674481359503,0.0125869585599723,0.0339748883066875
2023-05-20 18:00:00,0.0,0.0,0.004937940217347
2023-05-20 19:00:00,0.0,0.0,0.0
2023-05-20 20:00:00,0.0,0.0,0.0
2023-05-20 21:00:00,0.0,0.0,0.0
2023-05-20 22:00:00,0.0,0.0,0.0
2023-05-20 23:00:00,0.0,0.0,0.0
2023-05-21 00:00:00,0.0,0.0,0.0
2023-05-21 01:00:00,0.0,0.0,0.0
2023-05-21 02:00:00,0.0,0.0,0.0
2023-05-21 03:00:00,0.0058070481215577,0.0098978254882775,0.0
2023-05-21 04:00:00,0.0554348766639887,0.0575903325904634,0.0217667956235951
2023-05-21 05:00:00,0.1887831913765662,0.1813508640458408,0.1054185738849245
2023-05-21 06:00:00,0.3656799759075265,0.3330820363274461,0.2740211635089245
2023-05-21 07:00:00,0.5271918860137237,0.4460405130302415,0.4541733758038537
2023-05-21 08:00:00,0.6385295998798551,0.5813629750298855,0.5910575881656612
2023-05-21 09:00:00,0.7117816383126658,0.5806911545864524,0.6926437167358555
2023-05-21 10:00:00,0.7104183469314025,0.5433380372149174,0.7294954273486627
2023-05-21 11:00:00,0.6792518917270591,0.6333917317785407,0.7221161871845038
2023-05-21 12:00:00,0.5524370027246579,0.5342007417825609,0.722870763874433
2023-05-21 13:00:00,0.541127465282875,0.3717476417701201,0.636676728693864
2023-05-21 14:00:00,0.4211040917561102,0.216185963707618,0.5196769056569994
2023-05-21 15:00:00,0.2445042165498891,0.1116541828863153,0.345846618340985
2023-05-21 16:00:00,0.0969054781915129,0.0615932949605198,0.1865419983885328
2023-05-21 17:00:00,0.02356041776988,0.0144111688641788,0.0436331007784784
2023-05-21 18:00:00,0.0,0.0,0.0070975880113346
2023-05-21 19:00:00,0.0,0.0,0.0
2023-05-21 20:00:00,0.0,0.0,0.0
2023-05-21 21:00:00,0.0,0.0,0.0
2023-05-21 22:00:00,0.0,0.0,0.0
2023-05-21 23:00:00,0.0,0.0,0.0
2023-05-22 00:00:00,0.0,0.0,0.0
2023-05-22 01:00:00,0.0,0.0,0.0
2023-05-22 02:00:00,0.0,0.0,0.0
2023-05-22 03:00:00,0.0015625880923635,0.0066575322691319,0.0
2023-05-22 04:00:00,0.0270171663142147,0.0447541378507062,0.0232341401896176
2023-05-22 05:00:00,0.0748310524591938,0.0928794290990393,0.1098286147144053
2023-05-22 06:00:00,0.1543203657761274,0.1203856698227493,0.2888936688713913
2023-05-22 07:00:00,0.1384060325858889,0.3844081328259203,0.4672486521028856
2023-05-22 08:00:00,0.165992787053154,0.430328358792261,0.6002081750819341
2023-05-22 09:00:00,0.2633237034806435,0.4158480212787621,0.6945548872281877
2023-05-22 10:00:00,0.3007896491326594,0.4000013450422068,0.7134326563899579
2023-05-22 11:00:00,0.3407831446392392,0.3657641077439279,0.6693534659869698
2023-05-22 12:00:00,0.3728238333828669,0.3033823022461717,0.5684867286601358
2023-05-22 13:00:00,0.3511608172500001,0.2639592298365024,0.5879763451454727
2023-05-22 14:00:00,0.3314081322566238,0.2277218557956533,0.4830039847416734
2023-05-22 15:00:00,0.1824867842613703,0.1201792855977591,0.3716014136284866
2023-05-22 16:00:00,0.071481987083523,0.0670151307840572,0.1916471045610372
2023-05-22 17:00:00,0.0143937966220494,0.0178695968060559,0.0442847780946285
2023-05-22 18:00:00,0.0,0.0,0.0073517505186281
2023-05-22 19:00:00,0.0,0.0,0.0
2023-05-22 20:00:00,0.0,0.0,0.0
2023-05-22 21:00:00,0.0,0.0,0.0
2023-05-22 22:00:00,0.0,0.0,0.0
2023-05-22 23:00:00,0.0,0.0,0.0
2023-05-23 00:00:00,0.0,0.0,0.0
2023-05-23 01:00:00,0.0,0.0,0.0
2023-05-23 02:00:00,0.0,0.0,0.0
2023-05-23 03:00:00,0.0032417225393165,0.0090112786863742,0.0
2023-05-23 04:00:00,0.0369520789969473,0.051451492803024,0.0252843558473857
2023-05-23 05:00:00,0.1065348921822478,0.1719905069416352,0.1098825190500756
2023-05-23 06:00:00,0.242224759899121,0.323948860159838,0.2852027524877691
2023-05-23 07:00:00,0.3259692400817134,0.3615357002353558,0.4245059391031578
2023-05-23 08:00:00,0.503846886159876,0.3915086489576707,0.568804423484122
2023-05-23 09:00:00,0.6304533225690601,0.5110991155157393,0.5902260022305102
2023-05-23 10:00:00,0.614350538825295,0.4754643602764298,0.6845360618654247
2023-05-23 11:00:00,0.5167631418829107,0.419945373017217,0.6716866116236911
2023-05-23 12:00:00,0.5285655503789407,0.2606970934395555,0.5983123262225416
2023-05-23 13:00:00,0.4378267778071631,0.2079136348321502,0.5116950557937882
2023-05-23 14:00:00,0.2974792895682286,0.2846214920766255,0.4366947776507286
2023-05-23 15:00:00,0.1919843612919025,0.1763273312018355,0.2928984880974311
2023-05-23 16:00:00,0.0745097116542598,0.0650580356664197,0.1587297003590785
2023-05-23 17:00:00,0.0141064023885867,0.01362253587751,0.0354141615068762
2023-05-23 18:00:00,0.0,0.0,0.0068072672419787
2023-05-23 19:00:00,0.0,0.0,0.0
2023-05-23 20:00:00,0.0,0.0,0.0
2023-05-23 21:00:00,0.0,0.0,0.0
2023-05-23 22:00:00,0.0,0.0,0.0
2023-05-23 23:00:00,0.0,0.0,0.0
2023-05-24 00:00:00,0.0,0.0,0.0
2023-05-24 01:00:00,0.0,0.0,0.0
2023-05-24 02:00:00,0.0,0.0,0.0
2023-05-24 03:00:00,0.0038254994002001,0.0079685772884591,0.0
2023-05-24 04:00:00,0.043157960247812,0.0482405526482403,0.0244935908100969
2023-05-24 05:00:00,0.1586104505371899,0.1692935036415663,0.1036742070314149
2023-05-24 06:00:00,0.275659664568174,0.3204313673704638,0.2558633703399089
2023-05-24 07:00:00,0.4767862104257275,0.4348926455453021,0.3822432729340561
2023-05-24 08:00:00,0.5871506658634896,0.580042750913495,0.5081757601643376
2023-05-24 09:00:00,0.615980649821219,0.55143001631928,0.5609456496309245
2023-05-24 10:00:00,0.6857813333750756,0.4583938155854893,0.5418421774363579
2023-05-24 11:00:00,0.6356817055966988,0.4092157144677817,0.3869400255123956
2023-05-24 12:00:00,0.5420269336855175,0.3714392508563832,0.4045214993209802
2023-05-24 13:00:00,0.4155520789781516,0.313653849663838,0.3395798284778694
2023-05-24 14:00:00,0.2465300193792184,0.1863449398584509,0.1447612146695032
2023-05-24 15:00:00,0.1235493096115413,0.1098630900333382,0.12295995022858
2023-05-24 16:00:00,0.0425318259229044,0.0650058681927358,0.0943935346836603
2023-05-24 17:00:00,0.0061929090585759,0.0202834584988183,0.0548460179964241
2023-05-24 18:00:00,0.0,0.0,0.0090579119893175
2023-05-24 19:00:00,0.0,0.0,0.0
2023-05-24 20:00:00,0.0,0.0,0.0
2023-05-24 21:00:00,0.0,0.0,0.0
2023-05-24 22:00:00,0.0,0.0,0.0
2023-05-24 23:00:00,0.0,0.0,0.0
2023-05-25 00:00:00,0.0,0.0,0.0
2023-05-25 01:00:00,0.0,0.0,0.0
2023-05-25 02:00:00,0.0,0.0,0.0
2023-05-25 03:00:00,0.0044236100952147,0.0112040686009867,0.0
2023-05-25 04:00:00,0.0378094587890451,0.0545200342694978,0.0221927279958499
2023-05-25 05:00:00,0.106743706166994,0.1601025154123545,0.1042480492972208
2023-05-25 06:00:00,0.1761280413301253,0.3429653139217469,0.2711783729614339
2023-05-25 07:00:00,0.390456068154106,0.490807392279153,0.3962439937064722
2023-05-25 08:00:00,0.411305391517018,0.5600533339914587,0.5404790602264392
2023-05-25 09:00:00,0.5072196846786623,0.5525528698415455,0.6292302665432189
2023-05-25 10:00:00,0.4889740198024583,0.397887787585735,0.6287726002993038
2023-05-25 11:00:00,0.4980480746396441,0.4098239364954879,0.6174997292399146
2023-05-25 12:00:00,0.5004945230633548,0.4581400686090787,0.5682470788208591
2023-05-25 13:00:00,0.3809917921924978,0.3337911878109778,0.5327905926318808
2023-05-25 14:00:00,0.349882834317629,0.2478193479854136,0.3951370972692813
2023-05-25 15:00:00,0.1888004218656778,0.1320533695777828,0.2909895665494059
2023-05-25 16:00:00,0.065121046809229,0.0412147229427651,0.1316468126339482
2023-05-25 17:00:00,0.0077512552745912,0.0135234923482282,0.041222365400421
2023-05-25 18:00:00,0.0,0.0,0.0059251765163302
2023-05-25 19:00:00,0.0,0.0,0.0
2023-05-25 20:00:00,0.0,0.0,0.0
2023-05-25 21:00:00,0.0,0.0,0.0
2023-05-25 22:00:00,0.0,0.0,0.0
2023-05-25 23:00:00,0.0,0.0,0.0
2023-05-26 00:00:00,0.0,0.0,0.0
2023-05-26 01:00:00,0.0,0.0,0.0
2023-05-26 02:00:00,0.0,0.0,0.0
2023-05-26 03:00:00,0.0058620581202176,0.0080544980664316,0.0
2023-05-26 04:00:00,0.0492010183618863,0.0556537430849712,0.0227226886692561
2023-05-26 05:00:00,0.1547704791136441,0.1315375842320134,0.1023818665562275
2023-05-26 06:00:00,0.2987820072415835,0.2512666789360081,0.2185734776586522
2023-05-26 07:00:00,0.4508610445209707,0.403146997575861,0.2757707005613193
2023-05-26 08:00:00,0.5195620466498759,0.532063873777915,0.5033332771601506
2023-05-26 09:00:00,0.5910257539132605,0.575723168863386,0.6383294474755994
2023-05-26 10:00:00,0.6380236504656661,0.5649408292353665,0.710309209356591
2023-05-26 11:00:00,0.6414219893058222,0.5906040073992853,0.7209831309437097
2023-05-26 12:00:00,0.5624166180977112,0.4819961685984116,0.598589371621565
2023-05-26 13:00:00,0.4343169416650274,0.4060050799536588,0.519541061317389
2023-05-26 14:00:00,0.302832128373615,0.2290849224986257,0.379879563204764
2023-05-26 15:00:00,0.1553221551434114,0.1356606392968518,0.2339568043668308
2023-05-26 16:00:00,0.0454760681436571,0.0609105545401566,0.0809165187119484
2023-05-26 17:00:00,0.0093760693392715,0.0157762853324033,0.0436170325084099
2023-05-26 18:00:00,0.0,0.0,0.0083801423080222
2023-05-26 19:00:00,0.0,0.0,0.0
2023-05-26 20:00:00,0.0,0.0,0.0
2023-05-26 21:00:00,0.0,0.0,0.0
2023-05-26 22:00:00,0.0,0.0,0.0
2023-05-26 23:00:00,0.0,0.0,0.0
2023-05-27 00:00:00,0.0,0.0,0.0
2023-05-27 01:00:00,0.0,0.0,0.0
2023-05-27 02:00:00,0.0,0.0,0.0
2023-05-27 03:00:00,0.0056042566863894,0.0108067037802793,0.0
2023-05-27 04:00:00,0.0513439454675941,0.0491590387583271,0.0144611437047903
2023-05-27 05:00:00,0.1495726158188083,0.0846141374667377,0.0515316122385588
2023-05-27 06:00:00,0.2722936346295603,0.1243564595351169,0.1583259257407989
2023-05-27 07:00:00,0.3368077323144258,0.3208461953725239,0.2101031376297995
2023-05-27 08:00:00,0.3746832451397148,0.3172902355652469,0.3400974611499965
2023-05-27 09:00:00,0.3636813396436729,0.4182398394743821,0.4128857434521993
2023-05-27 10:00:00,0.5715145410516816,0.3118801615031878,0.4127177860590753
2023-05-27 11:00:00,0.6288456528468481,0.284448299087638,0.4712431300964008
2023-05-27 12:00:00,0.5815521139160588,0.2377350903094134,0.4953797085848452
2023-05-27 13:00:00,0.4625079732233789,0.3168256766291155,0.4791586926749212
2023-05-27 14:00:00,0.3545432236450517,0.260334699057516,0.3876431166967654
2023-05-27 15:00:00,0.2098207826870629,0.17992709884125,0.2175721068283945
2023-05-27 16:00:00,0.0531613151486165,0.0903973709290576,0.1274015004874229
2023-05-27 17:00:00,0.0207708171932502,0.0251451647682619,0.0452578663414003
2023-05-27 18:00:00,0.0,0.0,0.0074992484010458
2023-05-27 19:00:00,0.0,0.0,0.0
2023-05-27 20:00:00,0.0,0.0,0.0
2023-05-27 21:00:00,0.0,0.0,0.0
2023-05-27 22:00:00,0.0,0.0,0.0
2023-05-27 23:00:00,0.0,0.0,0.0
2023-05-28 00:00:00,0.0,0.0,0.0
2023-05-28 01:00:00,0.0,0.0,0.0
2023-05-28 02:00:00,0.0,0.0,0.0
2023-05-28 03:00:00,0.0054757789460617,0.0093175330571718,0.0
2023-05-28 04:00:00,0.0434925538038358,0.0602536569032904,0.0251940590485774
2023-05-28 05:00:00,0.1636063667663382,0.1549034036752351,0.1093346136783702
2023-05-28 06:00:00,0.3277934585648751,0.3060991048596768,0.250694111957366
2023-05-28 07:00:00,0.4594273525644956,0.3233577933479406,0.4203741914668675
2023-05-28 08:00:00,0.5635690364101836,0.4133163528905905,0.5701665534336122
2023-05-28 09:00:00,0.623580861889126,0.5086974834947068,0.6942113316067824
2023-05-28 10:00:00,0.6974756680918484,0.547256741511696,0.7307545725052975
2023-05-28 11:00:00,0.6543905198114107,0.5260108504018296,0.6698470113549363
2023-05-28 12:00:00,0.6053803425674729,0.5026586380925506,0.6812575476630227
2023-05-28 13:00:00,0.4595581297312598,0.4324487506852547,0.5832899796180455
2023-05-28 14:00:00,0.3673678038581559,0.328900615581625,0.4809099916960377
2023-05-28 15:00:00,0.219088809728905,0.1333577659659321,0.3412639998145045
2023-05-28 16:00:00,0.0916877916928313,0.0512841838451094,0.1852014638123516
2023-05-28 17:00:00,0.0199237107617266,0.0170130992723439,0.0513053472649528
2023-05-28 18:00:00,0.0,0.0,0.0104026653559589
2023-05-28 19:00:00,0.0,0.0,0.0
2023-05-28 20:00:00,0.0,0.0,0.0
2023-05-28 21:00:00,0.0,0.0,0.0
2023-05-28 22:00:00,0.0,0.0,0.0
2023-05-28 23:00:00,0.0,0.0,0.0
2023-05-29 00:00:00,0.0,0.0,0.0
2023-05-29 01:00:00,0.0,0.0,0.0
2023-05-29 02:00:00,0.0,0.0,0.0
2023-05-29 03:00:00,0.007034275349889,0.011928784590582,0.0
2023-05-29 04:00:00,0.0482298184486297,0.0573741178376475,0.0256462310705691
2023-05-29 05:00:00,0.1721055390895598,0.1810133793890382,0.1111750006348429
2023-05-29 06:00:00,0.3262788323483554,0.3145365940242065,0.285707140112569
2023-05-29 07:00:00,0.3843966216539302,0.4634246121585448,0.4493878146173369
2023-05-29 08:00:00,0.3906797711449059,0.5298974752523976,0.5867287376688095
2023-05-29 09:00:00,0.3130325698038627,0.6101583593613732,0.6733220842179366
2023-05-29 10:00:00,0.3672757541013464,0.6464876692665743,0.7204092530017936
2023-05-29 11:00:00,0.3703014620751551,0.6212552327980797,0.7350564280705427
2023-05-29 12:00:00,0.3229619918613639,0.4577502086368408,0.6894038463899166
2023-05-29 13:00:00,0.2604115817855709,0.2953996590983352,0.5489975683729668
2023-05-29 14:00:00,0.1837578318880127,0.1854641348915594,0.5060760136543968
2023-05-29 15:00:00,0.1230235195814825,0.1030673037089719,0.3181985451921632
2023-05-29 16:00:00,0.0756670922144639,0.0515540972826527,0.1769092216847509
2023-05-29 17:00:00,0.0174013089960564,0.0112042743691102,0.0473916909090573
2023-05-29 18:00:00,0.0,0.0,0.0100924742431211
2023-05-29 19:00:00,0.0,0.0,0.0
2023-05-29 20:00:00,0.0,0.0,0.0
2023-05-29 21:00:00,0.0,0.0,0.0
2023-05-29 22:00:00,0.0,0.0,0.0
2023-05-29 23:00:00,0.0,0.0,0.0
2023-05-30 00:00:00,0.0,0.0,0.0
2023-05-30 01:00:00,0.0,0.0,0.0
2023-05-30 02:00:00,0.0,0.0,0.0
2023-05-30 03:00:00,0.0007799909268257,0.0,0.0
2023-05-30 04:00:00,0.0086903309979632,0.0013681294213959,0.0263074044473185
2023-05-30 05:00:00,0.0266463822827185,0.0072823649193779,0.1083124702450113
2023-05-30 06:00:00,0.0579092260700649,0.0602450376376802,0.265777643779513
2023-05-30 07:00:00,0.0636665341971828,0.1506227424255813,0.3912862947260551
2023-05-30 08:00:00,0.1033069375785608,0.1698943456131949,0.532165791274762
2023-05-30 09:00:00,0.14079304106122,0.1584123507697704,0.6211190085010247
2023-05-30 10:00:00,0.3249796092513626,0.1577199950491072,0.6246155531645401
2023-05-30 11:00:00,0.2895387107002113,0.3048448546995756,0.5707396668344376
2023-05-30 12:00:00,0.3209590934758532,0.1606748142796487,0.5475163008850953
2023-05-30 13:00:00,0.2179223963713905,0.2197012598155954,0.3726192284040387
2023-05-30 14:00:00,0.2066198435666894,0.2047528420697183,0.3763421595595557
2023-05-30 15:00:00,0.1001145929549747,0.1489413529671427,0.2205317523035683
2023-05-30 16:00:00,0.0517182733109703,0.0679754843340133,0.1470262694963794
2023-05-30 17:00:00,0.0100316988958885,0.0150339726407386,0.0503380658612372
2023-05-30 18:00:00,0.0,0.0,0.0096637649688957
2023-05-30 19:00:00,0.0,0.0,0.0
2023-05-30 20:00:00,0.0,0.0,0.0
2023-05-30 21:00:00,0.0,0.0,0.0
2023-05-30 22:00:00,0.0,0.0,0.0
2023-05-30 23:00:00,0.0,0.0,0.0
2023-05-31 00:00:00,0.0,0.0,0.0
2023-05-31 01:00:00,0.0,0.0,0.0
2023-05-31 02:00:00,0.0,0.0,0.0
2023-05-31 03:00:00,0.00041009754872,0.001287563770495,0.0
2023-05-31 04:00:00,0.0298777755713189,0.0221651973506114,0.0264152376510199
2023-05-31 05:00:00,0.0759204599164717,0.0552711242502634,0.1086199292744765
2023-05-31 06:00:00,0.1590361801812685,0.1277293880094433,0.2794401738004108
2023-05-31 07:00:00,0.1805127915277505,0.2287278518736402,0.4212024836134143
2023-05-31 08:00:00,0.249869167656405,0.2945644165079632,0.5590414540027719
2023-05-31 09:00:00,0.2326506486519753,0.3168648955649677,0.5598567606182926
2023-05-31 10:00:00,0.2847020317799191,0.4035091050299215,0.5748452193029314
2023-05-31 11:00:00,0.2616853193868619,0.4483705418502925,0.6330324570885829
2023-05-31 12:00:00,0.2163503182172626,0.4080185079911007,0.5831814222982115
2023-05-31 13:00:00,0.1590089878096123,0.3143539924174885,0.4572551680946153
2023-05-31 14:00:00,0.168298377618037,0.3046329902726841,0.3411827851832379
2023-05-31 15:00:00,0.1635328757419376,0.216231526440449,0.2614034297643799
2023-05-31 16:00:00,0.0709574921328625,0.0923460961702374,0.1707492786776611
2023-05-31 17:00:00,0.0257265377680174,0.02293573590162,0.0447919832089706
2023-05-31 18:00:00,0.0,0.0,0.0101939957024688
2023-05-31 19:00:00,0.0,0.0,0.0
2023-05-31 20:00:00,0.0,0.0,0.0
2023-05-31 21:00:00,0.0,0.0,0.0
2023-05-31 22:00:00,0.0,0.0,0.0
2023-05-31 23:00:00,0.0,0.0,0.0
2023-06-01 00:00:00,0.0,0.0,0.0
2023-06-01 01:00:00,0.0,0.0,0.0
2023-06-01 02:00:00,0.0,0.0,0.0
2023-06-01 03:00:00,0.0077833265193149,0.0138951214163822,0.0
2023-06-01 04:00:00,0.047910839752746,0.0642479228195026,0.0259205582260329
2023-06-01 05:00:00,0.196019511636231,0.1867711104168743,0.1104853361480803
2023-06-01 06:00:00,0.3667186734733789,0.3551452816096664,0.2831699063952332
2023-06-01 07:00:00,0.5215556546938579,0.4965539380037166,0.4560369798867189
2023-06-01 08:00:00,0.6303498785445489,0.5719523369964483,0.5868564842427669
2023-06-01 09:00:00,0.6620712284250582,0.673861334651951,0.6878279717685026
2023-06-01 10:00:00,0.6740395791243796,0.575728754889162,0.7045181729534311
2023-06-01 11:00:00,0.6235875362443734,0.5592821517368068,0.7072186083097198
2023-06-01 12:00:00,0.5216675650879052,0.5186746195916705,0.6581215190317163
2023-06-01 13:00:00,0.4264830115414965,0.4142027836442299,0.5960159053612801
2023-06-01 14:00:00,0.3703235763664348,0.3443667010296957,0.4502143350434763
2023-06-01 15:00:00,0.1992202607477865,0.2307054774468915,0.3020571921022862
2023-06-01 16:00:00,0.0738803732459249,0.0770649986183813,0.1563222547384609
2023-06-01 17:00:00,0.0166975853711687,0.020428968975079,0.0421474925025514
2023-06-01 18:00:00,0.0,0.0,0.0080222231786202
2023-06-01 19:00:00,0.0,0.0,0.0
2023-06-01 20:00:00,0.0,0.0,0.0
2023-06-01 21:00:00,0.0,0.0,0.0
2023-06-01 22:00:00,0.0,0.0,0.0
2023-06-01 23:00:00,0.0,0.0,0.0
2023-06-02 00:00:00,0.0,0.0,0.0
2023-06-02 01:00:00,0.0,0.0,0.0
2023-06-02 02:00:00,0.0,0.0,0.0
2023-06-02 03:00:00,0.0076626870303865,0.0127277301452543,0.0
2023-06-02 04:00:00,0.0471959177664696,0.0584767252328809,0.0271353429666819
2023-06-02 05:00:00,0.1930817822434032,0.211144140027373,0.1108036922641985
2023-06-02 06:00:00,0.3546067133205964,0.3785437403546867,0.2718179725892332
2023-06-02 07:00:00,0.5133500995671104,0.527141294232822,0.4305625991439498
2023-06-02 08:00:00,0.5929522942865879,0.6371247719982831,0.4930126945206514
2023-06-02 09:00:00,0.6028893085751348,0.7103231105259288,0.5550623330111211
2023-06-02 10:00:00,0.6591668962317291,0.7231104026987523,0.6080567733077521
2023-06-02 11:00:00,0.6688701267909997,0.6810009308196433,0.6648647746859241
2023-06-02 12:00:00,0.5887786893051824,0.6403295666280531,0.5638618747324466
2023-06-02 13:00:00,0.5185827867140242,0.5542234402157695,0.3659967603228984
2023-06-02 14:00:00,0.3899485838956632,0.4073073963249718,0.2702431889363059
2023-06-02 15:00:00,0.2513750984315341,0.2513979340852204,0.2159784068480084
2023-06-02 16:00:00,0.099322767943711,0.0904075695336501,0.1274909781025421
2023-06-02 17:00:00,0.0213882613090809,0.0207997053331654,0.0589026934721339
2023-06-02 18:00:00,0.0,0.0,0.0116105543632929
2023-06-02 19:00:00,0.0,0.0,0.0
2023-06-02 20:00:00,0.0,0.0,0.0
2023-06-02 21:00:00,0.0,0.0,0.0
2023-06-02 22:00:00,0.0,0.0,0.0
2023-06-02 23:00:00,0.0,0.0,0.0
2023-06-03 00:00:00,0.0,0.0,0.0
2023-06-03 01:00:00,0.0,0.0,0.0
2023-06-03 02:00:00,0.0,0.0,0.0
2023-06-03 03:00:00,0.0081577111306074,0.0131743636305425,0.0
2023-06-03 04:00:00,0.048287619069621,0.058405698771048,0.0007750052452519
2023-06-03 05:00:00,0.1956005883101758,0.208273728063045,0.020218595936866
2023-06-03 06:00:00,0.3673475408633191,0.3784511459974718,0.0523604456727187
2023-06-03 07:00:00,0.5207535360347579,0.5279942665004654,0.1783631898795255
2023-06-03 08:00:00,0.6303496597723729,0.6350077410594583,0.31410579911292
2023-06-03 09:00:00,0.7022128989988424,0.698472940499222,0.5280480879256393
2023-06-03 10:00:00,0.7256779971858113,0.6922002822968071,0.6666190919103853
2023-06-03 11:00:00,0.691728433022488,0.6950477038577829,0.7093052230806497
2023-06-03 12:00:00,0.6529886477581255,0.5447874260017899,0.7188586723671052
2023-06-03 13:00:00,0.5553804409050762,0.3747210796218231,0.6577919299469309
2023-06-03 14:00:00,0.395344078119255,0.31174317069316,0.5330011996448608
2023-06-03 15:00:00,0.2562724228296915,0.1771916274213728,0.396761618505068
2023-06-03 16:00:00,0.0938812029833606,0.0764359835647333,0.2126307893119387
2023-06-03 17:00:00,0.0208642325452974,0.0171625720587364,0.0539197586507816
2023-06-03 18:00:00,0.0,0.0,0.013423479551336
2023-06-03 19:00:00,0.0,0.0,0.0
2023-06-03 20:00:00,0.0,0.0,0.0
2023-06-03 21:00:00,0.0,0.0,0.0
2023-06-03 22:00:00,0.0,0.0,0.0
2023-06-03 23:00:00,0.0,0.0,0.0
2023-06-04 00:00:00,0.0,0.0,0.0
2023-06-04 01:00:00,0.0,0.0,0.0
2023-06-04 02:00:00,0.0,0.0,0.0
2023-06-04 03:00:00,0.0077541288106771,0.0140352392222258,0.0
2023-06-04 04:00:00,0.0480670072604244,0.061997948394152,0.0184404733305272
2023-06-04 05:00:00,0.1938413060207105,0.2242718712764751,0.052760398783293
2023-06-04 06:00:00,0.3617053374464349,0.4082683710157955,0.1444674261186986
2023-06-04 07:00:00,0.5002806631193283,0.5668143606467724,0.1933024397508564
2023-06-04 08:00:00,0.6204470102040377,0.6758013171905474,0.3131044476328881
2023-06-04 09:00:00,0.6590765477349474,0.7502997527110642,0.4862857498143471
2023-06-04 10:00:00,0.696223810595598,0.7688918538618915,0.4491442343000029
2023-06-04 11:00:00,0.6456720270470342,0.7525307994124928,0.4649193547691602
2023-06-04 12:00:00,0.5954823178150053,0.6912856595860659,0.4165252990468462
2023-06-04 13:00:00,0.5147664939323536,0.5859873853534425,0.517323521912891
2023-06-04 14:00:00,0.3902950386635583,0.4398949295971435,0.3326206587886172
2023-06-04 15:00:00,0.2682885980324341,0.2677064613621301,0.2312199337682776
2023-06-04 16:00:00,0.1038889476354418,0.0979538298665466,0.139810976380224
2023-06-04 17:00:00,0.0232918187733045,0.0230814077140734,0.0478049053444177
2023-06-04 18:00:00,0.0,0.0,0.009374874416248
2023-06-04 19:00:00,0.0,0.0,0.0
2023-06-04 20:00:00,0.0,0.0,0.0
2023-06-04 21:00:00,0.0,0.0,0.0
2023-06-04 22:00:00,0.0,0.0,0.0
2023-06-04 23:00:00,0.0,0.0,0.0
2023-06-05 00:00:00,0.0,0.0,0.0
2023-06-05 01:00:00,0.0,0.0,0.0
2023-06-05 02:00:00,0.0,0.0,0.0
2023-06-05 03:00:00,0.0089689483621694,0.01461870205784,0.0
2023-06-05 04:00:00,0.050037306493949,0.0618774601170928,0.0222947509412514
2023-06-05 05:00:00,0.2056257317532846,0.2206792895469218,0.0936704276188956
2023-06-05 06:00:00,0.3854186116032387,0.3971801779506627,0.261600043924561
2023-06-05 07:00:00,0.5428499485625599,0.5505285199722729,0.4327826263449775
2023-06-05 08:00:00,0.6534964808513499,0.6564197916006532,0.566065775192538
2023-06-05 09:00:00,0.7270307762141668,0.729041361651204,0.6500285407610829
2023-06-05 10:00:00,0.752698470182993,0.715947083127942,0.649657211161523
2023-06-05 11:00:00,0.7389826153822622,0.7092643631750976,0.6508248620262418
2023-06-05 12:00:00,0.6822538540525723,0.6171684205783716,0.5994825450012499
2023-06-05 13:00:00,0.5867693859547751,0.478132457925352,0.553393456649437
2023-06-05 14:00:00,0.4484289868044654,0.3745935369358784,0.3941357312127481
2023-06-05 15:00:00,0.2771803088035516,0.2297194132445251,0.3331218447449364
2023-06-05 16:00:00,0.1072409210720502,0.0979857996162105,0.1812609808913647
2023-06-05 17:00:00,0.0236005063303965,0.0226109409910965,0.0423926632740078
2023-06-05 18:00:00,0.0,0.0,0.0111302149102168
2023-06-05 19:00:00,0.0,0.0,0.0
2023-06-05 20:00:00,0.0,0.0,0.0
2023-06-05 21:00:00,0.0,0.0,0.0
2023-06-05 22:00:00,0.0,0.0,0.0
2023-06-05 23:00:00,0.0,0.0,0.0
2023-06-06 00:00:00,0.0,0.0,0.0
2023-06-06 01:00:00,0.0,0.0,0.0
2023-06-06 02:00:00,0.0,0.0,0.0
2023-06-06 03:00:00,0.0088435650598104,0.0144494647987695,0.0
2023-06-06 04:00:00,0.0489068724745862,0.061354278598262,0.0294217706918075
2023-06-06 05:00:00,0.2018212194704542,0.2167301475720078,0.0960238024116756
2023-06-06 06:00:00,0.3782149555007358,0.3799618151854769,0.2150067300482286
2023-06-06 07:00:00,0.5344340769832394,0.5403764737039497,0.292576383765732
2023-06-06 08:00:00,0.6503641376207318,0.6552864191539136,0.4630352512575823
2023-06-06 09:00:00,0.7186539851767846,0.7176107208215771,0.5236186892087416
2023-06-06 10:00:00,0.7475263757528099,0.741049131886017,0.3953051679192693
2023-06-06 11:00:00,0.7422218820996913,0.7293968510388006,0.2625551728951494
2023-06-06 12:00:00,0.6840112356117704,0.6421125628283642,0.5120180317110563
2023-06-06 13:00:00,0.584734744416515,0.4351805731586043,0.1925393378636544
2023-06-06 14:00:00,0.4371924313332109,0.3079370035107189,0.1545666541129609
2023-06-06 15:00:00,0.2716509579148519,0.2074946380887491,0.1203378015568926
2023-06-06 16:00:00,0.1094697529039342,0.0966735004864319,0.062012152062134
2023-06-06 17:00:00,0.0250166454120906,0.0218787005757023,0.0199282479192319
2023-06-06 18:00:00,0.0,0.0,0.0039378357100867
2023-06-06 19:00:00,0.0,0.0,0.0
2023-06-06 20:00:00,0.0,0.0,0.0
2023-06-06 21:00:00,0.0,0.0,0.0
2023-06-06 22:00:00,0.0,0.0,0.0
2023-06-06 23:00:00,0.0,0.0,0.0
2023-06-07 00:00:00,0.0,0.0,0.0
2023-06-07 01:00:00,0.0,0.0,0.0
2023-06-07 02:00:00,0.0,0.0,0.0
2023-06-07 03:00:00,0.0091634021141052,0.0147363629456871,0.0
2023-06-07 04:00:00,0.0499944986346057,0.0648009932004849,0.0061319624195478
2023-06-07 05:00:00,0.1980966501401785,0.2031017876827172,0.0205666919687365
2023-06-07 06:00:00,0.37005838901552,0.3579214962258514,0.0535068658651858
2023-06-07 07:00:00,0.5136189203595848,0.5274553511047692,0.0555882635950923
2023-06-07 08:00:00,0.5982903232033158,0.6313061324495719,0.0775549184585771
2023-06-07 09:00:00,0.6628846060373926,0.6867608858380657,0.1600165884228786
2023-06-07 10:00:00,0.684836058178681,0.7039572514767645,0.3538382404389456
2023-06-07 11:00:00,0.68350727855725,0.7066466794142399,0.3734183383854777
2023-06-07 12:00:00,0.6539339812735707,0.6448025265080578,0.2774198709111306
2023-06-07 13:00:00,0.5401900024332912,0.5110167173367369,0.3211621549744288
2023-06-07 14:00:00,0.3523150965127112,0.3346167386429222,0.2718267417634565
2023-06-07 15:00:00,0.1914980298012006,0.2203370509961461,0.1843515272226907
2023-06-07 16:00:00,0.0847857490390864,0.0998543159964191,0.1107685894325414
2023-06-07 17:00:00,0.0337016605518089,0.0309447774938475,0.0429037621924433
2023-06-07 18:00:00,0.0,0.0,0.0137984003366949
2023-06-07 19:00:00,0.0,0.0,0.0
2023-06-07 20:00:00,0.0,0.0,0.0
2023-06-07 21:00:00,0.0,0.0,0.0
2023-06-07 22:00:00,0.0,0.0,0.0
2023-06-07 23:00:00,0.0,0.0,0.0
2023-06-08 00:00:00,0.0,0.0,0.0
2023-06-08 01:00:00,0.0,0.0,0.0
2023-06-08 02:00:00,0.0,0.0,0.0
2023-06-08 03:00:00,0.0096476905171115,0.0181245631845061,0.0
2023-06-08 04:00:00,0.0539375156538975,0.0701751623912839,0.0210878450187666
2023-06-08 05:00:00,0.1926612698130454,0.1812687925984607,0.0854616879528069
2023-06-08 06:00:00,0.3596620099840003,0.2793775489979097,0.2099762381672601
2023-06-08 07:00:00,0.5090267505493943,0.4419543100339363,0.3324505089058618
2023-06-08 08:00:00,0.6086232108370212,0.5327511180322574,0.4399908460605054
2023-06-08 09:00:00,0.6901155119419462,0.5683503544251298,0.5846308476398154
2023-06-08 10:00:00,0.7216036989798671,0.53127193847346,0.5947046736944156
2023-06-08 11:00:00,0.7132237570118707,0.4720496895252564,0.5459577489734355
2023-06-08 12:00:00,0.6582884427112401,0.3753922919857472,0.3961220390891098
2023-06-08 13:00:00,0.5659872528952816,0.3760048764259064,0.280371921266845
2023-06-08 14:00:00,0.4355220062173497,0.3490810898593048,0.2293984418670635
2023-06-08 15:00:00,0.2721901264897839,0.2406789088099425,0.2182415156423734
2023-06-08 16:00:00,0.1077693669178618,0.0937600385254253,0.1305267556514259
2023-06-08 17:00:00,0.0241601349022234,0.0224836291193901,0.0599725384850508
2023-06-08 18:00:00,0.0,0.0,0.0143403098155314
2023-06-08 19:00:00,0.0,0.0,0.0
2023-06-08 20:00:00,0.0,0.0,0.0
2023-06-08 21:00:00,0.0,0.0,0.0
2023-06-08 22:00:00,0.0,0.0,0.0
2023-06-08 23:00:00,0.0,0.0,0.0
2023-06-09 00:00:00,0.0,0.0,0.0
2023-06-09 01:00:00,0.0,0.0,0.0
2023-06-09 02:00:00,0.0,0.0,0.0
2023-06-09 03:00:00,0.0110405957186524,0.01419695446937,0.0
2023-06-09 04:00:00,0.0607622613689426,0.0574555321468449,0.0265150671063662
2023-06-09 05:00:00,0.1861656983571454,0.1911058693883827,0.1005241805046714
2023-06-09 06:00:00,0.3289438624240584,0.3437677124220206,0.2115786244982951
2023-06-09 07:00:00,0.4482849855069292,0.5090828197725968,0.3564865627844759
2023-06-09 08:00:00,0.5478514601992863,0.6206963919451907,0.3886230781289982
2023-06-09 09:00:00,0.6431673763061682,0.6883446138400031,0.5240311210310952
2023-06-09 10:00:00,0.6891538074270974,0.7108231213224495,0.3826051543874731
2023-06-09 11:00:00,0.6836820589630234,0.6916845816577981,0.4217235516164335
2023-06-09 12:00:00,0.6469939812793084,0.6308408590865326,0.3738504779268313
2023-06-09 13:00:00,0.5346336717721912,0.5123406278289666,0.3323731264701159
2023-06-09 14:00:00,0.3975320784941358,0.3429113852969727,0.2394137709651541
2023-06-09 15:00:00,0.2498120464945831,0.242808360147139,0.1707849706680158
2023-06-09 16:00:00,0.1150459131901292,0.0937178136238909,0.0864293351119786
2023-06-09 17:00:00,0.0340812664097669,0.0251787313149035,0.0523338185719088
2023-06-09 18:00:00,0.0,0.0,0.0140330385380839
2023-06-09 19:00:00,0.0,0.0,0.0
2023-06-09 20:00:00,0.0,0.0,0.0
2023-06-09 21:00:00,0.0,0.0,0.0
2023-06-09 22:00:00,0.0,0.0,0.0
2023-06-09 23:00:00,0.0,0.0,0.0
2023-06-10 00:00:00,0.0,0.0,0.0
2023-06-10 01:00:00,0.0,0.0,0.0
2023-06-10 02:00:00,0.0,0.0,0.0
2023-06-10 03:00:00,0.0097710477101633,0.0182862886267052,0.0
2023-06-10 04:00:00,0.058633890578709,0.0754465388650322,0.0280325872545733
2023-06-10 05:00:00,0.1480472082660593,0.1638582391380887,0.0934801611690587
2023-06-10 06:00:00,0.2868710293030211,0.2670068476330518,0.2076143801183979
2023-06-10 07:00:00,0.3928139540242673,0.3656843767685295,0.3424009384113677
2023-06-10 08:00:00,0.3778580228050498,0.3793555362555929,0.4487534274895298
2023-06-10 09:00:00,0.4682504649400566,0.4336678770374187,0.5944707759185314
2023-06-10 10:00:00,0.2426988848709885,0.4623228458547396,0.62290182386134
2023-06-10 11:00:00,0.2919401314733707,0.4525202284390879,0.6171562142333895
2023-06-10 12:00:00,0.128640463263969,0.3677981656023777,0.5527902387095945
2023-06-10 13:00:00,0.0584985744394991,0.3246276899232486,0.4036299191295778
2023-06-10 14:00:00,0.0591810834496982,0.2472176682328419,0.3120814143945544
2023-06-10 15:00:00,0.0422785178405373,0.1541995219068045,0.2317996363399009
2023-06-10 16:00:00,0.0104249334469198,0.0715269256380989,0.1169087456075577
2023-06-10 17:00:00,0.0037502379854912,0.0206541138397754,0.0452123006628413
2023-06-10 18:00:00,0.0,0.0,0.0064970439360589
2023-06-10 19:00:00,0.0,0.0,0.0
2023-06-10 20:00:00,0.0,0.0,0.0
2023-06-10 21:00:00,0.0,0.0,0.0
2023-06-10 22:00:00,0.0,0.0,0.0
2023-06-10 23:00:00,0.0,0.0,0.0
2023-06-11 00:00:00,0.0,0.0,0.0
2023-06-11 01:00:00,0.0,0.0,0.0
2023-06-11 02:00:00,0.0,0.0,0.0
2023-06-11 03:00:00,0.0017818024633838,0.0067905682198537,0.0
2023-06-11 04:00:00,0.0271144598658513,0.0431167032341983,0.0142569975705201
2023-06-11 05:00:00,0.0824120652791551,0.1057086481180231,0.0423795392387645
2023-06-11 06:00:00,0.2414695590447634,0.1226901208221551,0.0444820283764874
2023-06-11 07:00:00,0.3110378268627732,0.1634983221345972,0.1319645780027006
2023-06-11 08:00:00,0.3836240461894979,0.225701308151427,0.2301068631639334
2023-06-11 09:00:00,0.4700521985387907,0.2596134352939193,0.2756809028027975
2023-06-11 10:00:00,0.5728474247288383,0.2214955977426793,0.2455047158777994
2023-06-11 11:00:00,0.4290016412969524,0.1704795775947732,0.2911474496427693
2023-06-11 12:00:00,0.3271842722110366,0.1494509304401531,0.2698103607951636
2023-06-11 13:00:00,0.3710089504846236,0.1630010572670175,0.2149389773658197
2023-06-11 14:00:00,0.2636666456530189,0.136888424239999,0.1272260214267342
2023-06-11 15:00:00,0.1569677463872164,0.0992101020887275,0.1213189291070059
2023-06-11 16:00:00,0.0489724392202285,0.0409598148884844,0.0801904962291999
2023-06-11 17:00:00,0.0165964981597067,0.0116098579604901,0.0322559999778889
2023-06-11 18:00:00,0.0,0.0,0.0067845473579274
2023-06-11 19:00:00,0.0,0.0,0.0
2023-06-11 20:00:00,0.0,0.0,0.0
2023-06-11 21:00:00,0.0,0.0,0.0
2023-06-11 22:00:00,0.0,0.0,0.0
2023-06-11 23:00:00,0.0,0.0,0.0
2023-06-12 00:00:00,0.0,0.0,0.0
2023-06-12 01:00:00,0.0,0.0,0.0
2023-06-12 02:00:00,0.0,0.0,0.0
2023-06-12 03:00:00,0.00078910344902,0.0007007076513664,0.0
2023-06-12 04:00:00,0.0172050537199628,0.0108399013713808,0.0057313048224591
2023-06-12 05:00:00,0.0596891233754666,0.0563767059433595,0.0242695679505903
2023-06-12 06:00:00,0.1176464095558963,0.0946577799339273,0.0254487662097684
2023-06-12 07:00:00,0.1889709413617155,0.1385181290658378,0.0837860667761038
2023-06-12 08:00:00,0.2431538030386818,0.2326866542774132,0.1056303407742278
2023-06-12 09:00:00,0.2737402369688361,0.3348437407684801,0.1308551238883628
2023-06-12 10:00:00,0.4018943953667357,0.4584644336648192,0.1323075394541311
2023-06-12 11:00:00,0.3970996712472929,0.3703867852455217,0.1419243370275787
2023-06-12 12:00:00,0.490319468472575,0.3270517266604597,0.1635098265825899
2023-06-12 13:00:00,0.3704535504409934,0.255971957496407,0.1246389490935346
2023-06-12 14:00:00,0.2903473842317733,0.1622270587376181,0.090117997366679
2023-06-12 15:00:00,0.1287990951478181,0.108574345130381,0.074543117821129
2023-06-12 16:00:00,0.0749642209240115,0.0502052122842956,0.0600216001656164
2023-06-12 17:00:00,0.0193325819300908,0.0138605118023769,0.0241479984613818
2023-06-12 18:00:00,0.0,0.0,0.0010815451455733
2023-06-12 19:00:00,0.0,0.0,0.0
2023-06-12 20:00:00,0.0,0.0,0.0
2023-06-12 21:00:00,0.0,0.0,0.0
2023-06-12 22:00:00,0.0,0.0,0.0
2023-06-12 23:00:00,0.0,0.0,0.0
2023-06-13 00:00:00,0.0,0.0,0.0
2023-06-13 01:00:00,0.0,0.0,0.0
2023-06-13 02:00:00,0.0,0.0,0.0
2023-06-13 03:00:00,0.0073230673868628,0.0137381994472729,0.0
2023-06-13 04:00:00,0.0443218966306354,0.0587826021648317,0.012343302032466
2023-06-13 05:00:00,0.1157349509624505,0.1862411229492669,0.0368504119796178
2023-06-13 06:00:00,0.209399667050641,0.3473171359187596,0.0512963354161289
2023-06-13 07:00:00,0.3450908197607601,0.4226971625095327,0.0834687145975189
2023-06-13 08:00:00,0.2730074714360243,0.5322720530622619,0.1272664905254069
2023-06-13 09:00:00,0.2486838372141687,0.5027606516165906,0.1675607199103738
2023-06-13 10:00:00,0.3280407606460211,0.4651613694426971,0.1967278968740602
2023-06-13 11:00:00,0.450140818103012,0.4244168570380062,0.1681884854587569
2023-06-13 12:00:00,0.398202599398662,0.3232640103678545,0.2389665233838907
2023-06-13 13:00:00,0.3471939645359097,0.2417203810648077,0.2159973323917419
2023-06-13 14:00:00,0.2862267779179643,0.1730026399566835,0.3076148049624219
2023-06-13 15:00:00,0.2123895543774419,0.1544932391524021,0.1284053899858195
2023-06-13 16:00:00,0.1054088383575309,0.084941932920809,0.0630243059545433
2023-06-13 17:00:00,0.0301748812375294,0.0302629653413212,0.0217884848860699
2023-06-13 18:00:00,0.0,0.0,0.0015434358238561
2023-06-13 19:00:00,0.0,0.0,0.0
2023-06-13 20:00:00,0.0,0.0,0.0
2023-06-13 21:00:00,0.0,0.0,0.0
2023-06-13 22:00:00,0.0,0.0,0.0
2023-06-13 23:00:00,0.0,0.0,0.0
2023-06-14 00:00:00,0.0,0.0,0.0
2023-06-14 01:00:00,0.0,0.0,0.0
2023-06-14 02:00:00,0.0,0.0,0.0
2023-06-14 03:00:00,0.0083264426570741,0.008865264197113,0.0
2023-06-14 04:00:00,0.0500660292136706,0.0493869783277229,0.0190052036339674
2023-06-14 05:00:00,0.1740333751834807,0.1225083012919155,0.0802086493609211
2023-06-14 06:00:00,0.2648538836247696,0.226875582929459,0.1644878349168608
2023-06-14 07:00:00,0.3036705431012946,0.2959847896904133,0.2359640615000442
2023-06-14 08:00:00,0.3011525514853488,0.4925616652373709,0.2849290041045514
2023-06-14 09:00:00,0.3982169296915146,0.3296659692795988,0.3974529167486723
2023-06-14 10:00:00,0.4167804240978669,0.3649243270053954,0.4256229996882572
2023-06-14 11:00:00,0.373939737286143,0.2821906068349065,0.423652687368039
2023-06-14 12:00:00,0.4848812418144347,0.2566286790749592,0.4045013439195628
2023-06-14 13:00:00,0.3513734419321435,0.2509938123429545,0.3758072605417594
2023-06-14 14:00:00,0.2233325749203575,0.1654522310933802,0.3922938226123904
2023-06-14 15:00:00,0.1160905902719736,0.1497083028953674,0.2814581356821831
2023-06-14 16:00:00,0.0688175027497173,0.0765379186739597,0.1956057800738776
2023-06-14 17:00:00,0.0165398070702039,0.0182542987380392,0.0567374094368393
2023-06-14 18:00:00,0.0,0.0,0.0133701698797552
2023-06-14 19:00:00,0.0,0.0,0.0
2023-06-14 20:00:00,0.0,0.0,0.0
2023-06-14 21:00:00,0.0,0.0,0.0
2023-06-14 22:00:00,0.0,0.0,0.0
2023-06-14 23:00:00,0.0,0.0,0.0
2023-06-15 00:00:00,0.0,0.0,0.0
2023-06-15 01:00:00,0.0,0.0,0.0
2023-06-15 02:00:00,0.0,0.0,0.0
2023-06-15 03:00:00,0.0075148559515481,0.0124025115201785,0.0
2023-06-15 04:00:00,0.0475638133836371,0.0488808567752735,0.0259071704190255
2023-06-15 05:00:00,0.1672843957085588,0.1360189577909762,0.0944695566547225
2023-06-15 06:00:00,0.3265789976597521,0.240297974102199,0.2333700527599952
2023-06-15 07:00:00,0.44580830423625,0.2749971539033544,0.2709124094856485
2023-06-15 08:00:00,0.5374535800774773,0.2261315425338605,0.3553295359312768
2023-06-15 09:00:00,0.5430666298254407,0.2544660512993743,0.5240075505349915
2023-06-15 10:00:00,0.5575491461482281,0.270579247300633,0.5980269444773535
2023-06-15 11:00:00,0.5172349663961188,0.2512656587997612,0.4479368996160979
2023-06-15 12:00:00,0.391910545626226,0.2048993257687569,0.5169858880580532
2023-06-15 13:00:00,0.2928944630366381,0.186750440333504,0.3657337356869619
2023-06-15 14:00:00,0.2301085121978042,0.1990425307542643,0.3589778712717753
2023-06-15 15:00:00,0.1564670728287081,0.1565364692752791,0.2341301896333814
2023-06-15 16:00:00,0.0788476309148039,0.0658821750726581,0.1030660680453777
2023-06-15 17:00:00,0.0246634136646472,0.0167963246016647,0.0292113472283439
2023-06-15 18:00:00,0.0,0.0,0.0045150444548356
2023-06-15 19:00:00,0.0,0.0,0.0
2023-06-15 20:00:00,0.0,0.0,0.0
2023-06-15 21:00:00,0.0,0.0,0.0
2023-06-15 22:00:00,0.0,0.0,0.0
2023-06-15 23:00:00,0.0,0.0,0.0
2023-06-16 00:00:00,0.0,0.0,0.0
2023-06-16 01:00:00,0.0,0.0,0.0
2023-06-16 02:00:00,0.0,0.0,0.0
2023-06-16 03:00:00,0.0082455457402578,0.0138633386008889,0.0
2023-06-16 04:00:00,0.0436051990184287,0.0542988145226052,0.0007603633635248
2023-06-16 05:00:00,0.1709251642383912,0.198550849052109,0.0164791840000576
2023-06-16 06:00:00,0.3280494134658918,0.3635233702567617,0.054067303951041
2023-06-16 07:00:00,0.4885855373894328,0.5119112730179536,0.0990033287721735
2023-06-16 08:00:00,0.5860410791024185,0.6163714945421477,0.0661695597400777
2023-06-16 09:00:00,0.6161772000153564,0.6360699731040899,0.0706819605601299
2023-06-16 10:00:00,0.6547915092440666,0.4992033519449666,0.1159514126752269
2023-06-16 11:00:00,0.6396744031429369,0.4312208799630436,0.128901805005275
2023-06-16 12:00:00,0.5682041847171498,0.3445621166692208,0.2051706674843876
2023-06-16 13:00:00,0.4983944228505653,0.3152168499399309,0.1462672925402971
2023-06-16 14:00:00,0.3980423041195124,0.2803260987988495,0.2187108209315272
2023-06-16 15:00:00,0.2445745065405836,0.1584326488559027,0.1199438647502264
2023-06-16 16:00:00,0.1029091376200711,0.0908333095329622,0.1053174858915365
2023-06-16 17:00:00,0.023664846153546,0.0273417198210794,0.0336941836663351
2023-06-16 18:00:00,0.0,0.0,0.00192586081775
2023-06-16 19:00:00,0.0,0.0,0.0
2023-06-16 20:00:00,0.0,0.0,0.0
2023-06-16 21:00:00,0.0,0.0,0.0
2023-06-16 22:00:00,0.0,0.0,0.0
2023-06-16 23:00:00,0.0,0.0,0.0
2023-06-17 00:00:00,0.0,0.0,0.0
2023-06-17 01:00:00,0.0,0.0,0.0
2023-06-17 02:00:00,0.0,0.0,0.0
2023-06-17 03:00:00,0.0088801821473483,0.0141107063484153,0.0
2023-06-17 04:00:00,0.0445031014300526,0.0551927544062743,0.0104176447677168
2023-06-17 05:00:00,0.186245517779505,0.2011768485405586,0.0477756617901568
2023-06-17 06:00:00,0.352886434660711,0.3641591951790217,0.1217336048657767
2023-06-17 07:00:00,0.4991635104661913,0.5098768362544922,0.1451773668847985
2023-06-17 08:00:00,0.6083707395274555,0.592062703036843,0.2577940713723359
2023-06-17 09:00:00,0.6292533230322567,0.685546881332232,0.2575467822353414
2023-06-17 10:00:00,0.6733185154130918,0.6264860606740444,0.3057792647765532
2023-06-17 11:00:00,0.594463157210709,0.592288986027193,0.3599260753688542
2023-06-17 12:00:00,0.5535823062712592,0.4966168700345797,0.2794735072896697
2023-06-17 13:00:00,0.4506825323770344,0.4149456281711491,0.1127086234134111
2023-06-17 14:00:00,0.314149638930847,0.3018082702913412,0.1225410713568807
2023-06-17 15:00:00,0.1907240577957425,0.2007287814363798,0.1039501948937362
2023-06-17 16:00:00,0.097685292610347,0.0771255091371182,0.1241138874648793
2023-06-17 17:00:00,0.0257146730577604,0.0202155439302393,0.0607626797974535
2023-06-17 18:00:00,0.0,0.0,0.0124244778438924
2023-06-17 19:00:00,0.0,0.0,0.0
2023-06-17 20:00:00,0.0,0.0,0.0
2023-06-17 21:00:00,0.0,0.0,0.0
2023-06-17 22:00:00,0.0,0.0,0.0
2023-06-17 23:00:00,0.0,0.0,0.0
2023-06-18 00:00:00,0.0,0.0,0.0
2023-06-18 01:00:00,0.0,0.0,0.0
2023-06-18 02:00:00,0.0,0.0,0.0
2023-06-18 03:00:00,0.0074168868335893,0.0141074832579596,0.0
2023-06-18 04:00:00,0.042929912102066,0.0546441044083619,0.0181967466520614
2023-06-18 05:00:00,0.1666077088463521,0.19938326275793,0.0669985219479038
2023-06-18 06:00:00,0.3101733554586548,0.3617732255464783,0.135391371654822
2023-06-18 07:00:00,0.4695430291489293,0.510592909636589,0.1802017634367812
2023-06-18 08:00:00,0.5819762259144993,0.6099828289917533,0.2018141225259896
2023-06-18 09:00:00,0.670650767625324,0.6772016455175375,0.150858544292036
2023-06-18 10:00:00,0.6968269397523049,0.6861048544430699,0.2316342666529026
2023-06-18 11:00:00,0.6934535571262687,0.6445499158598341,0.198873270167133
2023-06-18 12:00:00,0.6421661512035666,0.566070324747235,0.1824175121080151
2023-06-18 13:00:00,0.5474642618025889,0.4986245901559563,0.2266762842729785
2023-06-18 14:00:00,0.419414977687307,0.3571287814841101,0.1863090729048837
2023-06-18 15:00:00,0.2407084708095596,0.1999920003454189,0.0698171944369128
2023-06-18 16:00:00,0.1065515734486395,0.077068486077122,0.0387336618911868
2023-06-18 17:00:00,0.0245027521237085,0.0211558842414456,0.0126313049327317
2023-06-18 18:00:00,0.0,0.0,0.0068805372042741
2023-06-18 19:00:00,0.0,0.0,0.0
2023-06-18 20:00:00,0.0,0.0,0.0
2023-06-18 21:00:00,0.0,0.0,0.0
2023-06-18 22:00:00,0.0,0.0,0.0
2023-06-18 23:00:00,0.0,0.0,0.0
2023-06-19 00:00:00,0.0,0.0,0.0
2023-06-19 01:00:00,0.0,0.0,0.0
2023-06-19 02:00:00,0.0,0.0,0.0
2023-06-19 03:00:00,0.0081096124776971,0.0124206062068336,0.0
2023-06-19 04:00:00,0.0439636781108914,0.049991345505842,0.0366145397892844
2023-06-19 05:00:00,0.1651190994036178,0.1745592664605969,0.0946296881797297
2023-06-19 06:00:00,0.3429406866199569,0.3182483127251422,0.1778368114689404
2023-06-19 07:00:00,0.4901634058255911,0.5177196544118549,0.3551786422674681
2023-06-19 08:00:00,0.5992074823053434,0.6201270710187773,0.4768221123603283
2023-06-19 09:00:00,0.6521537681200001,0.6933100282780142,0.5259654632822677
2023-06-19 10:00:00,0.7157808961313437,0.7097333458421883,0.4459693601401405
2023-06-19 11:00:00,0.6842792752989356,0.699847510978759,0.4650992244629298
2023-06-19 12:00:00,0.5666375063619987,0.6462254632299883,0.378459733874128
2023-06-19 13:00:00,0.4920765740218616,0.5550706473002344,0.3267081550618265
2023-06-19 14:00:00,0.3492286343435852,0.4267388171784078,0.2681189429374063
2023-06-19 15:00:00,0.2379171897303772,0.2577061539142936,0.184638147592726
2023-06-19 16:00:00,0.1064042091169897,0.1008352414607611,0.1486320715543231
2023-06-19 17:00:00,0.0278201323855477,0.0247690432499632,0.0637835251288777
2023-06-19 18:00:00,0.0,0.0,0.0170396898890446
2023-06-19 19:00:00,0.0,0.0,0.0
2023-06-19 20:00:00,0.0,0.0,0.0
2023-06-19 21:00:00,0.0,0.0,0.0
2023-06-19 22:00:00,0.0,0.0,0.0
2023-06-19 23:00:00,0.0,0.0,0.0
2023-06-20 00:00:00,0.0,0.0,0.0
2023-06-20 01:00:00,0.0,0.0,0.0
2023-06-20 02:00:00,0.0,0.0,0.0
2023-06-20 03:00:00,0.0088732735914368,0.0141738089218609,0.0
2023-06-20 04:00:00,0.0455210392723373,0.0545948094362991,0.0269235148472437
2023-06-20 05:00:00,0.177459911197349,0.2011615494710406,0.1044729848811574
2023-06-20 06:00:00,0.3323332225466749,0.3675859556029646,0.2711854357342205
2023-06-20 07:00:00,0.5070879619153731,0.5152806356820211,0.4050003129949546
2023-06-20 08:00:00,0.6145371555357207,0.6252310723395998,0.4918227835265247
2023-06-20 09:00:00,0.6286718602903052,0.6859446272126695,0.544321024513069
2023-06-20 10:00:00,0.6587858219987985,0.7126029780906361,0.5646632097674288
2023-06-20 11:00:00,0.6926785632345666,0.6998657869646832,0.516812787406188
2023-06-20 12:00:00,0.6485542878508361,0.6447977356163638,0.496048015899381
2023-06-20 13:00:00,0.559875386933271,0.546393809637514,0.3112463368233528
2023-06-20 14:00:00,0.4415131666761611,0.4243333621679834,0.3984895845953011
2023-06-20 15:00:00,0.2622236609595089,0.2612389766469037,0.3115818819616388
2023-06-20 16:00:00,0.1065868272779072,0.1012268678587785,0.1570797013069795
2023-06-20 17:00:00,0.0264888091916116,0.023991419309353,0.0612412707203782
2023-06-20 18:00:00,0.0,0.0,0.0148467839520803
2023-06-20 19:00:00,0.0,0.0,0.0
2023-06-20 20:00:00,0.0,0.0,0.0
2023-06-20 21:00:00,0.0,0.0,0.0
2023-06-20 22:00:00,0.0,0.0,0.0
2023-06-20 23:00:00,0.0,0.0,0.0
2023-06-21 00:00:00,0.0,0.0,0.0
2023-06-21 01:00:00,0.0,0.0,0.0
2023-06-21 02:00:00,0.0,0.0,0.0
2023-06-21 03:00:00,0.0084774229038288,0.0158849439438149,0.0
2023-06-21 04:00:00,0.0454618466974295,0.065092847696688,0.0280460039346951
2023-06-21 05:00:00,0.1812840286946817,0.1722901763462174,0.1056752996744252
2023-06-21 06:00:00,0.3366062071118724,0.3086676006893565,0.2575114751985252
2023-06-21 07:00:00,0.4960692425992231,0.4806255349468255,0.3958199678704224
2023-06-21 08:00:00,0.6021421572282958,0.5526379902727154,0.5179023759323947
2023-06-21 09:00:00,0.6830786072258173,0.5768311320528525,0.6234335059281602
2023-06-21 10:00:00,0.6888038808897904,0.5147608364792725,0.6604104183780475
2023-06-21 11:00:00,0.6733053311974314,0.4737007721576891,0.6750523208159372
2023-06-21 12:00:00,0.5163320486223875,0.3602835840098733,0.5849830798952409
2023-06-21 13:00:00,0.3964971382576124,0.3743020306322606,0.4673290253114323
2023-06-21 14:00:00,0.3195403045102483,0.2928252722139609,0.469156367929975
2023-06-21 15:00:00,0.2072168495744613,0.1740143541583849,0.3330666046415975
2023-06-21 16:00:00,0.1116266774601845,0.0862237612346617,0.1852885569060062
2023-06-21 17:00:00,0.0311806975867737,0.0235710117838572,0.0610458874794495
2023-06-21 18:00:00,0.0,0.0,0.0171350941251555
2023-06-21 19:00:00,0.0,0.0,0.0
2023-06-21 20:00:00,0.0,0.0,0.0
2023-06-21 21:00:00,0.0,0.0,0.0
2023-06-21 22:00:00,0.0,0.0,0.0
2023-06-21 23:00:00,0.0,0.0,0.0
2023-06-22 00:00:00,0.0,0.0,0.0
2023-06-22 01:00:00,0.0,0.0,0.0
2023-06-22 02:00:00,0.0,0.0,0.0
2023-06-22 03:00:00,0.0072545274558001,0.0132814754739764,0.0
2023-06-22 04:00:00,0.0427521415829029,0.0536157031184486,0.0295009070922567
2023-06-22 05:00:00,0.1749715898326624,0.1977987833860954,0.0989325543087288
2023-06-22 06:00:00,0.3416577548436115,0.365907587264633,0.2324459710050603
2023-06-22 07:00:00,0.4782089150959815,0.475328704363468,0.4127005129971516
2023-06-22 08:00:00,0.5826835342289199,0.6110904145873897,0.5292214267862977
2023-06-22 09:00:00,0.6551736578794943,0.695411765987271,0.5868335979522304
2023-06-22 10:00:00,0.6581372969428244,0.7096813092806055,0.5827563280557266
2023-06-22 11:00:00,0.6375390484808839,0.701397536007657,0.5206362014664114
2023-06-22 12:00:00,0.5521364311284025,0.6344887703293002,0.5766905069092199
2023-06-22 13:00:00,0.4477153642387632,0.5602082277257522,0.5070949091214928
2023-06-22 14:00:00,0.3556087451242211,0.4331604058548832,0.4586368668464143
2023-06-22 15:00:00,0.2393789212774931,0.2702761886575255,0.2968399654485217
2023-06-22 16:00:00,0.0970745503874001,0.1036154813382836,0.1574275683108787
2023-06-22 17:00:00,0.0215777655228975,0.0248796122289416,0.0596829971883787
2023-06-22 18:00:00,0.0,0.0,0.0161918199484059
2023-06-22 19:00:00,0.0,0.0,0.0
2023-06-22 20:00:00,0.0,0.0,0.0
2023-06-22 21:00:00,0.0,0.0,0.0
2023-06-22 22:00:00,0.0,0.0,0.0
2023-06-22 23:00:00,0.0,0.0,0.0
2023-06-23 00:00:00,0.0,0.0,0.0
2023-06-23 01:00:00,0.0,0.0,0.0
2023-06-23 02:00:00,0.0,0.0,0.0
2023-06-23 03:00:00,0.0084069538304974,0.0158977036702534,0.0
2023-06-23 04:00:00,0.0426811793639622,0.0585076924102523,0.024541942727955
2023-06-23 05:00:00,0.1838644970078888,0.1980715562434846,0.0972208355741721
2023-06-23 06:00:00,0.3505448789804703,0.3647582710014153,0.2561945130896658
2023-06-23 07:00:00,0.5022701306979327,0.4940873503192126,0.4140499119066688
2023-06-23 08:00:00,0.6096735935380925,0.5795536605098536,0.5195972195306049
2023-06-23 09:00:00,0.6855291249454764,0.6197143710571439,0.6176859226531909
2023-06-23 10:00:00,0.7125121621150217,0.6044851247218952,0.6209710654914455
2023-06-23 11:00:00,0.7086120993709841,0.6010679675113906,0.6368060039354166
2023-06-23 12:00:00,0.6396457248180726,0.5229448720743598,0.6256136875255796
2023-06-23 13:00:00,0.5307883316611258,0.4387424500404874,0.5619187194991314
2023-06-23 14:00:00,0.4051498032670246,0.3278979182866471,0.4412902129184515
2023-06-23 15:00:00,0.2722949026575381,0.1959542988415166,0.2976970195341925
2023-06-23 16:00:00,0.1137672847522571,0.0947065534130143,0.1663278258763269
2023-06-23 17:00:00,0.0289993485167032,0.0256727988880326,0.0497444295387901
2023-06-23 18:00:00,0.0,0.0,0.0167563469098467
2023-06-23 19:00:00,0.0,0.0,0.0
2023-06-23 20:00:00,0.0,0.0,0.0
2023-06-23 21:00:00,0.0,0.0,0.0
2023-06-23 22:00:00,0.0,0.0,0.0
2023-06-23 23:00:00,0.0,0.0,0.0
2023-06-24 00:00:00,0.0,0.0,0.0
2023-06-24 01:00:00,0.0,0.0,0.0
2023-06-24 02:00:00,0.0,0.0,0.0
2023-06-24 03:00:00,0.0080082435071111,0.0130212313157802,0.0
2023-06-24 04:00:00,0.0415034016223877,0.0495590165384706,0.025368251179917
2023-06-24 05:00:00,0.1807915576725151,0.1820055164810569,0.0852563390289352
2023-06-24 06:00:00,0.3451006555119724,0.3416907303346723,0.1988661218750342
2023-06-24 07:00:00,0.4949753946787444,0.4376371688093076,0.2945905737400737
2023-06-24 08:00:00,0.5964363564488234,0.5751904350298359,0.4136157490266616
2023-06-24 09:00:00,0.6746689847484645,0.6560458475309131,0.4687882276886838
2023-06-24 10:00:00,0.7014308382364338,0.6729267212144291,0.3897812888691928
2023-06-24 11:00:00,0.6932191731468316,0.5945584608277736,0.3331422489310952
2023-06-24 12:00:00,0.645907436778189,0.5624568108698164,0.2509891583307896
2023-06-24 13:00:00,0.559712486117826,0.4736648558990655,0.2423858050892297
2023-06-24 14:00:00,0.4309580698768535,0.3509596278362601,0.1734556183624723
2023-06-24 15:00:00,0.2732380613709381,0.2147238597202009,0.1955637706089209
2023-06-24 16:00:00,0.1129452947132693,0.0787315202621924,0.1065004539510726
2023-06-24 17:00:00,0.0256771827909536,0.0206136165052908,0.0437673739682638
2023-06-24 18:00:00,0.0,0.0,0.0138507147963893
2023-06-24 19:00:00,0.0,0.0,0.0
2023-06-24 20:00:00,0.0,0.0,0.0
2023-06-24 21:00:00,0.0,0.0,0.0
2023-06-24 22:00:00,0.0,0.0,0.0
2023-06-24 23:00:00,0.0,0.0,0.0
2023-06-25 00:00:00,0.0,0.0,0.0
2023-06-25 01:00:00,0.0,0.0,0.0
2023-06-25 02:00:00,0.0,0.0,0.0
2023-06-25 03:00:00,0.0077496755502067,0.0113455290747123,0.0
2023-06-25 04:00:00,0.0404597993137663,0.0479255960551181,0.0068388138705504
2023-06-25 05:00:00,0.1781903547804339,0.1356881373336124,0.0123079607976487
2023-06-25 06:00:00,0.3422178975050203,0.2013885064939851,0.0227262105119587
2023-06-25 07:00:00,0.492085585108746,0.3049589157852475,0.0245316330088562
2023-06-25 08:00:00,0.5974122855359155,0.3206810006839447,0.0749866574252888
2023-06-25 09:00:00,0.671886223732322,0.3543708076205228,0.1167599775936992
2023-06-25 10:00:00,0.7052999151298054,0.3714712431497874,0.1897668375011661
2023-06-25 11:00:00,0.6947647816711503,0.4237513114918816,0.1649633608704037
2023-06-25 12:00:00,0.6419604549357814,0.4933543574834911,0.2651753130428874
2023-06-25 13:00:00,0.5556313366941681,0.325777903483441,0.4076039606361012
2023-06-25 14:00:00,0.4240613340365498,0.2698777759546214,0.3359829446426268
2023-06-25 15:00:00,0.2646298904190533,0.2031002805242225,0.1871217632559203
2023-06-25 16:00:00,0.1064098324636024,0.0846107060642459,0.1479735798015629
2023-06-25 17:00:00,0.0253378089043571,0.0219635693943475,0.0551104331444514
2023-06-25 18:00:00,0.0,0.0,0.0122245854167432
2023-06-25 19:00:00,0.0,0.0,0.0
2023-06-25 20:00:00,0.0,0.0,0.0
2023-06-25 21:00:00,0.0,0.0,0.0
2023-06-25 22:00:00,0.0,0.0,0.0
2023-06-25 23:00:00,0.0,0.0,0.0
2023-06-26 00:00:00,0.0,0.0,0.0
2023-06-26 01:00:00,0.0,0.0,0.0
2023-06-26 02:00:00,0.0,0.0,0.0
2023-06-26 03:00:00,0.007654107575251,0.0135115128504691,0.0
2023-06-26 04:00:00,0.0382241395522816,0.0641147798017051,0.0251506178604257
2023-06-26 05:00:00,0.1754751192566325,0.147081980901759,0.0950091655958717
2023-06-26 06:00:00,0.3374690967791193,0.2433636705054437,0.2432398395394758
2023-06-26 07:00:00,0.4310619933081347,0.1540365948241388,0.360575066725301
2023-06-26 08:00:00,0.5694939668804843,0.1455455049215296,0.4965459898156905
2023-06-26 09:00:00,0.6229451083504297,0.1959119844858893,0.6034297573377809
2023-06-26 10:00:00,0.6359214629342765,0.222688522177618,0.516278495839575
2023-06-26 11:00:00,0.5903366767240624,0.3322032967177655,0.6147555641529667
2023-06-26 12:00:00,0.6014994046827078,0.2229213223487564,0.5986135360016899
2023-06-26 13:00:00,0.4545808337060825,0.1638009699281565,0.5415310630261426
2023-06-26 14:00:00,0.2914571546992431,0.1640488403731464,0.4329978927671892
2023-06-26 15:00:00,0.1915472723235919,0.1539593040120525,0.3076248190083791
2023-06-26 16:00:00,0.1000827864542014,0.0763919013126363,0.1632153290025639
2023-06-26 17:00:00,0.0256682567632391,0.025142742399354,0.0584443197805802
2023-06-26 18:00:00,0.0,0.0,0.017828068731583
2023-06-26 19:00:00,0.0,0.0,0.0
2023-06-26 20:00:00,0.0,0.0,0.0
2023-06-26 21:00:00,0.0,0.0,0.0
2023-06-26 22:00:00,0.0,0.0,0.0
2023-06-26 23:00:00,0.0,0.0,0.0
2023-06-27 00:00:00,0.0,0.0,0.0
2023-06-27 01:00:00,0.0,0.0,0.0
2023-06-27 02:00:00,0.0,0.0,0.0
2023-06-27 03:00:00,0.0078172524378873,0.0137938035762763,0.0
2023-06-27 04:00:00,0.0399924038581291,0.055272510758267,0.021888152161883
2023-06-27 05:00:00,0.1869445269511436,0.1937192936505538,0.0861193209457256
2023-06-27 06:00:00,0.3580075769734446,0.3605615175727085,0.2479114612594717
2023-06-27 07:00:00,0.5105983214358958,0.468280946216944,0.2786779429527283
2023-06-27 08:00:00,0.6176924872983954,0.517825131578946,0.2808864929165827
2023-06-27 09:00:00,0.6920984774302762,0.5272936652480898,0.4898374138291326
2023-06-27 10:00:00,0.6368195875612892,0.4443858556648791,0.4019428786712007
2023-06-27 11:00:00,0.5774145746809097,0.5320653146467612,0.3209800206853523
2023-06-27 12:00:00,0.5748792491579331,0.518363853741231,0.2920543345603741
2023-06-27 13:00:00,0.4669498714162713,0.496912482053315,0.1891011074442222
2023-06-27 14:00:00,0.2909584007085777,0.3612167058985626,0.1946701982762154
2023-06-27 15:00:00,0.2326216835724884,0.2449598858413686,0.0948162785738927
2023-06-27 16:00:00,0.0985572457846446,0.0971208962060917,0.0828279608913293
2023-06-27 17:00:00,0.0232313917810636,0.0247056276342694,0.0222696634700373
2023-06-27 18:00:00,0.0,0.0,0.0018448297001964
2023-06-27 19:00:00,0.0,0.0,0.0
2023-06-27 20:00:00,0.0,0.0,0.0
2023-06-27 21:00:00,0.0,0.0,0.0
2023-06-27 22:00:00,0.0,0.0,0.0
2023-06-27 23:00:00,0.0,0.0,0.0
2023-06-28 00:00:00,0.0,0.0,0.0
2023-06-28 01:00:00,0.0,0.0,0.0
2023-06-28 02:00:00,0.0,0.0,0.0
2023-06-28 03:00:00,0.0071780952089618,0.0122004188406601,0.0
2023-06-28 04:00:00,0.0385404229881722,0.0544422292986866,0.0321874749783768
2023-06-28 05:00:00,0.1775067935267578,0.184871517566691,0.100010116261711
2023-06-28 06:00:00,0.3414725336456684,0.3185413426805282,0.2453671731627102
2023-06-28 07:00:00,0.4892168872535066,0.390530432134561,0.3863277305191113
2023-06-28 08:00:00,0.5959553067484457,0.4121495045264782,0.4923602703486347
2023-06-28 09:00:00,0.6700484007232014,0.4244587010399349,0.5580274612309574
2023-06-28 10:00:00,0.643821487127118,0.4016974545562967,0.6311219436485238
2023-06-28 11:00:00,0.6415694358259573,0.3724603202715806,0.4328962263868742
2023-06-28 12:00:00,0.5270630508293264,0.3466479952769125,0.4999692436679661
2023-06-28 13:00:00,0.5097235619564587,0.3029006356121129,0.3299643298986516
2023-06-28 14:00:00,0.3828425961939801,0.226114078927396,0.3927858939059141
2023-06-28 15:00:00,0.2418752805921401,0.187935124520782,0.2643442156580753
2023-06-28 16:00:00,0.0882224464672761,0.0891302812527888,0.1524229795432573
2023-06-28 17:00:00,0.0248855905269589,0.0285884976175436,0.0751729562443965
2023-06-28 18:00:00,0.0,0.0,0.0175592602241807
2023-06-28 19:00:00,0.0,0.0,0.0
2023-06-28 20:00:00,0.0,0.0,0.0
2023-06-28 21:00:00,0.0,0.0,0.0
2023-06-28 22:00:00,0.0,0.0,0.0
2023-06-28 23:00:00,0.0,0.0,0.0
2023-06-29 00:00:00,0.0,0.0,0.0
2023-06-29 01:00:00,0.0,0.0,0.0
2023-06-29 02:00:00,0.0,0.0,0.0
2023-06-29 03:00:00,0.0,0.0060675981756026,0.0
2023-06-29 04:00:00,0.0080268076442721,0.0544986598489854,0.0171551214478864
2023-06-29 05:00:00,0.0832589713621062,0.1607424738020444,0.0690636481549938
2023-06-29 06:00:00,0.1348531245645509,0.2993243854420344,0.2126238153055638
2023-06-29 07:00:00,0.1350825540170569,0.3904172422268408,0.2768220278125835
2023-06-29 08:00:00,0.188692279457492,0.3582726457180375,0.409545350164827
2023-06-29 09:00:00,0.2027437636130764,0.3293407331383632,0.4755432110652758
2023-06-29 10:00:00,0.2399601953350116,0.2928265559689944,0.6369821545935472
2023-06-29 11:00:00,0.298815628423416,0.4035201939294355,0.6480524140035756
2023-06-29 12:00:00,0.4150120454995479,0.2966502495306263,0.6476090887454642
2023-06-29 13:00:00,0.450043057325822,0.299110072168125,0.5910030418524101
2023-06-29 14:00:00,0.426888470871399,0.2905830630656927,0.5038147155692067
2023-06-29 15:00:00,0.2527970587117122,0.1874425089726105,0.3325001036735292
2023-06-29 16:00:00,0.1138593792995401,0.0649781688753565,0.1954217277811851
2023-06-29 17:00:00,0.0242589106816173,0.0223179556879926,0.0633029008904881
2023-06-29 18:00:00,0.0,0.0,0.0170268351142
2023-06-29 19:00:00,0.0,0.0,0.0
2023-06-29 20:00:00,0.0,0.0,0.0
2023-06-29 21:00:00,0.0,0.0,0.0
2023-06-29 22:00:00,0.0,0.0,0.0
2023-06-29 23:00:00,0.0,0.0,0.0
2023-06-30 00:00:00,0.0,0.0,0.0
2023-06-30 01:00:00,0.0,0.0,0.0
2023-06-30 02:00:00,0.0,0.0,0.0
2023-06-30 03:00:00,0.0067632533106301,0.0094958295673263,0.0
2023-06-30 04:00:00,0.0391302416660352,0.0459541891937033,0.0228192106227782
2023-06-30 05:00:00,0.1421726871582301,0.183458790042412,0.0866697689629128
2023-06-30 06:00:00,0.3146544301433676,0.2981696967241367,0.2459184112761998
2023-06-30 07:00:00,0.4497652786522129,0.4023722545727082,0.397359005434734
2023-06-30 08:00:00,0.5257803386631504,0.487275406511187,0.5433504599944077
2023-06-30 09:00:00,0.6045496612934668,0.641114075444371,0.6129467709821655
2023-06-30 10:00:00,0.6114653726469536,0.5538615764096441,0.6124627951335858
2023-06-30 11:00:00,0.6528350686885671,0.4029440698672448,0.5267543870658319
2023-06-30 12:00:00,0.5482554497128738,0.3914575744165942,0.5315081134285089
2023-06-30 13:00:00,0.5163539166601463,0.3879051456884604,0.4350999447599415
2023-06-30 14:00:00,0.3872223359679466,0.3739755978486005,0.3641722712228415
2023-06-30 15:00:00,0.2579682640718269,0.236187361217898,0.2311548840389399
2023-06-30 16:00:00,0.1099675932763534,0.0906414890095727,0.1763320910430482
2023-06-30 17:00:00,0.0250639983578902,0.0220320136362671,0.0522515453648912
2023-06-30 18:00:00,0.0,0.0,0.0139180849827355
2023-06-30 19:00:00,0.0,0.0,0.0
2023-06-30 20:00:00,0.0,0.0,0.0
2023-06-30 21:00:00,0.0,0.0,0.0
2023-06-30 22:00:00,0.0,0.0,0.0
2023-06-30 23:00:00,0.0,0.0,0.0
2023-07-01 00:00:00,0.0,0.0,0.0
2023-07-01 01:00:00,0.0,0.0,0.0
2023-07-01 02:00:00,0.0,0.0,0.0
2023-07-01 03:00:00,0.0067389630333593,0.0117872491399169,0.0
2023-07-01 04:00:00,0.0387791896379702,0.048356934653556,0.0220666525145029
2023-07-01 05:00:00,0.1766715241519961,0.1893669818281789,0.083944658077328
2023-07-01 06:00:00,0.3457133710139373,0.3523343616903163,0.2110681281178111
2023-07-01 07:00:00,0.4948239251627964,0.4860649591597568,0.3076909361545208
2023-07-01 08:00:00,0.6013944465331863,0.5603471119826615,0.3833124601209354
2023-07-01 09:00:00,0.6365493234253603,0.5710291984545084,0.4787615416050003
2023-07-01 10:00:00,0.6132453644372817,0.6039813424474961,0.494753255675683
2023-07-01 11:00:00,0.6275906685011001,0.591743405223044,0.4417054693579713
2023-07-01 12:00:00,0.4712496621344748,0.5177369674073893,0.430422269612285
2023-07-01 13:00:00,0.4599524575082462,0.3934990679594465,0.3816737213735265
2023-07-01 14:00:00,0.334408666508535,0.3573749266230721,0.4332379341177953
2023-07-01 15:00:00,0.2327059392478237,0.1841134629055958,0.2584549616315554
2023-07-01 16:00:00,0.1085987872509817,0.0894982777438957,0.1613614798539739
2023-07-01 17:00:00,0.027016287325408,0.0222156203306507,0.054030105588806
2023-07-01 18:00:00,0.0,0.0,0.0163264902616368
2023-07-01 19:00:00,0.0,0.0,0.0
2023-07-01 20:00:00,0.0,0.0,0.0
2023-07-01 21:00:00,0.0,0.0,0.0
2023-07-01 22:00:00,0.0,0.0,0.0
2023-07-01 23:00:00,0.0,0.0,0.0
2023-07-02 00:00:00,0.0,0.0,0.0
2023-07-02 01:00:00,0.0,0.0,0.0
2023-07-02 02:00:00,0.0,0.0,0.0
2023-07-02 03:00:00,0.0061337069796747,0.0085331202701583,0.0
2023-07-02 04:00:00,0.0369903498103178,0.040820210578822,0.0232740887710091
2023-07-02 05:00:00,0.1707253355390346,0.1453268210949375,0.083311265203485
2023-07-02 06:00:00,0.3436039866582396,0.2665506890738195,0.2195936454715971
2023-07-02 07:00:00,0.4955600133353448,0.3530185294743729,0.3279734275202161
2023-07-02 08:00:00,0.6064707822820613,0.5077792504764128,0.470568732881025
2023-07-02 09:00:00,0.6786832170661361,0.4817099763424339,0.5869099581351991
2023-07-02 10:00:00,0.713270457131399,0.5202227778521304,0.6009688363254284
2023-07-02 11:00:00,0.7012375660760433,0.4908641442798616,0.6029058184823075
2023-07-02 12:00:00,0.6473197251752169,0.5241902697958128,0.5212192734103785
2023-07-02 13:00:00,0.5520108813115217,0.4312564591966993,0.3538276666287429
2023-07-02 14:00:00,0.4179557804409388,0.315058516212638,0.1794905420339
2023-07-02 15:00:00,0.2723966819504126,0.2161179004270208,0.2079771699989406
2023-07-02 16:00:00,0.1151890126704033,0.0875677159851666,0.1749113154663441
2023-07-02 17:00:00,0.0265991819252809,0.0204146880378621,0.0798140827165343
2023-07-02 18:00:00,0.0,0.0,0.0190879534747612
2023-07-02 19:00:00,0.0,0.0,0.0
2023-07-02 20:00:00,0.0,0.0,0.0
2023-07-02 21:00:00,0.0,0.0,0.0
2023-07-02 22:00:00,0.0,0.0,0.0
2023-07-02 23:00:00,0.0,0.0,0.0
2023-07-03 00:00:00,0.0,0.0,0.0
2023-07-03 01:00:00,0.0,0.0,0.0
2023-07-03 02:00:00,0.0,0.0,0.0
2023-07-03 03:00:00,0.0066054608219768,0.0112889042793177,0.0
2023-07-03 04:00:00,0.0439662430380489,0.0445846953869602,0.0121101109005595
2023-07-03 05:00:00,0.158363758232079,0.1904955768783089,0.0471740003355814
2023-07-03 06:00:00,0.315960308450138,0.3580311973152152,0.0988133295047683
2023-07-03 07:00:00,0.4676295772814692,0.5065367201658415,0.054112358846691
2023-07-03 08:00:00,0.568814044688864,0.6030534369456748,0.1486596486863559
2023-07-03 09:00:00,0.669643157806685,0.6553676106733394,0.2591726308271396
2023-07-03 10:00:00,0.701774067641914,0.6739053283330289,0.4158090324845275
2023-07-03 11:00:00,0.6673657034017031,0.6210796246665905,0.5405371889389523
2023-07-03 12:00:00,0.6349843289059603,0.578954234748756,0.4696832730687781
2023-07-03 13:00:00,0.5400555366950309,0.4605407736990918,0.4530506050996363
2023-07-03 14:00:00,0.4311792466535489,0.3669600088891149,0.3834852150305431
2023-07-03 15:00:00,0.2678159615625258,0.2430834056898136,0.2047502257126797
2023-07-03 16:00:00,0.1088481524858107,0.0946917063325351,0.1686816204117355
2023-07-03 17:00:00,0.0246439698261211,0.0222430261657595,0.060163922098262
2023-07-03 18:00:00,0.0,0.0,0.0134670967570949
2023-07-03 19:00:00,0.0,0.0,0.0
2023-07-03 20:00:00,0.0,0.0,0.0
2023-07-03 21:00:00,0.0,0.0,0.0
2023-07-03 22:00:00,0.0,0.0,0.0
2023-07-03 23:00:00,0.0,0.0,0.0
2023-07-04 00:00:00,0.0,0.0,0.0
2023-07-04 01:00:00,0.0,0.0,0.0
2023-07-04 02:00:00,0.0,0.0,0.0
2023-07-04 03:00:00,0.005728989499263,0.0095062181221577,0.0
2023-07-04 04:00:00,0.0365122213525706,0.0423173368354405,0.0238275686463116
2023-07-04 05:00:00,0.1718742598383575,0.1760495570765691,0.0921624667726755
2023-07-04 06:00:00,0.3376945950695118,0.3471573790933773,0.2502401554894106
2023-07-04 07:00:00,0.487709323196138,0.4936398966272775,0.3384725576896821
2023-07-04 08:00:00,0.5945714621924453,0.5861080140762389,0.503698823210148
2023-07-04 09:00:00,0.672465341855575,0.6423294950369697,0.6147611566186678
2023-07-04 10:00:00,0.688531847014884,0.5878955771037319,0.6071369202905478
2023-07-04 11:00:00,0.6949009805839236,0.5443810952488726,0.5625298358298957
2023-07-04 12:00:00,0.6396904238253268,0.4726299424576247,0.5044229553342162
2023-07-04 13:00:00,0.5478659207031265,0.4783576413049814,0.4873771302104596
2023-07-04 14:00:00,0.3816095783028846,0.3207451039784836,0.4689881787146094
2023-07-04 15:00:00,0.2481525701049199,0.1854191642913097,0.3148841450050707
2023-07-04 16:00:00,0.1151603426956152,0.0870400663783603,0.155248282155698
2023-07-04 17:00:00,0.0246644991776156,0.0229826553314704,0.0453227784326029
2023-07-04 18:00:00,0.0,0.0,0.0131757569076341
2023-07-04 19:00:00,0.0,0.0,0.0
2023-07-04 20:00:00,0.0,0.0,0.0
2023-07-04 21:00:00,0.0,0.0,0.0
2023-07-04 22:00:00,0.0,0.0,0.0
2023-07-04 23:00:00,0.0,0.0,0.0
2023-07-05 00:00:00,0.0,0.0,0.0
2023-07-05 01:00:00,0.0,0.0,0.0
2023-07-05 02:00:00,0.0,0.0,0.0
2023-07-05 03:00:00,0.005667714338454,0.0098400471866448,0.0
2023-07-05 04:00:00,0.0354212775644308,0.0433516244579176,0.0264333902305629
2023-07-05 05:00:00,0.1710963871827139,0.1835283416324001,0.0835612241637442
2023-07-05 06:00:00,0.3360038059686915,0.3459449345546675,0.2320326318933967
2023-07-05 07:00:00,0.485659968731046,0.4912323136594657,0.3946458322456097
2023-07-05 08:00:00,0.5883580371754855,0.5891405872646053,0.5253931932544438
2023-07-05 09:00:00,0.6613988338026635,0.6573319263969644,0.6285034334858186
2023-07-05 10:00:00,0.6926087202512347,0.6778791902466287,0.623081996291499
2023-07-05 11:00:00,0.6849965897447008,0.5818552042249904,0.5412919570473059
2023-07-05 12:00:00,0.637493932110949,0.5024308896070401,0.3953929316924719
2023-07-05 13:00:00,0.5497096865736214,0.4419784559884286,0.3675097512781125
2023-07-05 14:00:00,0.4253559727380885,0.3510585756843387,0.3549127201062546
2023-07-05 15:00:00,0.2743577202957383,0.1940065529910375,0.273941042143757
2023-07-05 16:00:00,0.1150953315838875,0.0878868389104419,0.1256174366350784
2023-07-05 17:00:00,0.024311165188455,0.0200986145128436,0.0516445199707155
2023-07-05 18:00:00,0.0,0.0,0.0180504940484633
2023-07-05 19:00:00,0.0,0.0,0.0
2023-07-05 20:00:00,0.0,0.0,0.0
2023-07-05 21:00:00,0.0,0.0,0.0
2023-07-05 22:00:00,0.0,0.0,0.0
2023-07-05 23:00:00,0.0,0.0,0.0
2023-07-06 00:00:00,0.0,0.0,0.0
2023-07-06 01:00:00,0.0,0.0,0.0
2023-07-06 02:00:00,0.0,0.0,0.0
2023-07-06 03:00:00,0.0052598872478023,0.0094689985638646,0.0
2023-07-06 04:00:00,0.0348208699641846,0.0419353145050591,0.0263428390137543
2023-07-06 05:00:00,0.1663593873403694,0.1816783087553244,0.0894677719034625
2023-07-06 06:00:00,0.3296052971439652,0.3441444632342811,0.2361631872984637
2023-07-06 07:00:00,0.4760007090376302,0.4865914613650911,0.3924178804419776
2023-07-06 08:00:00,0.5810450167049779,0.5834982569132504,0.5092782490982084
2023-07-06 09:00:00,0.6530884921491111,0.6526587894667526,0.4686923343790982
2023-07-06 10:00:00,0.6865696205667914,0.6271906070691528,0.5795572860249846
2023-07-06 11:00:00,0.6865127541575355,0.4872632526145602,0.5778547180722197
2023-07-06 12:00:00,0.6399887710774432,0.4932863031212002,0.4488319130540569
2023-07-06 13:00:00,0.5506038393913434,0.3884844841519771,0.4052950560976541
2023-07-06 14:00:00,0.4283653904430872,0.3179335556719548,0.30512117987996
2023-07-06 15:00:00,0.2718409431826946,0.2094913396010426,0.1905637767276684
2023-07-06 16:00:00,0.1134406179228569,0.0832859592115888,0.1175928464508899
2023-07-06 17:00:00,0.0240235376711421,0.0203616762548841,0.0599638863071542
2023-07-06 18:00:00,0.0,0.0,0.0156752463392477
2023-07-06 19:00:00,0.0,0.0,0.0
2023-07-06 20:00:00,0.0,0.0,0.0
2023-07-06 21:00:00,0.0,0.0,0.0
2023-07-06 22:00:00,0.0,0.0,0.0
2023-07-06 23:00:00,0.0,0.0,0.0
2023-07-07 00:00:00,0.0,0.0,0.0
2023-07-07 01:00:00,0.0,0.0,0.0
2023-07-07 02:00:00,0.0,0.0,0.0
2023-07-07 03:00:00,0.0063982474549103,0.0094393594320278,0.0
2023-07-07 04:00:00,0.0473234119601157,0.0437101004228216,0.0098961161149963
2023-07-07 05:00:00,0.1640802252002572,0.1795624258156873,0.0282468819432786
2023-07-07 06:00:00,0.3154775006071351,0.3386982686693456,0.0348978743097213
2023-07-07 07:00:00,0.4440430242149359,0.4062175080830328,0.0573898265647218
2023-07-07 08:00:00,0.5412818717807519,0.5186545912558976,0.0776018507128744
2023-07-07 09:00:00,0.5886915403410458,0.5007937745975118,0.0882465956376934
2023-07-07 10:00:00,0.620753186783428,0.5832511497457803,0.1098201455534114
2023-07-07 11:00:00,0.6127420515381955,0.5843497493074877,0.2000853600049724
2023-07-07 12:00:00,0.5670632150072371,0.5494842227004086,0.3448608163212724
2023-07-07 13:00:00,0.5190709257427119,0.4628839065470317,0.2868997711737853
2023-07-07 14:00:00,0.4073848853987336,0.3274655702286645,0.1401654382293438
2023-07-07 15:00:00,0.232712468630292,0.2136223392310345,0.1631618167508966
2023-07-07 16:00:00,0.116371494376859,0.0944622350292458,0.0796238566671575
2023-07-07 17:00:00,0.0288327777727892,0.0279335211913884,0.0331768606962023
2023-07-07 18:00:00,0.0,0.0,0.0060892972881265
2023-07-07 19:00:00,0.0,0.0,0.0
2023-07-07 20:00:00,0.0,0.0,0.0
2023-07-07 21:00:00,0.0,0.0,0.0
2023-07-07 22:00:00,0.0,0.0,0.0
2023-07-07 23:00:00,0.0,0.0,0.0
2023-07-08 00:00:00,0.0,0.0,0.0
2023-07-08 01:00:00,0.0,0.0,0.0
2023-07-08 02:00:00,0.0,0.0,0.0
2023-07-08 03:00:00,0.0047563336300492,0.010655496671934,0.0
2023-07-08 04:00:00,0.0366916271128786,0.0513881005942726,0.0314754306625188
2023-07-08 05:00:00,0.1623176056795757,0.1686060242094262,0.0989438264232347
2023-07-08 06:00:00,0.3286019918786185,0.3103563295053285,0.2214819193803094
2023-07-08 07:00:00,0.4783888584574993,0.4165799878072573,0.3462712554545594
2023-07-08 08:00:00,0.5852377069755594,0.544421059521762,0.4620449757611304
2023-07-08 09:00:00,0.6429638725591909,0.5553560170653877,0.5518080435833433
2023-07-08 10:00:00,0.6620374150698884,0.5861059814121449,0.5986503326512228
2023-07-08 11:00:00,0.6139107061922084,0.56456780913458,0.5501678990722269
2023-07-08 12:00:00,0.5673065465413056,0.5522381268226415,0.5067408877462322
2023-07-08 13:00:00,0.4667437659750301,0.4949533891759276,0.5363816694818924
2023-07-08 14:00:00,0.3641344439906961,0.3890531416687099,0.445707014511978
2023-07-08 15:00:00,0.2438138989385225,0.1553756083724268,0.3317546625969109
2023-07-08 16:00:00,0.0743805665606352,0.0532208494601411,0.1783543864271152
2023-07-08 17:00:00,0.0202239812626566,0.0142718278635259,0.07933607987795
2023-07-08 18:00:00,0.0,0.0,0.0216490821729515
2023-07-08 19:00:00,0.0,0.0,0.0
2023-07-08 20:00:00,0.0,0.0,0.0
2023-07-08 21:00:00,0.0,0.0,0.0
2023-07-08 22:00:00,0.0,0.0,0.0
2023-07-08 23:00:00,0.0,0.0,0.0
2023-07-09 00:00:00,0.0,0.0,0.0
2023-07-09 01:00:00,0.0,0.0,0.0
2023-07-09 02:00:00,0.0,0.0,0.0
2023-07-09 03:00:00,0.0,0.0104731305471053,0.0
2023-07-09 04:00:00,0.0093616215120223,0.0566020057958639,0.0220436668299907
2023-07-09 05:00:00,0.0288545304090012,0.1337656693702202,0.0893141250507045
2023-07-09 06:00:00,0.064507466728381,0.2168933770934322,0.2541215496348368
2023-07-09 07:00:00,0.2097923980546032,0.1895355202433469,0.4208366068564383
2023-07-09 08:00:00,0.2391209276581447,0.1758505286530472,0.5545755639332242
2023-07-09 09:00:00,0.2975878763565423,0.1246890063077996,0.6225513162531627
2023-07-09 10:00:00,0.2774461817630764,0.1338560576951253,0.5952342505614908
2023-07-09 11:00:00,0.3645484568581447,0.1716159806970859,0.5270645834041267
2023-07-09 12:00:00,0.1568837174273923,0.1581056440906233,0.5226196579748805
2023-07-09 13:00:00,0.1157082037301226,0.0884427241738117,0.4799914777199677
2023-07-09 14:00:00,0.1571686041529512,0.0310290947481495,0.4311931311174574
2023-07-09 15:00:00,0.106962384543037,0.0144903084642107,0.3106314745009628
2023-07-09 16:00:00,0.0378723643653494,0.0183987459513225,0.1738277189724371
2023-07-09 17:00:00,0.0065035891484306,0.0070560417766256,0.054624616888736
2023-07-09 18:00:00,0.0,0.0,0.0126205778767659
2023-07-09 19:00:00,0.0,0.0,0.0
2023-07-09 20:00:00,0.0,0.0,0.0
2023-07-09 21:00:00,0.0,0.0,0.0
2023-07-09 22:00:00,0.0,0.0,0.0
2023-07-09 23:00:00,0.0,0.0,0.0
2023-07-10 00:00:00,0.0,0.0,0.0
2023-07-10 01:00:00,0.0,0.0,0.0
2023-07-10 02:00:00,0.0,0.0,0.0
2023-07-10 03:00:00,0.0046693751885171,0.0091154624300424,0.0
2023-07-10 04:00:00,0.0352773819708827,0.0448044223078358,0.021707062363499
2023-07-10 05:00:00,0.1731073667434419,0.1863444184696988,0.0895053395292255
2023-07-10 06:00:00,0.3451082842595263,0.3523608072018924,0.254356393101694
2023-07-10 07:00:00,0.4993264795316572,0.4818299227798654,0.4111333957195447
2023-07-10 08:00:00,0.5669011843361051,0.511410358605822,0.4835125609112007
2023-07-10 09:00:00,0.5837287392434602,0.5210760395842594,0.5767605391606241
2023-07-10 10:00:00,0.6409998539364061,0.5386027198246415,0.5923890215103876
2023-07-10 11:00:00,0.5674244509209193,0.5485982796319243,0.609024717355537
2023-07-10 12:00:00,0.4991381420523583,0.4871032454903584,0.5958406299094587
2023-07-10 13:00:00,0.489104901266228,0.4506648764750753,0.5060029772740308
2023-07-10 14:00:00,0.2765558498996115,0.2874790719450393,0.4457170088791173
2023-07-10 15:00:00,0.2315243758295058,0.218452263188983,0.3005260788439054
2023-07-10 16:00:00,0.1034361847831202,0.0780805938587503,0.1760308530511772
2023-07-10 17:00:00,0.0207872537928597,0.0169763328341193,0.0548344155192024
2023-07-10 18:00:00,0.0,0.0,0.0152479155776254
2023-07-10 19:00:00,0.0,0.0,0.0
2023-07-10 20:00:00,0.0,0.0,0.0
2023-07-10 21:00:00,0.0,0.0,0.0
2023-07-10 22:00:00,0.0,0.0,0.0
2023-07-10 23:00:00,0.0,0.0,0.0
2023-07-11 00:00:00,0.0,0.0,0.0
2023-07-11 01:00:00,0.0,0.0,0.0
2023-07-11 02:00:00,0.0,0.0,0.0
2023-07-11 03:00:00,0.003520741803617,0.0081232628360015,0.0
2023-07-11 04:00:00,0.03365763108745,0.0411752584113699,0.0226131063239887
2023-07-11 05:00:00,0.1550430639629198,0.1809345415322569,0.0785918871892656
2023-07-11 06:00:00,0.3312774596390654,0.336479089844878,0.1827635566094393
2023-07-11 07:00:00,0.4864516960628947,0.3972762031120745,0.1980528485442447
2023-07-11 08:00:00,0.5948643451883978,0.4755707276759041,0.2235303737788495
2023-07-11 09:00:00,0.631443018780429,0.5331740177251663,0.2517305112256186
2023-07-11 10:00:00,0.604468354328763,0.5454431496401767,0.5019909829217886
2023-07-11 11:00:00,0.6073529587909888,0.5348174047690875,0.5722189202739347
2023-07-11 12:00:00,0.5518454999007091,0.4349169010219911,0.4876406871272338
2023-07-11 13:00:00,0.4054981918326843,0.4939676689879808,0.4961968483865883
2023-07-11 14:00:00,0.3107002841836395,0.3603703257693263,0.3757889412734399
2023-07-11 15:00:00,0.2362983861572584,0.2409961415008884,0.2409254639929469
2023-07-11 16:00:00,0.1047080641048789,0.0879536296189591,0.1323897395336614
2023-07-11 17:00:00,0.0274155574598625,0.0174688554742493,0.0501524219453304
2023-07-11 18:00:00,0.0,0.0,0.0111873322859458
2023-07-11 19:00:00,0.0,0.0,0.0
2023-07-11 20:00:00,0.0,0.0,0.0
2023-07-11 21:00:00,0.0,0.0,0.0
2023-07-11 22:00:00,0.0,0.0,0.0
2023-07-11 23:00:00,0.0,0.0,0.0
2023-07-12 00:00:00,0.0,0.0,0.0
2023-07-12 01:00:00,0.0,0.0,0.0
2023-07-12 02:00:00,0.0,0.0,0.0
2023-07-12 03:00:00,0.0002479205684376,0.0058531310379921,0.0
2023-07-12 04:00:00,0.0228514013405987,0.0417996442762507,0.0270035833871769
2023-07-12 05:00:00,0.1375701824483222,0.1703837852416374,0.0907350737329513
2023-07-12 06:00:00,0.2713854506861766,0.3326160576491461,0.2102710135321724
2023-07-12 07:00:00,0.3358820746731083,0.4933680010816596,0.3912410446649109
2023-07-12 08:00:00,0.4843007825534579,0.6078651300833505,0.5630530401455014
2023-07-12 09:00:00,0.6074876345638447,0.6529175092324783,0.6625910583983196
2023-07-12 10:00:00,0.6278738257764085,0.5858457860000362,0.7110476251725523
2023-07-12 11:00:00,0.6416603407467714,0.4699178800591679,0.731572241013288
2023-07-12 12:00:00,0.5797322088887515,0.510397522800751,0.6959366020154288
2023-07-12 13:00:00,0.4796027745982592,0.449210417798995,0.6160493804129111
2023-07-12 14:00:00,0.4300903820227194,0.3038815944830053,0.5162109014488715
2023-07-12 15:00:00,0.2782217145069648,0.2175217063542905,0.3306024844343748
2023-07-12 16:00:00,0.1186060210264649,0.0967648106344065,0.1623036208011251
2023-07-12 17:00:00,0.0236257607946861,0.0187332727516197,0.0577607211155442
2023-07-12 18:00:00,0.0,0.0,0.0104563994595742
2023-07-12 19:00:00,0.0,0.0,0.0
2023-07-12 20:00:00,0.0,0.0,0.0
2023-07-12 21:00:00,0.0,0.0,0.0
2023-07-12 22:00:00,0.0,0.0,0.0
2023-07-12 23:00:00,0.0,0.0,0.0
2023-07-13 00:00:00,0.0,0.0,0.0
2023-07-13 01:00:00,0.0,0.0,0.0
2023-07-13 02:00:00,0.0,0.0,0.0
2023-07-13 03:00:00,0.0041969199929631,0.0075773306037939,0.0
2023-07-13 04:00:00,0.0387432605760892,0.0408772869698834,0.0188107909831937
2023-07-13 05:00:00,0.1639589349943213,0.1825126864921547,0.0831627430477223
2023-07-13 06:00:00,0.3164179488880891,0.3542793013927924,0.2394618437493476
2023-07-13 07:00:00,0.4802704543475418,0.4970831757756978,0.3919959057976472
2023-07-13 08:00:00,0.5657876787050424,0.6025571860020197,0.4739093627713515
2023-07-13 09:00:00,0.6629170767193633,0.6785146169136029,0.5329463581458294
2023-07-13 10:00:00,0.6600459078260288,0.6601424643152374,0.5428945491754614
2023-07-13 11:00:00,0.5842463494548705,0.63252305401442,0.4338779764122632
2023-07-13 12:00:00,0.5096871887850487,0.598362629150178,0.3846381256740536
2023-07-13 13:00:00,0.5304564791477723,0.4769316432302793,0.3027650355614201
2023-07-13 14:00:00,0.4013322613012279,0.2807401073895222,0.1955538272712503
2023-07-13 15:00:00,0.2588456813419382,0.0882514682283802,0.065114978139635
2023-07-13 16:00:00,0.1078829326523139,0.0407781450747306,0.0963983426280752
2023-07-13 17:00:00,0.023051173205982,0.0099313068913009,0.0508428224663579
2023-07-13 18:00:00,0.0,0.0,0.0066011951982203
2023-07-13 19:00:00,0.0,0.0,0.0
2023-07-13 20:00:00,0.0,0.0,0.0
2023-07-13 21:00:00,0.0,0.0,0.0
2023-07-13 22:00:00,0.0,0.0,0.0
2023-07-13 23:00:00,0.0,0.0,0.0
2023-07-14 00:00:00,0.0,0.0,0.0
2023-07-14 01:00:00,0.0,0.0,0.0
2023-07-14 02:00:00,0.0,0.0,0.0
2023-07-14 03:00:00,0.0024410436525448,0.0026705289169876,0.0
2023-07-14 04:00:00,0.0283154231601167,0.0256167261859575,0.0053694351275483
2023-07-14 05:00:00,0.1304486370823484,0.1383006470842852,0.0226077983127781
2023-07-14 06:00:00,0.2725754862286763,0.2428718642708864,0.0587920714460283
2023-07-14 07:00:00,0.4125575419292856,0.2693806608021851,0.0459054596721581
2023-07-14 08:00:00,0.5259406061207882,0.3154592265720369,0.113244693472393
2023-07-14 09:00:00,0.6083601686582022,0.2026958913132744,0.2136637092674627
2023-07-14 10:00:00,0.6301112612591601,0.287487853056185,0.4256902080804072
2023-07-14 11:00:00,0.6230858212400254,0.3793154221412073,0.5884556487309022
2023-07-14 12:00:00,0.4950680598285434,0.4061132735217603,0.5232297667046315
2023-07-14 13:00:00,0.4139653431187884,0.2593854608231717,0.5112805737770816
2023-07-14 14:00:00,0.3512882552854948,0.1822895188030213,0.444235461371941
2023-07-14 15:00:00,0.2249395390134608,0.1699981321929714,0.3324556854804006
2023-07-14 16:00:00,0.1002858246932332,0.0588238659850973,0.1544245827776714
2023-07-14 17:00:00,0.0204215546102953,0.0140761762460467,0.0567355790826065
2023-07-14 18:00:00,0.0,0.0,0.0136801266755677
2023-07-14 19:00:00,0.0,0.0,0.0
2023-07-14 20:00:00,0.0,0.0,0.0
2023-07-14 21:00:00,0.0,0.0,0.0
2023-07-14 22:00:00,0.0,0.0,0.0
2023-07-14 23:00:00,0.0,0.0,0.0
2023-07-15 00:00:00,0.0,0.0,0.0
2023-07-15 01:00:00,0.0,0.0,0.0
2023-07-15 02:00:00,0.0,0.0,0.0
2023-07-15 03:00:00,0.0031465661018475,0.0065183766415998,0.0
2023-07-15 04:00:00,0.0324963005367231,0.0378267952540097,0.01894313477186
2023-07-15 05:00:00,0.1650485844104355,0.1794075355895377,0.0813607674410417
2023-07-15 06:00:00,0.3339676953544402,0.3499235068867055,0.2474850601972932
2023-07-15 07:00:00,0.4877436472742073,0.4980397022520091,0.3802102619287448
2023-07-15 08:00:00,0.5980006334124799,0.6099726704252745,0.5243259166166486
2023-07-15 09:00:00,0.6250255777533523,0.675499578954178,0.6344951343109081
2023-07-15 10:00:00,0.6824693425611579,0.5946575152693787,0.6685407170200638
2023-07-15 11:00:00,0.6796213543470272,0.5437893755015014,0.6339843196797376
2023-07-15 12:00:00,0.5267121926499566,0.5388431827622798,0.5194248729616014
2023-07-15 13:00:00,0.5191523267805167,0.4537304033406004,0.517947907290391
2023-07-15 14:00:00,0.3350163206430163,0.3046527377081805,0.4961749717517942
2023-07-15 15:00:00,0.2130680523699299,0.1909576784688079,0.3664275650864071
2023-07-15 16:00:00,0.0994749446538373,0.0843091128399768,0.1979662931998424
2023-07-15 17:00:00,0.0224091161038079,0.0186625741487079,0.0615521228019773
2023-07-15 18:00:00,0.0,0.0,0.0126828638984443
2023-07-15 19:00:00,0.0,0.0,0.0
2023-07-15 20:00:00,0.0,0.0,0.0
2023-07-15 21:00:00,0.0,0.0,0.0
2023-07-15 22:00:00,0.0,0.0,0.0
2023-07-15 23:00:00,0.0,0.0,0.0
2023-07-16 00:00:00,0.0,0.0,0.0
2023-07-16 01:00:00,0.0,0.0,0.0
2023-07-16 02:00:00,0.0,0.0,0.0
2023-07-16 03:00:00,0.0027699869640594,0.0062906095219417,0.0
2023-07-16 04:00:00,0.032151528569853,0.0380562349659945,0.0181062973231928
2023-07-16 05:00:00,0.1633195429109881,0.1833539642625345,0.0820273989909534
2023-07-16 06:00:00,0.3317274936481663,0.3559437963902548,0.2435270193042169
2023-07-16 07:00:00,0.4860991061456545,0.5087520458323728,0.4117111380199342
2023-07-16 08:00:00,0.5726112543735693,0.6175948398439997,0.5414259566887076
2023-07-16 09:00:00,0.6554880544688919,0.6462003589159165,0.6398087203781103
2023-07-16 10:00:00,0.6747964197372658,0.6980328141174138,0.6918741191455571
2023-07-16 11:00:00,0.6709805074214389,0.6792114263614709,0.7065459163421572
2023-07-16 12:00:00,0.6111540752090772,0.6200913832913028,0.6733723482732021
2023-07-16 13:00:00,0.5275979856839509,0.5045781238564587,0.5937443359959349
2023-07-16 14:00:00,0.3763692728294592,0.3821450214720419,0.5024412665340506
2023-07-16 15:00:00,0.2739393843378004,0.2192834516222138,0.3539347760496634
2023-07-16 16:00:00,0.1161705330976736,0.0922689053292932,0.1941134519633939
2023-07-16 17:00:00,0.0228920207021621,0.0229810646491636,0.0546036174209712
2023-07-16 18:00:00,0.0,0.0,0.0105932892047551
2023-07-16 19:00:00,0.0,0.0,0.0
2023-07-16 20:00:00,0.0,0.0,0.0
2023-07-16 21:00:00,0.0,0.0,0.0
2023-07-16 22:00:00,0.0,0.0,0.0
2023-07-16 23:00:00,0.0,0.0,0.0
2023-07-17 00:00:00,0.0,0.0,0.0
2023-07-17 01:00:00,0.0,0.0,0.0
2023-07-17 02:00:00,0.0,0.0,0.0
2023-07-17 03:00:00,0.0027961314513352,0.0061549399466545,0.0
2023-07-17 04:00:00,0.034097575338045,0.0384772194843616,0.0163500696039239
2023-07-17 05:00:00,0.1590503082633551,0.1762341367374528,0.0783614300404442
2023-07-17 06:00:00,0.312320981219041,0.3309532481537777,0.2307008820169924
2023-07-17 07:00:00,0.4884423615835507,0.4795878590746517,0.402201817951733
2023-07-17 08:00:00,0.5876995694723585,0.6161216819983075,0.5166505331395412
2023-07-17 09:00:00,0.6633111302849228,0.6806081973664222,0.5860912891273297
2023-07-17 10:00:00,0.696922156645691,0.6900515455350453,0.632335309840238
2023-07-17 11:00:00,0.6732790851168448,0.5806152212111948,0.6547754977705732
2023-07-17 12:00:00,0.6345658022809557,0.4764931009849415,0.6239146772381308
2023-07-17 13:00:00,0.5210938416397362,0.3649016939936139,0.5944679823248128
2023-07-17 14:00:00,0.4146645226604595,0.2679570724011342,0.4204116318874609
2023-07-17 15:00:00,0.2711320850015149,0.1797355516598305,0.339206410335641
2023-07-17 16:00:00,0.1127276119076201,0.0751169519000506,0.1803875197779099
2023-07-17 17:00:00,0.0222053769274681,0.0184272651089198,0.0565846129500219
2023-07-17 18:00:00,0.0,0.0,0.0122933707547871
2023-07-17 19:00:00,0.0,0.0,0.0
2023-07-17 20:00:00,0.0,0.0,0.0
2023-07-17 21:00:00,0.0,0.0,0.0
2023-07-17 22:00:00,0.0,0.0,0.0
2023-07-17 23:00:00,0.0,0.0,0.0
2023-07-18 00:00:00,0.0,0.0,0.0
2023-07-18 01:00:00,0.0,0.0,0.0
2023-07-18 02:00:00,0.0,0.0,0.0
2023-07-18 03:00:00,0.0022279638660606,0.0055817169811287,0.0
2023-07-18 04:00:00,0.029822666327566,0.0365927628073346,0.0078521720163
2023-07-18 05:00:00,0.1233392170832182,0.1694936581400403,0.049281284046624
2023-07-18 06:00:00,0.2485328909638746,0.3400330931684009,0.1270613288609294
2023-07-18 07:00:00,0.4471376473657765,0.4851638139986718,0.3159347484303156
2023-07-18 08:00:00,0.5700757976652594,0.5986260898232802,0.5027372085682246
2023-07-18 09:00:00,0.6552619660549119,0.671273208989767,0.5520676336681009
2023-07-18 10:00:00,0.6883755963052651,0.6796657156554814,0.5625471190663728
2023-07-18 11:00:00,0.6095046077814359,0.6253619578191515,0.5742165321061055
2023-07-18 12:00:00,0.5511198542996301,0.5671787339411459,0.4774480265925261
2023-07-18 13:00:00,0.4936514401727171,0.4771195270425943,0.4984544885366094
2023-07-18 14:00:00,0.4019043726971277,0.3788791418978143,0.4403552173584406
2023-07-18 15:00:00,0.2461742917118222,0.2174103898891899,0.3110983231305225
2023-07-18 16:00:00,0.1101524634954366,0.072160108085394,0.1670792561916582
2023-07-18 17:00:00,0.0212642053580589,0.0176892544125514,0.0580000552736805
2023-07-18 18:00:00,0.0,0.0,0.0111657239980859
2023-07-18 19:00:00,0.0,0.0,0.0
2023-07-18 20:00:00,0.0,0.0,0.0
2023-07-18 21:00:00,0.0,0.0,0.0
2023-07-18 22:00:00,0.0,0.0,0.0
2023-07-18 23:00:00,0.0,0.0,0.0
2023-07-19 00:00:00,0.0,0.0,0.0
2023-07-19 01:00:00,0.0,0.0,0.0
2023-07-19 02:00:00,0.0,0.0,0.0
2023-07-19 03:00:00,0.0017955181811357,0.0045515842432696,0.0
2023-07-19 04:00:00,0.0324241765962832,0.0400214604391424,0.0143836789949183
2023-07-19 05:00:00,0.1456807007088607,0.173406299863631,0.0758293383228915
2023-07-19 06:00:00,0.3167928631741567,0.3092495654906941,0.2158776905361868
2023-07-19 07:00:00,0.4725202704690903,0.4713833261991879,0.1225424984493883
2023-07-19 08:00:00,0.572959609764476,0.5931326926481675,0.2585748979471531
2023-07-19 09:00:00,0.6568435781752366,0.6858608911131057,0.2692197181143145
2023-07-19 10:00:00,0.664876187893763,0.7169028790521433,0.4773740299336793
2023-07-19 11:00:00,0.5903081052130446,0.7129134359116848,0.5618951524766991
2023-07-19 12:00:00,0.5476807690533141,0.6060966988420174,0.5890406935608883
2023-07-19 13:00:00,0.4145376276102261,0.3818613935638822,0.5415954579186966
2023-07-19 14:00:00,0.3567556850892902,0.3634817002874133,0.4417179040639062
2023-07-19 15:00:00,0.2330921226242276,0.2525554993938959,0.3420573597484626
2023-07-19 16:00:00,0.1071444936767441,0.0992493422811359,0.1900397746906408
2023-07-19 17:00:00,0.0210486939847965,0.0208822458660548,0.0594309382139211
2023-07-19 18:00:00,0.0,0.0,0.0108044879278372
2023-07-19 19:00:00,0.0,0.0,0.0
2023-07-19 20:00:00,0.0,0.0,0.0
2023-07-19 21:00:00,0.0,0.0,0.0
2023-07-19 22:00:00,0.0,0.0,0.0
2023-07-19 23:00:00,0.0,0.0,0.0
2023-07-20 00:00:00,0.0,0.0,0.0
2023-07-20 01:00:00,0.0,0.0,0.0
2023-07-20 02:00:00,0.0,0.0,0.0
2023-07-20 03:00:00,0.0014690551291968,0.0032018305313122,0.0
2023-07-20 04:00:00,0.0323260181201004,0.0338291021965568,0.0166427401759772
2023-07-20 05:00:00,0.1471587368823053,0.1504020643070356,0.0773054703063745
2023-07-20 06:00:00,0.2945110147784772,0.2907434386791825,0.2125414484200042
2023-07-20 07:00:00,0.4517268820179785,0.2824821803085317,0.3789362214096697
2023-07-20 08:00:00,0.5432031466817676,0.3013337954547369,0.5147996530933467
2023-07-20 09:00:00,0.6284576652592174,0.299427879481338,0.5529310279260223
2023-07-20 10:00:00,0.6102700251923069,0.1705837469296421,0.6679008447345332
2023-07-20 11:00:00,0.5981311023375782,0.2497999803643793,0.6630291761862328
2023-07-20 12:00:00,0.4757553112121373,0.2790716563771057,0.4945859948933483
2023-07-20 13:00:00,0.4428452775787111,0.2190533329986675,0.243334704739818
2023-07-20 14:00:00,0.3190318148123183,0.2048915796708613,0.2331273895824535
2023-07-20 15:00:00,0.1751342881424716,0.100271559820428,0.1701151976992354
2023-07-20 16:00:00,0.0941503741235635,0.0532404996410055,0.1376290276926246
2023-07-20 17:00:00,0.0213582899616983,0.0108297207933741,0.0538555749391213
2023-07-20 18:00:00,0.0,0.0,0.008969567998885
2023-07-20 19:00:00,0.0,0.0,0.0
2023-07-20 20:00:00,0.0,0.0,0.0
2023-07-20 21:00:00,0.0,0.0,0.0
2023-07-20 22:00:00,0.0,0.0,0.0
2023-07-20 23:00:00,0.0,0.0,0.0
2023-07-21 00:00:00,0.0,0.0,0.0
2023-07-21 01:00:00,0.0,0.0,0.0
2023-07-21 02:00:00,0.0,0.0,0.0
2023-07-21 03:00:00,0.0001048674979877,0.0003881951094689,0.0
2023-07-21 04:00:00,0.0317243188904675,0.014873761408747,0.0176650050978819
2023-07-21 05:00:00,0.1251138995986104,0.0508331032845747,0.0808567327241138
2023-07-21 06:00:00,0.2334851913505002,0.1149224946742054,0.2280046435295654
2023-07-21 07:00:00,0.4015178586882013,0.3910607441390125,0.3637084569166061
2023-07-21 08:00:00,0.5120102532545634,0.5342529733003064,0.5195723141595576
2023-07-21 09:00:00,0.6147824261928182,0.5813223734571779,0.6192158325616147
2023-07-21 10:00:00,0.6064255360540273,0.6647310725612428,0.5965798030946229
2023-07-21 11:00:00,0.6180559481153838,0.6599105359930353,0.5857975045280334
2023-07-21 12:00:00,0.6038467086604242,0.6096590019460391,0.58694312438374
2023-07-21 13:00:00,0.502289064754752,0.526920785116,0.5195923908160375
2023-07-21 14:00:00,0.4130013102309084,0.3980683237069634,0.4670636644454207
2023-07-21 15:00:00,0.2641200937631045,0.2463950986757098,0.3273866500810841
2023-07-21 16:00:00,0.1112546837702257,0.0994521145020031,0.1880499826618758
2023-07-21 17:00:00,0.020291110906752,0.0208499313965033,0.0495290233037423
2023-07-21 18:00:00,0.0,0.0,0.0042635191755141
2023-07-21 19:00:00,0.0,0.0,0.0
2023-07-21 20:00:00,0.0,0.0,0.0
2023-07-21 21:00:00,0.0,0.0,0.0
2023-07-21 22:00:00,0.0,0.0,0.0
2023-07-21 23:00:00,0.0,0.0,0.0
2023-07-22 00:00:00,0.0,0.0,0.0
2023-07-22 01:00:00,0.0,0.0,0.0
2023-07-22 02:00:00,0.0,0.0,0.0
2023-07-22 03:00:00,0.0016180292199324,0.0040709150054065,0.0
2023-07-22 04:00:00,0.0300345617142345,0.0336068206683669,0.0161401367517059
2023-07-22 05:00:00,0.1612220468637028,0.1764326430865894,0.0620301627514967
2023-07-22 06:00:00,0.3252981197691805,0.3253248626351472,0.1470994423326063
2023-07-22 07:00:00,0.4881124398776861,0.504826286537859,0.2646152925532133
2023-07-22 08:00:00,0.5985351154954477,0.6178368436629135,0.4980936924559808
2023-07-22 09:00:00,0.672628430775438,0.6839518295669831,0.5186487482452156
2023-07-22 10:00:00,0.7068478658478072,0.6848662120843675,0.5637656172134332
2023-07-22 11:00:00,0.6960703887841088,0.6927450530993792,0.6570502485317907
2023-07-22 12:00:00,0.6402038466551713,0.6453753152847231,0.5901533529766088
2023-07-22 13:00:00,0.5525595308123952,0.511076993152948,0.4984790427282609
2023-07-22 14:00:00,0.3893677098163136,0.3028401454033749,0.3497856185311704
2023-07-22 15:00:00,0.2465043337518662,0.1041275802195761,0.2916111770037429
2023-07-22 16:00:00,0.1057745607236198,0.0467510865316448,0.1820039415232407
2023-07-22 17:00:00,0.0185030536965858,0.0103238391582391,0.0507024619961365
2023-07-22 18:00:00,0.0,0.0,0.0056734918480955
2023-07-22 19:00:00,0.0,0.0,0.0
2023-07-22 20:00:00,0.0,0.0,0.0
2023-07-22 21:00:00,0.0,0.0,0.0
2023-07-22 22:00:00,0.0,0.0,0.0
2023-07-22 23:00:00,0.0,0.0,0.0
2023-07-23 00:00:00,0.0,0.0,0.0
2023-07-23 01:00:00,0.0,0.0,0.0
2023-07-23 02:00:00,0.0,0.0,0.0
2023-07-23 03:00:00,0.0005552123097639,0.0030888190941727,0.0
2023-07-23 04:00:00,0.0293113498857349,0.031863832281918,0.0108546310799455
2023-07-23 05:00:00,0.0925154704164458,0.1367215049684864,0.0673319576017847
2023-07-23 06:00:00,0.2307752821548221,0.2985378106988844,0.2027736271887127
2023-07-23 07:00:00,0.3472739859923517,0.3866128463768172,0.3887775171498319
2023-07-23 08:00:00,0.5218593394067855,0.4763610484591342,0.4694159712088737
2023-07-23 09:00:00,0.6367864761812512,0.4920284667404869,0.5900310139261433
2023-07-23 10:00:00,0.678186603872526,0.5658524891192507,0.5990937614190854
2023-07-23 11:00:00,0.6444577957650269,0.5477220892235114,0.542489712585602
2023-07-23 12:00:00,0.5834128348202636,0.5293403043015654,0.6170049322649681
2023-07-23 13:00:00,0.4745585618883675,0.4720472550179714,0.5217619785298719
2023-07-23 14:00:00,0.3268298811870583,0.3693620579598299,0.4073769178500783
2023-07-23 15:00:00,0.2287452306730755,0.2154278028961182,0.2632333316036624
2023-07-23 16:00:00,0.0844287447075821,0.0947587391542652,0.1460795470399727
2023-07-23 17:00:00,0.015576847555107,0.0254908510838751,0.05538855675735
2023-07-23 18:00:00,0.0,0.0,0.00888334886607
2023-07-23 19:00:00,0.0,0.0,0.0
2023-07-23 20:00:00,0.0,0.0,0.0
2023-07-23 21:00:00,0.0,0.0,0.0
2023-07-23 22:00:00,0.0,0.0,0.0
2023-07-23 23:00:00,0.0,0.0,0.0
2023-07-24 00:00:00,0.0,0.0,0.0
2023-07-24 01:00:00,0.0,0.0,0.0
2023-07-24 02:00:00,0.0,0.0,0.0
2023-07-24 03:00:00,0.0,0.0037283734578153,0.0
2023-07-24 04:00:00,0.0291168032555624,0.0321979239163288,0.0143819734015659
2023-07-24 05:00:00,0.1595036544200614,0.1738540947650043,0.0743048031482555
2023-07-24 06:00:00,0.3333385469080488,0.3464857926179778,0.2286494077641327
2023-07-24 07:00:00,0.4891669174179382,0.5046708127553693,0.3861406152622295
2023-07-24 08:00:00,0.604379380238911,0.6143654880825077,0.4763921948153351
2023-07-24 09:00:00,0.6519264216927008,0.6573551619242856,0.5488807000119336
2023-07-24 10:00:00,0.7119360868064566,0.6359729657696356,0.5610521110101233
2023-07-24 11:00:00,0.5754747290872366,0.5292726052438588,0.5693621384237622
2023-07-24 12:00:00,0.4193989031367292,0.4931480169091116,0.4837886777832604
2023-07-24 13:00:00,0.4393424335777185,0.4337063401890343,0.4466625720656393
2023-07-24 14:00:00,0.3492603881339025,0.266431038133893,0.3849101310949084
2023-07-24 15:00:00,0.2640846707078187,0.1847217790229144,0.3010434538549055
2023-07-24 16:00:00,0.1030712559697668,0.096490205157337,0.1914934618164325
2023-07-24 17:00:00,0.0179624071291875,0.0177193594691847,0.0573724570826804
2023-07-24 18:00:00,0.0,0.0,0.0100669622880325
2023-07-24 19:00:00,0.0,0.0,0.0
2023-07-24 20:00:00,0.0,0.0,0.0
2023-07-24 21:00:00,0.0,0.0,0.0
2023-07-24 22:00:00,0.0,0.0,0.0
2023-07-24 23:00:00,0.0,0.0,0.0
2023-07-25 00:00:00,0.0,0.0,0.0
2023-07-25 01:00:00,0.0,0.0,0.0
2023-07-25 02:00:00,0.0,0.0,0.0
2023-07-25 03:00:00,0.0,0.0032570535051022,0.0
2023-07-25 04:00:00,0.0286139513054675,0.0306283544949091,0.0128908952359166
2023-07-25 05:00:00,0.151569113469372,0.1699268600376924,0.0685841148764531
2023-07-25 06:00:00,0.3112201011878539,0.3391137304493417,0.1891708694792505
2023-07-25 07:00:00,0.4746147657780916,0.4928185285477572,0.3390066083210322
2023-07-25 08:00:00,0.5857956959906286,0.5980041482194419,0.1931549048801347
2023-07-25 09:00:00,0.6625774240937157,0.6740404152728168,0.294575074308318
2023-07-25 10:00:00,0.6847221904208672,0.7118324262072134,0.618886520329165
2023-07-25 11:00:00,0.6865246427733601,0.6527054801288122,0.6282375208487635
2023-07-25 12:00:00,0.5572199197624597,0.560427637073961,0.6228584282583985
2023-07-25 13:00:00,0.533521576270338,0.4814958817393476,0.5441439110490501
2023-07-25 14:00:00,0.3926743476098128,0.3509931260236231,0.4196256541253077
2023-07-25 15:00:00,0.2519130297905289,0.2106524345352894,0.319735563593493
2023-07-25 16:00:00,0.1047106069850051,0.0775456142755739,0.1734288779873753
2023-07-25 17:00:00,0.0181388957259479,0.0155085606675912,0.0633842659497471
2023-07-25 18:00:00,0.0,0.0,0.0115470970610384
2023-07-25 19:00:00,0.0,0.0,0.0
2023-07-25 20:00:00,0.0,0.0,0.0
2023-07-25 21:00:00,0.0,0.0,0.0
2023-07-25 22:00:00,0.0,0.0,0.0
2023-07-25 23:00:00,0.0,0.0,0.0
2023-07-26 00:00:00,0.0,0.0,0.0
2023-07-26 01:00:00,0.0,0.0,0.0
2023-07-26 02:00:00,0.0,0.0,0.0
2023-07-26 03:00:00,0.0,0.0030867707623164,0.0
2023-07-26 04:00:00,0.0269687382243235,0.0304694793205012,0.0022346309166246
2023-07-26 05:00:00,0.1536060112097879,0.1595119877623799,0.0126676838059469
2023-07-26 06:00:00,0.3219478719164939,0.3318678987923595,0.0412041287319388
2023-07-26 07:00:00,0.4655919080411878,0.4745400346357374,0.1584020099615389
2023-07-26 08:00:00,0.5847701216557512,0.5911651977393422,0.1712754207816803
2023-07-26 09:00:00,0.6626572684701844,0.6653475003684114,0.1788885535797326
2023-07-26 10:00:00,0.689593447980368,0.687148675766411,0.1377312339146434
2023-07-26 11:00:00,0.682964684447925,0.6775833175484941,0.1475439965677573
2023-07-26 12:00:00,0.6352737162175358,0.626685896669032,0.2124001433868831
2023-07-26 13:00:00,0.5464762976028018,0.5352198433127884,0.1605179438063349
2023-07-26 14:00:00,0.4222019194816396,0.4083325587407732,0.0706015241474855
2023-07-26 15:00:00,0.2642044769222821,0.2514856538032712,0.0883518965631521
2023-07-26 16:00:00,0.1045269968840166,0.0938407145913554,0.0286528960262845
2023-07-26 17:00:00,0.0169645355320291,0.0160517656483574,0.0375250338665649
2023-07-26 18:00:00,0.0,0.0,0.0048418220121251
2023-07-26 19:00:00,0.0,0.0,0.0
2023-07-26 20:00:00,0.0,0.0,0.0
2023-07-26 21:00:00,0.0,0.0,0.0
2023-07-26 22:00:00,0.0,0.0,0.0
2023-07-26 23:00:00,0.0,0.0,0.0
2023-07-27 00:00:00,0.0,0.0,0.0
2023-07-27 01:00:00,0.0,0.0,0.0
2023-07-27 02:00:00,0.0,0.0,0.0
2023-07-27 03:00:00,0.0,0.0025393837550618,0.0
2023-07-27 04:00:00,0.0267168768601542,0.029277273158129,0.0017186002624198
2023-07-27 05:00:00,0.1561482112417598,0.1647399031182651,0.0445742467941483
2023-07-27 06:00:00,0.3281933136132906,0.332991324122455,0.1376307788372391
2023-07-27 07:00:00,0.4204985953213556,0.4838424802754321,0.2704134446440684
2023-07-27 08:00:00,0.4972037837866862,0.5786151829553677,0.2086511601147407
2023-07-27 09:00:00,0.6369397608020699,0.6349292007822351,0.2929572989471002
2023-07-27 10:00:00,0.669469270932054,0.6281837290619382,0.1898128637735616
2023-07-27 11:00:00,0.6501431572423586,0.6142542664568782,0.3210835479055621
2023-07-27 12:00:00,0.5054256056298767,0.5709924510808646,0.273830273883283
2023-07-27 13:00:00,0.3187977069067003,0.5142572246332318,0.3225410309436597
2023-07-27 14:00:00,0.1990926045903171,0.3424928848168642,0.356535369150069
2023-07-27 15:00:00,0.1706055970225113,0.1853019662061675,0.2533785873748395
2023-07-27 16:00:00,0.0896816339678298,0.0782793136507284,0.16406989529931
2023-07-27 17:00:00,0.0206405229034402,0.0160315241102391,0.0490192584491712
2023-07-27 18:00:00,0.0,0.0,0.0052034771199693
2023-07-27 19:00:00,0.0,0.0,0.0
2023-07-27 20:00:00,0.0,0.0,0.0
2023-07-27 21:00:00,0.0,0.0,0.0
2023-07-27 22:00:00,0.0,0.0,0.0
2023-07-27 23:00:00,0.0,0.0,0.0
2023-07-28 00:00:00,0.0,0.0,0.0
2023-07-28 01:00:00,0.0,0.0,0.0
2023-07-28 02:00:00,0.0,0.0,0.0
2023-07-28 03:00:00,0.0,0.0,0.0
2023-07-28 04:00:00,0.002965421800608,0.0001167286251574,0.0118866601735613
2023-07-28 05:00:00,0.0278678004224741,0.0184447568871107,0.0743020453649083
2023-07-28 06:00:00,0.059246562805177,0.041287005160985,0.2411496432299016
2023-07-28 07:00:00,0.0284455181197543,0.0965627621495423,0.4087610144797785
2023-07-28 08:00:00,0.0587402509441178,0.1429742599162033,0.5099141926917325
2023-07-28 09:00:00,0.2044870610026316,0.1992684319628288,0.645106517324619
2023-07-28 10:00:00,0.2549118214235381,0.1907752219127297,0.7172767267895994
2023-07-28 11:00:00,0.2113158435394927,0.0981620730408552,0.7072201845052302
2023-07-28 12:00:00,0.2753183077090249,0.1148967052497634,0.565851683505316
2023-07-28 13:00:00,0.3040478768092142,0.0395285296122672,0.4369799439104041
2023-07-28 14:00:00,0.3928388754471391,0.0229816817451501,0.2399652021445266
2023-07-28 15:00:00,0.2404799773714106,0.0192279949522395,0.1556648932695953
2023-07-28 16:00:00,0.1042768752304682,0.0050026411486404,0.0736271833589207
2023-07-28 17:00:00,0.0163907228214972,0.0056624499591636,0.0276335271733313
2023-07-28 18:00:00,0.0,0.0,0.0012079116762836
2023-07-28 19:00:00,0.0,0.0,0.0
2023-07-28 20:00:00,0.0,0.0,0.0
2023-07-28 21:00:00,0.0,0.0,0.0
2023-07-28 22:00:00,0.0,0.0,0.0
2023-07-28 23:00:00,0.0,0.0,0.0
2023-07-29 00:00:00,0.0,0.0,0.0
2023-07-29 01:00:00,0.0,0.0,0.0
2023-07-29 02:00:00,0.0,0.0,0.0
2023-07-29 03:00:00,0.0,0.0021728662059998,0.0
2023-07-29 04:00:00,0.0265667902106865,0.0294578637585827,0.0112184624442925
2023-07-29 05:00:00,0.1525951362932473,0.1707125523880073,0.0693069980347502
2023-07-29 06:00:00,0.3261204059700572,0.3480028485796386,0.174197726794021
2023-07-29 07:00:00,0.4867763943605624,0.4858438682066998,0.2617586368032755
2023-07-29 08:00:00,0.5648086135283442,0.5371716289781456,0.4362219563762162
2023-07-29 09:00:00,0.619129435144184,0.4921207465263836,0.4613555599410678
2023-07-29 10:00:00,0.6695008945500628,0.4772190049447247,0.4653324156400576
2023-07-29 11:00:00,0.6337580199487989,0.4700320511122934,0.4908413751380964
2023-07-29 12:00:00,0.5193407592868561,0.4889596835868972,0.4828413774931169
2023-07-29 13:00:00,0.4601323427181431,0.4217479951037711,0.4197202962779809
2023-07-29 14:00:00,0.3077368216118915,0.2884846169450858,0.3886119189902375
2023-07-29 15:00:00,0.2455141641878439,0.1763910890733404,0.3002693921040875
2023-07-29 16:00:00,0.1005442996223464,0.0652582260213446,0.1544411975600103
2023-07-29 17:00:00,0.0121111576173359,0.0108185660545496,0.0499802260171495
2023-07-29 18:00:00,0.0,0.0,0.0073901502475406
2023-07-29 19:00:00,0.0,0.0,0.0
2023-07-29 20:00:00,0.0,0.0,0.0
2023-07-29 21:00:00,0.0,0.0,0.0
2023-07-29 22:00:00,0.0,0.0,0.0
2023-07-29 23:00:00,0.0,0.0,0.0
2023-07-30 00:00:00,0.0,0.0,0.0
2023-07-30 01:00:00,0.0,0.0,0.0
2023-07-30 02:00:00,0.0,0.0,0.0
2023-07-30 03:00:00,0.0,0.001763105972082,0.0
2023-07-30 04:00:00,0.0277815701100928,0.0285379776987253,0.0078514909100582
2023-07-30 05:00:00,0.1434486665036915,0.1532074777219669,0.0504056530910972
2023-07-30 06:00:00,0.3171212044250062,0.3231084881088383,0.1633351118202761
2023-07-30 07:00:00,0.4571600082291493,0.4930135939422628,0.2764815021709425
2023-07-30 08:00:00,0.5847241638316701,0.5750789588062704,0.4211735251290832
2023-07-30 09:00:00,0.6686843216389805,0.5727558151254017,0.4521940791350075
2023-07-30 10:00:00,0.7043412070508221,0.6192587033407392,0.5100410271899622
2023-07-30 11:00:00,0.6674543098161154,0.5958868177195645,0.5144597284999534
2023-07-30 12:00:00,0.6058262064105953,0.5209925914396986,0.4423824401756231
2023-07-30 13:00:00,0.5239684205472658,0.4721450172797988,0.3520818761315453
2023-07-30 14:00:00,0.4122076023577881,0.353365770759091,0.2202758320903138
2023-07-30 15:00:00,0.2332175524552504,0.244211766110344,0.1210728020259825
2023-07-30 16:00:00,0.0906907198715501,0.0835894979193202,0.0461875027584469
2023-07-30 17:00:00,0.0151509393995505,0.0150671499069961,0.0335381628207383
2023-07-30 18:00:00,0.0,0.0,0.0050394651422992
2023-07-30 19:00:00,0.0,0.0,0.0
2023-07-30 20:00:00,0.0,0.0,0.0
2023-07-30 21:00:00,0.0,0.0,0.0
2023-07-30 22:00:00,0.0,0.0,0.0
2023-07-30 23:00:00,0.0,0.0,0.0
2023-07-31 00:00:00,0.0,0.0,0.0
2023-07-31 01:00:00,0.0,0.0,0.0
2023-07-31 02:00:00,0.0,0.0,0.0
2023-07-31 03:00:00,0.0,0.0018270074070395,0.0
2023-07-31 04:00:00,0.0271126689010998,0.0337379349831807,0.0055672928354669
2023-07-31 05:00:00,0.1471671253871588,0.1550431312869611,0.0340979634949137
2023-07-31 06:00:00,0.3228073237303014,0.305071844401462,0.0991855106114663
2023-07-31 07:00:00,0.4754618078282298,0.4537664648535461,0.346733287382903
2023-07-31 08:00:00,0.5955531326241325,0.5410006633483226,0.4457473396624808
2023-07-31 09:00:00,0.6809054874583501,0.6499713616128152,0.4459366600893764
2023-07-31 10:00:00,0.6940375849799603,0.6786460073850197,0.4686295504783073
2023-07-31 11:00:00,0.6310728241028738,0.6808568808884511,0.4807788776127754
2023-07-31 12:00:00,0.5998038891895395,0.6097058772110882,0.5906406429871229
2023-07-31 13:00:00,0.5314560443332793,0.4437576754415311,0.4583464051711562
2023-07-31 14:00:00,0.3797748286677102,0.3590737802393757,0.3887644413298116
2023-07-31 15:00:00,0.2175946781448305,0.2136047290188248,0.2807082450532763
2023-07-31 16:00:00,0.0888581117066899,0.0743548538454342,0.1333571397181533
2023-07-31 17:00:00,0.0108328458198485,0.0092999652274411,0.0377028523324868
2023-07-31 18:00:00,0.0,0.0,0.0039918580745805
2023-07-31 19:00:00,0.0,0.0,0.0
2023-07-31 20:00:00,0.0,0.0,0.0
2023-07-31 21:00:00,0.0,0.0,0.0
2023-07-31 22:00:00,0.0,0.0,0.0
2023-07-31 23:00:00,0.0,0.0,0.0
2023-08-01 00:00:00,0.0,0.0,0.0
2023-08-01 01:00:00,0.0,0.0,0.0
2023-08-01 02:00:00,0.0,0.0,0.0
2023-08-01 03:00:00,0.0,0.0013051769378077,0.0
2023-08-01 04:00:00,0.023147047682464,0.0286763987424206,0.0088773123190107
2023-08-01 05:00:00,0.1214322288988506,0.146043412917024,0.0696278274522667
2023-08-01 06:00:00,0.2750993796834757,0.3317329607785603,0.2163373461047735
2023-08-01 07:00:00,0.4060555966448155,0.4612253748641837,0.3861282380329372
2023-08-01 08:00:00,0.4533376708296888,0.5005895414436744,0.490972321772431
2023-08-01 09:00:00,0.5945288796380639,0.6130535755605554,0.5462820246013449
2023-08-01 10:00:00,0.5741258484204724,0.6497295575080414,0.6388705290231464
2023-08-01 11:00:00,0.5948283186318493,0.6072838896198381,0.6018889964259326
2023-08-01 12:00:00,0.5893689245926328,0.5764063044596924,0.5769629451795286
2023-08-01 13:00:00,0.4972661730034975,0.3504425716266281,0.5169035295390468
2023-08-01 14:00:00,0.3986117237927658,0.3110494019377415,0.4291824961609168
2023-08-01 15:00:00,0.2244267603594775,0.1806941924772182,0.2375530676036668
2023-08-01 16:00:00,0.0730976560742768,0.0731899218904937,0.149053967643127
2023-08-01 17:00:00,0.0125308639735576,0.0113621441737206,0.0424593125204518
2023-08-01 18:00:00,0.0,0.0,0.005031638575509
2023-08-01 19:00:00,0.0,0.0,0.0
2023-08-01 20:00:00,0.0,0.0,0.0
2023-08-01 21:00:00,0.0,0.0,0.0
2023-08-01 22:00:00,0.0,0.0,0.0
2023-08-01 23:00:00,0.0,0.0,0.0
2023-08-02 00:00:00,0.0,0.0,0.0
2023-08-02 01:00:00,0.0,0.0,0.0
2023-08-02 02:00:00,0.0,0.0,0.0
2023-08-02 03:00:00,0.0,0.0008611108913972,0.0
2023-08-02 04:00:00,0.0240866803324003,0.0263748872927185,0.0057602742374203
2023-08-02 05:00:00,0.1459969618022115,0.1534073885867403,0.0329656195515751
2023-08-02 06:00:00,0.3139524960980817,0.3202472056607623,0.0462161356504364
2023-08-02 07:00:00,0.4736819479332156,0.4762327913605275,0.0312847813664443
2023-08-02 08:00:00,0.5891856382023044,0.5849715737847244,0.0940962928673291
2023-08-02 09:00:00,0.6716075778547308,0.6664344607463674,0.2588635809961678
2023-08-02 10:00:00,0.6990330313030101,0.6851155094060823,0.352782005183571
2023-08-02 11:00:00,0.6815363743990397,0.6572227930418933,0.4350121027504509
2023-08-02 12:00:00,0.6068264536809233,0.5143844476110456,0.518901296949364
2023-08-02 13:00:00,0.4962641721954144,0.4421214961804329,0.5240112560248329
2023-08-02 14:00:00,0.369813552131107,0.3051889438179904,0.4313048629517914
2023-08-02 15:00:00,0.2052633659600321,0.1837013392826958,0.2747171670473098
2023-08-02 16:00:00,0.0718805490451779,0.0580352373563831,0.1535729847759497
2023-08-02 17:00:00,0.0182341624055235,0.0132001097625776,0.0375213275152395
2023-08-02 18:00:00,0.0,0.0,0.0036852581029999
2023-08-02 19:00:00,0.0,0.0,0.0
2023-08-02 20:00:00,0.0,0.0,0.0
2023-08-02 21:00:00,0.0,0.0,0.0
2023-08-02 22:00:00,0.0,0.0,0.0
2023-08-02 23:00:00,0.0,0.0,0.0
2023-08-03 00:00:00,0.0,0.0,0.0
2023-08-03 01:00:00,0.0,0.0,0.0
2023-08-03 02:00:00,0.0,0.0,0.0
2023-08-03 03:00:00,0.0,0.0,0.0
2023-08-03 04:00:00,0.0199152527608611,0.0258634995150117,0.0075557800036751
2023-08-03 05:00:00,0.1132298156677943,0.1558601350376951,0.0653701658041861
2023-08-03 06:00:00,0.1812758075872077,0.3152334098601661,0.2255787843374134
2023-08-03 07:00:00,0.411501433970057,0.4800004274094527,0.3952827519955014
2023-08-03 08:00:00,0.4522125502312923,0.5728400803752196,0.5283201401736022
2023-08-03 09:00:00,0.5304932690651876,0.6416054724076823,0.6360266565086302
2023-08-03 10:00:00,0.5678781654819827,0.6485747269881584,0.6899594545670334
2023-08-03 11:00:00,0.6074341116206258,0.5294913717034996,0.7026853584320706
2023-08-03 12:00:00,0.587762977891217,0.5154870338047832,0.6782082713595547
2023-08-03 13:00:00,0.5179109442383778,0.4168014711028921,0.6125979781119729
2023-08-03 14:00:00,0.4227600095596281,0.3456957447416976,0.4844750971153048
2023-08-03 15:00:00,0.254437011640498,0.2059796793705428,0.3095744998597005
2023-08-03 16:00:00,0.0986081710740963,0.0772425145667212,0.1626325618143438
2023-08-03 17:00:00,0.0127420805469992,0.0098345993382924,0.0464177253566002
2023-08-03 18:00:00,0.0,0.0,0.0037207475503142
2023-08-03 19:00:00,0.0,0.0,0.0
2023-08-03 20:00:00,0.0,0.0,0.0
2023-08-03 21:00:00,0.0,0.0,0.0
2023-08-03 22:00:00,0.0,0.0,0.0
2023-08-03 23:00:00,0.0,0.0,0.0
2023-08-04 00:00:00,0.0,0.0,0.0
2023-08-04 01:00:00,0.0,0.0,0.0
2023-08-04 02:00:00,0.0,0.0,0.0
2023-08-04 03:00:00,0.0,0.0,0.0
2023-08-04 04:00:00,0.0287155481053566,0.0256111756120118,0.0050217465523862
2023-08-04 05:00:00,0.1128333753451498,0.156362408671676,0.0576010131193074
2023-08-04 06:00:00,0.2601803824064821,0.3256787400931078,0.1908275938547953
2023-08-04 07:00:00,0.4470174726431129,0.4811598822588251,0.3558042605130124
2023-08-04 08:00:00,0.5692550766825669,0.5908196825165084,0.4636875062631095
2023-08-04 09:00:00,0.6638843158288652,0.6674812532914867,0.5779998984117282
2023-08-04 10:00:00,0.6945889388366211,0.6812411775400063,0.493160771796566
2023-08-04 11:00:00,0.6833566175290344,0.6101960489233277,0.5620242172600413
2023-08-04 12:00:00,0.6298665883534039,0.5249624569263565,0.5424391578633028
2023-08-04 13:00:00,0.5382131023102639,0.3560473768863645,0.5472698539409249
2023-08-04 14:00:00,0.409530856001829,0.2758289319359446,0.430667519527671
2023-08-04 15:00:00,0.2422038359771378,0.1642583990135076,0.30278267799095
2023-08-04 16:00:00,0.0930448892552972,0.0733493315816381,0.1574399323605364
2023-08-04 17:00:00,0.0116086078055671,0.0113306597830592,0.0392350358879356
2023-08-04 18:00:00,0.0,0.0,0.0021425615814783
2023-08-04 19:00:00,0.0,0.0,0.0
2023-08-04 20:00:00,0.0,0.0,0.0
2023-08-04 21:00:00,0.0,0.0,0.0
2023-08-04 22:00:00,0.0,0.0,0.0
2023-08-04 23:00:00,0.0,0.0,0.0
2023-08-05 00:00:00,0.0,0.0,0.0
2023-08-05 01:00:00,0.0,0.0,0.0
2023-08-05 02:00:00,0.0,0.0,0.0
2023-08-05 03:00:00,0.0,0.0,0.0
2023-08-05 04:00:00,0.022064478172111,0.0249783330543797,0.0059464187884482
2023-08-05 05:00:00,0.1431980231794328,0.1549913987919079,0.0610938656140635
2023-08-05 06:00:00,0.3120142773624652,0.3240868220120878,0.2140122048823548
2023-08-05 07:00:00,0.4670471571041383,0.4789484903960114,0.3758143493905136
2023-08-05 08:00:00,0.5785863390636826,0.5829032475370689,0.5060430368234106
2023-08-05 09:00:00,0.6557897257406377,0.6590520811060718,0.5904100173538327
2023-08-05 10:00:00,0.6859066020646163,0.685132872649357,0.6340805381490077
2023-08-05 11:00:00,0.6827588414307135,0.6724325823426881,0.6716126584970316
2023-08-05 12:00:00,0.6372245680083403,0.620751876142867,0.6341920187565356
2023-08-05 13:00:00,0.5488293736651839,0.5244196118733829,0.5459654093758909
2023-08-05 14:00:00,0.4211718896294055,0.3961691416355268,0.4589446508857916
2023-08-05 15:00:00,0.2594104611017132,0.2378467659863411,0.3167686184716513
2023-08-05 16:00:00,0.0951282471439648,0.0816309719218297,0.1832450949529779
2023-08-05 17:00:00,0.0109096472023865,0.0096826532641439,0.0440482000340133
2023-08-05 18:00:00,0.0,0.0,0.0032989592222046
2023-08-05 19:00:00,0.0,0.0,0.0
2023-08-05 20:00:00,0.0,0.0,0.0
2023-08-05 21:00:00,0.0,0.0,0.0
2023-08-05 22:00:00,0.0,0.0,0.0
2023-08-05 23:00:00,0.0,0.0,0.0
2023-08-06 00:00:00,0.0,0.0,0.0
2023-08-06 01:00:00,0.0,0.0,0.0
2023-08-06 02:00:00,0.0,0.0,0.0
2023-08-06 03:00:00,0.0,0.0,0.0
2023-08-06 04:00:00,0.0210674896512228,0.0237705307097092,0.0060395359608153
2023-08-06 05:00:00,0.1432262295062468,0.1563325427426332,0.0622228329471671
2023-08-06 06:00:00,0.3145191512278266,0.3265606227745103,0.2222754878645881
2023-08-06 07:00:00,0.4712273518318194,0.4811029015597416,0.3652875531164965
2023-08-06 08:00:00,0.5794081302147924,0.5846885076650895,0.4972572285067774
2023-08-06 09:00:00,0.6555160265602054,0.6595367682073936,0.5793138030120749
2023-08-06 10:00:00,0.6859333619048246,0.6875660265322406,0.6281099644267498
2023-08-06 11:00:00,0.6777867137549145,0.6787115641655994,0.6352401306667331
2023-08-06 12:00:00,0.627602489294816,0.6274384946309868,0.646359692200369
2023-08-06 13:00:00,0.5349633751312944,0.5335967549784916,0.5289948796539619
2023-08-06 14:00:00,0.4065477535560101,0.4021713566261241,0.261958733881007
2023-08-06 15:00:00,0.2472249809908613,0.2395559750773218,0.11718300564513
2023-08-06 16:00:00,0.0895198647266323,0.0807443207084293,0.0607649635654458
2023-08-06 17:00:00,0.0097786594944734,0.00894753602957,0.0157933674673952
2023-08-06 18:00:00,0.0,0.0,0.000612405150464
2023-08-06 19:00:00,0.0,0.0,0.0
2023-08-06 20:00:00,0.0,0.0,0.0
2023-08-06 21:00:00,0.0,0.0,0.0
2023-08-06 22:00:00,0.0,0.0,0.0
2023-08-06 23:00:00,0.0,0.0,0.0
2023-08-07 00:00:00,0.0,0.0,0.0
2023-08-07 01:00:00,0.0,0.0,0.0
2023-08-07 02:00:00,0.0,0.0,0.0
2023-08-07 03:00:00,0.0,0.0,0.0
2023-08-07 04:00:00,0.0178756630729234,0.0214330767847373,0.000135901275762
2023-08-07 05:00:00,0.125135290197293,0.1434282263402861,0.0192489878071378
2023-08-07 06:00:00,0.2798692559442748,0.2664552298429914,0.0717800344920948
2023-08-07 07:00:00,0.4620383420685618,0.3672875089356611,0.0808044217224372
2023-08-07 08:00:00,0.5860228797245357,0.4985612162746254,0.0805177209255394
2023-08-07 09:00:00,0.6697381742796219,0.5772078711780766,0.1850258836130016
2023-08-07 10:00:00,0.6985435052630805,0.663372481804387,0.2954835779837758
2023-08-07 11:00:00,0.694887296453716,0.6437898857329513,0.5287191836405681
2023-08-07 12:00:00,0.6450221461610516,0.5947560289462197,0.6009047471129102
2023-08-07 13:00:00,0.5529934159141405,0.4990608275663354,0.432635529967882
2023-08-07 14:00:00,0.421877583008697,0.4097173948153518,0.3609403712324152
2023-08-07 15:00:00,0.259694726536041,0.2378674812303095,0.2978120235605996
2023-08-07 16:00:00,0.0941890614370382,0.0792192543886627,0.1470418209079105
2023-08-07 17:00:00,0.00993547063507,0.0087352180426395,0.0431771405216125
2023-08-07 18:00:00,0.0,0.0,0.0028518364390945
2023-08-07 19:00:00,0.0,0.0,0.0
2023-08-07 20:00:00,0.0,0.0,0.0
2023-08-07 21:00:00,0.0,0.0,0.0
2023-08-07 22:00:00,0.0,0.0,0.0
2023-08-07 23:00:00,0.0,0.0,0.0
2023-08-08 00:00:00,0.0,0.0,0.0
2023-08-08 01:00:00,0.0,0.0,0.0
2023-08-08 02:00:00,0.0,0.0,0.0
2023-08-08 03:00:00,0.0,0.0,0.0
2023-08-08 04:00:00,0.0195797009165055,0.0237343752112145,0.0044187765658433
2023-08-08 05:00:00,0.1425953742198464,0.140421372949016,0.0413849272446827
2023-08-08 06:00:00,0.3166203385445789,0.2979406465221174,0.1617840002843063
2023-08-08 07:00:00,0.4800904131311981,0.4811808588588877,0.2431080160798988
2023-08-08 08:00:00,0.5935671947201873,0.5865894855381275,0.3306624443849128
2023-08-08 09:00:00,0.6356802234127247,0.6416442701874213,0.3518623117179179
2023-08-08 10:00:00,0.669529658987327,0.6127016899042899,0.4351396486106008
2023-08-08 11:00:00,0.6557061348736478,0.518340006597138,0.4471419808977563
2023-08-08 12:00:00,0.603206427708618,0.434516076484463,0.4977431283775772
2023-08-08 13:00:00,0.4966557579296335,0.3686332700811841,0.4310211200640779
2023-08-08 14:00:00,0.3513032835141952,0.2898961551128096,0.409503669489425
2023-08-08 15:00:00,0.1900785078901266,0.1386676171412428,0.1762144080411365
2023-08-08 16:00:00,0.0713424679328679,0.0577395229149572,0.0917858314333699
2023-08-08 17:00:00,0.0074957714509685,0.0038121541037148,0.0424016524258077
2023-08-08 18:00:00,0.0,0.0,0.0026469649863675
2023-08-08 19:00:00,0.0,0.0,0.0
2023-08-08 20:00:00,0.0,0.0,0.0
2023-08-08 21:00:00,0.0,0.0,0.0
2023-08-08 22:00:00,0.0,0.0,0.0
2023-08-08 23:00:00,0.0,0.0,0.0
2023-08-09 00:00:00,0.0,0.0,0.0
2023-08-09 01:00:00,0.0,0.0,0.0
2023-08-09 02:00:00,0.0,0.0,0.0
2023-08-09 03:00:00,0.0,0.0,0.0
2023-08-09 04:00:00,0.0207175576693709,0.025604730501703,0.005454012127182
2023-08-09 05:00:00,0.1458758102945431,0.160062582471354,0.0628372375597161
2023-08-09 06:00:00,0.3253614828361881,0.3300581738824346,0.2183653403015347
2023-08-09 07:00:00,0.4924279042036241,0.3859211929296172,0.412382619116765
2023-08-09 08:00:00,0.6155162010116708,0.5025795890018282,0.5355122626529988
2023-08-09 09:00:00,0.7005962251736049,0.5023119970496344,0.6510748363980222
2023-08-09 10:00:00,0.7299014635323743,0.5218797787372608,0.620945484670722
2023-08-09 11:00:00,0.722529582957402,0.5437717606139058,0.5381562836544428
2023-08-09 12:00:00,0.6681551486197915,0.477885669029124,0.3635909425933845
2023-08-09 13:00:00,0.5737448035177619,0.3936631417335786,0.2795940316092265
2023-08-09 14:00:00,0.4360046602360814,0.3184774570649494,0.2703964040434822
2023-08-09 15:00:00,0.2646724697974001,0.2021071301739333,0.2083636106149029
2023-08-09 16:00:00,0.093599464438226,0.0628446033961285,0.112058894493351
2023-08-09 17:00:00,0.0087131272792137,0.0075752209892184,0.0326563377965144
2023-08-09 18:00:00,0.0,0.0,0.0009972049124148
2023-08-09 19:00:00,0.0,0.0,0.0
2023-08-09 20:00:00,0.0,0.0,0.0
2023-08-09 21:00:00,0.0,0.0,0.0
2023-08-09 22:00:00,0.0,0.0,0.0
2023-08-09 23:00:00,0.0,0.0,0.0
2023-08-10 00:00:00,0.0,0.0,0.0
2023-08-10 01:00:00,0.0,0.0,0.0
2023-08-10 02:00:00,0.0,0.0,0.0
2023-08-10 03:00:00,0.0,0.0,0.0
2023-08-10 04:00:00,0.0182066134165782,0.0229861494759849,0.0056203567053383
2023-08-10 05:00:00,0.0948009268856589,0.1556287130122925,0.056246762609543
2023-08-10 06:00:00,0.2091265539123813,0.3163410085247429,0.1678743124922348
2023-08-10 07:00:00,0.4433825225988378,0.4346282958237236,0.3253692348855566
2023-08-10 08:00:00,0.5308855655230482,0.562531483129255,0.3980472111624599
2023-08-10 09:00:00,0.5362012611221827,0.6402126587127963,0.4769975366074246
2023-08-10 10:00:00,0.5764072405183568,0.5629818566199736,0.4961740186134399
2023-08-10 11:00:00,0.5326424118277817,0.377409456608815,0.5530765813714447
2023-08-10 12:00:00,0.3864567351252952,0.2142719318005307,0.5601198128135391
2023-08-10 13:00:00,0.4136645518215557,0.2712990318099926,0.43585383730081
2023-08-10 14:00:00,0.2795941239488034,0.1820959981938978,0.3404372442562661
2023-08-10 15:00:00,0.1842031962640784,0.0487272181174908,0.2053468219458844
2023-08-10 16:00:00,0.0800516514947211,0.0377519968195953,0.0996072059545769
2023-08-10 17:00:00,0.0073708565132771,0.0026875439433485,0.0377545069287724
2023-08-10 18:00:00,0.0,0.0,0.0016458640085611
2023-08-10 19:00:00,0.0,0.0,0.0
2023-08-10 20:00:00,0.0,0.0,0.0
2023-08-10 21:00:00,0.0,0.0,0.0
2023-08-10 22:00:00,0.0,0.0,0.0
2023-08-10 23:00:00,0.0,0.0,0.0
2023-08-11 00:00:00,0.0,0.0,0.0
2023-08-11 01:00:00,0.0,0.0,0.0
2023-08-11 02:00:00,0.0,0.0,0.0
2023-08-11 03:00:00,0.0,0.0,0.0
2023-08-11 04:00:00,0.0112467633517581,0.0030416623024435,0.0026894512518968
2023-08-11 05:00:00,0.0622447373797215,0.0292065313337739,0.0456285410278084
2023-08-11 06:00:00,0.1300375206187685,0.0775226524941831,0.1142963643403586
2023-08-11 07:00:00,0.1785405778835639,0.147191974999758,0.2537551048652609
2023-08-11 08:00:00,0.1094732175759835,0.1354820232877734,0.2946552880653783
2023-08-11 09:00:00,0.1134247812475631,0.0776044159622107,0.4026810314758324
2023-08-11 10:00:00,0.1490272559326907,0.1435939932391759,0.6165134239742991
2023-08-11 11:00:00,0.1276959697084527,0.1713926207462133,0.6110784300698034
2023-08-11 12:00:00,0.1307617025555884,0.1692287187948117,0.4730475773993551
2023-08-11 13:00:00,0.1517717352719083,0.1891843366296573,0.5422500384333401
2023-08-11 14:00:00,0.0856671974470965,0.2164408257734646,0.3240089384409444
2023-08-11 15:00:00,0.0353756973920524,0.1265971923564998,0.310774287489324
2023-08-11 16:00:00,0.0447921564707513,0.0427929483475101,0.1402483788722182
2023-08-11 17:00:00,0.0064596243203534,0.0023517349389633,0.0341117834706796
2023-08-11 18:00:00,0.0,0.0,0.0009686393087777
2023-08-11 19:00:00,0.0,0.0,0.0
2023-08-11 20:00:00,0.0,0.0,0.0
2023-08-11 21:00:00,0.0,0.0,0.0
2023-08-11 22:00:00,0.0,0.0,0.0
2023-08-11 23:00:00,0.0,0.0,0.0
2023-08-12 00:00:00,0.0,0.0,0.0
2023-08-12 01:00:00,0.0,0.0,0.0
2023-08-12 02:00:00,0.0,0.0,0.0
2023-08-12 03:00:00,0.0,0.0,0.0
2023-08-12 04:00:00,0.0165362506079621,0.0126880835934132,0.0036751667723132
2023-08-12 05:00:00,0.0974805619184196,0.051352057571952,0.060030968568033
2023-08-12 06:00:00,0.2218962082752259,0.0859728558674004,0.2248652264106273
2023-08-12 07:00:00,0.4045216159178656,0.1424267462477488,0.4000920939403125
2023-08-12 08:00:00,0.4698888835975934,0.3054898994070327,0.534095975096303
2023-08-12 09:00:00,0.5213556849054253,0.492035429330623,0.6002418645683031
2023-08-12 10:00:00,0.6640440358481361,0.4881461645882948,0.6083729640054154
2023-08-12 11:00:00,0.6426675387705827,0.4872671608367466,0.5793482195103067
2023-08-12 12:00:00,0.6108690751961051,0.5342355157219695,0.4075992167937309
2023-08-12 13:00:00,0.5179254318343205,0.4392050200956816,0.3728273516388898
2023-08-12 14:00:00,0.3715618030037862,0.3591858487860224,0.3134477105943846
2023-08-12 15:00:00,0.2357188280019065,0.2256539271591725,0.2792105099265498
2023-08-12 16:00:00,0.0790727754306451,0.0736597306302694,0.1740257631997959
2023-08-12 17:00:00,0.0068234216524152,0.0056682604770459,0.0372376738019133
2023-08-12 18:00:00,0.0,0.0,0.0
2023-08-12 19:00:00,0.0,0.0,0.0
2023-08-12 20:00:00,0.0,0.0,0.0
2023-08-12 21:00:00,0.0,0.0,0.0
2023-08-12 22:00:00,0.0,0.0,0.0
2023-08-12 23:00:00,0.0,0.0,0.0
2023-08-13 00:00:00,0.0,0.0,0.0
2023-08-13 01:00:00,0.0,0.0,0.0
2023-08-13 02:00:00,0.0,0.0,0.0
2023-08-13 03:00:00,0.0,0.0,0.0
2023-08-13 04:00:00,0.0175798523678552,0.0210495733566368,0.0030883593416377
2023-08-13 05:00:00,0.1400556676422451,0.1539554281693108,0.0558327038059872
2023-08-13 06:00:00,0.3170270229657261,0.3303577144061266,0.2132239730104364
2023-08-13 07:00:00,0.482314427789957,0.4931881015358634,0.394869039618982
2023-08-13 08:00:00,0.6002475367014392,0.6048909307048416,0.5393957745276375
2023-08-13 09:00:00,0.6804036750288409,0.646918201017577,0.6456108566436868
2023-08-13 10:00:00,0.71872282025297,0.6568869899348598,0.6991625126804353
2023-08-13 11:00:00,0.7102162444143908,0.6310108612674542,0.7118159502677269
2023-08-13 12:00:00,0.6496424605798388,0.577067789839362,0.6964295545850163
2023-08-13 13:00:00,0.5623126158644886,0.4653472990022431,0.6158292823301508
2023-08-13 14:00:00,0.4258966808204569,0.3556684637881455,0.4947774211687559
2023-08-13 15:00:00,0.2555189670848866,0.2309527810475086,0.3523151544721274
2023-08-13 16:00:00,0.0861936901180634,0.0695826670145381,0.1807852366528075
2023-08-13 17:00:00,0.0063088694125279,0.0052141128362704,0.0345754232963123
2023-08-13 18:00:00,0.0,0.0,0.0
2023-08-13 19:00:00,0.0,0.0,0.0
2023-08-13 20:00:00,0.0,0.0,0.0
2023-08-13 21:00:00,0.0,0.0,0.0
2023-08-13 22:00:00,0.0,0.0,0.0
2023-08-13 23:00:00,0.0,0.0,0.0
2023-08-14 00:00:00,0.0,0.0,0.0
2023-08-14 01:00:00,0.0,0.0,0.0
2023-08-14 02:00:00,0.0,0.0,0.0
2023-08-14 03:00:00,0.0,0.0,0.0
2023-08-14 04:00:00,0.0170348588290608,0.0202294826953457,0.002860365064988
2023-08-14 05:00:00,0.1415506962486366,0.1514065812653139,0.0566294432388171
2023-08-14 06:00:00,0.3208357708474163,0.3265951558092477,0.2203158830696541
2023-08-14 07:00:00,0.4861289836080084,0.4874270564531064,0.3911057017826335
2023-08-14 08:00:00,0.6012840531107219,0.6009873432047371,0.5330347454673375
2023-08-14 09:00:00,0.6808879113816764,0.6773769598450279,0.6380207128471749
2023-08-14 10:00:00,0.7132178138024601,0.7050781785365399,0.690623804470932
2023-08-14 11:00:00,0.705395567118203,0.693260339221186,0.7078981691640399
2023-08-14 12:00:00,0.6549703404516298,0.637916323651092,0.6815509308183445
2023-08-14 13:00:00,0.5591306100950031,0.5383953499311419,0.6103884514437621
2023-08-14 14:00:00,0.4234344828113269,0.3981222333008461,0.4859222716858334
2023-08-14 15:00:00,0.2539572659037893,0.230242148790342,0.3414955821844777
2023-08-14 16:00:00,0.0846439192464432,0.0703071966093426,0.1738218780231259
2023-08-14 17:00:00,0.0057612827736161,0.0046337573430929,0.0328986119031168
2023-08-14 18:00:00,0.0,0.0,0.0
2023-08-14 19:00:00,0.0,0.0,0.0
2023-08-14 20:00:00,0.0,0.0,0.0
2023-08-14 21:00:00,0.0,0.0,0.0
2023-08-14 22:00:00,0.0,0.0,0.0
2023-08-14 23:00:00,0.0,0.0,0.0
2023-08-15 00:00:00,0.0,0.0,0.0
2023-08-15 01:00:00,0.0,0.0,0.0
2023-08-15 02:00:00,0.0,0.0,0.0
2023-08-15 03:00:00,0.0,0.0,0.0
2023-08-15 04:00:00,0.0161408119855289,0.0194420473666908,0.0026310650591934
2023-08-15 05:00:00,0.1384238832246833,0.1487609862965638,0.0576627324290206
2023-08-15 06:00:00,0.3153904062844715,0.3221015513953845,0.2267130509264508
2023-08-15 07:00:00,0.4769297504020565,0.4812508206506076,0.4004342243110328
2023-08-15 08:00:00,0.5916952338521732,0.5914738287654158,0.540551407139986
2023-08-15 09:00:00,0.6722264087364042,0.6681987513093988,0.6394140297035668
2023-08-15 10:00:00,0.7046783566520132,0.695414560365904,0.6978601852637635
2023-08-15 11:00:00,0.6970605945881596,0.6833913995647528,0.7098339089242871
2023-08-15 12:00:00,0.6486502941100798,0.6278965901430626,0.6804800256396099
2023-08-15 13:00:00,0.5534629149559905,0.5286745468382058,0.599400285465884
2023-08-15 14:00:00,0.4174558450756521,0.3900125358338398,0.476760183122911
2023-08-15 15:00:00,0.2487616068942189,0.2244605341271153,0.3147266004692102
2023-08-15 16:00:00,0.0814513588579786,0.0673176884005362,0.151594889538517
2023-08-15 17:00:00,0.0049854540143026,0.0040260269530918,0.0390895935529703
2023-08-15 18:00:00,0.0,0.0,0.0
2023-08-15 19:00:00,0.0,0.0,0.0
2023-08-15 20:00:00,0.0,0.0,0.0
2023-08-15 21:00:00,0.0,0.0,0.0
2023-08-15 22:00:00,0.0,0.0,0.0
2023-08-15 23:00:00,0.0,0.0,0.0
2023-08-16 00:00:00,0.0,0.0,0.0
2023-08-16 01:00:00,0.0,0.0,0.0
2023-08-16 02:00:00,0.0,0.0,0.0
2023-08-16 03:00:00,0.0,0.0,0.0
2023-08-16 04:00:00,0.0150793468107801,0.0185085935742156,0.002243253841207
2023-08-16 05:00:00,0.1354597437158006,0.1450706389836876,0.0445911297043483
2023-08-16 06:00:00,0.3106800710884023,0.3158854589968909,0.1200218465184737
2023-08-16 07:00:00,0.4700671678986624,0.4717212169110326,0.2223238632797351
2023-08-16 08:00:00,0.5859492540096826,0.5830853007753168,0.2840251676776529
2023-08-16 09:00:00,0.6651775398424019,0.6604829844265896,0.3563155779843165
2023-08-16 10:00:00,0.6969632721672382,0.6844125122736981,0.4069224325621565
2023-08-16 11:00:00,0.6892653146628297,0.6768090212301515,0.4573886586013464
2023-08-16 12:00:00,0.6374313719980342,0.6211337864378065,0.4059216951621878
2023-08-16 13:00:00,0.542472150208256,0.5238388893328438,0.361632523622143
2023-08-16 14:00:00,0.4080085636006086,0.3823123505979784,0.2365146849576627
2023-08-16 15:00:00,0.2404258922951372,0.2222491556261816,0.149434046077351
2023-08-16 16:00:00,0.0772424696115474,0.0646740723258445,0.0775493560810287
2023-08-16 17:00:00,0.0044187150695032,0.0034642387161027,0.0261079625977879
2023-08-16 18:00:00,0.0,0.0,0.0
2023-08-16 19:00:00,0.0,0.0,0.0
2023-08-16 20:00:00,0.0,0.0,0.0
2023-08-16 21:00:00,0.0,0.0,0.0
2023-08-16 22:00:00,0.0,0.0,0.0
2023-08-16 23:00:00,0.0,0.0,0.0
2023-08-17 00:00:00,0.0,0.0,0.0
2023-08-17 01:00:00,0.0,0.0,0.0
2023-08-17 02:00:00,0.0,0.0,0.0
2023-08-17 03:00:00,0.0,0.0,0.0
2023-08-17 04:00:00,0.0144530583208353,0.0182798304406314,0.0014408899932888
2023-08-17 05:00:00,0.1337881375267005,0.1464356269752767,0.0448717013159342
2023-08-17 06:00:00,0.3084359275724957,0.3200047541854262,0.1752645288320349
2023-08-17 07:00:00,0.4695443240589058,0.4757476140532505,0.3359551555801813
2023-08-17 08:00:00,0.5823131875693746,0.5785058456157184,0.421128274513345
2023-08-17 09:00:00,0.6622419706942204,0.659750013528071,0.4412327833562343
2023-08-17 10:00:00,0.694387148970345,0.6849931052399764,0.5164187222318931
2023-08-17 11:00:00,0.6883029949249612,0.6615504394110517,0.4960942948778018
2023-08-17 12:00:00,0.6378376301685009,0.5966429749635286,0.4978366280595925
2023-08-17 13:00:00,0.5208384406466792,0.4850257623094194,0.4350682027399363
2023-08-17 14:00:00,0.4155448253432133,0.3644013656415678,0.3595158776463051
2023-08-17 15:00:00,0.2441135406636564,0.2216711194784641,0.2359903675356822
2023-08-17 16:00:00,0.0750902877530902,0.063881118900653,0.1208433735765442
2023-08-17 17:00:00,0.0039398405042975,0.0031121280140931,0.0266571278393137
2023-08-17 18:00:00,0.0,0.0,0.0
2023-08-17 19:00:00,0.0,0.0,0.0
2023-08-17 20:00:00,0.0,0.0,0.0
2023-08-17 21:00:00,0.0,0.0,0.0
2023-08-17 22:00:00,0.0,0.0,0.0
2023-08-17 23:00:00,0.0,0.0,0.0
2023-08-18 00:00:00,0.0,0.0,0.0
2023-08-18 01:00:00,0.0,0.0,0.0
2023-08-18 02:00:00,0.0,0.0,0.0
2023-08-18 03:00:00,0.0,0.0,0.0
2023-08-18 04:00:00,0.0139935131326392,0.0178431940515901,0.001464978076986
2023-08-18 05:00:00,0.1348519483156189,0.1486461217812147,0.0510452795805763
2023-08-18 06:00:00,0.3116413415242096,0.32512397816557,0.2108299394687794
2023-08-18 07:00:00,0.4739611477708778,0.4848540831407294,0.3804398732702046
2023-08-18 08:00:00,0.5910269594996922,0.5968296329115601,0.5182633029869941
2023-08-18 09:00:00,0.6715609385887835,0.6746097025519625,0.6035057958040436
2023-08-18 10:00:00,0.7050326597426673,0.6928713180278909,0.6510430376316731
2023-08-18 11:00:00,0.6976578167343839,0.6220108638951363,0.5918204541001226
2023-08-18 12:00:00,0.6461544787163268,0.4687482325218743,0.5373715795852934
2023-08-18 13:00:00,0.5494365083950172,0.3609794287615366,0.4165287131493855
2023-08-18 14:00:00,0.4112240228213252,0.2530350188686066,0.3598917009241375
2023-08-18 15:00:00,0.240559466273063,0.1739180568658002,0.2773381483556195
2023-08-18 16:00:00,0.0750484641359306,0.057352017006062,0.1109228529849702
2023-08-18 17:00:00,0.0035425554287403,0.0027601776110283,0.0274955991644658
2023-08-18 18:00:00,0.0,0.0,0.0
2023-08-18 19:00:00,0.0,0.0,0.0
2023-08-18 20:00:00,0.0,0.0,0.0
2023-08-18 21:00:00,0.0,0.0,0.0
2023-08-18 22:00:00,0.0,0.0,0.0
2023-08-18 23:00:00,0.0,0.0,0.0
2023-08-19 00:00:00,0.0,0.0,0.0
2023-08-19 01:00:00,0.0,0.0,0.0
2023-08-19 02:00:00,0.0,0.0,0.0
2023-08-19 03:00:00,0.0,0.0,0.0
2023-08-19 04:00:00,0.0132088148442386,0.0166374293159522,0.0
2023-08-19 05:00:00,0.1316986864905549,0.1433159465678876,0.0447487165747226
2023-08-19 06:00:00,0.3065883705342742,0.3172158645257204,0.1897096301660685
2023-08-19 07:00:00,0.4681579297554121,0.475437923585741,0.3786475794428297
2023-08-19 08:00:00,0.5805939757207419,0.5821669173988079,0.4837390471651513
2023-08-19 09:00:00,0.6599524086706785,0.6582744490338321,0.6149755008041904
2023-08-19 10:00:00,0.6810301153799093,0.6675478109304867,0.6412248104680861
2023-08-19 11:00:00,0.6795963589417656,0.6425014196749191,0.6468405773751457
2023-08-19 12:00:00,0.6226087903423418,0.4635602455849347,0.568720766433609
2023-08-19 13:00:00,0.5336135289081905,0.325900057252962,0.5093628994749438
2023-08-19 14:00:00,0.3962315502499126,0.2945351749081544,0.403143649491425
2023-08-19 15:00:00,0.2282001562403991,0.1495229775150097,0.2352851909143819
2023-08-19 16:00:00,0.0724918134717527,0.055060011688119,0.1013122291663366
2023-08-19 17:00:00,0.0030239224055627,0.0015519238270332,0.0273056666615803
2023-08-19 18:00:00,0.0,0.0,0.0
2023-08-19 19:00:00,0.0,0.0,0.0
2023-08-19 20:00:00,0.0,0.0,0.0
2023-08-19 21:00:00,0.0,0.0,0.0
2023-08-19 22:00:00,0.0,0.0,0.0
2023-08-19 23:00:00,0.0,0.0,0.0
2023-08-20 00:00:00,0.0,0.0,0.0
2023-08-20 01:00:00,0.0,0.0,0.0
2023-08-20 02:00:00,0.0,0.0,0.0
2023-08-20 03:00:00,0.0,0.0,0.0
2023-08-20 04:00:00,0.0124222437415315,0.0154929312895039,0.0
2023-08-20 05:00:00,0.1317840392339222,0.1420758141607257,0.0482264030436754
2023-08-20 06:00:00,0.3076804741778577,0.3172414061187912,0.2047311656606704
2023-08-20 07:00:00,0.4687284756666345,0.4860564014280066,0.3372899927413942
2023-08-20 08:00:00,0.5770588198297076,0.5844772367781633,0.4986320871168745
2023-08-20 09:00:00,0.6613819014650064,0.6531324190976018,0.5831746803824672
2023-08-20 10:00:00,0.6642628405106735,0.6738465668412705,0.6282371698243412
2023-08-20 11:00:00,0.6669653894585806,0.6194422032449098,0.6477139811660201
2023-08-20 12:00:00,0.6098273553257532,0.6078146199777712,0.543226764159907
2023-08-20 13:00:00,0.5161962341277373,0.4541656611936542,0.5098534973753571
2023-08-20 14:00:00,0.3918650680218868,0.2698144114246193,0.3327478701558811
2023-08-20 15:00:00,0.2271783520601481,0.1636597646297398,0.1946466676700856
2023-08-20 16:00:00,0.0671830151163287,0.0500302245250545,0.1221907470752651
2023-08-20 17:00:00,0.0025582700859885,0.001356476740944,0.0213450367248842
2023-08-20 18:00:00,0.0,0.0,0.0
2023-08-20 19:00:00,0.0,0.0,0.0
2023-08-20 20:00:00,0.0,0.0,0.0
2023-08-20 21:00:00,0.0,0.0,0.0
2023-08-20 22:00:00,0.0,0.0,0.0
2023-08-20 23:00:00,0.0,0.0,0.0
2023-08-21 00:00:00,0.0,0.0,0.0
2023-08-21 01:00:00,0.0,0.0,0.0
2023-08-21 02:00:00,0.0,0.0,0.0
2023-08-21 03:00:00,0.0,0.0,0.0
2023-08-21 04:00:00,0.0117504236653885,0.0153671598594751,0.0
2023-08-21 05:00:00,0.1315577813359842,0.1352038129766974,0.0461179285541428
2023-08-21 06:00:00,0.3085454234736116,0.3074890973783005,0.1779000457229651
2023-08-21 07:00:00,0.472449489542726,0.47332169539879,0.3425933964670831
2023-08-21 08:00:00,0.5833971886558422,0.5773662883638782,0.4444971363857519
2023-08-21 09:00:00,0.6622666289514152,0.6489111947411729,0.5246786846501488
2023-08-21 10:00:00,0.679949503322208,0.657445749694902,0.6082049738131038
2023-08-21 11:00:00,0.6634798775044289,0.654985943650975,0.6031768850508408
2023-08-21 12:00:00,0.5680975599535394,0.4864571261179944,0.552142992755129
2023-08-21 13:00:00,0.4638624447753468,0.3329296114782697,0.5200572987786425
2023-08-21 14:00:00,0.3606539022913381,0.2654409114585138,0.4486972191850421
2023-08-21 15:00:00,0.1996560614029296,0.1491214348035317,0.2526869323691983
2023-08-21 16:00:00,0.0594785397153462,0.0494568612583099,0.1405452101065872
2023-08-21 17:00:00,0.0018620633087726,0.0010165702041714,0.0218392295633798
2023-08-21 18:00:00,0.0,0.0,0.0
2023-08-21 19:00:00,0.0,0.0,0.0
2023-08-21 20:00:00,0.0,0.0,0.0
2023-08-21 21:00:00,0.0,0.0,0.0
2023-08-21 22:00:00,0.0,0.0,0.0
2023-08-21 23:00:00,0.0,0.0,0.0
2023-08-22 00:00:00,0.0,0.0,0.0
2023-08-22 01:00:00,0.0,0.0,0.0
2023-08-22 02:00:00,0.0,0.0,0.0
2023-08-22 03:00:00,0.0,0.0,0.0
2023-08-22 04:00:00,0.0103655415912816,0.0145101765963153,0.0
2023-08-22 05:00:00,0.1178821906174453,0.1408819518458891,0.0369898003322838
2023-08-22 06:00:00,0.2943901286411095,0.3084038214099504,0.1603497350034548
2023-08-22 07:00:00,0.4592722112050898,0.4648003182087502,0.31882836071972
2023-08-22 08:00:00,0.5735622207539893,0.5875043078683543,0.4340504998378063
2023-08-22 09:00:00,0.6554894070018618,0.6566004608975501,0.4948605117018047
2023-08-22 10:00:00,0.6925641564785021,0.6421806530076636,0.6042436264040499
2023-08-22 11:00:00,0.6627401839217286,0.5289394093578345,0.5927172554684029
2023-08-22 12:00:00,0.5755607655832389,0.4230948697101987,0.5757876231443455
2023-08-22 13:00:00,0.382571810818064,0.3260002095388735,0.4786493286308718
2023-08-22 14:00:00,0.3168754648436871,0.2100776210607908,0.2652471199141
2023-08-22 15:00:00,0.2099673674399047,0.1614518502618527,0.2610341188389412
2023-08-22 16:00:00,0.0604726120684798,0.0484132441539001,0.1263330845991901
2023-08-22 17:00:00,0.0013176164900523,0.0,0.0193516015574382
2023-08-22 18:00:00,0.0,0.0,0.0
2023-08-22 19:00:00,0.0,0.0,0.0
2023-08-22 20:00:00,0.0,0.0,0.0
2023-08-22 21:00:00,0.0,0.0,0.0
2023-08-22 22:00:00,0.0,0.0,0.0
2023-08-22 23:00:00,0.0,0.0,0.0
2023-08-23 00:00:00,0.0,0.0,0.0
2023-08-23 01:00:00,0.0,0.0,0.0
2023-08-23 02:00:00,0.0,0.0,0.0
2023-08-23 03:00:00,0.0,0.0,0.0
2023-08-23 04:00:00,0.0100710044255253,0.0145855901825728,0.0
2023-08-23 05:00:00,0.1290738387435314,0.1429055986428243,0.0197516756600087
2023-08-23 06:00:00,0.307509780070571,0.3223793054051723,0.0247089328575246
2023-08-23 07:00:00,0.4745436091318322,0.4792455217843089,0.1168242538658181
2023-08-23 08:00:00,0.5906830414715878,0.5567756228750091,0.2301281961946387
2023-08-23 09:00:00,0.6549108618126401,0.5403172159253935,0.3503560061351662
2023-08-23 10:00:00,0.7004645524988761,0.5618115679885026,0.3661515617264591
2023-08-23 11:00:00,0.6414040234738139,0.6032459592733131,0.2045623688728468
2023-08-23 12:00:00,0.6343154038581783,0.5216558922888848,0.166762424611948
2023-08-23 13:00:00,0.5270171389319797,0.4337375929141592,0.1490806832109642
2023-08-23 14:00:00,0.3973789934194763,0.3436045446948703,0.171617440860944
2023-08-23 15:00:00,0.2260844598410676,0.2070365730156755,0.1094888989803306
2023-08-23 16:00:00,0.063689586846328,0.0515668859181125,0.0463939142551755
2023-08-23 17:00:00,0.0,0.0,0.0107587133034655
2023-08-23 18:00:00,0.0,0.0,0.0
2023-08-23 19:00:00,0.0,0.0,0.0
2023-08-23 20:00:00,0.0,0.0,0.0
2023-08-23 21:00:00,0.0,0.0,0.0
2023-08-23 22:00:00,0.0,0.0,0.0
2023-08-23 23:00:00,0.0,0.0,0.0
2023-08-24 00:00:00,0.0,0.0,0.0
2023-08-24 01:00:00,0.0,0.0,0.0
2023-08-24 02:00:00,0.0,0.0,0.0
2023-08-24 03:00:00,0.0,0.0,0.0
2023-08-24 04:00:00,0.0093812152924439,0.0137995672321539,0.0
2023-08-24 05:00:00,0.1149012439720714,0.1414037544341913,0.0307408882236273
2023-08-24 06:00:00,0.238855770363239,0.3167784752742061,0.1610970333657227
2023-08-24 07:00:00,0.4546661056803868,0.4730384885411026,0.263189937849383
2023-08-24 08:00:00,0.5465272517109798,0.5899168833922113,0.3876392373548021
2023-08-24 09:00:00,0.6082611075785734,0.635622599582798,0.4273598657472578
2023-08-24 10:00:00,0.7005766218644284,0.6669078704887386,0.3781874262035951
2023-08-24 11:00:00,0.6639521969649251,0.5380821315959322,0.5161849469760732
2023-08-24 12:00:00,0.6185502734957516,0.4601136128752454,0.502851635583165
2023-08-24 13:00:00,0.4976412811842055,0.3616360354896739,0.2968842470333705
2023-08-24 14:00:00,0.3612990490766292,0.228699316613486,0.3296431363002603
2023-08-24 15:00:00,0.1790112821556717,0.140623006105568,0.2160481916865615
2023-08-24 16:00:00,0.0489895187596025,0.0362603819749071,0.1288658815224868
2023-08-24 17:00:00,0.0,0.0,0.012297479344349
2023-08-24 18:00:00,0.0,0.0,0.0
2023-08-24 19:00:00,0.0,0.0,0.0
2023-08-24 20:00:00,0.0,0.0,0.0
2023-08-24 21:00:00,0.0,0.0,0.0
2023-08-24 22:00:00,0.0,0.0,0.0
2023-08-24 23:00:00,0.0,0.0,0.0
2023-08-25 00:00:00,0.0,0.0,0.0
2023-08-25 01:00:00,0.0,0.0,0.0
2023-08-25 02:00:00,0.0,0.0,0.0
2023-08-25 03:00:00,0.0,0.0,0.0
2023-08-25 04:00:00,0.0093212306616559,0.0130910546829736,0.0
2023-08-25 05:00:00,0.1219837820875213,0.095757615985272,0.038629733064804
2023-08-25 06:00:00,0.2904267113307348,0.2394599683759483,0.1855892009870865
2023-08-25 07:00:00,0.4615038393599203,0.4070766162143956,0.3621925839469745
2023-08-25 08:00:00,0.5691023695407066,0.5529278724051294,0.4956797229604692
2023-08-25 09:00:00,0.6142198208157456,0.6201400050081785,0.5828467821742381
2023-08-25 10:00:00,0.631432509604684,0.6698003850402513,0.6481344709939587
2023-08-25 11:00:00,0.6092803118148703,0.5738715334969795,0.6825545161408073
2023-08-25 12:00:00,0.5283408484261575,0.544136622062757,0.5871545345975433
2023-08-25 13:00:00,0.4885087077898334,0.4211296569961241,0.4633377793021556
2023-08-25 14:00:00,0.349909006550929,0.2900193260414651,0.3110008120334306
2023-08-25 15:00:00,0.1792333418124112,0.1705212631603612,0.2322148064958455
2023-08-25 16:00:00,0.0534860601329659,0.0429278298827002,0.1172019017190537
2023-08-25 17:00:00,0.0,0.0,0.0155360170074939
2023-08-25 18:00:00,0.0,0.0,0.0
2023-08-25 19:00:00,0.0,0.0,0.0
2023-08-25 20:00:00,0.0,0.0,0.0
2023-08-25 21:00:00,0.0,0.0,0.0
2023-08-25 22:00:00,0.0,0.0,0.0
2023-08-25 23:00:00,0.0,0.0,0.0
2023-08-26 00:00:00,0.0,0.0,0.0
2023-08-26 01:00:00,0.0,0.0,0.0
2023-08-26 02:00:00,0.0,0.0,0.0
2023-08-26 03:00:00,0.0,0.0,0.0
2023-08-26 04:00:00,0.0088452743264979,0.0121989825714929,0.0
2023-08-26 05:00:00,0.1248295086631615,0.126187987997447,0.0419121079618555
2023-08-26 06:00:00,0.3007678469367448,0.3024427400184094,0.1965453307493157
2023-08-26 07:00:00,0.4504091256753229,0.4727847362848148,0.3565805088889087
2023-08-26 08:00:00,0.5756896167957679,0.5881335852765635,0.4983021305460738
2023-08-26 09:00:00,0.6650258090291236,0.6654007444260209,0.5949901072463146
2023-08-26 10:00:00,0.69950096779848,0.6889523334264281,0.6646119970848987
2023-08-26 11:00:00,0.6961908709226412,0.6575480987956387,0.6796125184666791
2023-08-26 12:00:00,0.6315721652289802,0.4828148692093186,0.6199374591016582
2023-08-26 13:00:00,0.5380602924414345,0.3574718254733326,0.5657378495827526
2023-08-26 14:00:00,0.3938815085527477,0.3102048418822075,0.4229393252217838
2023-08-26 15:00:00,0.2157003007808033,0.1935190676483099,0.2895003035895416
2023-08-26 16:00:00,0.0578844707271259,0.0470453886155784,0.1303472579909352
2023-08-26 17:00:00,0.0,0.0,0.0143089093270253
2023-08-26 18:00:00,0.0,0.0,0.0
2023-08-26 19:00:00,0.0,0.0,0.0
2023-08-26 20:00:00,0.0,0.0,0.0
2023-08-26 21:00:00,0.0,0.0,0.0
2023-08-26 22:00:00,0.0,0.0,0.0
2023-08-26 23:00:00,0.0,0.0,0.0
2023-08-27 00:00:00,0.0,0.0,0.0
2023-08-27 01:00:00,0.0,0.0,0.0
2023-08-27 02:00:00,0.0,0.0,0.0
2023-08-27 03:00:00,0.0,0.0,0.0
2023-08-27 04:00:00,0.0067274276241295,0.0042747259542804,0.0
2023-08-27 05:00:00,0.1002796532428608,0.0835057420950507,0.0416650635211856
2023-08-27 06:00:00,0.2853508170712611,0.1673530182381674,0.1964566178543211
2023-08-27 07:00:00,0.4389552039082471,0.4244460494343473,0.3720038738158892
2023-08-27 08:00:00,0.5749654906071403,0.5184522699193673,0.5110813622491112
2023-08-27 09:00:00,0.6542019785781525,0.6425853309896882,0.6170641860854034
2023-08-27 10:00:00,0.6791327471917394,0.6743794737759203,0.6639326938061483
2023-08-27 11:00:00,0.6726502640730931,0.6304684238187903,0.6848509931768505
2023-08-27 12:00:00,0.6181240654611251,0.5869119888687214,0.6452963206565145
2023-08-27 13:00:00,0.5193423786078565,0.4534649172412146,0.5128726546492064
2023-08-27 14:00:00,0.3800012065940032,0.30907664395023,0.4295823334559098
2023-08-27 15:00:00,0.2103661353788085,0.1692222100164493,0.293082941634792
2023-08-27 16:00:00,0.0508582734056226,0.0345452459531985,0.1191268652988066
2023-08-27 17:00:00,0.0,0.0,0.0128490587160039
2023-08-27 18:00:00,0.0,0.0,0.0
2023-08-27 19:00:00,0.0,0.0,0.0
2023-08-27 20:00:00,0.0,0.0,0.0
2023-08-27 21:00:00,0.0,0.0,0.0
2023-08-27 22:00:00,0.0,0.0,0.0
2023-08-27 23:00:00,0.0,0.0,0.0
2023-08-28 00:00:00,0.0,0.0,0.0
2023-08-28 01:00:00,0.0,0.0,0.0
2023-08-28 02:00:00,0.0,0.0,0.0
2023-08-28 03:00:00,0.0,0.0,0.0
2023-08-28 04:00:00,0.0060990057475318,0.0101519869469442,0.0
2023-08-28 05:00:00,0.1069001031629148,0.1267571391623199,0.0419525311783768
2023-08-28 06:00:00,0.2670412878240499,0.2958131301664915,0.1999250308757891
2023-08-28 07:00:00,0.4042565160166835,0.4353399441803663,0.3711106551627645
2023-08-28 08:00:00,0.515981566263653,0.5575391973135815,0.506314591221676
2023-08-28 09:00:00,0.6364745775811765,0.6414577545301956,0.6072667117357459
2023-08-28 10:00:00,0.6510103155838719,0.6699122160562945,0.6124723483883853
2023-08-28 11:00:00,0.6617760877291949,0.6579536473495168,0.6504565743645171
2023-08-28 12:00:00,0.5579258212158874,0.5521371469983851,0.5855822045620023
2023-08-28 13:00:00,0.4844606655212347,0.4439383660843572,0.5755952061250942
2023-08-28 14:00:00,0.2880036108062705,0.3126513239901247,0.4461146160831884
2023-08-28 15:00:00,0.190146478320844,0.1448368347964145,0.2664759283920697
2023-08-28 16:00:00,0.0479801229036468,0.0332612556161211,0.1185691061029979
2023-08-28 17:00:00,0.0,0.0,0.0116406602313362
2023-08-28 18:00:00,0.0,0.0,0.0
2023-08-28 19:00:00,0.0,0.0,0.0
2023-08-28 20:00:00,0.0,0.0,0.0
2023-08-28 21:00:00,0.0,0.0,0.0
2023-08-28 22:00:00,0.0,0.0,0.0
2023-08-28 23:00:00,0.0,0.0,0.0
2023-08-29 00:00:00,0.0,0.0,0.0
2023-08-29 01:00:00,0.0,0.0,0.0
2023-08-29 02:00:00,0.0,0.0,0.0
2023-08-29 03:00:00,0.0,0.0,0.0
2023-08-29 04:00:00,0.0069225256732623,0.0095820202635089,0.0
2023-08-29 05:00:00,0.1163905073417787,0.1285231355350672,0.0420498458275752
2023-08-29 06:00:00,0.2883339910173261,0.2997731888700168,0.2038831400303088
2023-08-29 07:00:00,0.4467800413542283,0.4555866676324295,0.3740453454667055
2023-08-29 08:00:00,0.5583531499724533,0.5655831339989292,0.5134446340485329
2023-08-29 09:00:00,0.5930211101805858,0.644272864062393,0.6171163480017657
2023-08-29 10:00:00,0.6474115280261413,0.6709672857638318,0.6695571303409716
2023-08-29 11:00:00,0.6011935042199604,0.6354636737542249,0.6828557746410071
2023-08-29 12:00:00,0.5124484435723772,0.5895465198778249,0.6451255793351253
2023-08-29 13:00:00,0.4241122294671293,0.4867395796386019,0.4798718857197975
2023-08-29 14:00:00,0.277593156124042,0.3442164657084099,0.2795559018901856
2023-08-29 15:00:00,0.1958218539811565,0.1843968268091666,0.2248777662853401
2023-08-29 16:00:00,0.0487186681080936,0.0386275729695574,0.0546480339638998
2023-08-29 17:00:00,0.0,0.0,0.0122845823354803
2023-08-29 18:00:00,0.0,0.0,0.0
2023-08-29 19:00:00,0.0,0.0,0.0
2023-08-29 20:00:00,0.0,0.0,0.0
2023-08-29 21:00:00,0.0,0.0,0.0
2023-08-29 22:00:00,0.0,0.0,0.0
2023-08-29 23:00:00,0.0,0.0,0.0
2023-08-30 00:00:00,0.0,0.0,0.0
2023-08-30 01:00:00,0.0,0.0,0.0
2023-08-30 02:00:00,0.0,0.0,0.0
2023-08-30 03:00:00,0.0,0.0,0.0
2023-08-30 04:00:00,0.0070943094961599,0.0086007772908449,0.0
2023-08-30 05:00:00,0.1270963025221932,0.1229214460687966,0.0349062322696816
2023-08-30 06:00:00,0.3114967897407113,0.2972328717682798,0.1716966407892964
2023-08-30 07:00:00,0.4789707332800648,0.4734184833671001,0.3202813728174458
2023-08-30 08:00:00,0.599538465305616,0.5912082416173727,0.4257812710217378
2023-08-30 09:00:00,0.6813943342325112,0.6743862994373578,0.4347836195557638
2023-08-30 10:00:00,0.7113244993609916,0.700076257455891,0.6117775095246383
2023-08-30 11:00:00,0.7005112134247921,0.684641557453634,0.5164274582146355
2023-08-30 12:00:00,0.642590350293959,0.62411405340106,0.5176236676525061
2023-08-30 13:00:00,0.5371866390004051,0.5179387566199428,0.3886496610922151
2023-08-30 14:00:00,0.3902344385044363,0.3715102488821725,0.1390296554376312
2023-08-30 15:00:00,0.2116248598817741,0.196402379298208,0.103138368442294
2023-08-30 16:00:00,0.0495242228698075,0.0402642607578381,0.0633842164848152
2023-08-30 17:00:00,0.0,0.0,0.0096722368952601
2023-08-30 18:00:00,0.0,0.0,0.0
2023-08-30 19:00:00,0.0,0.0,0.0
2023-08-30 20:00:00,0.0,0.0,0.0
2023-08-30 21:00:00,0.0,0.0,0.0
2023-08-30 22:00:00,0.0,0.0,0.0
2023-08-30 23:00:00,0.0,0.0,0.0
2023-08-31 00:00:00,0.0,0.0,0.0
2023-08-31 01:00:00,0.0,0.0,0.0
2023-08-31 02:00:00,0.0,0.0,0.0
2023-08-31 03:00:00,0.0,0.0,0.0
2023-08-31 04:00:00,0.0066155691802551,0.0082490431271735,0.0
2023-08-31 05:00:00,0.1193220047207838,0.1188425705166389,0.0331538592073491
2023-08-31 06:00:00,0.2957437495449386,0.2707933869206913,0.1686375278357477
2023-08-31 07:00:00,0.4573227925715148,0.4209234628400809,0.3678068706835882
2023-08-31 08:00:00,0.5729030906842877,0.5240304645100206,0.5058007223888341
2023-08-31 09:00:00,0.6518111407206288,0.647175229748146,0.5583090303814904
2023-08-31 10:00:00,0.678703686255437,0.6791197273212317,0.5576134466293883
2023-08-31 11:00:00,0.6690786706214461,0.6690184777004107,0.5327646414557934
2023-08-31 12:00:00,0.6111248108846139,0.6083436422945264,0.4650988343987085
2023-08-31 13:00:00,0.5092363397243003,0.5033018054765387,0.3960983001566836
2023-08-31 14:00:00,0.3557552438534027,0.3579429638781093,0.3806408018581551
2023-08-31 15:00:00,0.1986312378378353,0.1866434634772023,0.1884192542589451
2023-08-31 16:00:00,0.0453522053604058,0.0364713404034241,0.0945573489534841
2023-08-31 17:00:00,0.0,0.0,0.0091403920212065
2023-08-31 18:00:00,0.0,0.0,0.0
2023-08-31 19:00:00,0.0,0.0,0.0
2023-08-31 20:00:00,0.0,0.0,0.0
2023-08-31 21:00:00,0.0,0.0,0.0
2023-08-31 22:00:00,0.0,0.0,0.0
2023-08-31 23:00:00,0.0,0.0,0.0
2023-09-01 00:00:00,0.0,0.0,0.0
2023-09-01 01:00:00,0.0,0.0,0.0
2023-09-01 02:00:00,0.0,0.0,0.0
2023-09-01 03:00:00,0.0,0.0,0.0
2023-09-01 04:00:00,0.0056783412911357,0.0094210125791565,0.0
2023-09-01 05:00:00,0.0780911979121292,0.0991404738466474,0.0230505252371182
2023-09-01 06:00:00,0.179640538653047,0.2218252691153188,0.1157033213171295
2023-09-01 07:00:00,0.3040409033085255,0.4006603159103017,0.328725164046433
2023-09-01 08:00:00,0.471970860830892,0.4710361227169111,0.4767864038697938
2023-09-01 09:00:00,0.5400271659667604,0.4613695956979567,0.5781960271051604
2023-09-01 10:00:00,0.6039261324829327,0.5084566791620313,0.5421404940605166
2023-09-01 11:00:00,0.5661154823582166,0.4277844935461129,0.5774287466150557
2023-09-01 12:00:00,0.5470149090066104,0.3736646275316976,0.6411628086700906
2023-09-01 13:00:00,0.4053816376008231,0.3178552364899283,0.4708276117926722
2023-09-01 14:00:00,0.2854962260126727,0.1660254806552348,0.3847702204133526
2023-09-01 15:00:00,0.1481363799234628,0.0856256854075767,0.2240166349639862
2023-09-01 16:00:00,0.0418612242081213,0.0130782841898033,0.09923277691732
2023-09-01 17:00:00,0.0,0.0,0.0071709247771152
2023-09-01 18:00:00,0.0,0.0,0.0
2023-09-01 19:00:00,0.0,0.0,0.0
2023-09-01 20:00:00,0.0,0.0,0.0
2023-09-01 21:00:00,0.0,0.0,0.0
2023-09-01 22:00:00,0.0,0.0,0.0
2023-09-01 23:00:00,0.0,0.0,0.0
2023-09-02 00:00:00,0.0,0.0,0.0
2023-09-02 01:00:00,0.0,0.0,0.0
2023-09-02 02:00:00,0.0,0.0,0.0
2023-09-02 03:00:00,0.0,0.0,0.0
2023-09-02 04:00:00,0.0055828551580811,0.0077904530071613,0.0
2023-09-02 05:00:00,0.113875145857144,0.1262491838678541,0.0346036128590009
2023-09-02 06:00:00,0.2907165974881713,0.2900367499150847,0.1642019899140577
2023-09-02 07:00:00,0.4465870160975998,0.2955354047829165,0.2802387947125085
2023-09-02 08:00:00,0.5548753040008153,0.439233845032987,0.3009439745172945
2023-09-02 09:00:00,0.6436174365288122,0.6247064190731163,0.388269887257462
2023-09-02 10:00:00,0.6821136610490278,0.6544064437185035,0.5829649191487032
2023-09-02 11:00:00,0.646850588595334,0.6361838985117259,0.6836154607658677
2023-09-02 12:00:00,0.6174954758753514,0.571209633418158,0.6045960386593423
2023-09-02 13:00:00,0.4993655595392663,0.4635923700759523,0.4854041419320612
2023-09-02 14:00:00,0.3353598074938138,0.3266308951531515,0.3402766946506744
2023-09-02 15:00:00,0.1938630794239426,0.1704445674797959,0.1821249017579043
2023-09-02 16:00:00,0.0419496019196285,0.0322570684010745,0.0884134277769503
2023-09-02 17:00:00,0.0,0.0,0.0071284520680701
2023-09-02 18:00:00,0.0,0.0,0.0
2023-09-02 19:00:00,0.0,0.0,0.0
2023-09-02 20:00:00,0.0,0.0,0.0
2023-09-02 21:00:00,0.0,0.0,0.0
2023-09-02 22:00:00,0.0,0.0,0.0
2023-09-02 23:00:00,0.0,0.0,0.0
2023-09-03 00:00:00,0.0,0.0,0.0
2023-09-03 01:00:00,0.0,0.0,0.0
2023-09-03 02:00:00,0.0,0.0,0.0
2023-09-03 03:00:00,0.0,0.0,0.0
2023-09-03 04:00:00,0.0056338277449494,0.0075702190780949,0.0
2023-09-03 05:00:00,0.1189560005637819,0.1320378150224361,0.0240547136056874
2023-09-03 06:00:00,0.300522536523485,0.3049968234566341,0.0868885048890732
2023-09-03 07:00:00,0.4733394456362504,0.483243339110137,0.1266808565661007
2023-09-03 08:00:00,0.5925199745520485,0.5850704077337622,0.2782113581202896
2023-09-03 09:00:00,0.6770642167432963,0.6472351728392223,0.2969933700055643
2023-09-03 10:00:00,0.7062277977368518,0.6548791674805374,0.3832194319331707
2023-09-03 11:00:00,0.696061310549235,0.6547683125568385,0.4207475563612062
2023-09-03 12:00:00,0.6345839420778284,0.6178988878597704,0.4203364350432479
2023-09-03 13:00:00,0.5410289603928583,0.5104633129557776,0.2234970269845922
2023-09-03 14:00:00,0.390366851056884,0.3261534589365518,0.1212374976105642
2023-09-03 15:00:00,0.2009397495345692,0.1563749777865169,0.0758454619231879
2023-09-03 16:00:00,0.041425181526836,0.0282931396789761,0.0420056173002617
2023-09-03 17:00:00,0.0,0.0,0.0028673932311382
2023-09-03 18:00:00,0.0,0.0,0.0
2023-09-03 19:00:00,0.0,0.0,0.0
2023-09-03 20:00:00,0.0,0.0,0.0
2023-09-03 21:00:00,0.0,0.0,0.0
2023-09-03 22:00:00,0.0,0.0,0.0
2023-09-03 23:00:00,0.0,0.0,0.0
2023-09-04 00:00:00,0.0,0.0,0.0
2023-09-04 01:00:00,0.0,0.0,0.0
2023-09-04 02:00:00,0.0,0.0,0.0
2023-09-04 03:00:00,0.0,0.0,0.0
2023-09-04 04:00:00,0.0049792552373199,0.0067871558168336,0.0
2023-09-04 05:00:00,0.1093263294118612,0.1261045208525718,0.008653232639175
2023-09-04 06:00:00,0.2909414109363744,0.308566762903837,0.0268000870761184
2023-09-04 07:00:00,0.4617723188126156,0.4775391668259742,0.0287846253123298
2023-09-04 08:00:00,0.5656060815283833,0.593244375115583,0.0285074830975829
2023-09-04 09:00:00,0.6397590664446273,0.660620120278246,0.058456766812105
2023-09-04 10:00:00,0.6778168873384514,0.6939267165298856,0.2033598841246733
2023-09-04 11:00:00,0.6668165713277983,0.6712679815852816,0.1535248898127692
2023-09-04 12:00:00,0.5979663961155686,0.5973769774262591,0.2190082922060855
2023-09-04 13:00:00,0.4924930701613181,0.4608757655754936,0.2088295056880702
2023-09-04 14:00:00,0.3229848953103555,0.325786955597602,0.2042706155327282
2023-09-04 15:00:00,0.1531875366517501,0.1369815239244541,0.0506923914792621
2023-09-04 16:00:00,0.0303074591069391,0.0223013564027396,0.0488461954137675
2023-09-04 17:00:00,0.0,0.0,0.0026066599987555
2023-09-04 18:00:00,0.0,0.0,0.0
2023-09-04 19:00:00,0.0,0.0,0.0
2023-09-04 20:00:00,0.0,0.0,0.0
2023-09-04 21:00:00,0.0,0.0,0.0
2023-09-04 22:00:00,0.0,0.0,0.0
2023-09-04 23:00:00,0.0,0.0,0.0
2023-09-05 00:00:00,0.0,0.0,0.0
2023-09-05 01:00:00,0.0,0.0,0.0
2023-09-05 02:00:00,0.0,0.0,0.0
2023-09-05 03:00:00,0.0,0.0,0.0
2023-09-05 04:00:00,0.0039330585152858,0.006062283064371,0.0
2023-09-05 05:00:00,0.0931423468629647,0.1228322582131594,0.0266112758457784
2023-09-05 06:00:00,0.2222410482527332,0.3037906361874964,0.1689655660893091
2023-09-05 07:00:00,0.4417537627731529,0.4695050074966908,0.2701672820176352
2023-09-05 08:00:00,0.5561872813112871,0.5841589233680861,0.4433540953169541
2023-09-05 09:00:00,0.6829713752000749,0.6284385358356747,0.5759802575056928
2023-09-05 10:00:00,0.70582625546881,0.6585548519671348,0.6587932685654085
2023-09-05 11:00:00,0.6259887918552554,0.6176227186950295,0.5877558419565523
2023-09-05 12:00:00,0.4698909258542922,0.5185186722907235,0.5882421000842579
2023-09-05 13:00:00,0.3178763248464077,0.3754003826348563,0.4917527321639983
2023-09-05 14:00:00,0.230709524004555,0.2801261174877386,0.4299224767784604
2023-09-05 15:00:00,0.1289210587562079,0.1135512056621937,0.3008248574713018
2023-09-05 16:00:00,0.0311391176129114,0.0206983635088547,0.1269785002213846
2023-09-05 17:00:00,0.0,0.0,0.0053410231264414
2023-09-05 18:00:00,0.0,0.0,0.0
2023-09-05 19:00:00,0.0,0.0,0.0
2023-09-05 20:00:00,0.0,0.0,0.0
2023-09-05 21:00:00,0.0,0.0,0.0
2023-09-05 22:00:00,0.0,0.0,0.0
2023-09-05 23:00:00,0.0,0.0,0.0
2023-09-06 00:00:00,0.0,0.0,0.0
2023-09-06 01:00:00,0.0,0.0,0.0
2023-09-06 02:00:00,0.0,0.0,0.0
2023-09-06 03:00:00,0.0,0.0,0.0
2023-09-06 04:00:00,0.0041682156807584,0.0056799439474395,0.0
2023-09-06 05:00:00,0.1143507390220702,0.120635294146429,0.036451503254315
2023-09-06 06:00:00,0.2964974456866804,0.2862163655989203,0.2057250762966532
2023-09-06 07:00:00,0.4681454611133134,0.4508288408480321,0.2973318401132206
2023-09-06 08:00:00,0.5888872904635015,0.5418149322021232,0.4890876857082005
2023-09-06 09:00:00,0.670895329439781,0.6384524524910397,0.5917156390136962
2023-09-06 10:00:00,0.70224712546987,0.6879568749693981,0.6765845799621346
2023-09-06 11:00:00,0.6894886556606087,0.6185773255962439,0.7262345819465313
2023-09-06 12:00:00,0.6292494706763784,0.511610319472569,0.6889414929978661
2023-09-06 13:00:00,0.5263343303280348,0.3806306417749239,0.6091274122048446
2023-09-06 14:00:00,0.360572829099263,0.2602038091917566,0.4875408631711261
2023-09-06 15:00:00,0.1941110485981667,0.1463931467608548,0.3144840379419077
2023-09-06 16:00:00,0.0322912002634648,0.0213827944655247,0.1264048810786947
2023-09-06 17:00:00,0.0,0.0,0.0047259988485859
2023-09-06 18:00:00,0.0,0.0,0.0
2023-09-06 19:00:00,0.0,0.0,0.0
2023-09-06 20:00:00,0.0,0.0,0.0
2023-09-06 21:00:00,0.0,0.0,0.0
2023-09-06 22:00:00,0.0,0.0,0.0
2023-09-06 23:00:00,0.0,0.0,0.0
2023-09-07 00:00:00,0.0,0.0,0.0
2023-09-07 01:00:00,0.0,0.0,0.0
2023-09-07 02:00:00,0.0,0.0,0.0
2023-09-07 03:00:00,0.0,0.0,0.0
2023-09-07 04:00:00,0.0037930707686332,0.0047687338355088,0.0
2023-09-07 05:00:00,0.1148796882058802,0.0970102417410833,0.0246317711415966
2023-09-07 06:00:00,0.3006596874427836,0.2126331204963645,0.1571052815710046
2023-09-07 07:00:00,0.4799329819949829,0.4246048031020897,0.2648570878189635
2023-09-07 08:00:00,0.5953915925104155,0.5534712106141243,0.4257024198165268
2023-09-07 09:00:00,0.672359788747675,0.6192291195062587,0.5456312761629187
2023-09-07 10:00:00,0.6752865536483044,0.5908143159144413,0.5924256513434351
2023-09-07 11:00:00,0.6587729913589809,0.4491016582842816,0.4650577257345399
2023-09-07 12:00:00,0.5152732995914983,0.3650164463992212,0.3032595972213529
2023-09-07 13:00:00,0.406355514575323,0.3040650116215067,0.2978742611124522
2023-09-07 14:00:00,0.2756314779340408,0.263885075521281,0.244065164567232
2023-09-07 15:00:00,0.0896942434175292,0.1511129796709119,0.1192345927368294
2023-09-07 16:00:00,0.0162135344946043,0.0220719154764867,0.0667447082831858
2023-09-07 17:00:00,0.0,0.0,0.0035400143576696
2023-09-07 18:00:00,0.0,0.0,0.0
2023-09-07 19:00:00,0.0,0.0,0.0
2023-09-07 20:00:00,0.0,0.0,0.0
2023-09-07 21:00:00,0.0,0.0,0.0
2023-09-07 22:00:00,0.0,0.0,0.0
2023-09-07 23:00:00,0.0,0.0,0.0
2023-09-08 00:00:00,0.0,0.0,0.0
2023-09-08 01:00:00,0.0,0.0,0.0
2023-09-08 02:00:00,0.0,0.0,0.0
2023-09-08 03:00:00,0.0,0.0,0.0
2023-09-08 04:00:00,0.0035658140755147,0.0052924912566426,0.0
2023-09-08 05:00:00,0.1178217454183575,0.1335588537165445,0.0328789393467862
2023-09-08 06:00:00,0.3108428783113126,0.3259382343544612,0.1965414637504696
2023-09-08 07:00:00,0.48913305932608,0.5009039138245502,0.3694158244527626
2023-09-08 08:00:00,0.6147204765227213,0.618174598729887,0.5318119908377068
2023-09-08 09:00:00,0.6948703845239654,0.698138295109176,0.6516543982265917
2023-09-08 10:00:00,0.7318283906455778,0.7207362989641408,0.7070778408382652
2023-09-08 11:00:00,0.7172090738140088,0.7014202755552633,0.7201453137370596
2023-09-08 12:00:00,0.6537429681775149,0.6331118910085418,0.6865822874153354
2023-09-08 13:00:00,0.5405263526516488,0.5160750129674212,0.59784235264623
2023-09-08 14:00:00,0.3826710036914876,0.3559008509407282,0.4714247386736535
2023-09-08 15:00:00,0.1937096257562491,0.1708989681307693,0.3000893084211086
2023-09-08 16:00:00,0.0317919031270351,0.0216269306755649,0.115374291475514
2023-09-08 17:00:00,0.0,0.0,0.0033689396247257
2023-09-08 18:00:00,0.0,0.0,0.0
2023-09-08 19:00:00,0.0,0.0,0.0
2023-09-08 20:00:00,0.0,0.0,0.0
2023-09-08 21:00:00,0.0,0.0,0.0
2023-09-08 22:00:00,0.0,0.0,0.0
2023-09-08 23:00:00,0.0,0.0,0.0
2023-09-09 00:00:00,0.0,0.0,0.0
2023-09-09 01:00:00,0.0,0.0,0.0
2023-09-09 02:00:00,0.0,0.0,0.0
2023-09-09 03:00:00,0.0,0.0,0.0
2023-09-09 04:00:00,0.0029761085493977,0.0048238381402798,0.0
2023-09-09 05:00:00,0.1125457260323948,0.1275649328478034,0.0306071200228655
2023-09-09 06:00:00,0.274632585845043,0.2841390509758168,0.1755443538519102
2023-09-09 07:00:00,0.3886033955954532,0.4208249802618349,0.2893320477077556
2023-09-09 08:00:00,0.5286384995639845,0.5150601782605397,0.3983892749723108
2023-09-09 09:00:00,0.6733231237896542,0.6083155104183174,0.513104212932528
2023-09-09 10:00:00,0.7137243336350809,0.5522999521952491,0.539596275273915
2023-09-09 11:00:00,0.7001762516716626,0.6022858115335574,0.5825148312109392
2023-09-09 12:00:00,0.6413770310492654,0.508404576103656,0.4444946001337649
2023-09-09 13:00:00,0.4483790037926951,0.4663311734249342,0.3371651411602813
2023-09-09 14:00:00,0.2403250883968703,0.352666756078477,0.2487646651648479
2023-09-09 15:00:00,0.1686867398462329,0.1672525466530488,0.165115434869727
2023-09-09 16:00:00,0.0287239801163853,0.0214479088843684,0.0564447507898228
2023-09-09 17:00:00,0.0,0.0,0.0016927966710039
2023-09-09 18:00:00,0.0,0.0,0.0
2023-09-09 19:00:00,0.0,0.0,0.0
2023-09-09 20:00:00,0.0,0.0,0.0
2023-09-09 21:00:00,0.0,0.0,0.0
2023-09-09 22:00:00,0.0,0.0,0.0
2023-09-09 23:00:00,0.0,0.0,0.0
2023-09-10 00:00:00,0.0,0.0,0.0
2023-09-10 01:00:00,0.0,0.0,0.0
2023-09-10 02:00:00,0.0,0.0,0.0
2023-09-10 03:00:00,0.0,0.0,0.0
2023-09-10 04:00:00,0.0029378655038514,0.0044014875416969,0.0
2023-09-10 05:00:00,0.1189704719073871,0.1301465121416628,0.0301925247463247
2023-09-10 06:00:00,0.3148888134356479,0.3191176750402379,0.1911775804547272
2023-09-10 07:00:00,0.4947203179976918,0.4581119504307335,0.3646975271934792
2023-09-10 08:00:00,0.6223185449336232,0.5535355146797494,0.52299626344129
2023-09-10 09:00:00,0.7077097953676608,0.6318347817766227,0.6369093679062702
2023-09-10 10:00:00,0.736735453267763,0.6723673894722543,0.6904371495371103
2023-09-10 11:00:00,0.7212692292218601,0.6442271758879063,0.6981783546241904
2023-09-10 12:00:00,0.6552159686159652,0.5067550969305811,0.6392041636219519
2023-09-10 13:00:00,0.5388951136883947,0.3834490324712231,0.5692427817303198
2023-09-10 14:00:00,0.3770254262452461,0.2193561954100464,0.4118865199802671
2023-09-10 15:00:00,0.1861281699930215,0.099589578566039,0.2698002782787354
2023-09-10 16:00:00,0.02730065031432,0.0089519626849036,0.0978395002768215
2023-09-10 17:00:00,0.0,0.0,0.0021478028739553
2023-09-10 18:00:00,0.0,0.0,0.0
2023-09-10 19:00:00,0.0,0.0,0.0
2023-09-10 20:00:00,0.0,0.0,0.0
2023-09-10 21:00:00,0.0,0.0,0.0
2023-09-10 22:00:00,0.0,0.0,0.0
2023-09-10 23:00:00,0.0,0.0,0.0
2023-09-11 00:00:00,0.0,0.0,0.0
2023-09-11 01:00:00,0.0,0.0,0.0
2023-09-11 02:00:00,0.0,0.0,0.0
2023-09-11 03:00:00,0.0,0.0,0.0
2023-09-11 04:00:00,0.0020818311426072,0.0022863000514229,0.0
2023-09-11 05:00:00,0.0934078875617905,0.0796474009136736,0.0296001634047397
2023-09-11 06:00:00,0.2090605019825203,0.2206299492231622,0.191437476337641
2023-09-11 07:00:00,0.4364571796960275,0.4280828822944402,0.3479478596329553
2023-09-11 08:00:00,0.5846737565432449,0.5288576408202569,0.4937125569374195
2023-09-11 09:00:00,0.6086850448322311,0.5589969831166074,0.6306336444945582
2023-09-11 10:00:00,0.6027084897446594,0.5507041487918112,0.682667482295612
2023-09-11 11:00:00,0.5703068349477728,0.5393840579887885,0.6979994365620604
2023-09-11 12:00:00,0.4681853380597998,0.4159521143480085,0.6561708980199186
2023-09-11 13:00:00,0.4438011800140665,0.322119347343203,0.5691312488173906
2023-09-11 14:00:00,0.2928646138446371,0.183319251795424,0.4044353324106803
2023-09-11 15:00:00,0.1674757774354529,0.0894120376935662,0.2500856860062389
2023-09-11 16:00:00,0.0245487859133914,0.0122116554407545,0.0960753381353741
2023-09-11 17:00:00,0.0,0.0,0.0014833950054582
2023-09-11 18:00:00,0.0,0.0,0.0
2023-09-11 19:00:00,0.0,0.0,0.0
2023-09-11 20:00:00,0.0,0.0,0.0
2023-09-11 21:00:00,0.0,0.0,0.0
2023-09-11 22:00:00,0.0,0.0,0.0
2023-09-11 23:00:00,0.0,0.0,0.0
2023-09-12 00:00:00,0.0,0.0,0.0
2023-09-12 01:00:00,0.0,0.0,0.0
2023-09-12 02:00:00,0.0,0.0,0.0
2023-09-12 03:00:00,0.0,0.0,0.0
2023-09-12 04:00:00,0.0020434368588299,0.0019193124224282,0.0
2023-09-12 05:00:00,0.1084747189263867,0.0884056324232796,0.0222083466936391
2023-09-12 06:00:00,0.2951416212298693,0.1554489886637496,0.1352250735471128
2023-09-12 07:00:00,0.4518346718695525,0.3019645835433674,0.2703906401678849
2023-09-12 08:00:00,0.5765270130848981,0.3888644051095271,0.3611590470184431
2023-09-12 09:00:00,0.6427758878534543,0.5465939300094163,0.5591819009776196
2023-09-12 10:00:00,0.6765071090983759,0.4110940920787101,0.6358875694483924
2023-09-12 11:00:00,0.6387308138150097,0.3849621268566169,0.526640545490639
2023-09-12 12:00:00,0.5494348024871493,0.2743164178616371,0.5280048441218851
2023-09-12 13:00:00,0.4722457771920538,0.2335750865746016,0.3944974263501835
2023-09-12 14:00:00,0.2626433449508539,0.207530244781312,0.3558821831761918
2023-09-12 15:00:00,0.1354907742145339,0.095846070393668,0.2238285454002589
2023-09-12 16:00:00,0.0170307901998243,0.0110529552555214,0.0629614287069432
2023-09-12 17:00:00,0.0,0.0,0.0
2023-09-12 18:00:00,0.0,0.0,0.0
2023-09-12 19:00:00,0.0,0.0,0.0
2023-09-12 20:00:00,0.0,0.0,0.0
2023-09-12 21:00:00,0.0,0.0,0.0
2023-09-12 22:00:00,0.0,0.0,0.0
2023-09-12 23:00:00,0.0,0.0,0.0
2023-09-13 00:00:00,0.0,0.0,0.0
2023-09-13 01:00:00,0.0,0.0,0.0
2023-09-13 02:00:00,0.0,0.0,0.0
2023-09-13 03:00:00,0.0,0.0,0.0
2023-09-13 04:00:00,0.0,0.002611092635729,0.0
2023-09-13 05:00:00,0.0989986159466784,0.111767334066733,0.0227781164620863
2023-09-13 06:00:00,0.2446279221356972,0.2960860221665232,0.1335172836829807
2023-09-13 07:00:00,0.4086381364111283,0.4654273148060687,0.2628217149438321
2023-09-13 08:00:00,0.5522881630144095,0.5853288456680608,0.3748292319959221
2023-09-13 09:00:00,0.6412233760925278,0.6012547531867728,0.5114569659588379
2023-09-13 10:00:00,0.6808414734926582,0.6437517985350464,0.5578218343435755
2023-09-13 11:00:00,0.6250903711285498,0.5945540539030565,0.4664786684497989
2023-09-13 12:00:00,0.4988404910111964,0.5586476541258889,0.4872541748562492
2023-09-13 13:00:00,0.4163818789285909,0.4154682360275712,0.4205899523262429
2023-09-13 14:00:00,0.2941151303329771,0.2847851372669623,0.2439314399614998
2023-09-13 15:00:00,0.1476765576896867,0.112312466064105,0.1646391040360273
2023-09-13 16:00:00,0.0178983177534609,0.0114075105418273,0.0760010285709951
2023-09-13 17:00:00,0.0,0.0,0.0
2023-09-13 18:00:00,0.0,0.0,0.0
2023-09-13 19:00:00,0.0,0.0,0.0
2023-09-13 20:00:00,0.0,0.0,0.0
2023-09-13 21:00:00,0.0,0.0,0.0
2023-09-13 22:00:00,0.0,0.0,0.0
2023-09-13 23:00:00,0.0,0.0,0.0
2023-09-14 00:00:00,0.0,0.0,0.0
2023-09-14 01:00:00,0.0,0.0,0.0
2023-09-14 02:00:00,0.0,0.0,0.0
2023-09-14 03:00:00,0.0,0.0,0.0
2023-09-14 04:00:00,0.0,0.0017649304029377,0.0
2023-09-14 05:00:00,0.1021859028039554,0.1050560420453419,0.0230403478860472
2023-09-14 06:00:00,0.2843876238876764,0.2848586522539524,0.1560552981674237
2023-09-14 07:00:00,0.4573624357429827,0.4522703657773157,0.3588747258026512
2023-09-14 08:00:00,0.5611873781851041,0.5204767463068766,0.4934040049019888
2023-09-14 09:00:00,0.5752711590452458,0.6063655655434703,0.5870626028240837
2023-09-14 10:00:00,0.680120645837355,0.6213217187893767,0.4924033862754655
2023-09-14 11:00:00,0.6583009985472117,0.5752957371798978,0.3113789600439705
2023-09-14 12:00:00,0.6071983450567069,0.428057084132719,0.113185648023472
2023-09-14 13:00:00,0.4944828883087893,0.2892935367148487,0.1809026212061261
2023-09-14 14:00:00,0.3204496570051816,0.1974814012814739,0.1917597710747317
2023-09-14 15:00:00,0.156581308504827,0.0867921130311795,0.1142820067106744
2023-09-14 16:00:00,0.0170574497109539,0.0085255732786749,0.0381612336628864
2023-09-14 17:00:00,0.0,0.0,0.0
2023-09-14 18:00:00,0.0,0.0,0.0
2023-09-14 19:00:00,0.0,0.0,0.0
2023-09-14 20:00:00,0.0,0.0,0.0
2023-09-14 21:00:00,0.0,0.0,0.0
2023-09-14 22:00:00,0.0,0.0,0.0
2023-09-14 23:00:00,0.0,0.0,0.0
2023-09-15 00:00:00,0.0,0.0,0.0
2023-09-15 01:00:00,0.0,0.0,0.0
2023-09-15 02:00:00,0.0,0.0,0.0
2023-09-15 03:00:00,0.0,0.0,0.0
2023-09-15 04:00:00,0.0,0.0013033320957734,0.0
2023-09-15 05:00:00,0.0834362770715005,0.0258827911636139,0.0006355255596273
2023-09-15 06:00:00,0.2614979581755119,0.0390063456238106,0.0162233029829326
2023-09-15 07:00:00,0.4009029565282467,0.2153873504138112,0.1056148225982321
2023-09-15 08:00:00,0.4790287207060973,0.1904016749796372,0.1616129891693365
2023-09-15 09:00:00,0.565406931773667,0.1118864041273329,0.1576621024528403
2023-09-15 10:00:00,0.5171864549334199,0.0734240275383222,0.116121007520447
2023-09-15 11:00:00,0.605651009149649,0.0774694580557201,0.1834613325995042
2023-09-15 12:00:00,0.578130792023454,0.157907173722866,0.220637277937145
2023-09-15 13:00:00,0.4499883523265198,0.1425266267511094,0.1408342786508286
2023-09-15 14:00:00,0.3149544493061316,0.1550161664942394,0.1479265341244809
2023-09-15 15:00:00,0.1284104921638468,0.0554483396139659,0.0748491875177224
2023-09-15 16:00:00,0.0108773163477715,0.0041288762552941,0.0206264583370865
2023-09-15 17:00:00,0.0,0.0,0.0
2023-09-15 18:00:00,0.0,0.0,0.0
2023-09-15 19:00:00,0.0,0.0,0.0
2023-09-15 20:00:00,0.0,0.0,0.0
2023-09-15 21:00:00,0.0,0.0,0.0
2023-09-15 22:00:00,0.0,0.0,0.0
2023-09-15 23:00:00,0.0,0.0,0.0
2023-09-16 00:00:00,0.0,0.0,0.0
2023-09-16 01:00:00,0.0,0.0,0.0
2023-09-16 02:00:00,0.0,0.0,0.0
2023-09-16 03:00:00,0.0,0.0,0.0
2023-09-16 04:00:00,0.0,0.0017396465096045,0.0
2023-09-16 05:00:00,0.0505475267925547,0.0948374432792758,0.0075132531831652
2023-09-16 06:00:00,0.1782314935035765,0.273038776466468,0.0553993721165696
2023-09-16 07:00:00,0.2796149863412495,0.3423131594938259,0.1870506767119173
2023-09-16 08:00:00,0.3992702255516742,0.4889737114589835,0.2510626882956899
2023-09-16 09:00:00,0.5149175096639493,0.5803084158766391,0.2192274723002008
2023-09-16 10:00:00,0.5346868258387163,0.6272941393834472,0.2426953048909325
2023-09-16 11:00:00,0.5637788129846361,0.6608602334212967,0.2840870202643382
2023-09-16 12:00:00,0.597646803711933,0.6151231490085136,0.2340559174491344
2023-09-16 13:00:00,0.4876340768598646,0.485779111696776,0.1767144751541895
2023-09-16 14:00:00,0.3395163401091799,0.3220539030936194,0.1273219974340038
2023-09-16 15:00:00,0.1547560280290229,0.1405064679348715,0.0960230132423677
2023-09-16 16:00:00,0.0147732067039006,0.0088114559393468,0.0491424543455257
2023-09-16 17:00:00,0.0,0.0,0.0
2023-09-16 18:00:00,0.0,0.0,0.0
2023-09-16 19:00:00,0.0,0.0,0.0
2023-09-16 20:00:00,0.0,0.0,0.0
2023-09-16 21:00:00,0.0,0.0,0.0
2023-09-16 22:00:00,0.0,0.0,0.0
2023-09-16 23:00:00,0.0,0.0,0.0
2023-09-17 00:00:00,0.0,0.0,0.0
2023-09-17 01:00:00,0.0,0.0,0.0
2023-09-17 02:00:00,0.0,0.0,0.0
2023-09-17 03:00:00,0.0,0.0,0.0
2023-09-17 04:00:00,0.0,0.0,0.0
2023-09-17 05:00:00,0.1009165221725761,0.1129477871115305,0.0220328299441075
2023-09-17 06:00:00,0.2893151695816351,0.2965112190570557,0.1597483864630171
2023-09-17 07:00:00,0.4680382911721267,0.4764501283437574,0.3426447788251274
2023-09-17 08:00:00,0.590934499127969,0.5918408737360102,0.5115348171915458
2023-09-17 09:00:00,0.6735805424466134,0.6698700490103063,0.6270747936330645
2023-09-17 10:00:00,0.7045122778521512,0.6980648846723997,0.6458439570165514
2023-09-17 11:00:00,0.6886539805626735,0.6399916905055316,0.5972101683590906
2023-09-17 12:00:00,0.6268975814291181,0.5510059644904216,0.5836308806598545
2023-09-17 13:00:00,0.508292910625814,0.4168423807606362,0.4697221765365719
2023-09-17 14:00:00,0.3469610626898908,0.1999394206619615,0.3133981465853718
2023-09-17 15:00:00,0.156262354417608,0.0995087247258735,0.1737743030287306
2023-09-17 16:00:00,0.0139003969187854,0.0047582476597426,0.0465394612057619
2023-09-17 17:00:00,0.0,0.0,0.0
2023-09-17 18:00:00,0.0,0.0,0.0
2023-09-17 19:00:00,0.0,0.0,0.0
2023-09-17 20:00:00,0.0,0.0,0.0
2023-09-17 21:00:00,0.0,0.0,0.0
2023-09-17 22:00:00,0.0,0.0,0.0
2023-09-17 23:00:00,0.0,0.0,0.0
2023-09-18 00:00:00,0.0,0.0,0.0
2023-09-18 01:00:00,0.0,0.0,0.0
2023-09-18 02:00:00,0.0,0.0,0.0
2023-09-18 03:00:00,0.0,0.0,0.0
2023-09-18 04:00:00,0.0,0.0,0.0
2023-09-18 05:00:00,0.0993138709495378,0.1102161583919525,0.0197249068493367
2023-09-18 06:00:00,0.28679731281491,0.2973275192311006,0.1619021764205312
2023-09-18 07:00:00,0.4655621665074986,0.4732809528644512,0.2972899625786625
2023-09-18 08:00:00,0.5877738336529961,0.5889388325246855,0.4725431511202907
2023-09-18 09:00:00,0.6699784035053714,0.6673967053366995,0.6020406437806438
2023-09-18 10:00:00,0.6986883765334441,0.6917788663970516,0.6270134707974336
2023-09-18 11:00:00,0.6815768013193266,0.6697944039460734,0.5534204849588927
2023-09-18 12:00:00,0.6173506414676103,0.5993828968401165,0.4606175747600092
2023-09-18 13:00:00,0.5014028476900548,0.4793086421627674,0.4053464175540274
2023-09-18 14:00:00,0.3410094454724198,0.3096485981838183,0.2833925110443618
2023-09-18 15:00:00,0.1529258447227396,0.1301573318713334,0.2000584944744552
2023-09-18 16:00:00,0.0126171228792869,0.0064197956468701,0.0526402608157582
2023-09-18 17:00:00,0.0,0.0,0.0
2023-09-18 18:00:00,0.0,0.0,0.0
2023-09-18 19:00:00,0.0,0.0,0.0
2023-09-18 20:00:00,0.0,0.0,0.0
2023-09-18 21:00:00,0.0,0.0,0.0
2023-09-18 22:00:00,0.0,0.0,0.0
2023-09-18 23:00:00,0.0,0.0,0.0
2023-09-19 00:00:00,0.0,0.0,0.0
2023-09-19 01:00:00,0.0,0.0,0.0
2023-09-19 02:00:00,0.0,0.0,0.0
2023-09-19 03:00:00,0.0,0.0,0.0
2023-09-19 04:00:00,0.0,0.0,0.0
2023-09-19 05:00:00,0.0985785120848172,0.1094552760030618,0.0176982100483326
2023-09-19 06:00:00,0.2868594134589314,0.2978119607267045,0.1395138071813386
2023-09-19 07:00:00,0.4636153244512743,0.4733038605932079,0.230305371695675
2023-09-19 08:00:00,0.5863874274568185,0.5884349168185231,0.186089624506663
2023-09-19 09:00:00,0.6694973068231604,0.6674700665160362,0.1265996956444406
2023-09-19 10:00:00,0.6988545326242022,0.6902040425155838,0.1330735723786208
2023-09-19 11:00:00,0.6841380874212982,0.6680324881820582,0.126935098721143
2023-09-19 12:00:00,0.6194557611417655,0.5959923405654768,0.2138687551342892
2023-09-19 13:00:00,0.5037557752086185,0.474762707594507,0.2153888933736591
2023-09-19 14:00:00,0.3435544440994918,0.3129169712716774,0.2097833710317859
2023-09-19 15:00:00,0.1523329764274664,0.1290510436317875,0.1347487176312963
2023-09-19 16:00:00,0.0115628090039379,0.0056042144827242,0.051303690021009
2023-09-19 17:00:00,0.0,0.0,0.0
2023-09-19 18:00:00,0.0,0.0,0.0
2023-09-19 19:00:00,0.0,0.0,0.0
2023-09-19 20:00:00,0.0,0.0,0.0
2023-09-19 21:00:00,0.0,0.0,0.0
2023-09-19 22:00:00,0.0,0.0,0.0
2023-09-19 23:00:00,0.0,0.0,0.0
2023-09-20 00:00:00,0.0,0.0,0.0
2023-09-20 01:00:00,0.0,0.0,0.0
2023-09-20 02:00:00,0.0,0.0,0.0
2023-09-20 03:00:00,0.0,0.0,0.0
2023-09-20 04:00:00,0.0,0.0,0.0
2023-09-20 05:00:00,0.0999700238689005,0.0944211357950517,0.0
2023-09-20 06:00:00,0.2878455870568942,0.2524493985850393,0.0090575375644933
2023-09-20 07:00:00,0.4667762947103388,0.4297951205314206,0.0525431294647312
2023-09-20 08:00:00,0.5857566915724598,0.5487103749737873,0.0965344500895472
2023-09-20 09:00:00,0.6546781232008216,0.6435965394047231,0.3189278093384352
2023-09-20 10:00:00,0.6829216358514416,0.6762282283964349,0.4948813753836501
2023-09-20 11:00:00,0.6608825250947804,0.6541146880358487,0.4799999955107102
2023-09-20 12:00:00,0.6027903916524964,0.5841882238970597,0.507969734276965
2023-09-20 13:00:00,0.4895083169791636,0.462368570155318,0.3003877315805471
2023-09-20 14:00:00,0.3364668425530342,0.2882531179588188,0.3202955674029816
2023-09-20 15:00:00,0.1465901000958331,0.1169823079217785,0.1414104515690954
2023-09-20 16:00:00,0.0101273084100597,0.0047067243164156,0.0454721741884601
2023-09-20 17:00:00,0.0,0.0,0.0
2023-09-20 18:00:00,0.0,0.0,0.0
2023-09-20 19:00:00,0.0,0.0,0.0
2023-09-20 20:00:00,0.0,0.0,0.0
2023-09-20 21:00:00,0.0,0.0,0.0
2023-09-20 22:00:00,0.0,0.0,0.0
2023-09-20 23:00:00,0.0,0.0,0.0
2023-09-21 00:00:00,0.0,0.0,0.0
2023-09-21 01:00:00,0.0,0.0,0.0
2023-09-21 02:00:00,0.0,0.0,0.0
2023-09-21 03:00:00,0.0,0.0,0.0
2023-09-21 04:00:00,0.0,0.0,0.0
2023-09-21 05:00:00,0.0962658853452058,0.1075506299183214,0.0191731299914972
2023-09-21 06:00:00,0.2866803688366817,0.2968219498739172,0.16157109174013
2023-09-21 07:00:00,0.4555383056386953,0.4753278328437654,0.3527215643272133
2023-09-21 08:00:00,0.5597528633742125,0.5879758314087857,0.5129392311744516
2023-09-21 09:00:00,0.6581863050126295,0.665662725293764,0.6269572701829498
2023-09-21 10:00:00,0.6876819506293075,0.6860745528511459,0.6821100220928732
2023-09-21 11:00:00,0.6677183189344108,0.6614765432275969,0.6922988739765518
2023-09-21 12:00:00,0.5988459335568774,0.5873887565387691,0.6441474626813216
2023-09-21 13:00:00,0.4824676185317552,0.4618008885583073,0.5443622019400479
2023-09-21 14:00:00,0.318790656860186,0.3021179331003226,0.3838569109806221
2023-09-21 15:00:00,0.1375448436377662,0.1192638887783323,0.2403068655179694
2023-09-21 16:00:00,0.0085934147629339,0.0,0.0702553424001988
2023-09-21 17:00:00,0.0,0.0,0.0
2023-09-21 18:00:00,0.0,0.0,0.0
2023-09-21 19:00:00,0.0,0.0,0.0
2023-09-21 20:00:00,0.0,0.0,0.0
2023-09-21 21:00:00,0.0,0.0,0.0
2023-09-21 22:00:00,0.0,0.0,0.0
2023-09-21 23:00:00,0.0,0.0,0.0
2023-09-22 00:00:00,0.0,0.0,0.0
2023-09-22 01:00:00,0.0,0.0,0.0
2023-09-22 02:00:00,0.0,0.0,0.0
2023-09-22 03:00:00,0.0,0.0,0.0
2023-09-22 04:00:00,0.0,0.0,0.0
2023-09-22 05:00:00,0.0770007208302319,0.1031347238955965,0.0151686161963734
2023-09-22 06:00:00,0.2356577474700315,0.2890746335585208,0.1353037319080644
2023-09-22 07:00:00,0.4245744515386884,0.4622078065883586,0.2077038139009924
2023-09-22 08:00:00,0.5009862407415308,0.5746660529124146,0.379943538794621
2023-09-22 09:00:00,0.6518916912079576,0.6515593420940419,0.5131367716133235
2023-09-22 10:00:00,0.6811534069524151,0.6671171212146135,0.5019559707160837
2023-09-22 11:00:00,0.6611646876093243,0.6354784995346502,0.5954221702520421
2023-09-22 12:00:00,0.5930949705737453,0.5556016851026578,0.5898902449051907
2023-09-22 13:00:00,0.473611184942209,0.338453184430202,0.4253933721210961
2023-09-22 14:00:00,0.3166349792162478,0.243075481839757,0.2911570488237071
2023-09-22 15:00:00,0.1300142894017177,0.1041074215125087,0.1923714448576578
2023-09-22 16:00:00,0.0070012623309203,0.0,0.0579624126797383
2023-09-22 17:00:00,0.0,0.0,0.0
2023-09-22 18:00:00,0.0,0.0,0.0
2023-09-22 19:00:00,0.0,0.0,0.0
2023-09-22 20:00:00,0.0,0.0,0.0
2023-09-22 21:00:00,0.0,0.0,0.0
2023-09-22 22:00:00,0.0,0.0,0.0
2023-09-22 23:00:00,0.0,0.0,0.0
2023-09-23 00:00:00,0.0,0.0,0.0
2023-09-23 01:00:00,0.0,0.0,0.0
2023-09-23 02:00:00,0.0,0.0,0.0
2023-09-23 03:00:00,0.0,0.0,0.0
2023-09-23 04:00:00,0.0,0.0,0.0
2023-09-23 05:00:00,0.0706353631183856,0.0976668557432149,0.0125507612059002
2023-09-23 06:00:00,0.2073437218616907,0.2802291661927564,0.0941525692246067
2023-09-23 07:00:00,0.3169213566180436,0.454571425992551,0.1934172830968808
2023-09-23 08:00:00,0.5192555696175025,0.5691067937291067,0.4272183618324355
2023-09-23 09:00:00,0.5892483410728634,0.6476106857478389,0.5991094027306921
2023-09-23 10:00:00,0.6705218506843681,0.6677854262240132,0.6273757797326948
2023-09-23 11:00:00,0.6511125358526061,0.6448519968230693,0.6166680174094735
2023-09-23 12:00:00,0.5820085750141943,0.5722693048063633,0.5996377145706132
2023-09-23 13:00:00,0.4648079383863951,0.4509192697685497,0.5186914978638864
2023-09-23 14:00:00,0.3015617991046057,0.288658496689358,0.3937959061592037
2023-09-23 15:00:00,0.1247711373045926,0.1075579786031438,0.218088511862234
2023-09-23 16:00:00,0.0066117717784247,0.0,0.0569221077314616
2023-09-23 17:00:00,0.0,0.0,0.0
2023-09-23 18:00:00,0.0,0.0,0.0
2023-09-23 19:00:00,0.0,0.0,0.0
2023-09-23 20:00:00,0.0,0.0,0.0
2023-09-23 21:00:00,0.0,0.0,0.0
2023-09-23 22:00:00,0.0,0.0,0.0
2023-09-23 23:00:00,0.0,0.0,0.0
2023-09-24 00:00:00,0.0,0.0,0.0
2023-09-24 01:00:00,0.0,0.0,0.0
2023-09-24 02:00:00,0.0,0.0,0.0
2023-09-24 03:00:00,0.0,0.0,0.0
2023-09-24 04:00:00,0.0,0.0,0.0
2023-09-24 05:00:00,0.0768792572372423,0.0990163622006498,0.0103325298307383
2023-09-24 06:00:00,0.2343940272251179,0.2843780387206437,0.0755654948329527
2023-09-24 07:00:00,0.4025148545914115,0.4578578946498255,0.1046767624505334
2023-09-24 08:00:00,0.5503488144442633,0.5709303904290877,0.1432606119829026
2023-09-24 09:00:00,0.6406815294279449,0.6491121783882918,0.1502123641049857
2023-09-24 10:00:00,0.6665495679439772,0.6676013955644938,0.1547171182274736
2023-09-24 11:00:00,0.6496750645312483,0.6453813775998615,0.1963571476607966
2023-09-24 12:00:00,0.5835907422522141,0.5731099226446118,0.1385724975214784
2023-09-24 13:00:00,0.4677137198078029,0.4513112057585118,0.1170024593865783
2023-09-24 14:00:00,0.3090112745379393,0.2893144820023947,0.0568055040309225
2023-09-24 15:00:00,0.1242560491944733,0.1084419796629635,0.0306328398461104
2023-09-24 16:00:00,0.0,0.0,0.0047563667157378
2023-09-24 17:00:00,0.0,0.0,0.0
2023-09-24 18:00:00,0.0,0.0,0.0
2023-09-24 19:00:00,0.0,0.0,0.0
2023-09-24 20:00:00,0.0,0.0,0.0
2023-09-24 21:00:00,0.0,0.0,0.0
2023-09-24 22:00:00,0.0,0.0,0.0
2023-09-24 23:00:00,0.0,0.0,0.0
2023-09-25 00:00:00,0.0,0.0,0.0
2023-09-25 01:00:00,0.0,0.0,0.0
2023-09-25 02:00:00,0.0,0.0,0.0
2023-09-25 03:00:00,0.0,0.0,0.0
2023-09-25 04:00:00,0.0,0.0,0.0
2023-09-25 05:00:00,0.0861571010205507,0.0979063908091498,0.0018762686552468
2023-09-25 06:00:00,0.2702464852136733,0.2844968916232903,0.0328333498809386
2023-09-25 07:00:00,0.4497731605351737,0.4628740101193797,0.0628247853620179
2023-09-25 08:00:00,0.5711471352079808,0.5749893971953131,0.152114438355531
2023-09-25 09:00:00,0.6539113937776077,0.6522368587108148,0.1818193474119384
2023-09-25 10:00:00,0.6821738814387894,0.6719917080496965,0.2945499082184182
2023-09-25 11:00:00,0.6633622297280879,0.6474047975805298,0.3240119465181108
2023-09-25 12:00:00,0.593220320208733,0.5731602408645343,0.2707486744900663
2023-09-25 13:00:00,0.4728255335470702,0.4496760756326743,0.2922912234840653
2023-09-25 14:00:00,0.3096068744745925,0.2859793810818166,0.1774732027750901
2023-09-25 15:00:00,0.1228148043823245,0.1042547306908613,0.1219530480787229
2023-09-25 16:00:00,0.0,0.0,0.0378996230597538
2023-09-25 17:00:00,0.0,0.0,0.0
2023-09-25 18:00:00,0.0,0.0,0.0
2023-09-25 19:00:00,0.0,0.0,0.0
2023-09-25 20:00:00,0.0,0.0,0.0
2023-09-25 21:00:00,0.0,0.0,0.0
2023-09-25 22:00:00,0.0,0.0,0.0
2023-09-25 23:00:00,0.0,0.0,0.0
2023-09-26 00:00:00,0.0,0.0,0.0
2023-09-26 01:00:00,0.0,0.0,0.0
2023-09-26 02:00:00,0.0,0.0,0.0
2023-09-26 03:00:00,0.0,0.0,0.0
2023-09-26 04:00:00,0.0,0.0,0.0
2023-09-26 05:00:00,0.0856476611798183,0.0965393363894456,0.0169827540606996
2023-09-26 06:00:00,0.2717691519321322,0.2829806626378984,0.1636488281066446
2023-09-26 07:00:00,0.4502832503340181,0.4585523235345159,0.2283356379507839
2023-09-26 08:00:00,0.5693189289935201,0.5685039207667709,0.3994584210057803
2023-09-26 09:00:00,0.6499513404947833,0.6440980044026042,0.5417931810064751
2023-09-26 10:00:00,0.678132458572695,0.6640000452254842,0.6619741588477204
2023-09-26 11:00:00,0.6599306450904153,0.63952137996637,0.6795093810400058
2023-09-26 12:00:00,0.5924430372093608,0.5651828838357952,0.6235057653077987
2023-09-26 13:00:00,0.4725428015936601,0.4420732604052054,0.5418858860991592
2023-09-26 14:00:00,0.3086826337962679,0.2790735705298481,0.4059176840879042
2023-09-26 15:00:00,0.1202724257067678,0.099004736388757,0.2264653546364853
2023-09-26 16:00:00,0.0,0.0,0.0553186795987363
2023-09-26 17:00:00,0.0,0.0,0.0
2023-09-26 18:00:00,0.0,0.0,0.0
2023-09-26 19:00:00,0.0,0.0,0.0
2023-09-26 20:00:00,0.0,0.0,0.0
2023-09-26 21:00:00,0.0,0.0,0.0
2023-09-26 22:00:00,0.0,0.0,0.0
2023-09-26 23:00:00,0.0,0.0,0.0
2023-09-27 00:00:00,0.0,0.0,0.0
2023-09-27 01:00:00,0.0,0.0,0.0
2023-09-27 02:00:00,0.0,0.0,0.0
2023-09-27 03:00:00,0.0,0.0,0.0
2023-09-27 04:00:00,0.0,0.0,0.0
2023-09-27 05:00:00,0.0851024316441612,0.0936818661850861,0.0178588093364613
2023-09-27 06:00:00,0.2724594432623324,0.279808665612841,0.167588976974863
2023-09-27 07:00:00,0.450207715742769,0.4571427666195884,0.362830182484255
2023-09-27 08:00:00,0.5711478233750419,0.5701627409942489,0.5169193732802119
2023-09-27 09:00:00,0.6524360965679764,0.648629736341626,0.6285595183073073
2023-09-27 10:00:00,0.6799682220939398,0.6706673015354071,0.6787416331604209
2023-09-27 11:00:00,0.6608068276301726,0.6467937940512442,0.6863639437650466
2023-09-27 12:00:00,0.591714638291698,0.5723483693290482,0.6444872107806647
2023-09-27 13:00:00,0.4712999341842541,0.4477211107490051,0.5510443835085272
2023-09-27 14:00:00,0.3074435821487499,0.2817544977970509,0.4093249644331898
2023-09-27 15:00:00,0.1183755321000838,0.0985810004239976,0.2270001817932414
2023-09-27 16:00:00,0.0,0.0,0.0535938584943781
2023-09-27 17:00:00,0.0,0.0,0.0
2023-09-27 18:00:00,0.0,0.0,0.0
2023-09-27 19:00:00,0.0,0.0,0.0
2023-09-27 20:00:00,0.0,0.0,0.0
2023-09-27 21:00:00,0.0,0.0,0.0
2023-09-27 22:00:00,0.0,0.0,0.0
2023-09-27 23:00:00,0.0,0.0,0.0
2023-09-28 00:00:00,0.0,0.0,0.0
2023-09-28 01:00:00,0.0,0.0,0.0
2023-09-28 02:00:00,0.0,0.0,0.0
2023-09-28 03:00:00,0.0,0.0,0.0
2023-09-28 04:00:00,0.0,0.0,0.0
2023-09-28 05:00:00,0.0818072508381852,0.0950794506305289,0.0175910590367223
2023-09-28 06:00:00,0.2653038056450524,0.2839146390171674,0.1651220094642605
2023-09-28 07:00:00,0.4442560002427286,0.4624928705725913,0.3457896984354547
2023-09-28 08:00:00,0.5667734383018901,0.5758375507283132,0.5090207296693844
2023-09-28 09:00:00,0.6496812417239451,0.6539797323108121,0.6222976685327443
2023-09-28 10:00:00,0.6759503316666187,0.6727802969994073,0.6711000020766275
2023-09-28 11:00:00,0.6550989709713313,0.6475378837749153,0.677276102741826
2023-09-28 12:00:00,0.5844193942986251,0.5715559489172022,0.6405316659241941
2023-09-28 13:00:00,0.4605142291284707,0.4451561798667167,0.5354002477963603
2023-09-28 14:00:00,0.2924271780554878,0.2777532539502113,0.4038302210332764
2023-09-28 15:00:00,0.101793406650517,0.0944657067896354,0.219605384162681
2023-09-28 16:00:00,0.0,0.0,0.0499134733860751
2023-09-28 17:00:00,0.0,0.0,0.0
2023-09-28 18:00:00,0.0,0.0,0.0
2023-09-28 19:00:00,0.0,0.0,0.0
2023-09-28 20:00:00,0.0,0.0,0.0
2023-09-28 21:00:00,0.0,0.0,0.0
2023-09-28 22:00:00,0.0,0.0,0.0
2023-09-28 23:00:00,0.0,0.0,0.0
2023-09-29 00:00:00,0.0,0.0,0.0
2023-09-29 01:00:00,0.0,0.0,0.0
2023-09-29 02:00:00,0.0,0.0,0.0
2023-09-29 03:00:00,0.0,0.0,0.0
2023-09-29 04:00:00,0.0,0.0,0.0
2023-09-29 05:00:00,0.0705335449649566,0.092675831806809,0.0184934754959409
2023-09-29 06:00:00,0.2221142074710307,0.2812329475516481,0.1670221684901114
2023-09-29 07:00:00,0.414033108092635,0.4593234675363776,0.3599544060485758
2023-09-29 08:00:00,0.5557418302764522,0.5723788983271614,0.5165076876018506
2023-09-29 09:00:00,0.6420256421627015,0.6484666054791135,0.6277699369901293
2023-09-29 10:00:00,0.6669294173564022,0.6687303146566083,0.6776300578491665
2023-09-29 11:00:00,0.6430885656999172,0.6436461460083032,0.6828901485217719
2023-09-29 12:00:00,0.5454585223915018,0.5673627165288033,0.6410027244582863
2023-09-29 13:00:00,0.4481639381131464,0.4405512763306579,0.5427241797078206
2023-09-29 14:00:00,0.2439538071520668,0.2729070869229807,0.383017699095612
2023-09-29 15:00:00,0.0934639318514007,0.0906049614537529,0.2046333331838014
2023-09-29 16:00:00,0.0,0.0,0.048797162597909
2023-09-29 17:00:00,0.0,0.0,0.0
2023-09-29 18:00:00,0.0,0.0,0.0
2023-09-29 19:00:00,0.0,0.0,0.0
2023-09-29 20:00:00,0.0,0.0,0.0
2023-09-29 21:00:00,0.0,0.0,0.0
2023-09-29 22:00:00,0.0,0.0,0.0
2023-09-29 23:00:00,0.0,0.0,0.0
2023-09-30 00:00:00,0.0,0.0,0.0
2023-09-30 01:00:00,0.0,0.0,0.0
2023-09-30 02:00:00,0.0,0.0,0.0
2023-09-30 03:00:00,0.0,0.0,0.0
2023-09-30 04:00:00,0.0,0.0,0.0
2023-09-30 05:00:00,0.0723405020795014,0.0921676680549923,0.0188228600490194
2023-09-30 06:00:00,0.238080631321271,0.2797773378560874,0.1632914872655022
2023-09-30 07:00:00,0.4284991866188849,0.45596564521419,0.3559840886961052
2023-09-30 08:00:00,0.5325806656857415,0.576854069622696,0.5135779941724209
2023-09-30 09:00:00,0.5947318132565652,0.6538953034333314,0.62698335356181
2023-09-30 10:00:00,0.6476439415227316,0.6737877485452121,0.6768980393915861
2023-09-30 11:00:00,0.6288197624910029,0.6473536806690022,0.6848681288814209
2023-09-30 12:00:00,0.5541900043011965,0.5690628783942239,0.6077382015541661
2023-09-30 13:00:00,0.4485214772125953,0.439751100596484,0.5456735835575467
2023-09-30 14:00:00,0.2885480926294522,0.2702301697331729,0.3903084107603262
2023-09-30 15:00:00,0.1031760372876032,0.0873948989139202,0.1727253710813039
2023-09-30 16:00:00,0.0,0.0,0.04111580333751
2023-09-30 17:00:00,0.0,0.0,0.0
2023-09-30 18:00:00,0.0,0.0,0.0
2023-09-30 19:00:00,0.0,0.0,0.0
2023-09-30 20:00:00,0.0,0.0,0.0
2023-09-30 21:00:00,0.0,0.0,0.0
2023-09-30 22:00:00,0.0,0.0,0.0
2023-09-30 23:00:00,0.0,0.0,0.0
2023-10-01 00:00:00,0.0,0.0,0.0
2023-10-01 01:00:00,0.0,0.0,0.0
2023-10-01 02:00:00,0.0,0.0,0.0
2023-10-01 03:00:00,0.0,0.0,0.0
2023-10-01 04:00:00,0.0,0.0,0.0
2023-10-01 05:00:00,0.0449985884782799,0.0861851753405145,0.0
2023-10-01 06:00:00,0.1534595334097112,0.2714665135047339,0.0125416716060255
2023-10-01 07:00:00,0.3961403057487562,0.4478092912704232,0.0975561315755823
2023-10-01 08:00:00,0.5026775821923339,0.5616495977676278,0.2715840326795881
2023-10-01 09:00:00,0.5762984091363033,0.639565217808844,0.3998569668868931
2023-10-01 10:00:00,0.6673707177550804,0.6575939905103103,0.3407351177671583
2023-10-01 11:00:00,0.6290619499157071,0.6195388867630499,0.4304251997228105
2023-10-01 12:00:00,0.5678942895900625,0.5418904642441266,0.2055077942862202
2023-10-01 13:00:00,0.4351429217279863,0.4220642133985506,0.1981911543471093
2023-10-01 14:00:00,0.2727075999200958,0.253755584193656,0.1740475329018548
2023-10-01 15:00:00,0.0886742916618837,0.0789179967393191,0.1533625895906326
2023-10-01 16:00:00,0.0,0.0,0.0175324560325553
2023-10-01 17:00:00,0.0,0.0,0.0
2023-10-01 18:00:00,0.0,0.0,0.0
2023-10-01 19:00:00,0.0,0.0,0.0
2023-10-01 20:00:00,0.0,0.0,0.0
2023-10-01 21:00:00,0.0,0.0,0.0
2023-10-01 22:00:00,0.0,0.0,0.0
2023-10-01 23:00:00,0.0,0.0,0.0
2023-10-02 00:00:00,0.0,0.0,0.0
2023-10-02 01:00:00,0.0,0.0,0.0
2023-10-02 02:00:00,0.0,0.0,0.0
2023-10-02 03:00:00,0.0,0.0,0.0
2023-10-02 04:00:00,0.0,0.0,0.0
2023-10-02 05:00:00,0.0700474800582306,0.0645848300656704,0.0
2023-10-02 06:00:00,0.2305989480700787,0.2128663519095332,0.0742977932027423
2023-10-02 07:00:00,0.4118056328550598,0.3248496817195522,0.2240962282859164
2023-10-02 08:00:00,0.5280999532355352,0.4475324934751151,0.274528923779617
2023-10-02 09:00:00,0.6279830662393644,0.5023722895080052,0.4716234696817836
2023-10-02 10:00:00,0.636312779906069,0.5594199081211567,0.4163297068409375
2023-10-02 11:00:00,0.589309959834642,0.514580714006789,0.5220738626075365
2023-10-02 12:00:00,0.5040354246758448,0.4726156503435718,0.4390874888511912
2023-10-02 13:00:00,0.3563200369038999,0.3783074505659828,0.3401902709607793
2023-10-02 14:00:00,0.2188077234330725,0.2102883249922427,0.2874453717525301
2023-10-02 15:00:00,0.0805019178001649,0.0663071016394901,0.1610642421957053
2023-10-02 16:00:00,0.0,0.0,0.0376397285328002
2023-10-02 17:00:00,0.0,0.0,0.0
2023-10-02 18:00:00,0.0,0.0,0.0
2023-10-02 19:00:00,0.0,0.0,0.0
2023-10-02 20:00:00,0.0,0.0,0.0
2023-10-02 21:00:00,0.0,0.0,0.0
2023-10-02 22:00:00,0.0,0.0,0.0
2023-10-02 23:00:00,0.0,0.0,0.0
2023-10-03 00:00:00,0.0,0.0,0.0
2023-10-03 01:00:00,0.0,0.0,0.0
2023-10-03 02:00:00,0.0,0.0,0.0
2023-10-03 03:00:00,0.0,0.0,0.0
2023-10-03 04:00:00,0.0,0.0,0.0
2023-10-03 05:00:00,0.0763241396270564,0.0426515029443538,0.0
2023-10-03 06:00:00,0.2358126765873044,0.1761269242164276,0.0895129972579821
2023-10-03 07:00:00,0.3432851954557993,0.3724948632852455,0.2462328061920157
2023-10-03 08:00:00,0.5150983747848646,0.5286051968741554,0.4538679929586465
2023-10-03 09:00:00,0.5883370976169655,0.6431259257067533,0.5886434959090838
2023-10-03 10:00:00,0.609396732020295,0.6540803303454861,0.6479370279640766
2023-10-03 11:00:00,0.6017087506538626,0.651235313566001,0.646851145717332
2023-10-03 12:00:00,0.5889066525245994,0.5738965040728606,0.5947348180942689
2023-10-03 13:00:00,0.4539414117198758,0.4499248054811046,0.5186443615853215
2023-10-03 14:00:00,0.2729011607565627,0.2668450544095143,0.3708051031381421
2023-10-03 15:00:00,0.0963771603282319,0.0800164298909597,0.1934566901850973
2023-10-03 16:00:00,0.0,0.0,0.0354889372541508
2023-10-03 17:00:00,0.0,0.0,0.0
2023-10-03 18:00:00,0.0,0.0,0.0
2023-10-03 19:00:00,0.0,0.0,0.0
2023-10-03 20:00:00,0.0,0.0,0.0
2023-10-03 21:00:00,0.0,0.0,0.0
2023-10-03 22:00:00,0.0,0.0,0.0
2023-10-03 23:00:00,0.0,0.0,0.0
2023-10-04 00:00:00,0.0,0.0,0.0
2023-10-04 01:00:00,0.0,0.0,0.0
2023-10-04 02:00:00,0.0,0.0,0.0
2023-10-04 03:00:00,0.0,0.0,0.0
2023-10-04 04:00:00,0.0,0.0,0.0
2023-10-04 05:00:00,0.0748756777128738,0.0809753619396416,0.0
2023-10-04 06:00:00,0.2647811243642636,0.2652088151449762,0.0359555932007084
2023-10-04 07:00:00,0.4527053088012885,0.4477584638170649,0.0552988916899185
2023-10-04 08:00:00,0.5790836555814027,0.570300998045552,0.1047465818967484
2023-10-04 09:00:00,0.663558755638878,0.6464983292189349,0.215369825663927
2023-10-04 10:00:00,0.690870425918676,0.6674762591252369,0.2756191653132285
2023-10-04 11:00:00,0.6661166078944185,0.639659087531052,0.390473712961715
2023-10-04 12:00:00,0.5909361737683219,0.5592651638664489,0.4403041102845595
2023-10-04 13:00:00,0.4596785357563321,0.4264941987967401,0.3866389004111308
2023-10-04 14:00:00,0.2860177971566856,0.2515366552322723,0.3133019735823587
2023-10-04 15:00:00,0.0939697630137189,0.0715559781145536,0.1709090657635925
2023-10-04 16:00:00,0.0,0.0,0.0243409573014535
2023-10-04 17:00:00,0.0,0.0,0.0
2023-10-04 18:00:00,0.0,0.0,0.0
2023-10-04 19:00:00,0.0,0.0,0.0
2023-10-04 20:00:00,0.0,0.0,0.0
2023-10-04 21:00:00,0.0,0.0,0.0
2023-10-04 22:00:00,0.0,0.0,0.0
2023-10-04 23:00:00,0.0,0.0,0.0
2023-10-05 00:00:00,0.0,0.0,0.0
2023-10-05 01:00:00,0.0,0.0,0.0
2023-10-05 02:00:00,0.0,0.0,0.0
2023-10-05 03:00:00,0.0,0.0,0.0
2023-10-05 04:00:00,0.0,0.0,0.0
2023-10-05 05:00:00,0.0155901466894276,0.0235370552892291,0.0
2023-10-05 06:00:00,0.1406248844593348,0.164204649944336,0.0972127232835152
2023-10-05 07:00:00,0.3269660152246967,0.384847963015066,0.2247349903228834
2023-10-05 08:00:00,0.4462955527558728,0.5455662781968048,0.3634470216857153
2023-10-05 09:00:00,0.572738310091944,0.574202705808825,0.4825771961150373
2023-10-05 10:00:00,0.6108431619951571,0.6303163662107505,0.6111292213276391
2023-10-05 11:00:00,0.6066997995978339,0.5909368839572599,0.6821216540969568
2023-10-05 12:00:00,0.5340294384589047,0.5207969257330017,0.6437342524403085
2023-10-05 13:00:00,0.4176949257710541,0.3807004873654269,0.4849663685090709
2023-10-05 14:00:00,0.2378050832184282,0.2445882507068707,0.3052483378336602
2023-10-05 15:00:00,0.0782222306343247,0.0722182620108945,0.1412716953651671
2023-10-05 16:00:00,0.0,0.0,0.0170993998148491
2023-10-05 17:00:00,0.0,0.0,0.0
2023-10-05 18:00:00,0.0,0.0,0.0
2023-10-05 19:00:00,0.0,0.0,0.0
2023-10-05 20:00:00,0.0,0.0,0.0
2023-10-05 21:00:00,0.0,0.0,0.0
2023-10-05 22:00:00,0.0,0.0,0.0
2023-10-05 23:00:00,0.0,0.0,0.0
2023-10-06 00:00:00,0.0,0.0,0.0
2023-10-06 01:00:00,0.0,0.0,0.0
2023-10-06 02:00:00,0.0,0.0,0.0
2023-10-06 03:00:00,0.0,0.0,0.0
2023-10-06 04:00:00,0.0,0.0,0.0
2023-10-06 05:00:00,0.0477792687588535,0.0235545197959911,0.0
2023-10-06 06:00:00,0.1121622649412489,0.0962392700016269,0.0591647155980226
2023-10-06 07:00:00,0.1957977497968852,0.1865750165136012,0.2095576031026384
2023-10-06 08:00:00,0.2242373162037433,0.3267367052470604,0.4042817032753162
2023-10-06 09:00:00,0.3749022692120187,0.4196190209930536,0.4677931196115323
2023-10-06 10:00:00,0.4118680142467684,0.4253203547048739,0.4473765901261176
2023-10-06 11:00:00,0.332118640486547,0.477151533534829,0.5056857019368233
2023-10-06 12:00:00,0.1533183072072104,0.4684335809564256,0.4643589879313604
2023-10-06 13:00:00,0.0778781321413148,0.3037008156597308,0.3674543359963271
2023-10-06 14:00:00,0.0829199760908792,0.1829002354825278,0.2517650993900058
2023-10-06 15:00:00,0.0754257755049463,0.0587724638307277,0.1192311496367458
2023-10-06 16:00:00,0.0,0.0,0.0280782625195445
2023-10-06 17:00:00,0.0,0.0,0.0
2023-10-06 18:00:00,0.0,0.0,0.0
2023-10-06 19:00:00,0.0,0.0,0.0
2023-10-06 20:00:00,0.0,0.0,0.0
2023-10-06 21:00:00,0.0,0.0,0.0
2023-10-06 22:00:00,0.0,0.0,0.0
2023-10-06 23:00:00,0.0,0.0,0.0
2023-10-07 00:00:00,0.0,0.0,0.0
2023-10-07 01:00:00,0.0,0.0,0.0
2023-10-07 02:00:00,0.0,0.0,0.0
2023-10-07 03:00:00,0.0,0.0,0.0
2023-10-07 04:00:00,0.0,0.0,0.0
2023-10-07 05:00:00,0.0736496931986839,0.0792092627026205,0.0
2023-10-07 06:00:00,0.2684940693461984,0.2752167487651424,0.1024492111244827
2023-10-07 07:00:00,0.4582445610849475,0.4620084177796316,0.2438951810451719
2023-10-07 08:00:00,0.5853307889422137,0.560906369075009,0.3953605815538862
2023-10-07 09:00:00,0.6697804663911427,0.4620251312278912,0.5159940486013179
2023-10-07 10:00:00,0.7002117956828037,0.3731720861189001,0.5617976783175874
2023-10-07 11:00:00,0.6692496143325222,0.3858660586437228,0.475021136490372
2023-10-07 12:00:00,0.4976771066598278,0.3002568179641585,0.3645617216727969
2023-10-07 13:00:00,0.447957655678434,0.137431940299863,0.2464856122770854
2023-10-07 14:00:00,0.2707868226352515,0.048548207283196,0.2091485604533043
2023-10-07 15:00:00,0.0804389778389668,0.0097657450309741,0.1165564724906087
2023-10-07 16:00:00,0.0,0.0,0.0149063273001177
2023-10-07 17:00:00,0.0,0.0,0.0
2023-10-07 18:00:00,0.0,0.0,0.0
2023-10-07 19:00:00,0.0,0.0,0.0
2023-10-07 20:00:00,0.0,0.0,0.0
2023-10-07 21:00:00,0.0,0.0,0.0
2023-10-07 22:00:00,0.0,0.0,0.0
2023-10-07 23:00:00,0.0,0.0,0.0
2023-10-08 00:00:00,0.0,0.0,0.0
2023-10-08 01:00:00,0.0,0.0,0.0
2023-10-08 02:00:00,0.0,0.0,0.0
2023-10-08 03:00:00,0.0,0.0,0.0
2023-10-08 04:00:00,0.0,0.0,0.0
2023-10-08 05:00:00,0.0562633533386436,0.0001773187463656,0.0
2023-10-08 06:00:00,0.2268170331075538,0.0069595468166097,0.0013303982158888
2023-10-08 07:00:00,0.360358120168873,0.0150895237105494,0.0203444231075071
2023-10-08 08:00:00,0.5110815483660746,0.0218686500428622,0.0286481372652782
2023-10-08 09:00:00,0.5693072946734127,0.0162596860384827,0.0212667554485111
2023-10-08 10:00:00,0.502248810028425,0.0180213621024543,0.0217030501862203
2023-10-08 11:00:00,0.5266735730977103,0.0149719027213424,0.0398317561422434
2023-10-08 12:00:00,0.2396479666565855,0.0197272510402982,0.31207096446881
2023-10-08 13:00:00,0.1318984041121747,0.0134541973784049,0.2996584080904113
2023-10-08 14:00:00,0.029115642823926,0.008451161532595,0.3240504016774201
2023-10-08 15:00:00,0.0023123607052811,0.0008372281104803,0.1818840824595614
2023-10-08 16:00:00,0.0,0.0,0.033783045188069
2023-10-08 17:00:00,0.0,0.0,0.0
2023-10-08 18:00:00,0.0,0.0,0.0
2023-10-08 19:00:00,0.0,0.0,0.0
2023-10-08 20:00:00,0.0,0.0,0.0
2023-10-08 21:00:00,0.0,0.0,0.0
2023-10-08 22:00:00,0.0,0.0,0.0
2023-10-08 23:00:00,0.0,0.0,0.0
2023-10-09 00:00:00,0.0,0.0,0.0
2023-10-09 01:00:00,0.0,0.0,0.0
2023-10-09 02:00:00,0.0,0.0,0.0
2023-10-09 03:00:00,0.0,0.0,0.0
2023-10-09 04:00:00,0.0,0.0,0.0
2023-10-09 05:00:00,0.0745866794585348,0.0642882634045624,0.0
2023-10-09 06:00:00,0.2768542166563341,0.2391647374257622,0.0863491326092739
2023-10-09 07:00:00,0.471992528038187,0.2585300227899939,0.1669521937300498
2023-10-09 08:00:00,0.6017949407142146,0.2020011502984047,0.2209093767914028
2023-10-09 09:00:00,0.6135143106179749,0.314765117036426,0.2915395372718797
2023-10-09 10:00:00,0.4398395694301177,0.4233057915797042,0.1771019211413068
2023-10-09 11:00:00,0.3478088693680972,0.385402354144697,0.1449141470467683
2023-10-09 12:00:00,0.271329940593053,0.2828601322293407,0.1512578126253862
2023-10-09 13:00:00,0.1925245868266756,0.1423016729431369,0.1141932154549051
2023-10-09 14:00:00,0.0968726721193276,0.1145920302993896,0.0855724720679438
2023-10-09 15:00:00,0.0182989022356825,0.0149716463853381,0.0290267045738299
2023-10-09 16:00:00,0.0,0.0,0.0010943755837456
2023-10-09 17:00:00,0.0,0.0,0.0
2023-10-09 18:00:00,0.0,0.0,0.0
2023-10-09 19:00:00,0.0,0.0,0.0
2023-10-09 20:00:00,0.0,0.0,0.0
2023-10-09 21:00:00,0.0,0.0,0.0
2023-10-09 22:00:00,0.0,0.0,0.0
2023-10-09 23:00:00,0.0,0.0,0.0
2023-10-10 00:00:00,0.0,0.0,0.0
2023-10-10 01:00:00,0.0,0.0,0.0
2023-10-10 02:00:00,0.0,0.0,0.0
2023-10-10 03:00:00,0.0,0.0,0.0
2023-10-10 04:00:00,0.0,0.0,0.0
2023-10-10 05:00:00,0.0296960674392583,0.0540310550094882,0.0
2023-10-10 06:00:00,0.0841534898923879,0.1482177771197927,0.0422858031223492
2023-10-10 07:00:00,0.073820641044812,0.3065146864727073,0.0321198585458803
2023-10-10 08:00:00,0.1155466311555729,0.4450045600002462,0.1174151597198032
2023-10-10 09:00:00,0.1347753076836805,0.3865933416775663,0.1626529751467123
2023-10-10 10:00:00,0.1543527731549773,0.4469574287412293,0.1874949389165036
2023-10-10 11:00:00,0.0995871934182314,0.3967582164333436,0.2042666880386296
2023-10-10 12:00:00,0.0987986328285695,0.3169072357381827,0.2630442054528669
2023-10-10 13:00:00,0.2587224917742006,0.1862059232946979,0.2981490310885131
2023-10-10 14:00:00,0.1671306032267533,0.1185014338567596,0.2152144867385257
2023-10-10 15:00:00,0.0511023027505818,0.0240071081102008,0.1319383572204996
2023-10-10 16:00:00,0.0,0.0,0.0230761385600812
2023-10-10 17:00:00,0.0,0.0,0.0
2023-10-10 18:00:00,0.0,0.0,0.0
2023-10-10 19:00:00,0.0,0.0,0.0
2023-10-10 20:00:00,0.0,0.0,0.0
2023-10-10 21:00:00,0.0,0.0,0.0
2023-10-10 22:00:00,0.0,0.0,0.0
2023-10-10 23:00:00,0.0,0.0,0.0
2023-10-11 00:00:00,0.0,0.0,0.0
2023-10-11 01:00:00,0.0,0.0,0.0
2023-10-11 02:00:00,0.0,0.0,0.0
2023-10-11 03:00:00,0.0,0.0,0.0
2023-10-11 04:00:00,0.0,0.0,0.0
2023-10-11 05:00:00,0.0673293663055307,0.0713330461081872,0.0
2023-10-11 06:00:00,0.2629720489150886,0.2763721183028724,0.1036403697260398
2023-10-11 07:00:00,0.4632077199825365,0.4746322259720468,0.2922426763416508
2023-10-11 08:00:00,0.5982133862529284,0.6081234728712924,0.4165621673890236
2023-10-11 09:00:00,0.6857339469960291,0.6808121300041453,0.369233197182201
2023-10-11 10:00:00,0.7000631620680814,0.704645306426277,0.3182407170562867
2023-10-11 11:00:00,0.6810685239560216,0.6826926599985373,0.1665220315264569
2023-10-11 12:00:00,0.5999997776207971,0.5925083813412824,0.0829194640418463
2023-10-11 13:00:00,0.4628024438951015,0.4437379429720508,0.050655247708417
2023-10-11 14:00:00,0.2742851405059228,0.2493308466265762,0.0453344213448018
2023-10-11 15:00:00,0.0767569412849725,0.0590750563419024,0.0563961528322884
2023-10-11 16:00:00,0.0,0.0,0.0
2023-10-11 17:00:00,0.0,0.0,0.0
2023-10-11 18:00:00,0.0,0.0,0.0
2023-10-11 19:00:00,0.0,0.0,0.0
2023-10-11 20:00:00,0.0,0.0,0.0
2023-10-11 21:00:00,0.0,0.0,0.0
2023-10-11 22:00:00,0.0,0.0,0.0
2023-10-11 23:00:00,0.0,0.0,0.0
2023-10-12 00:00:00,0.0,0.0,0.0
2023-10-12 01:00:00,0.0,0.0,0.0
2023-10-12 02:00:00,0.0,0.0,0.0
2023-10-12 03:00:00,0.0,0.0,0.0
2023-10-12 04:00:00,0.0,0.0,0.0
2023-10-12 05:00:00,0.0639833173494451,0.0603544022065094,0.0
2023-10-12 06:00:00,0.2532789508767207,0.2431498768957078,0.1017918210478623
2023-10-12 07:00:00,0.4474173324257929,0.4511503413972782,0.2863928696290264
2023-10-12 08:00:00,0.5748259184964277,0.5726111829203773,0.4593878076718927
2023-10-12 09:00:00,0.6616369906452783,0.6555729948622429,0.5982179492800275
2023-10-12 10:00:00,0.6884822448421696,0.6668932353704368,0.6535503900950421
2023-10-12 11:00:00,0.6620430985218066,0.6297531170125554,0.6580139916369421
2023-10-12 12:00:00,0.5783749324159274,0.5456853524345404,0.6055220583696826
2023-10-12 13:00:00,0.4168014686920051,0.4029934785766887,0.5043597689844841
2023-10-12 14:00:00,0.254051663818493,0.2188346210034497,0.3401322118500096
2023-10-12 15:00:00,0.0683687151971639,0.0477826921232689,0.1617636986218359
2023-10-12 16:00:00,0.0,0.0,0.0
2023-10-12 17:00:00,0.0,0.0,0.0
2023-10-12 18:00:00,0.0,0.0,0.0
2023-10-12 19:00:00,0.0,0.0,0.0
2023-10-12 20:00:00,0.0,0.0,0.0
2023-10-12 21:00:00,0.0,0.0,0.0
2023-10-12 22:00:00,0.0,0.0,0.0
2023-10-12 23:00:00,0.0,0.0,0.0
2023-10-13 00:00:00,0.0,0.0,0.0
2023-10-13 01:00:00,0.0,0.0,0.0
2023-10-13 02:00:00,0.0,0.0,0.0
2023-10-13 03:00:00,0.0,0.0,0.0
2023-10-13 04:00:00,0.0,0.0,0.0
2023-10-13 05:00:00,0.0594731774710465,0.0345619026921681,0.0
2023-10-13 06:00:00,0.2463719609442357,0.1041809012922543,0.00942107686602
2023-10-13 07:00:00,0.4163519012963194,0.1437190921465361,0.1664546281789182
2023-10-13 08:00:00,0.478740579738035,0.2160133134479303,0.4233527704885206
2023-10-13 09:00:00,0.4275617844283672,0.2526433108770872,0.5223027196742582
2023-10-13 10:00:00,0.4568155878638917,0.2482455828079134,0.5130375210760383
2023-10-13 11:00:00,0.4126622576455337,0.1830569007771373,0.4925545857911502
2023-10-13 12:00:00,0.3142014921107347,0.101837964635226,0.3669913989767046
2023-10-13 13:00:00,0.182503240841051,0.0732604744320088,0.2609237351637203
2023-10-13 14:00:00,0.0663206201313159,0.0529064317536659,0.1877259191468077
2023-10-13 15:00:00,0.0111152440791138,0.0111715729951318,0.0939880373056821
2023-10-13 16:00:00,0.0,0.0,0.0
2023-10-13 17:00:00,0.0,0.0,0.0
2023-10-13 18:00:00,0.0,0.0,0.0
2023-10-13 19:00:00,0.0,0.0,0.0
2023-10-13 20:00:00,0.0,0.0,0.0
2023-10-13 21:00:00,0.0,0.0,0.0
2023-10-13 22:00:00,0.0,0.0,0.0
2023-10-13 23:00:00,0.0,0.0,0.0
2023-10-14 00:00:00,0.0,0.0,0.0
2023-10-14 01:00:00,0.0,0.0,0.0
2023-10-14 02:00:00,0.0,0.0,0.0
2023-10-14 03:00:00,0.0,0.0,0.0
2023-10-14 04:00:00,0.0,0.0,0.0
2023-10-14 05:00:00,0.051002033840331,0.0138652381928616,0.0
2023-10-14 06:00:00,0.2358003745738957,0.0782614256963009,0.1132016933177424
2023-10-14 07:00:00,0.4245258915994399,0.1728868814791582,0.278566792456331
2023-10-14 08:00:00,0.5481514126507969,0.221896622863529,0.4373684092989802
2023-10-14 09:00:00,0.6292795092276764,0.3938273253948307,0.5490860117550357
2023-10-14 10:00:00,0.6493042689290861,0.524556835664563,0.61883600604558
2023-10-14 11:00:00,0.625589846294286,0.4951896429521607,0.619094854785715
2023-10-14 12:00:00,0.545355213533258,0.2706585498598218,0.5751638299777112
2023-10-14 13:00:00,0.4104560815359729,0.1442877746160863,0.4672571644160902
2023-10-14 14:00:00,0.2345000461282488,0.0740103632660725,0.3248038042078036
2023-10-14 15:00:00,0.0589336387264407,0.0159492706548488,0.1446331890785939
2023-10-14 16:00:00,0.0,0.0,0.0
2023-10-14 17:00:00,0.0,0.0,0.0
2023-10-14 18:00:00,0.0,0.0,0.0
2023-10-14 19:00:00,0.0,0.0,0.0
2023-10-14 20:00:00,0.0,0.0,0.0
2023-10-14 21:00:00,0.0,0.0,0.0
2023-10-14 22:00:00,0.0,0.0,0.0
2023-10-14 23:00:00,0.0,0.0,0.0
2023-10-15 00:00:00,0.0,0.0,0.0
2023-10-15 01:00:00,0.0,0.0,0.0
2023-10-15 02:00:00,0.0,0.0,0.0
2023-10-15 03:00:00,0.0,0.0,0.0
2023-10-15 04:00:00,0.0,0.0,0.0
2023-10-15 05:00:00,0.0504761005519704,0.0579364218211049,0.0
2023-10-15 06:00:00,0.18791357753529,0.2364906766294809,0.014267836818021
2023-10-15 07:00:00,0.38499547406374,0.4268105718039294,0.0096504014930676
2023-10-15 08:00:00,0.5256394827792111,0.5529842202505602,0.0136574386898004
2023-10-15 09:00:00,0.6334195545113974,0.6323711545569907,0.0156637321459874
2023-10-15 10:00:00,0.6582790130326437,0.6418983358866356,0.0242751194046649
2023-10-15 11:00:00,0.631650412082235,0.6110946845753337,0.0146403726457368
2023-10-15 12:00:00,0.5317459474137266,0.5234611020457933,0.0166436190378142
2023-10-15 13:00:00,0.4040880948279966,0.3819762562742696,0.0122361811114549
2023-10-15 14:00:00,0.23524020747255,0.2019300643530593,0.0050619375052163
2023-10-15 15:00:00,0.0563543064552802,0.0410544934221902,0.0009324127343499
2023-10-15 16:00:00,0.0,0.0,0.0
2023-10-15 17:00:00,0.0,0.0,0.0
2023-10-15 18:00:00,0.0,0.0,0.0
2023-10-15 19:00:00,0.0,0.0,0.0
2023-10-15 20:00:00,0.0,0.0,0.0
2023-10-15 21:00:00,0.0,0.0,0.0
2023-10-15 22:00:00,0.0,0.0,0.0
2023-10-15 23:00:00,0.0,0.0,0.0
2023-10-16 00:00:00,0.0,0.0,0.0
2023-10-16 01:00:00,0.0,0.0,0.0
2023-10-16 02:00:00,0.0,0.0,0.0
2023-10-16 03:00:00,0.0,0.0,0.0
2023-10-16 04:00:00,0.0,0.0,0.0
2023-10-16 05:00:00,0.0299543704748043,0.0129282283182033,0.0
2023-10-16 06:00:00,0.0941704366166247,0.0469523920636818,0.0654149817353438
2023-10-16 07:00:00,0.161817696026472,0.1080673900797567,0.211227819388276
2023-10-16 08:00:00,0.1663903725628004,0.1079873348623943,0.3182108823202037
2023-10-16 09:00:00,0.0645265313810584,0.1025357314852609,0.3515339983372334
2023-10-16 10:00:00,0.0417012423280257,0.0307032113323407,0.3410541466268672
2023-10-16 11:00:00,0.1976029004207621,0.0054086961434188,0.4184687936172198
2023-10-16 12:00:00,0.1620686577086816,0.0079425080317279,0.45094735772289
2023-10-16 13:00:00,0.1137910321306145,0.0160447515813276,0.3492880850920168
2023-10-16 14:00:00,0.060839791314426,0.025364497276206,0.2047673473060917
2023-10-16 15:00:00,0.0115178204310711,0.003331235171703,0.0991407074103014
2023-10-16 16:00:00,0.0,0.0,0.0
2023-10-16 17:00:00,0.0,0.0,0.0
2023-10-16 18:00:00,0.0,0.0,0.0
2023-10-16 19:00:00,0.0,0.0,0.0
2023-10-16 20:00:00,0.0,0.0,0.0
2023-10-16 21:00:00,0.0,0.0,0.0
2023-10-16 22:00:00,0.0,0.0,0.0
2023-10-16 23:00:00,0.0,0.0,0.0
2023-10-17 00:00:00,0.0,0.0,0.0
2023-10-17 01:00:00,0.0,0.0,0.0
2023-10-17 02:00:00,0.0,0.0,0.0
2023-10-17 03:00:00,0.0,0.0,0.0
2023-10-17 04:00:00,0.0,0.0,0.0
2023-10-17 05:00:00,0.0550062526645545,0.0505606436143555,0.0
2023-10-17 06:00:00,0.242851188613543,0.2307375259117854,0.0748349725901275
2023-10-17 07:00:00,0.4420197114934191,0.2500806331814404,0.1485287512260196
2023-10-17 08:00:00,0.5746981487469419,0.2699829795605199,0.3405307606996495
2023-10-17 09:00:00,0.633410707757696,0.1927750598889829,0.4453411773619706
2023-10-17 10:00:00,0.5952189962813476,0.2866236716536753,0.4485582281218041
2023-10-17 11:00:00,0.4762569713979667,0.3077897661468615,0.3474535738410105
2023-10-17 12:00:00,0.389518070447598,0.225988681205458,0.1890535597740116
2023-10-17 13:00:00,0.2652923965440303,0.2029343266522298,0.1214822185336267
2023-10-17 14:00:00,0.1345547842658388,0.1250262831026325,0.0719651137536674
2023-10-17 15:00:00,0.0206122295222712,0.0332192241175231,0.0298768855095353
2023-10-17 16:00:00,0.0,0.0,0.0
2023-10-17 17:00:00,0.0,0.0,0.0
2023-10-17 18:00:00,0.0,0.0,0.0
2023-10-17 19:00:00,0.0,0.0,0.0
2023-10-17 20:00:00,0.0,0.0,0.0
2023-10-17 21:00:00,0.0,0.0,0.0
2023-10-17 22:00:00,0.0,0.0,0.0
2023-10-17 23:00:00,0.0,0.0,0.0
2023-10-18 00:00:00,0.0,0.0,0.0
2023-10-18 01:00:00,0.0,0.0,0.0
2023-10-18 02:00:00,0.0,0.0,0.0
2023-10-18 03:00:00,0.0,0.0,0.0
2023-10-18 04:00:00,0.0,0.0,0.0
2023-10-18 05:00:00,0.0466697778069388,0.058592711993645,0.0
2023-10-18 06:00:00,0.2148734717578944,0.2465658430903289,0.1111766403216019
2023-10-18 07:00:00,0.3808222482036834,0.4073949423697026,0.3098381744009875
2023-10-18 08:00:00,0.5410199881610461,0.5632038139250055,0.4723799716792486
2023-10-18 09:00:00,0.6545412138848637,0.6293842760154961,0.625246881686437
2023-10-18 10:00:00,0.6706565425617633,0.6671858439599746,0.6363416408595826
2023-10-18 11:00:00,0.6695057943960503,0.5341408555561907,0.5810572490675521
2023-10-18 12:00:00,0.5822850428642533,0.3396649650822423,0.552134626527702
2023-10-18 13:00:00,0.4397537927090967,0.2187809609331384,0.474010647360895
2023-10-18 14:00:00,0.2433517153184174,0.1218058065193541,0.2578190041426101
2023-10-18 15:00:00,0.0530242919930529,0.0176876317783862,0.1291214005654125
2023-10-18 16:00:00,0.0,0.0,0.0
2023-10-18 17:00:00,0.0,0.0,0.0
2023-10-18 18:00:00,0.0,0.0,0.0
2023-10-18 19:00:00,0.0,0.0,0.0
2023-10-18 20:00:00,0.0,0.0,0.0
2023-10-18 21:00:00,0.0,0.0,0.0
2023-10-18 22:00:00,0.0,0.0,0.0
2023-10-18 23:00:00,0.0,0.0,0.0
2023-10-19 00:00:00,0.0,0.0,0.0
2023-10-19 01:00:00,0.0,0.0,0.0
2023-10-19 02:00:00,0.0,0.0,0.0
2023-10-19 03:00:00,0.0,0.0,0.0
2023-10-19 04:00:00,0.0,0.0,0.0
2023-10-19 05:00:00,0.0281321722090185,0.0251524375595885,0.0
2023-10-19 06:00:00,0.0967464285743713,0.087223781477637,0.1167262993304238
2023-10-19 07:00:00,0.3137952855395954,0.1350350642112079,0.3068269788303343
2023-10-19 08:00:00,0.3077958931418617,0.3053654525997711,0.4878662695595815
2023-10-19 09:00:00,0.4937606549539982,0.3439849735935746,0.6192146282507605
2023-10-19 10:00:00,0.5505020979083632,0.3657927972169599,0.5054455808148104
2023-10-19 11:00:00,0.4862563906972343,0.4711040667052613,0.4301849755362954
2023-10-19 12:00:00,0.4497781081308705,0.3171148886047673,0.1638953978045008
2023-10-19 13:00:00,0.3687841316519306,0.1491095340095958,0.0869219201305279
2023-10-19 14:00:00,0.221556911853944,0.0259742493837367,0.0762447146580412
2023-10-19 15:00:00,0.0511640731855536,0.000591066226331,0.020069757120482
2023-10-19 16:00:00,0.0,0.0,0.0
2023-10-19 17:00:00,0.0,0.0,0.0
2023-10-19 18:00:00,0.0,0.0,0.0
2023-10-19 19:00:00,0.0,0.0,0.0
2023-10-19 20:00:00,0.0,0.0,0.0
2023-10-19 21:00:00,0.0,0.0,0.0
2023-10-19 22:00:00,0.0,0.0,0.0
2023-10-19 23:00:00,0.0,0.0,0.0
2023-10-20 00:00:00,0.0,0.0,0.0
2023-10-20 01:00:00,0.0,0.0,0.0
2023-10-20 02:00:00,0.0,0.0,0.0
2023-10-20 03:00:00,0.0,0.0,0.0
2023-10-20 04:00:00,0.0,0.0,0.0
2023-10-20 05:00:00,0.0296708481188118,0.0164626832255184,0.0
2023-10-20 06:00:00,0.1586236231133753,0.0995302229636606,0.0160408328466316
2023-10-20 07:00:00,0.3777211257148102,0.2355369233211267,0.0689026243793693
2023-10-20 08:00:00,0.4551313932350869,0.4158163790543733,0.1804612266630101
2023-10-20 09:00:00,0.4776537125437753,0.4571788374804039,0.2388463877396349
2023-10-20 10:00:00,0.4055810835134725,0.4916332994502843,0.1955927244291372
2023-10-20 11:00:00,0.4225544944472618,0.383637714865339,0.1387048661073091
2023-10-20 12:00:00,0.3970242904485351,0.2344828275599084,0.0433181024954296
2023-10-20 13:00:00,0.3342511000582575,0.154656662024564,0.0556112082016961
2023-10-20 14:00:00,0.1678000561454334,0.0940274392971841,0.0381793059078273
2023-10-20 15:00:00,0.0409463497320972,0.0255220487454892,0.0370821414631761
2023-10-20 16:00:00,0.0,0.0,0.0
2023-10-20 17:00:00,0.0,0.0,0.0
2023-10-20 18:00:00,0.0,0.0,0.0
2023-10-20 19:00:00,0.0,0.0,0.0
2023-10-20 20:00:00,0.0,0.0,0.0
2023-10-20 21:00:00,0.0,0.0,0.0
2023-10-20 22:00:00,0.0,0.0,0.0
2023-10-20 23:00:00,0.0,0.0,0.0
2023-10-21 00:00:00,0.0,0.0,0.0
2023-10-21 01:00:00,0.0,0.0,0.0
2023-10-21 02:00:00,0.0,0.0,0.0
2023-10-21 03:00:00,0.0,0.0,0.0
2023-10-21 04:00:00,0.0,0.0,0.0
2023-10-21 05:00:00,0.0335833866324966,0.0145980069560975,0.0
2023-10-21 06:00:00,0.1709446471842878,0.1309288433241745,0.0852562477567279
2023-10-21 07:00:00,0.3488089249708335,0.2649134521864091,0.2090694555095593
2023-10-21 08:00:00,0.480146601587791,0.3994802204526014,0.375649753072926
2023-10-21 09:00:00,0.591293405563409,0.4279988676543242,0.5074341792544345
2023-10-21 10:00:00,0.612130066783969,0.5177990043246493,0.5564612702702117
2023-10-21 11:00:00,0.5864314819033262,0.5205109671971185,0.5525629036088572
2023-10-21 12:00:00,0.5097454494030362,0.437284277890319,0.3982224257244356
2023-10-21 13:00:00,0.3759940271268889,0.3132159465001732,0.3481328166532029
2023-10-21 14:00:00,0.2009078726647663,0.1527396776609569,0.223738430516807
2023-10-21 15:00:00,0.0427287509767056,0.0367871502108041,0.0952918877556939
2023-10-21 16:00:00,0.0,0.0,0.0
2023-10-21 17:00:00,0.0,0.0,0.0
2023-10-21 18:00:00,0.0,0.0,0.0
2023-10-21 19:00:00,0.0,0.0,0.0
2023-10-21 20:00:00,0.0,0.0,0.0
2023-10-21 21:00:00,0.0,0.0,0.0
2023-10-21 22:00:00,0.0,0.0,0.0
2023-10-21 23:00:00,0.0,0.0,0.0
2023-10-22 00:00:00,0.0,0.0,0.0
2023-10-22 01:00:00,0.0,0.0,0.0
2023-10-22 02:00:00,0.0,0.0,0.0
2023-10-22 03:00:00,0.0,0.0,0.0
2023-10-22 04:00:00,0.0,0.0,0.0
2023-10-22 05:00:00,0.0442671081207106,0.0214391593460982,0.0
2023-10-22 06:00:00,0.2071961145800713,0.1134110248225361,0.0550400007559602
2023-10-22 07:00:00,0.3931132857374417,0.1244116578885145,0.1296948552069451
2023-10-22 08:00:00,0.5159151722169817,0.1847239017048173,0.1267342377841667
2023-10-22 09:00:00,0.5964816900308856,0.2439851765611861,0.2341836462850572
2023-10-22 10:00:00,0.5999694110737249,0.3688366963244238,0.507232423928691
2023-10-22 11:00:00,0.5800744891883952,0.450103456633329,0.5239805338733569
2023-10-22 12:00:00,0.5017061393286875,0.4650734267343819,0.4507288527720418
2023-10-22 13:00:00,0.3348954939484566,0.3410224705819203,0.3289781721134762
2023-10-22 14:00:00,0.1735324714700367,0.1683204541620818,0.2716584743607256
2023-10-22 15:00:00,0.0405024001556344,0.0,0.0962819549662608
2023-10-22 16:00:00,0.0,0.0,0.0
2023-10-22 17:00:00,0.0,0.0,0.0
2023-10-22 18:00:00,0.0,0.0,0.0
2023-10-22 19:00:00,0.0,0.0,0.0
2023-10-22 20:00:00,0.0,0.0,0.0
2023-10-22 21:00:00,0.0,0.0,0.0
2023-10-22 22:00:00,0.0,0.0,0.0
2023-10-22 23:00:00,0.0,0.0,0.0
2023-10-23 00:00:00,0.0,0.0,0.0
2023-10-23 01:00:00,0.0,0.0,0.0
2023-10-23 02:00:00,0.0,0.0,0.0
2023-10-23 03:00:00,0.0,0.0,0.0
2023-10-23 04:00:00,0.0,0.0,0.0
2023-10-23 05:00:00,0.039412051872521,0.0284787983297639,0.0
2023-10-23 06:00:00,0.1961644318197075,0.1832298948720178,0.0607499298138441
2023-10-23 07:00:00,0.3750249178653626,0.302204566680906,0.157105132602956
2023-10-23 08:00:00,0.5047210181843705,0.3891849120397925,0.2777444994651252
2023-10-23 09:00:00,0.586505347577924,0.4800470090190991,0.4479812998464165
2023-10-23 10:00:00,0.6092310149190898,0.5608268588174004,0.5915136739592808
2023-10-23 11:00:00,0.5799349959983274,0.550796842048541,0.5988168296706639
2023-10-23 12:00:00,0.496309448880771,0.4593716419217268,0.4034224974136099
2023-10-23 13:00:00,0.3608644241387412,0.333873984253256,0.3404326313042587
2023-10-23 14:00:00,0.1636777559952003,0.1493146971590195,0.1615083156010631
2023-10-23 15:00:00,0.0316605769852119,0.0,0.0685129453396992
2023-10-23 16:00:00,0.0,0.0,0.0
2023-10-23 17:00:00,0.0,0.0,0.0
2023-10-23 18:00:00,0.0,0.0,0.0
2023-10-23 19:00:00,0.0,0.0,0.0
2023-10-23 20:00:00,0.0,0.0,0.0
2023-10-23 21:00:00,0.0,0.0,0.0
2023-10-23 22:00:00,0.0,0.0,0.0
2023-10-23 23:00:00,0.0,0.0,0.0
2023-10-24 00:00:00,0.0,0.0,0.0
2023-10-24 01:00:00,0.0,0.0,0.0
2023-10-24 02:00:00,0.0,0.0,0.0
2023-10-24 03:00:00,0.0,0.0,0.0
2023-10-24 04:00:00,0.0,0.0,0.0
2023-10-24 05:00:00,0.0340068280343526,0.0423910913223947,0.0
2023-10-24 06:00:00,0.1329415577320171,0.1950650694456883,0.0631242041301821
2023-10-24 07:00:00,0.285114216197005,0.3647911903081421,0.1406121829402972
2023-10-24 08:00:00,0.4610783416081272,0.4437134276597449,0.2302643596971361
2023-10-24 09:00:00,0.5561758274506298,0.4415338141170379,0.2642317898763804
2023-10-24 10:00:00,0.5398032878949192,0.3929954179096706,0.2721866484689333
2023-10-24 11:00:00,0.5802792554340187,0.3715784485690482,0.1338134975033655
2023-10-24 12:00:00,0.5031208007082832,0.4388154980701876,0.0939729386177533
2023-10-24 13:00:00,0.3686372925924708,0.3346855652750679,0.0982599562797769
2023-10-24 14:00:00,0.1890036811474893,0.1595472553532419,0.099786234404839
2023-10-24 15:00:00,0.0425136473401299,0.0,0.0575323260149868
2023-10-24 16:00:00,0.0,0.0,0.0
2023-10-24 17:00:00,0.0,0.0,0.0
2023-10-24 18:00:00,0.0,0.0,0.0
2023-10-24 19:00:00,0.0,0.0,0.0
2023-10-24 20:00:00,0.0,0.0,0.0
2023-10-24 21:00:00,0.0,0.0,0.0
2023-10-24 22:00:00,0.0,0.0,0.0
2023-10-24 23:00:00,0.0,0.0,0.0
2023-10-25 00:00:00,0.0,0.0,0.0
2023-10-25 01:00:00,0.0,0.0,0.0
2023-10-25 02:00:00,0.0,0.0,0.0
2023-10-25 03:00:00,0.0,0.0,0.0
2023-10-25 04:00:00,0.0,0.0,0.0
2023-10-25 05:00:00,0.0101123076597277,0.0030358612999905,0.0
2023-10-25 06:00:00,0.0380941065293009,0.035804659844028,0.0020269783665753
2023-10-25 07:00:00,0.031580740257155,0.055063238412194,0.0386707800940921
2023-10-25 08:00:00,0.0797078565925294,0.0928477283421957,0.0705723222466802
2023-10-25 09:00:00,0.2890785251909219,0.0825798554845067,0.2393411084975047
2023-10-25 10:00:00,0.3256361487122155,0.0664128775522525,0.263554396422298
2023-10-25 11:00:00,0.228503398465969,0.0243431514792812,0.3212552267584396
2023-10-25 12:00:00,0.2315193518102987,0.0141735739207911,0.2267372926445707
2023-10-25 13:00:00,0.1089877251869111,0.0052240412894358,0.227189427369384
2023-10-25 14:00:00,0.0554833965615041,0.001577828975392,0.0731745946636121
2023-10-25 15:00:00,0.0128148838564413,0.0,0.0086863920849352
2023-10-25 16:00:00,0.0,0.0,0.0
2023-10-25 17:00:00,0.0,0.0,0.0
2023-10-25 18:00:00,0.0,0.0,0.0
2023-10-25 19:00:00,0.0,0.0,0.0
2023-10-25 20:00:00,0.0,0.0,0.0
2023-10-25 21:00:00,0.0,0.0,0.0
2023-10-25 22:00:00,0.0,0.0,0.0
2023-10-25 23:00:00,0.0,0.0,0.0
2023-10-26 00:00:00,0.0,0.0,0.0
2023-10-26 01:00:00,0.0,0.0,0.0
2023-10-26 02:00:00,0.0,0.0,0.0
2023-10-26 03:00:00,0.0,0.0,0.0
2023-10-26 04:00:00,0.0,0.0,0.0
2023-10-26 05:00:00,0.0111832047361709,0.0,0.0
2023-10-26 06:00:00,0.1219634406012979,0.0223663330313941,0.0399999915878264
2023-10-26 07:00:00,0.0970630234642828,0.0255576653903699,0.0816408039953917
2023-10-26 08:00:00,0.1004736628734915,0.063466940225087,0.1931667933005957
2023-10-26 09:00:00,0.3007005831206334,0.0581519129382368,0.3177782718681479
2023-10-26 10:00:00,0.488196995319315,0.0683518906673591,0.3901306552455771
2023-10-26 11:00:00,0.5585092311266492,0.100363429468118,0.3691576399122306
2023-10-26 12:00:00,0.4813608766797869,0.0528813168066725,0.1373142489549358
2023-10-26 13:00:00,0.3058077624098812,0.0592113834469807,0.0974545861633308
2023-10-26 14:00:00,0.1376706892465004,0.0183611551720011,0.0304332193037771
2023-10-26 15:00:00,0.0134809097492713,0.0,0.0079838850280749
2023-10-26 16:00:00,0.0,0.0,0.0
2023-10-26 17:00:00,0.0,0.0,0.0
2023-10-26 18:00:00,0.0,0.0,0.0
2023-10-26 19:00:00,0.0,0.0,0.0
2023-10-26 20:00:00,0.0,0.0,0.0
2023-10-26 21:00:00,0.0,0.0,0.0
2023-10-26 22:00:00,0.0,0.0,0.0
2023-10-26 23:00:00,0.0,0.0,0.0
2023-10-27 00:00:00,0.0,0.0,0.0
2023-10-27 01:00:00,0.0,0.0,0.0
2023-10-27 02:00:00,0.0,0.0,0.0
2023-10-27 03:00:00,0.0,0.0,0.0
2023-10-27 04:00:00,0.0,0.0,0.0
2023-10-27 05:00:00,0.0250107637628685,2.1907521137579205e-05,0.0
2023-10-27 06:00:00,0.1510744144166871,0.0233129748056728,0.0105440301058654
2023-10-27 07:00:00,0.358036290554578,0.0489927876938408,0.0404889029439276
2023-10-27 08:00:00,0.4500472696002245,0.0973407100877994,0.0793938651826889
2023-10-27 09:00:00,0.5018785643848367,0.139478799847599,0.0679225938017862
2023-10-27 10:00:00,0.5635879589780518,0.273247376055707,0.0592029220272156
2023-10-27 11:00:00,0.547159677798399,0.3864478163933068,0.0457147183943038
2023-10-27 12:00:00,0.490268995684296,0.3967616977857863,0.0436815656647313
2023-10-27 13:00:00,0.3359888775025735,0.2066870626858714,0.0242965015588687
2023-10-27 14:00:00,0.0963746675795089,0.0677388399168304,0.0233781064683115
2023-10-27 15:00:00,0.0,0.0,0.0066451952630563
2023-10-27 16:00:00,0.0,0.0,0.0
2023-10-27 17:00:00,0.0,0.0,0.0
2023-10-27 18:00:00,0.0,0.0,0.0
2023-10-27 19:00:00,0.0,0.0,0.0
2023-10-27 20:00:00,0.0,0.0,0.0
2023-10-27 21:00:00,0.0,0.0,0.0
2023-10-27 22:00:00,0.0,0.0,0.0
2023-10-27 23:00:00,0.0,0.0,0.0
2023-10-28 00:00:00,0.0,0.0,0.0
2023-10-28 01:00:00,0.0,0.0,0.0
2023-10-28 02:00:00,0.0,0.0,0.0
2023-10-28 03:00:00,0.0,0.0,0.0
2023-10-28 04:00:00,0.0,0.0,0.0
2023-10-28 05:00:00,0.0337545388324566,0.0309582085656756,0.0
2023-10-28 06:00:00,0.1473914705394012,0.1461661044807765,0.0515507511097569
2023-10-28 07:00:00,0.3370137657357898,0.343855764083886,0.1627175178181666
2023-10-28 08:00:00,0.4899639637326902,0.4926880203572619,0.2369151383407715
2023-10-28 09:00:00,0.5810331203518566,0.5760906095493596,0.4024337415358546
2023-10-28 10:00:00,0.604851214894827,0.5999692858888056,0.5110542718128093
2023-10-28 11:00:00,0.5886926435892005,0.5752110480607961,0.4322539545471015
2023-10-28 12:00:00,0.503893890890168,0.4902856790024488,0.4403718920402088
2023-10-28 13:00:00,0.3658069265285619,0.3352066747246227,0.3769067991907312
2023-10-28 14:00:00,0.1813811787693153,0.1456906187023822,0.2269341316627592
2023-10-28 15:00:00,0.0,0.0,0.0928906771062885
2023-10-28 16:00:00,0.0,0.0,0.0
2023-10-28 17:00:00,0.0,0.0,0.0
2023-10-28 18:00:00,0.0,0.0,0.0
2023-10-28 19:00:00,0.0,0.0,0.0
2023-10-28 20:00:00,0.0,0.0,0.0
2023-10-28 21:00:00,0.0,0.0,0.0
2023-10-28 22:00:00,0.0,0.0,0.0
2023-10-28 23:00:00,0.0,0.0,0.0
2023-10-29 00:00:00,0.0,0.0,0.0
2023-10-29 01:00:00,0.0,0.0,0.0
2023-10-29 02:00:00,0.0,0.0,0.0
2023-10-29 03:00:00,0.0,0.0,0.0
2023-10-29 04:00:00,0.0,0.0,0.0
2023-10-29 05:00:00,0.0,0.0,0.0
2023-10-29 06:00:00,0.1322011917916535,0.1865924470831017,0.0294100082177624
2023-10-29 07:00:00,0.2535983295700963,0.3786791039279644,0.2304964789597136
2023-10-29 08:00:00,0.3971429625408431,0.5041925698235814,0.3804651777918712
2023-10-29 09:00:00,0.5781358115751247,0.5903039362807873,0.5154307451811665
2023-10-29 10:00:00,0.6136525419327047,0.595050659825177,0.5403542561367092
2023-10-29 11:00:00,0.5815872765877297,0.5752545564350257,0.5469005644143198
2023-10-29 12:00:00,0.4949145019709067,0.436075349797049,0.4627662039598332
2023-10-29 13:00:00,0.353381177751581,0.1742273679702319,0.3081833674670771
2023-10-29 14:00:00,0.1689914272822499,0.0993687568195648,0.2445298714659607
2023-10-29 15:00:00,0.0,0.0,0.0919137014202958
2023-10-29 16:00:00,0.0,0.0,0.0
2023-10-29 17:00:00,0.0,0.0,0.0
2023-10-29 18:00:00,0.0,0.0,0.0
2023-10-29 19:00:00,0.0,0.0,0.0
2023-10-29 20:00:00,0.0,0.0,0.0
2023-10-29 21:00:00,0.0,0.0,0.0
2023-10-29 22:00:00,0.0,0.0,0.0
2023-10-29 23:00:00,0.0,0.0,0.0
2023-10-30 00:00:00,0.0,0.0,0.0
2023-10-30 01:00:00,0.0,0.0,0.0
2023-10-30 02:00:00,0.0,0.0,0.0
2023-10-30 03:00:00,0.0,0.0,0.0
2023-10-30 04:00:00,0.0,0.0,0.0
2023-10-30 05:00:00,0.0,0.0,0.0
2023-10-30 06:00:00,0.0529240133057905,0.0958272595852551,0.0458225012919471
2023-10-30 07:00:00,0.1743960751336868,0.2244871194758707,0.1584991604035892
2023-10-30 08:00:00,0.3312487239940109,0.3938264238818796,0.3139328712783102
2023-10-30 09:00:00,0.5448152201619465,0.5714140284678279,0.4087221307440962
2023-10-30 10:00:00,0.6230198057949061,0.6058519627470048,0.4376907036592267
2023-10-30 11:00:00,0.5952864251087523,0.5367541662772619,0.461880145121964
2023-10-30 12:00:00,0.5093111620163143,0.3868298253313129,0.4020225478469869
2023-10-30 13:00:00,0.3637438975354305,0.2343958973302511,0.1960851708155755
2023-10-30 14:00:00,0.1784183022870551,0.1049741044254235,0.1059546223906469
2023-10-30 15:00:00,0.0,0.0,0.0168510950157634
2023-10-30 16:00:00,0.0,0.0,0.0
2023-10-30 17:00:00,0.0,0.0,0.0
2023-10-30 18:00:00,0.0,0.0,0.0
2023-10-30 19:00:00,0.0,0.0,0.0
2023-10-30 20:00:00,0.0,0.0,0.0
2023-10-30 21:00:00,0.0,0.0,0.0
2023-10-30 22:00:00,0.0,0.0,0.0
2023-10-30 23:00:00,0.0,0.0,0.0
2023-10-31 00:00:00,0.0,0.0,0.0
2023-10-31 01:00:00,0.0,0.0,0.0
2023-10-31 02:00:00,0.0,0.0,0.0
2023-10-31 03:00:00,0.0,0.0,0.0
2023-10-31 04:00:00,0.0,0.0,0.0
2023-10-31 05:00:00,0.0,0.0,0.0
2023-10-31 06:00:00,0.1132058537778132,0.1549302497795585,0.0662196249224255
2023-10-31 07:00:00,0.2653039539175779,0.3167733830033801,0.2529898552333349
2023-10-31 08:00:00,0.4855763127656717,0.4696991739720802,0.4112235186263883
2023-10-31 09:00:00,0.5797243438598165,0.5794660807480663,0.5305215711757523
2023-10-31 10:00:00,0.5979146358130165,0.6043399943803814,0.5987723901479969
2023-10-31 11:00:00,0.5681015388064482,0.5671000102741793,0.6075621820948333
2023-10-31 12:00:00,0.4836028894392015,0.4726940903038033,0.5203730313275933
2023-10-31 13:00:00,0.3442866211539409,0.3211607501316569,0.3595241794922685
2023-10-31 14:00:00,0.1657989101822494,0.1351869852139263,0.1111674379719115
2023-10-31 15:00:00,0.0,0.0,0.0085804677334174
2023-10-31 16:00:00,0.0,0.0,0.0
2023-10-31 17:00:00,0.0,0.0,0.0
2023-10-31 18:00:00,0.0,0.0,0.0
2023-10-31 19:00:00,0.0,0.0,0.0
2023-10-31 20:00:00,0.0,0.0,0.0
2023-10-31 21:00:00,0.0,0.0,0.0
2023-10-31 22:00:00,0.0,0.0,0.0
2023-10-31 23:00:00,0.0,0.0,0.0
2023-11-01 00:00:00,0.0,0.0,0.0
2023-11-01 01:00:00,0.0,0.0,0.0
2023-11-01 02:00:00,0.0,0.0,0.0
2023-11-01 03:00:00,0.0,0.0,0.0
2023-11-01 04:00:00,0.0,0.0,0.0
2023-11-01 05:00:00,0.0,0.0,0.0
2023-11-01 06:00:00,0.0900176488836053,0.1724931029167717,0.0138393371302643
2023-11-01 07:00:00,0.2752817964050722,0.3296892759295249,0.0217128808964827
2023-11-01 08:00:00,0.4456662738658073,0.4406476003156915,0.0536167355585043
2023-11-01 09:00:00,0.4630743858327755,0.4722106179981332,0.0687360359114887
2023-11-01 10:00:00,0.3550371396325437,0.4966228256290907,0.1571663149532431
2023-11-01 11:00:00,0.3142202319358948,0.4163689683878797,0.1716001046210547
2023-11-01 12:00:00,0.184185860886982,0.2717536796740941,0.3359261150150424
2023-11-01 13:00:00,0.096515347761273,0.1059120246783246,0.2852022976490074
2023-11-01 14:00:00,0.0249076654011208,0.0192611837013613,0.1924380013499143
2023-11-01 15:00:00,0.0,0.0,0.0508241343804337
2023-11-01 16:00:00,0.0,0.0,0.0
2023-11-01 17:00:00,0.0,0.0,0.0
2023-11-01 18:00:00,0.0,0.0,0.0
2023-11-01 19:00:00,0.0,0.0,0.0
2023-11-01 20:00:00,0.0,0.0,0.0
2023-11-01 21:00:00,0.0,0.0,0.0
2023-11-01 22:00:00,0.0,0.0,0.0
2023-11-01 23:00:00,0.0,0.0,0.0
2023-11-02 00:00:00,0.0,0.0,0.0
2023-11-02 01:00:00,0.0,0.0,0.0
2023-11-02 02:00:00,0.0,0.0,0.0
2023-11-02 03:00:00,0.0,0.0,0.0
2023-11-02 04:00:00,0.0,0.0,0.0
2023-11-02 05:00:00,0.0,0.0,0.0
2023-11-02 06:00:00,0.1266850326223684,0.089370936741157,0.0524547910767815
2023-11-02 07:00:00,0.181696109931011,0.0979639289015098,0.2199153343537975
2023-11-02 08:00:00,0.2115408339612941,0.1190482363821687,0.3611899318102627
2023-11-02 09:00:00,0.2215093732178573,0.1173180807754999,0.4505724081788851
2023-11-02 10:00:00,0.2289486151237122,0.149784997683605,0.4992806484847754
2023-11-02 11:00:00,0.2575669375648984,0.1775522850562715,0.4984525879290886
2023-11-02 12:00:00,0.2379313531872835,0.1876120106579632,0.4635917018022664
2023-11-02 13:00:00,0.1273679092021966,0.0922194860620674,0.3158415351324348
2023-11-02 14:00:00,0.0471018330309886,0.0379094287424424,0.1631847098527669
2023-11-02 15:00:00,0.0,0.0,0.0510611190772142
2023-11-02 16:00:00,0.0,0.0,0.0
2023-11-02 17:00:00,0.0,0.0,0.0
2023-11-02 18:00:00,0.0,0.0,0.0
2023-11-02 19:00:00,0.0,0.0,0.0
2023-11-02 20:00:00,0.0,0.0,0.0
2023-11-02 21:00:00,0.0,0.0,0.0
2023-11-02 22:00:00,0.0,0.0,0.0
2023-11-02 23:00:00,0.0,0.0,0.0
2023-11-03 00:00:00,0.0,0.0,0.0
2023-11-03 01:00:00,0.0,0.0,0.0
2023-11-03 02:00:00,0.0,0.0,0.0
2023-11-03 03:00:00,0.0,0.0,0.0
2023-11-03 04:00:00,0.0,0.0,0.0
2023-11-03 05:00:00,0.0,0.0,0.0
2023-11-03 06:00:00,0.0193005598352395,0.0084027016695622,0.003241790209623
2023-11-03 07:00:00,0.0787816133951228,0.0335537392671598,0.1175468686619744
2023-11-03 08:00:00,0.1331704604171283,0.0986012788742249,0.2619819969896999
2023-11-03 09:00:00,0.1034735362697956,0.1472729451406263,0.4781100019898964
2023-11-03 10:00:00,0.0926070166296341,0.0672691923042719,0.4892417518540619
2023-11-03 11:00:00,0.1947650041433619,0.0393065328086609,0.496854886171977
2023-11-03 12:00:00,0.123137025664816,0.059277605235831,0.3467518955968656
2023-11-03 13:00:00,0.0624502018408449,0.0133322306051486,0.1705644449573738
2023-11-03 14:00:00,0.0262319596160994,0.0007474373321513,0.0979724835268169
2023-11-03 15:00:00,0.0,0.0,0.0242199619548705
2023-11-03 16:00:00,0.0,0.0,0.0
2023-11-03 17:00:00,0.0,0.0,0.0
2023-11-03 18:00:00,0.0,0.0,0.0
2023-11-03 19:00:00,0.0,0.0,0.0
2023-11-03 20:00:00,0.0,0.0,0.0
2023-11-03 21:00:00,0.0,0.0,0.0
2023-11-03 22:00:00,0.0,0.0,0.0
2023-11-03 23:00:00,0.0,0.0,0.0
2023-11-04 00:00:00,0.0,0.0,0.0
2023-11-04 01:00:00,0.0,0.0,0.0
2023-11-04 02:00:00,0.0,0.0,0.0
2023-11-04 03:00:00,0.0,0.0,0.0
2023-11-04 04:00:00,0.0,0.0,0.0
2023-11-04 05:00:00,0.0,0.0,0.0
2023-11-04 06:00:00,0.1004686071533875,0.0276079346586695,0.0648729883568792
2023-11-04 07:00:00,0.2695957031630936,0.0686494863899936,0.0780635545882013
2023-11-04 08:00:00,0.401004557498267,0.0712421990754853,0.1533139621011781
2023-11-04 09:00:00,0.4874489687681179,0.1015061312177805,0.2677156603968263
2023-11-04 10:00:00,0.5376387474777078,0.1424407399076478,0.2461809569657042
2023-11-04 11:00:00,0.4531293756655494,0.2220590073423994,0.2112682651605717
2023-11-04 12:00:00,0.3075610407952213,0.3493202262518773,0.128403517463446
2023-11-04 13:00:00,0.1720930409294697,0.2246271499689235,0.0611903638570224
2023-11-04 14:00:00,0.0526266935235602,0.0556547760381188,0.0222201690764742
2023-11-04 15:00:00,0.0,0.0,0.0017785556345928
2023-11-04 16:00:00,0.0,0.0,0.0
2023-11-04 17:00:00,0.0,0.0,0.0
2023-11-04 18:00:00,0.0,0.0,0.0
2023-11-04 19:00:00,0.0,0.0,0.0
2023-11-04 20:00:00,0.0,0.0,0.0
2023-11-04 21:00:00,0.0,0.0,0.0
2023-11-04 22:00:00,0.0,0.0,0.0
2023-11-04 23:00:00,0.0,0.0,0.0
2023-11-05 00:00:00,0.0,0.0,0.0
2023-11-05 01:00:00,0.0,0.0,0.0
2023-11-05 02:00:00,0.0,0.0,0.0
2023-11-05 03:00:00,0.0,0.0,0.0
2023-11-05 04:00:00,0.0,0.0,0.0
2023-11-05 05:00:00,0.0,0.0,0.0
2023-11-05 06:00:00,0.0252350827237186,0.0591139200486598,0.0634342958941145
2023-11-05 07:00:00,0.2213113733186075,0.1111525047645227,0.1009018631761078
2023-11-05 08:00:00,0.3771969436401026,0.1922878570567458,0.2487507420617179
2023-11-05 09:00:00,0.4997793395735058,0.2440089228021534,0.2713145551194934
2023-11-05 10:00:00,0.4795252117605221,0.2582010626670358,0.2897063692290739
2023-11-05 11:00:00,0.4684209747645663,0.3655023744295765,0.4463962933606133
2023-11-05 12:00:00,0.4073520362739725,0.3646563691180498,0.251230666679083
2023-11-05 13:00:00,0.3214228832203316,0.2355208165643454,0.1247863424622526
2023-11-05 14:00:00,0.1086242650200392,0.098250088248428,0.032908677921014
2023-11-05 15:00:00,0.0,0.0,0.0036476104608727
2023-11-05 16:00:00,0.0,0.0,0.0
2023-11-05 17:00:00,0.0,0.0,0.0
2023-11-05 18:00:00,0.0,0.0,0.0
2023-11-05 19:00:00,0.0,0.0,0.0
2023-11-05 20:00:00,0.0,0.0,0.0
2023-11-05 21:00:00,0.0,0.0,0.0
2023-11-05 22:00:00,0.0,0.0,0.0
2023-11-05 23:00:00,0.0,0.0,0.0
2023-11-06 00:00:00,0.0,0.0,0.0
2023-11-06 01:00:00,0.0,0.0,0.0
2023-11-06 02:00:00,0.0,0.0,0.0
2023-11-06 03:00:00,0.0,0.0,0.0
2023-11-06 04:00:00,0.0,0.0,0.0
2023-11-06 05:00:00,0.0,0.0,0.0
2023-11-06 06:00:00,0.0106109818766891,0.0022866487689825,0.030875834341997
2023-11-06 07:00:00,0.0107267715634061,0.0105285923518064,0.1042036103046284
2023-11-06 08:00:00,0.2721548010583745,0.0298952180870507,0.2549206349729677
2023-11-06 09:00:00,0.5260523543580897,0.1224301794485495,0.3864353887504764
2023-11-06 10:00:00,0.5261774079217176,0.3183384493353073,0.5195972829383168
2023-11-06 11:00:00,0.5197967471391235,0.42759536566509,0.5507923926341358
2023-11-06 12:00:00,0.467325418326843,0.4255221066061025,0.4680075837411644
2023-11-06 13:00:00,0.3222260663935973,0.2945081300192583,0.3695865049969675
2023-11-06 14:00:00,0.1462436110826923,0.1160344170160314,0.201672377292713
2023-11-06 15:00:00,0.0,0.0,0.0559586684230424
2023-11-06 16:00:00,0.0,0.0,0.0
2023-11-06 17:00:00,0.0,0.0,0.0
2023-11-06 18:00:00,0.0,0.0,0.0
2023-11-06 19:00:00,0.0,0.0,0.0
2023-11-06 20:00:00,0.0,0.0,0.0
2023-11-06 21:00:00,0.0,0.0,0.0
2023-11-06 22:00:00,0.0,0.0,0.0
2023-11-06 23:00:00,0.0,0.0,0.0
2023-11-07 00:00:00,0.0,0.0,0.0
2023-11-07 01:00:00,0.0,0.0,0.0
2023-11-07 02:00:00,0.0,0.0,0.0
2023-11-07 03:00:00,0.0,0.0,0.0
2023-11-07 04:00:00,0.0,0.0,0.0
2023-11-07 05:00:00,0.0,0.0,0.0
2023-11-07 06:00:00,0.1514320605072832,0.1532338062946481,0.0677837450757516
2023-11-07 07:00:00,0.348276070385047,0.350115308349859,0.2339339523685546
2023-11-07 08:00:00,0.4881907053833639,0.4844152543768185,0.3667969637236921
2023-11-07 09:00:00,0.5786264664846155,0.5691409746446462,0.4948725362769405
2023-11-07 10:00:00,0.6048271015683961,0.5870702817935047,0.5270950028532406
2023-11-07 11:00:00,0.5761501028770416,0.5532583536293767,0.5279118281241979
2023-11-07 12:00:00,0.4884616672963939,0.4560461993915664,0.4803638491065323
2023-11-07 13:00:00,0.3401572206294669,0.3021996402710157,0.3608269090039874
2023-11-07 14:00:00,0.1515597495007098,0.1154437122569336,0.2400123107515974
2023-11-07 15:00:00,0.0,0.0,0.0677065034858143
2023-11-07 16:00:00,0.0,0.0,0.0
2023-11-07 17:00:00,0.0,0.0,0.0
2023-11-07 18:00:00,0.0,0.0,0.0
2023-11-07 19:00:00,0.0,0.0,0.0
2023-11-07 20:00:00,0.0,0.0,0.0
2023-11-07 21:00:00,0.0,0.0,0.0
2023-11-07 22:00:00,0.0,0.0,0.0
2023-11-07 23:00:00,0.0,0.0,0.0
2023-11-08 00:00:00,0.0,0.0,0.0
2023-11-08 01:00:00,0.0,0.0,0.0
2023-11-08 02:00:00,0.0,0.0,0.0
2023-11-08 03:00:00,0.0,0.0,0.0
2023-11-08 04:00:00,0.0,0.0,0.0
2023-11-08 05:00:00,0.0,0.0,0.0
2023-11-08 06:00:00,0.0593226449880931,0.0611062323104059,0.0
2023-11-08 07:00:00,0.2073783110753499,0.1640524991364655,0.0077869306252731
2023-11-08 08:00:00,0.2464905435089797,0.1897067661520455,0.0160149433682591
2023-11-08 09:00:00,0.2284357919945202,0.1745062148267906,0.0144193118998896
2023-11-08 10:00:00,0.3443203107692631,0.1015950551255971,0.0366609956508376
2023-11-08 11:00:00,0.4172469696040239,0.0367352492778811,0.0654806191477
2023-11-08 12:00:00,0.3387956904769409,0.0320602060204965,0.0993521438451445
2023-11-08 13:00:00,0.2770248183603154,0.0140817059095027,0.0821292638753045
2023-11-08 14:00:00,0.0766556673280276,0.0003449422229626,0.0331273295758977
2023-11-08 15:00:00,0.0,0.0,0.0082166542083931
2023-11-08 16:00:00,0.0,0.0,0.0
2023-11-08 17:00:00,0.0,0.0,0.0
2023-11-08 18:00:00,0.0,0.0,0.0
2023-11-08 19:00:00,0.0,0.0,0.0
2023-11-08 20:00:00,0.0,0.0,0.0
2023-11-08 21:00:00,0.0,0.0,0.0
2023-11-08 22:00:00,0.0,0.0,0.0
2023-11-08 23:00:00,0.0,0.0,0.0
2023-11-09 00:00:00,0.0,0.0,0.0
2023-11-09 01:00:00,0.0,0.0,0.0
2023-11-09 02:00:00,0.0,0.0,0.0
2023-11-09 03:00:00,0.0,0.0,0.0
2023-11-09 04:00:00,0.0,0.0,0.0
2023-11-09 05:00:00,0.0,0.0,0.0
2023-11-09 06:00:00,0.0775842909966687,0.0106193626547383,0.0
2023-11-09 07:00:00,0.2421841117128306,0.1756078377744307,0.2067104242803824
2023-11-09 08:00:00,0.3444852129080233,0.3762678633030654,0.4094463665420092
2023-11-09 09:00:00,0.4530388858732073,0.4947859588082254,0.5485467051098513
2023-11-09 10:00:00,0.515083761390059,0.5118526960167162,0.5641241646731058
2023-11-09 11:00:00,0.4907356187716547,0.4407971800770474,0.6069612354522003
2023-11-09 12:00:00,0.4138348072550623,0.3159580356161668,0.5109647947722599
2023-11-09 13:00:00,0.2486371503217658,0.1645826265130252,0.3505729810330803
2023-11-09 14:00:00,0.1115188790766577,0.0262799776422081,0.2202218838845908
2023-11-09 15:00:00,0.0,0.0,0.0770791160106064
2023-11-09 16:00:00,0.0,0.0,0.0
2023-11-09 17:00:00,0.0,0.0,0.0
2023-11-09 18:00:00,0.0,0.0,0.0
2023-11-09 19:00:00,0.0,0.0,0.0
2023-11-09 20:00:00,0.0,0.0,0.0
2023-11-09 21:00:00,0.0,0.0,0.0
2023-11-09 22:00:00,0.0,0.0,0.0
2023-11-09 23:00:00,0.0,0.0,0.0
2023-11-10 00:00:00,0.0,0.0,0.0
2023-11-10 01:00:00,0.0,0.0,0.0
2023-11-10 02:00:00,0.0,0.0,0.0
2023-11-10 03:00:00,0.0,0.0,0.0
2023-11-10 04:00:00,0.0,0.0,0.0
2023-11-10 05:00:00,0.0,0.0,0.0
2023-11-10 06:00:00,0.1553206982332926,0.0470907786339429,0.0
2023-11-10 07:00:00,0.328917270215546,0.0957373480589298,0.1815086312232905
2023-11-10 08:00:00,0.498096726643176,0.2325802196596112,0.3172687318426516
2023-11-10 09:00:00,0.5941705111400737,0.3138079607306194,0.4055629849140334
2023-11-10 10:00:00,0.6349287209958785,0.3620734418407342,0.3995606102957317
2023-11-10 11:00:00,0.588927954473367,0.2557961669394042,0.2864972770763562
2023-11-10 12:00:00,0.4946230929913275,0.213582923134266,0.2485350507977413
2023-11-10 13:00:00,0.3041538128577594,0.1499822186832221,0.1790094587379082
2023-11-10 14:00:00,0.1361542311189259,0.0561900841692775,0.0945854118139617
2023-11-10 15:00:00,0.0,0.0,0.0035641143890567
2023-11-10 16:00:00,0.0,0.0,0.0
2023-11-10 17:00:00,0.0,0.0,0.0
2023-11-10 18:00:00,0.0,0.0,0.0
2023-11-10 19:00:00,0.0,0.0,0.0
2023-11-10 20:00:00,0.0,0.0,0.0
2023-11-10 21:00:00,0.0,0.0,0.0
2023-11-10 22:00:00,0.0,0.0,0.0
2023-11-10 23:00:00,0.0,0.0,0.0
2023-11-11 00:00:00,0.0,0.0,0.0
2023-11-11 01:00:00,0.0,0.0,0.0
2023-11-11 02:00:00,0.0,0.0,0.0
2023-11-11 03:00:00,0.0,0.0,0.0
2023-11-11 04:00:00,0.0,0.0,0.0
2023-11-11 05:00:00,0.0,0.0,0.0
2023-11-11 06:00:00,0.0132738939027749,0.0347836084421524,0.0
2023-11-11 07:00:00,0.0221053668609744,0.0900058289686944,0.0173267000483876
2023-11-11 08:00:00,0.1471654837023884,0.1273653904903389,0.0521040482740611
2023-11-11 09:00:00,0.2242977502655015,0.1190666812227357,0.1752188912560788
2023-11-11 10:00:00,0.3103960041948929,0.0542764044720409,0.2522210382510286
2023-11-11 11:00:00,0.3198091759609322,0.0343384943788758,0.3191777493768057
2023-11-11 12:00:00,0.2433255148680486,0.0374826556469302,0.3090694293455295
2023-11-11 13:00:00,0.1198780455405335,0.0166954008273164,0.2995560223961455
2023-11-11 14:00:00,0.0501334612941507,0.0038487605248449,0.1083975090890078
2023-11-11 15:00:00,0.0,0.0,0.011768956101355
2023-11-11 16:00:00,0.0,0.0,0.0
2023-11-11 17:00:00,0.0,0.0,0.0
2023-11-11 18:00:00,0.0,0.0,0.0
2023-11-11 19:00:00,0.0,0.0,0.0
2023-11-11 20:00:00,0.0,0.0,0.0
2023-11-11 21:00:00,0.0,0.0,0.0
2023-11-11 22:00:00,0.0,0.0,0.0
2023-11-11 23:00:00,0.0,0.0,0.0
2023-11-12 00:00:00,0.0,0.0,0.0
2023-11-12 01:00:00,0.0,0.0,0.0
2023-11-12 02:00:00,0.0,0.0,0.0
2023-11-12 03:00:00,0.0,0.0,0.0
2023-11-12 04:00:00,0.0,0.0,0.0
2023-11-12 05:00:00,0.0,0.0,0.0
2023-11-12 06:00:00,0.1365026704899495,0.0234493420374277,0.0
2023-11-12 07:00:00,0.306216224265371,0.1485338221684386,0.005143493935286
2023-11-12 08:00:00,0.4020124405940287,0.3508898862414872,0.0255263762474341
2023-11-12 09:00:00,0.4836091785106957,0.4321399375864486,0.0618890099718329
2023-11-12 10:00:00,0.5197568820534563,0.3930045827171213,0.1158583881779175
2023-11-12 11:00:00,0.4307478511938927,0.3543234318674491,0.17115177363617
2023-11-12 12:00:00,0.3586489249996257,0.361943863557615,0.263381891069633
2023-11-12 13:00:00,0.288753910172793,0.2225482089484794,0.1594767144587638
2023-11-12 14:00:00,0.0967446088553799,0.0612484967694138,0.060289469018256
2023-11-12 15:00:00,0.0,0.0,0.0145391772515526
2023-11-12 16:00:00,0.0,0.0,0.0
2023-11-12 17:00:00,0.0,0.0,0.0
2023-11-12 18:00:00,0.0,0.0,0.0
2023-11-12 19:00:00,0.0,0.0,0.0
2023-11-12 20:00:00,0.0,0.0,0.0
2023-11-12 21:00:00,0.0,0.0,0.0
2023-11-12 22:00:00,0.0,0.0,0.0
2023-11-12 23:00:00,0.0,0.0,0.0
2023-11-13 00:00:00,0.0,0.0,0.0
2023-11-13 01:00:00,0.0,0.0,0.0
2023-11-13 02:00:00,0.0,0.0,0.0
2023-11-13 03:00:00,0.0,0.0,0.0
2023-11-13 04:00:00,0.0,0.0,0.0
2023-11-13 05:00:00,0.0,0.0,0.0
2023-11-13 06:00:00,0.0951832952126763,0.071268330514129,0.0
2023-11-13 07:00:00,0.1904188006885851,0.1014979586113077,0.1374647692426862
2023-11-13 08:00:00,0.3039107240147385,0.1858402709018377,0.3492946179877641
2023-11-13 09:00:00,0.4311123317829926,0.296312562700337,0.5003967798388855
2023-11-13 10:00:00,0.5195941759065428,0.4078296765126939,0.6005544629409509
2023-11-13 11:00:00,0.4749167415729963,0.3734696065506791,0.4437593803485771
2023-11-13 12:00:00,0.4152678663936234,0.311465447964402,0.380098776153905
2023-11-13 13:00:00,0.2541920815746376,0.175842178416339,0.21332671094652
2023-11-13 14:00:00,0.1015510799026643,0.0623993226388388,0.1100463245404801
2023-11-13 15:00:00,0.0,0.0,0.0115769811701443
2023-11-13 16:00:00,0.0,0.0,0.0
2023-11-13 17:00:00,0.0,0.0,0.0
2023-11-13 18:00:00,0.0,0.0,0.0
2023-11-13 19:00:00,0.0,0.0,0.0
2023-11-13 20:00:00,0.0,0.0,0.0
2023-11-13 21:00:00,0.0,0.0,0.0
2023-11-13 22:00:00,0.0,0.0,0.0
2023-11-13 23:00:00,0.0,0.0,0.0
2023-11-14 00:00:00,0.0,0.0,0.0
2023-11-14 01:00:00,0.0,0.0,0.0
2023-11-14 02:00:00,0.0,0.0,0.0
2023-11-14 03:00:00,0.0,0.0,0.0
2023-11-14 04:00:00,0.0,0.0,0.0
2023-11-14 05:00:00,0.0,0.0,0.0
2023-11-14 06:00:00,0.1178394172678022,0.1033441862933739,0.0
2023-11-14 07:00:00,0.1914115566047897,0.2063275476883447,0.0078298602952136
2023-11-14 08:00:00,0.320568130237537,0.332977970581217,0.0947581798287325
2023-11-14 09:00:00,0.3806577883840812,0.4071789686421744,0.0788753264014606
2023-11-14 10:00:00,0.2445678693420053,0.3058025408823074,0.2142469634086705
2023-11-14 11:00:00,0.243668665744818,0.1696033962088128,0.2848180842012526
2023-11-14 12:00:00,0.313175359651385,0.106661020007209,0.3203389967470384
2023-11-14 13:00:00,0.2631567652896383,0.0355620504146401,0.2205722605515194
2023-11-14 14:00:00,0.0840365978565284,0.0046049645871658,0.0968038208083872
2023-11-14 15:00:00,0.0,0.0,0.0
2023-11-14 16:00:00,0.0,0.0,0.0
2023-11-14 17:00:00,0.0,0.0,0.0
2023-11-14 18:00:00,0.0,0.0,0.0
2023-11-14 19:00:00,0.0,0.0,0.0
2023-11-14 20:00:00,0.0,0.0,0.0
2023-11-14 21:00:00,0.0,0.0,0.0
2023-11-14 22:00:00,0.0,0.0,0.0
2023-11-14 23:00:00,0.0,0.0,0.0
2023-11-15 00:00:00,0.0,0.0,0.0
2023-11-15 01:00:00,0.0,0.0,0.0
2023-11-15 02:00:00,0.0,0.0,0.0
2023-11-15 03:00:00,0.0,0.0,0.0
2023-11-15 04:00:00,0.0,0.0,0.0
2023-11-15 05:00:00,0.0,0.0,0.0
2023-11-15 06:00:00,0.0192982811397023,0.0662310606415298,0.0
2023-11-15 07:00:00,0.0422439122727513,0.1058388015361392,0.0456317555675307
2023-11-15 08:00:00,0.0228031500543215,0.1359938544786979,0.0839193450513305
2023-11-15 09:00:00,0.0278224156972938,0.181755348988377,0.0686470157000781
2023-11-15 10:00:00,0.0437704321771803,0.1201836219480696,0.1642015840278854
2023-11-15 11:00:00,0.0343638917812002,0.1512305511565652,0.1594947513709066
2023-11-15 12:00:00,0.0239093430044011,0.1153342791372641,0.1896427017475909
2023-11-15 13:00:00,0.017879145214298,0.0643265459192293,0.0556726910980439
2023-11-15 14:00:00,0.0009897998623639,0.0164525369880894,0.0415488422088402
2023-11-15 15:00:00,0.0,0.0,0.0
2023-11-15 16:00:00,0.0,0.0,0.0
2023-11-15 17:00:00,0.0,0.0,0.0
2023-11-15 18:00:00,0.0,0.0,0.0
2023-11-15 19:00:00,0.0,0.0,0.0
2023-11-15 20:00:00,0.0,0.0,0.0
2023-11-15 21:00:00,0.0,0.0,0.0
2023-11-15 22:00:00,0.0,0.0,0.0
2023-11-15 23:00:00,0.0,0.0,0.0
2023-11-16 00:00:00,0.0,0.0,0.0
2023-11-16 01:00:00,0.0,0.0,0.0
2023-11-16 02:00:00,0.0,0.0,0.0
2023-11-16 03:00:00,0.0,0.0,0.0
2023-11-16 04:00:00,0.0,0.0,0.0
2023-11-16 05:00:00,0.0,0.0,0.0
2023-11-16 06:00:00,0.0675285902282798,0.0461864221121503,0.0
2023-11-16 07:00:00,0.1704966635120995,0.1799462224224287,0.0828954614156139
2023-11-16 08:00:00,0.3774860987512654,0.2882214977053505,0.2194875231456805
2023-11-16 09:00:00,0.4984704486316879,0.3468904638844278,0.4092995704274395
2023-11-16 10:00:00,0.4523202983353404,0.2719653817286362,0.3928194116315969
2023-11-16 11:00:00,0.4559689990374854,0.0968222691148744,0.4604177520304376
2023-11-16 12:00:00,0.3570598546770365,0.1015126226239228,0.3603310326230087
2023-11-16 13:00:00,0.1993376169053219,0.0303702800942768,0.2501801089048738
2023-11-16 14:00:00,0.0910757901923293,0.003621137680948,0.1848177443836707
2023-11-16 15:00:00,0.0,0.0,0.0
2023-11-16 16:00:00,0.0,0.0,0.0
2023-11-16 17:00:00,0.0,0.0,0.0
2023-11-16 18:00:00,0.0,0.0,0.0
2023-11-16 19:00:00,0.0,0.0,0.0
2023-11-16 20:00:00,0.0,0.0,0.0
2023-11-16 21:00:00,0.0,0.0,0.0
2023-11-16 22:00:00,0.0,0.0,0.0
2023-11-16 23:00:00,0.0,0.0,0.0
2023-11-17 00:00:00,0.0,0.0,0.0
2023-11-17 01:00:00,0.0,0.0,0.0
2023-11-17 02:00:00,0.0,0.0,0.0
2023-11-17 03:00:00,0.0,0.0,0.0
2023-11-17 04:00:00,0.0,0.0,0.0
2023-11-17 05:00:00,0.0,0.0,0.0
2023-11-17 06:00:00,0.1278332692637951,0.0038691235367671,0.0
2023-11-17 07:00:00,0.2060025840218432,0.0235821110408134,0.0307032796486245
2023-11-17 08:00:00,0.2753865350544654,0.0535055738823924,0.0638759341083537
2023-11-17 09:00:00,0.3803402811554015,0.0767069502572436,0.1185285790907221
2023-11-17 10:00:00,0.4772156069555135,0.0815541950703925,0.1610510547418099
2023-11-17 11:00:00,0.4934712494465864,0.0751609735305744,0.103967572561994
2023-11-17 12:00:00,0.4669199466020455,0.0482725663148276,0.0672360346770276
2023-11-17 13:00:00,0.141590575595574,0.045922074385982,0.0321838846150141
2023-11-17 14:00:00,0.0266301958036596,0.0217509429699652,0.0173106363026332
2023-11-17 15:00:00,0.0,0.0,0.0
2023-11-17 16:00:00,0.0,0.0,0.0
2023-11-17 17:00:00,0.0,0.0,0.0
2023-11-17 18:00:00,0.0,0.0,0.0
2023-11-17 19:00:00,0.0,0.0,0.0
2023-11-17 20:00:00,0.0,0.0,0.0
2023-11-17 21:00:00,0.0,0.0,0.0
2023-11-17 22:00:00,0.0,0.0,0.0
2023-11-17 23:00:00,0.0,0.0,0.0
2023-11-18 00:00:00,0.0,0.0,0.0
2023-11-18 01:00:00,0.0,0.0,0.0
2023-11-18 02:00:00,0.0,0.0,0.0
2023-11-18 03:00:00,0.0,0.0,0.0
2023-11-18 04:00:00,0.0,0.0,0.0
2023-11-18 05:00:00,0.0,0.0,0.0
2023-11-18 06:00:00,0.0157643245489625,0.0140646322517727,0.0
2023-11-18 07:00:00,0.0413866214533664,0.1229925318645949,0.0096642492990538
2023-11-18 08:00:00,0.0971552319480516,0.1254121364104991,0.0194502048880173
2023-11-18 09:00:00,0.0906136868838128,0.1431427039622548,0.0562819671708883
2023-11-18 10:00:00,0.0846441811101612,0.1136463498084072,0.0692483107172894
2023-11-18 11:00:00,0.0694213948577153,0.0974719236281004,0.0713025027861264
2023-11-18 12:00:00,0.0362717331182399,0.0705203920753374,0.0590998506484206
2023-11-18 13:00:00,0.006189305226375,0.0319775946341799,0.0544240312671606
2023-11-18 14:00:00,0.0,0.006837266217495,0.0265294500038559
2023-11-18 15:00:00,0.0,0.0,0.0
2023-11-18 16:00:00,0.0,0.0,0.0
2023-11-18 17:00:00,0.0,0.0,0.0
2023-11-18 18:00:00,0.0,0.0,0.0
2023-11-18 19:00:00,0.0,0.0,0.0
2023-11-18 20:00:00,0.0,0.0,0.0
2023-11-18 21:00:00,0.0,0.0,0.0
2023-11-18 22:00:00,0.0,0.0,0.0
2023-11-18 23:00:00,0.0,0.0,0.0
2023-11-19 00:00:00,0.0,0.0,0.0
2023-11-19 01:00:00,0.0,0.0,0.0
2023-11-19 02:00:00,0.0,0.0,0.0
2023-11-19 03:00:00,0.0,0.0,0.0
2023-11-19 04:00:00,0.0,0.0,0.0
2023-11-19 05:00:00,0.0,0.0,0.0
2023-11-19 06:00:00,0.0002862799514831,0.0048337035367305,0.0
2023-11-19 07:00:00,0.001212695994476,0.0083925891981467,0.1210559088820388
2023-11-19 08:00:00,0.0105053923589308,0.0216642760209462,0.2441692458675523
2023-11-19 09:00:00,0.0154247466819603,0.0268998754827476,0.42570749624267
2023-11-19 10:00:00,0.0123083298478983,0.0259793993004237,0.3615920519401367
2023-11-19 11:00:00,0.0060337234808992,0.0355550275849683,0.5542587483249211
2023-11-19 12:00:00,0.0031648135710859,0.0288535529587299,0.2440262378307422
2023-11-19 13:00:00,0.0026710955873964,0.0083107478573505,0.100825718760153
2023-11-19 14:00:00,0.0,0.0,0.0371199878774154
2023-11-19 15:00:00,0.0,0.0,0.0
2023-11-19 16:00:00,0.0,0.0,0.0
2023-11-19 17:00:00,0.0,0.0,0.0
2023-11-19 18:00:00,0.0,0.0,0.0
2023-11-19 19:00:00,0.0,0.0,0.0
2023-11-19 20:00:00,0.0,0.0,0.0
2023-11-19 21:00:00,0.0,0.0,0.0
2023-11-19 22:00:00,0.0,0.0,0.0
2023-11-19 23:00:00,0.0,0.0,0.0
2023-11-20 00:00:00,0.0,0.0,0.0
2023-11-20 01:00:00,0.0,0.0,0.0
2023-11-20 02:00:00,0.0,0.0,0.0
2023-11-20 03:00:00,0.0,0.0,0.0
2023-11-20 04:00:00,0.0,0.0,0.0
2023-11-20 05:00:00,0.0,0.0,0.0
2023-11-20 06:00:00,0.0116056815452446,0.0134246309318289,0.0
2023-11-20 07:00:00,0.0653548614910421,0.0887132407017719,0.0253442886309933
2023-11-20 08:00:00,0.0661803626420085,0.1223895040802854,0.068416679475869
2023-11-20 09:00:00,0.0933532409782542,0.0930852560687843,0.0825796720277885
2023-11-20 10:00:00,0.1413932980275104,0.0584716269279336,0.1737056096429552
2023-11-20 11:00:00,0.1606529580717721,0.100646699257181,0.2123893444792996
2023-11-20 12:00:00,0.0875493859194661,0.0748523714520582,0.2184153005286709
2023-11-20 13:00:00,0.0297468947550234,0.0455257022684296,0.1281320865031834
2023-11-20 14:00:00,0.0061858976273486,0.0079590176532118,0.0674644710103304
2023-11-20 15:00:00,0.0,0.0,0.0
2023-11-20 16:00:00,0.0,0.0,0.0
2023-11-20 17:00:00,0.0,0.0,0.0
2023-11-20 18:00:00,0.0,0.0,0.0
2023-11-20 19:00:00,0.0,0.0,0.0
2023-11-20 20:00:00,0.0,0.0,0.0
2023-11-20 21:00:00,0.0,0.0,0.0
2023-11-20 22:00:00,0.0,0.0,0.0
2023-11-20 23:00:00,0.0,0.0,0.0
2023-11-21 00:00:00,0.0,0.0,0.0
2023-11-21 01:00:00,0.0,0.0,0.0
2023-11-21 02:00:00,0.0,0.0,0.0
2023-11-21 03:00:00,0.0,0.0,0.0
2023-11-21 04:00:00,0.0,0.0,0.0
2023-11-21 05:00:00,0.0,0.0,0.0
2023-11-21 06:00:00,0.0976122035564009,0.0079120642301825,0.0
2023-11-21 07:00:00,0.0546911729013236,0.0396220140262519,0.0099882794204435
2023-11-21 08:00:00,0.0939014889186385,0.0841564149443831,0.0488740516234104
2023-11-21 09:00:00,0.2485032885637084,0.1248085386053422,0.0554727948973382
2023-11-21 10:00:00,0.2113357717623751,0.1402460663116156,0.0630037879512088
2023-11-21 11:00:00,0.15258330728933,0.1351313027945264,0.0556638001247351
2023-11-21 12:00:00,0.147378987251248,0.1114714659554963,0.0505815781975456
2023-11-21 13:00:00,0.2050900347517636,0.0508846684129243,0.0393221718688452
2023-11-21 14:00:00,0.0455116689087568,0.0073298137963453,0.0208920119589124
2023-11-21 15:00:00,0.0,0.0,0.0
2023-11-21 16:00:00,0.0,0.0,0.0
2023-11-21 17:00:00,0.0,0.0,0.0
2023-11-21 18:00:00,0.0,0.0,0.0
2023-11-21 19:00:00,0.0,0.0,0.0
2023-11-21 20:00:00,0.0,0.0,0.0
2023-11-21 21:00:00,0.0,0.0,0.0
2023-11-21 22:00:00,0.0,0.0,0.0
2023-11-21 23:00:00,0.0,0.0,0.0
2023-11-22 00:00:00,0.0,0.0,0.0
2023-11-22 01:00:00,0.0,0.0,0.0
2023-11-22 02:00:00,0.0,0.0,0.0
2023-11-22 03:00:00,0.0,0.0,0.0
2023-11-22 04:00:00,0.0,0.0,0.0
2023-11-22 05:00:00,0.0,0.0,0.0
2023-11-22 06:00:00,0.0027838670964146,0.008098893313502,0.0
2023-11-22 07:00:00,0.0073453412012982,0.0774658420144367,0.0143377236192478
2023-11-22 08:00:00,0.0134601027670538,0.0920084422125144,0.0347005324881419
2023-11-22 09:00:00,0.032968093275496,0.113055200976092,0.0754214468090605
2023-11-22 10:00:00,0.025921332586337,0.1496758366654754,0.0981886467552387
2023-11-22 11:00:00,0.0219635775047877,0.0893441488497994,0.0948428071208287
2023-11-22 12:00:00,0.0236520315887042,0.0671511085340239,0.0687321044039506
2023-11-22 13:00:00,0.0110061754144366,0.0245374452726658,0.0486884958977886
2023-11-22 14:00:00,0.0002077622693678,0.0008515383198543,0.029370540797979
2023-11-22 15:00:00,0.0,0.0,0.0
2023-11-22 16:00:00,0.0,0.0,0.0
2023-11-22 17:00:00,0.0,0.0,0.0
2023-11-22 18:00:00,0.0,0.0,0.0
2023-11-22 19:00:00,0.0,0.0,0.0
2023-11-22 20:00:00,0.0,0.0,0.0
2023-11-22 21:00:00,0.0,0.0,0.0
2023-11-22 22:00:00,0.0,0.0,0.0
2023-11-22 23:00:00,0.0,0.0,0.0
2023-11-23 00:00:00,0.0,0.0,0.0
2023-11-23 01:00:00,0.0,0.0,0.0
2023-11-23 02:00:00,0.0,0.0,0.0
2023-11-23 03:00:00,0.0,0.0,0.0
2023-11-23 04:00:00,0.0,0.0,0.0
2023-11-23 05:00:00,0.0,0.0,0.0
2023-11-23 06:00:00,0.009506590412672,0.0134245634622311,0.0
2023-11-23 07:00:00,0.0375799558376521,0.0353421913787864,0.0435327152982794
2023-11-23 08:00:00,0.0875426145930143,0.076221698043878,0.1013702950440579
2023-11-23 09:00:00,0.0892113558920489,0.0936589022890687,0.1254324623396878
2023-11-23 10:00:00,0.1540937919059793,0.1040041428253692,0.1229533295949932
2023-11-23 11:00:00,0.125356447140162,0.0847018819495365,0.1392122878746489
2023-11-23 12:00:00,0.1006507750690351,0.0588493734839236,0.1419797586035524
2023-11-23 13:00:00,0.0504640240740344,0.0316711099526513,0.0530123311806719
2023-11-23 14:00:00,0.0103508432824074,0.0046189688927561,0.0111489766613627
2023-11-23 15:00:00,0.0,0.0,0.0
2023-11-23 16:00:00,0.0,0.0,0.0
2023-11-23 17:00:00,0.0,0.0,0.0
2023-11-23 18:00:00,0.0,0.0,0.0
2023-11-23 19:00:00,0.0,0.0,0.0
2023-11-23 20:00:00,0.0,0.0,0.0
2023-11-23 21:00:00,0.0,0.0,0.0
2023-11-23 22:00:00,0.0,0.0,0.0
2023-11-23 23:00:00,0.0,0.0,0.0
2023-11-24 00:00:00,0.0,0.0,0.0
2023-11-24 01:00:00,0.0,0.0,0.0
2023-11-24 02:00:00,0.0,0.0,0.0
2023-11-24 03:00:00,0.0,0.0,0.0
2023-11-24 04:00:00,0.0,0.0,0.0
2023-11-24 05:00:00,0.0,0.0,0.0
2023-11-24 06:00:00,0.0545068880774584,0.0739165855209482,0.0
2023-11-24 07:00:00,0.0642595467679849,0.1530453166117313,0.0342052427646367
2023-11-24 08:00:00,0.2317160835810119,0.0674439947897807,0.1352339071436553
2023-11-24 09:00:00,0.1972126769703001,0.1288895465916186,0.2121743574902724
2023-11-24 10:00:00,0.2310482339175462,0.1641541687087748,0.2369438066466159
2023-11-24 11:00:00,0.1509000856321736,0.1599831856123391,0.1883975728237407
2023-11-24 12:00:00,0.1092958093404654,0.0904080085202817,0.1127714916881482
2023-11-24 13:00:00,0.0749354514617368,0.0287504921971691,0.1842586327209496
2023-11-24 14:00:00,0.032872452468922,0.0020588182871237,0.1279873816864316
2023-11-24 15:00:00,0.0,0.0,0.0
2023-11-24 16:00:00,0.0,0.0,0.0
2023-11-24 17:00:00,0.0,0.0,0.0
2023-11-24 18:00:00,0.0,0.0,0.0
2023-11-24 19:00:00,0.0,0.0,0.0
2023-11-24 20:00:00,0.0,0.0,0.0
2023-11-24 21:00:00,0.0,0.0,0.0
2023-11-24 22:00:00,0.0,0.0,0.0
2023-11-24 23:00:00,0.0,0.0,0.0
2023-11-25 00:00:00,0.0,0.0,0.0
2023-11-25 01:00:00,0.0,0.0,0.0
2023-11-25 02:00:00,0.0,0.0,0.0
2023-11-25 03:00:00,0.0,0.0,0.0
2023-11-25 04:00:00,0.0,0.0,0.0
2023-11-25 05:00:00,0.0,0.0,0.0
2023-11-25 06:00:00,0.0,0.0037112157779013,0.0
2023-11-25 07:00:00,0.0076104174014082,0.0325258138639177,0.0658808941466595
2023-11-25 08:00:00,0.0205638325307389,0.0619622626377805,0.2692408016209432
2023-11-25 09:00:00,0.0344733242633464,0.0576855447555774,0.3422230116613341
2023-11-25 10:00:00,0.0362861273781839,0.0588951052398146,0.353755627000652
2023-11-25 11:00:00,0.0379696086073359,0.0271119892715833,0.418472912851739
2023-11-25 12:00:00,0.0268404184215082,0.0099524474952143,0.3109418139958817
2023-11-25 13:00:00,0.0073793028148898,0.0047428292852154,0.221428102707112
2023-11-25 14:00:00,0.0006553505204157,0.0,0.0845740172947184
2023-11-25 15:00:00,0.0,0.0,0.0
2023-11-25 16:00:00,0.0,0.0,0.0
2023-11-25 17:00:00,0.0,0.0,0.0
2023-11-25 18:00:00,0.0,0.0,0.0
2023-11-25 19:00:00,0.0,0.0,0.0
2023-11-25 20:00:00,0.0,0.0,0.0
2023-11-25 21:00:00,0.0,0.0,0.0
2023-11-25 22:00:00,0.0,0.0,0.0
2023-11-25 23:00:00,0.0,0.0,0.0
2023-11-26 00:00:00,0.0,0.0,0.0
2023-11-26 01:00:00,0.0,0.0,0.0
2023-11-26 02:00:00,0.0,0.0,0.0
2023-11-26 03:00:00,0.0,0.0,0.0
2023-11-26 04:00:00,0.0,0.0,0.0
2023-11-26 05:00:00,0.0,0.0,0.0
2023-11-26 06:00:00,0.0053625845306585,0.0341160843006297,0.0
2023-11-26 07:00:00,0.0225945967310772,0.0558916309833689,0.0181795717683843
2023-11-26 08:00:00,0.0537165581023049,0.0890713308853893,0.0794076941483085
2023-11-26 09:00:00,0.0463044456812523,0.0634937016350484,0.1714129134884788
2023-11-26 10:00:00,0.0682567296050823,0.0748672465056742,0.2552573222277317
2023-11-26 11:00:00,0.0850453345626566,0.0520705134362034,0.2181765674504204
2023-11-26 12:00:00,0.0357122574957088,0.0544799362466446,0.2163467563244413
2023-11-26 13:00:00,0.017556249881773,0.0125218594074217,0.1177701350417932
2023-11-26 14:00:00,0.0022529258016459,0.0,0.0650126498190426
2023-11-26 15:00:00,0.0,0.0,0.0
2023-11-26 16:00:00,0.0,0.0,0.0
2023-11-26 17:00:00,0.0,0.0,0.0
2023-11-26 18:00:00,0.0,0.0,0.0
2023-11-26 19:00:00,0.0,0.0,0.0
2023-11-26 20:00:00,0.0,0.0,0.0
2023-11-26 21:00:00,0.0,0.0,0.0
2023-11-26 22:00:00,0.0,0.0,0.0
2023-11-26 23:00:00,0.0,0.0,0.0
2023-11-27 00:00:00,0.0,0.0,0.0
2023-11-27 01:00:00,0.0,0.0,0.0
2023-11-27 02:00:00,0.0,0.0,0.0
2023-11-27 03:00:00,0.0,0.0,0.0
2023-11-27 04:00:00,0.0,0.0,0.0
2023-11-27 05:00:00,0.0,0.0,0.0
2023-11-27 06:00:00,0.0606257999249494,0.0041787950926711,0.0
2023-11-27 07:00:00,0.1613404776232843,0.0961700310160988,0.0541345207635502
2023-11-27 08:00:00,0.3110132125608103,0.1297239806664678,0.1316721060586207
2023-11-27 09:00:00,0.3779665147765287,0.1641884786896847,0.2180680342828066
2023-11-27 10:00:00,0.409463166236109,0.1998682927033526,0.2371004381755913
2023-11-27 11:00:00,0.3896044008421792,0.1918211920659285,0.2754820405722472
2023-11-27 12:00:00,0.3489726741100452,0.1451861512111834,0.2575615681659248
2023-11-27 13:00:00,0.2243764224263072,0.0471970347353801,0.1595016124215734
2023-11-27 14:00:00,0.1022818474631192,0.0047973567224824,0.1051005345190527
2023-11-27 15:00:00,0.0,0.0,0.0
2023-11-27 16:00:00,0.0,0.0,0.0
2023-11-27 17:00:00,0.0,0.0,0.0
2023-11-27 18:00:00,0.0,0.0,0.0
2023-11-27 19:00:00,0.0,0.0,0.0
2023-11-27 20:00:00,0.0,0.0,0.0
2023-11-27 21:00:00,0.0,0.0,0.0
2023-11-27 22:00:00,0.0,0.0,0.0
2023-11-27 23:00:00,0.0,0.0,0.0
2023-11-28 00:00:00,0.0,0.0,0.0
2023-11-28 01:00:00,0.0,0.0,0.0
2023-11-28 02:00:00,0.0,0.0,0.0
2023-11-28 03:00:00,0.0,0.0,0.0
2023-11-28 04:00:00,0.0,0.0,0.0
2023-11-28 05:00:00,0.0,0.0,0.0
2023-11-28 06:00:00,0.0482925453454202,0.0770897475310984,0.0
2023-11-28 07:00:00,0.1808151772589946,0.2544621989197287,0.0082990719652309
2023-11-28 08:00:00,0.3400050817067723,0.4280957569877492,0.035299095194516
2023-11-28 09:00:00,0.5072462521415776,0.5344777246656255,0.0642418565002556
2023-11-28 10:00:00,0.5341497288808985,0.5931661415092611,0.0721068683523045
2023-11-28 11:00:00,0.4477496088612195,0.5352627612129077,0.1118089126464385
2023-11-28 12:00:00,0.3569983181717524,0.391530268469815,0.107809051122674
2023-11-28 13:00:00,0.1632643994297459,0.2062284207910663,0.0457144054256423
2023-11-28 14:00:00,0.0687702088994367,0.0444667362820885,0.0316682868652655
2023-11-28 15:00:00,0.0,0.0,0.0
2023-11-28 16:00:00,0.0,0.0,0.0
2023-11-28 17:00:00,0.0,0.0,0.0
2023-11-28 18:00:00,0.0,0.0,0.0
2023-11-28 19:00:00,0.0,0.0,0.0
2023-11-28 20:00:00,0.0,0.0,0.0
2023-11-28 21:00:00,0.0,0.0,0.0
2023-11-28 22:00:00,0.0,0.0,0.0
2023-11-28 23:00:00,0.0,0.0,0.0
2023-11-29 00:00:00,0.0,0.0,0.0
2023-11-29 01:00:00,0.0,0.0,0.0
2023-11-29 02:00:00,0.0,0.0,0.0
2023-11-29 03:00:00,0.0,0.0,0.0
2023-11-29 04:00:00,0.0,0.0,0.0
2023-11-29 05:00:00,0.0,0.0,0.0
2023-11-29 06:00:00,0.0210783046303015,0.0,0.0
2023-11-29 07:00:00,0.0442666967698534,0.0029492626741733,0.0329595285845926
2023-11-29 08:00:00,0.0536237741267897,0.0068365769960753,0.1015095185008828
2023-11-29 09:00:00,0.3451295974844309,0.0087722154662142,0.2098954986009325
2023-11-29 10:00:00,0.4622886578817543,0.0160838077789829,0.2344417071658239
2023-11-29 11:00:00,0.2687504923783392,0.0301742024110625,0.2434604320276916
2023-11-29 12:00:00,0.1919180255844561,0.0462888322498215,0.1981715073825018
2023-11-29 13:00:00,0.1266642991405192,0.0785997725109449,0.2076144126839336
2023-11-29 14:00:00,0.0499718425286001,0.0083389496700372,0.1404816998726436
2023-11-29 15:00:00,0.0,0.0,0.0
2023-11-29 16:00:00,0.0,0.0,0.0
2023-11-29 17:00:00,0.0,0.0,0.0
2023-11-29 18:00:00,0.0,0.0,0.0
2023-11-29 19:00:00,0.0,0.0,0.0
2023-11-29 20:00:00,0.0,0.0,0.0
2023-11-29 21:00:00,0.0,0.0,0.0
2023-11-29 22:00:00,0.0,0.0,0.0
2023-11-29 23:00:00,0.0,0.0,0.0
2023-11-30 00:00:00,0.0,0.0,0.0
2023-11-30 01:00:00,0.0,0.0,0.0
2023-11-30 02:00:00,0.0,0.0,0.0
2023-11-30 03:00:00,0.0,0.0,0.0
2023-11-30 04:00:00,0.0,0.0,0.0
2023-11-30 05:00:00,0.0,0.0,0.0
2023-11-30 06:00:00,0.0034730759081184,0.1036903842209376,0.0
2023-11-30 07:00:00,0.0110435959401098,0.1729665591629089,0.1249533500482976
2023-11-30 08:00:00,0.0467656113102559,0.3552933778999245,0.3302522888910968
2023-11-30 09:00:00,0.0932698128837171,0.4413563367939478,0.4933154007666813
2023-11-30 10:00:00,0.2441295885642598,0.5390952811469829,0.566900603653065
2023-11-30 11:00:00,0.4338091529856994,0.4690018568396271,0.4194712430255654
2023-11-30 12:00:00,0.4032271366407119,0.4385394789373038,0.1551711903314314
2023-11-30 13:00:00,0.2909775005546919,0.2676571031314085,0.0375145039307843
2023-11-30 14:00:00,0.1114325035637844,0.0894143455598702,0.01307658907238
2023-11-30 15:00:00,0.0,0.0,0.0
2023-11-30 16:00:00,0.0,0.0,0.0
2023-11-30 17:00:00,0.0,0.0,0.0
2023-11-30 18:00:00,0.0,0.0,0.0
2023-11-30 19:00:00,0.0,0.0,0.0
2023-11-30 20:00:00,0.0,0.0,0.0
2023-11-30 21:00:00,0.0,0.0,0.0
2023-11-30 22:00:00,0.0,0.0,0.0
2023-11-30 23:00:00,0.0,0.0,0.0
2023-12-01 00:00:00,0.0,0.0,0.0
2023-12-01 01:00:00,0.0,0.0,0.0
2023-12-01 02:00:00,0.0,0.0,0.0
2023-12-01 03:00:00,0.0,0.0,0.0
2023-12-01 04:00:00,0.0,0.0,0.0
2023-12-01 05:00:00,0.0,0.0,0.0
2023-12-01 06:00:00,0.0182781021605007,0.0007632622758522,0.0
2023-12-01 07:00:00,0.0801419309544455,0.0038318765946446,0.0039870615180036
2023-12-01 08:00:00,0.0526104247388358,0.0111922163094765,0.0336400345231796
2023-12-01 09:00:00,0.2006967342250636,0.0126786652767193,0.0622998182590924
2023-12-01 10:00:00,0.2650268218234119,0.0234305224417579,0.0646343072652749
2023-12-01 11:00:00,0.3213081456155345,0.0206975006017517,0.0478855626618311
2023-12-01 12:00:00,0.2726458057578899,0.02836460333022,0.036249094080125
2023-12-01 13:00:00,0.1651748752264271,0.0160890749738951,0.0118522226547036
2023-12-01 14:00:00,0.0420602701278484,0.0082909248915231,0.0005451461387296
2023-12-01 15:00:00,0.0,0.0,0.0
2023-12-01 16:00:00,0.0,0.0,0.0
2023-12-01 17:00:00,0.0,0.0,0.0
2023-12-01 18:00:00,0.0,0.0,0.0
2023-12-01 19:00:00,0.0,0.0,0.0
2023-12-01 20:00:00,0.0,0.0,0.0
2023-12-01 21:00:00,0.0,0.0,0.0
2023-12-01 22:00:00,0.0,0.0,0.0
2023-12-01 23:00:00,0.0,0.0,0.0
2023-12-02 00:00:00,0.0,0.0,0.0
2023-12-02 01:00:00,0.0,0.0,0.0
2023-12-02 02:00:00,0.0,0.0,0.0
2023-12-02 03:00:00,0.0,0.0,0.0
2023-12-02 04:00:00,0.0,0.0,0.0
2023-12-02 05:00:00,0.0,0.0,0.0
2023-12-02 06:00:00,0.0697604118476563,6.11162615695705e-05,0.0
2023-12-02 07:00:00,0.2181565237031114,0.0122360248479073,0.0317984644097559
2023-12-02 08:00:00,0.3446831718104369,0.0306704532798878,0.0892958045937983
2023-12-02 09:00:00,0.4255091146111383,0.0371128602554371,0.1421680920956916
2023-12-02 10:00:00,0.3137466076082344,0.0409559305919402,0.1865295977449476
2023-12-02 11:00:00,0.3526093036003979,0.0562417933344754,0.1896417959953079
2023-12-02 12:00:00,0.3202304951749715,0.0478538433268797,0.1754241705746179
2023-12-02 13:00:00,0.2411424483353669,0.0197065549933474,0.1250067075149427
2023-12-02 14:00:00,0.0628905502803051,0.0028610875971778,0.0836444454270023
2023-12-02 15:00:00,0.0,0.0,0.0
2023-12-02 16:00:00,0.0,0.0,0.0
2023-12-02 17:00:00,0.0,0.0,0.0
2023-12-02 18:00:00,0.0,0.0,0.0
2023-12-02 19:00:00,0.0,0.0,0.0
2023-12-02 20:00:00,0.0,0.0,0.0
2023-12-02 21:00:00,0.0,0.0,0.0
2023-12-02 22:00:00,0.0,0.0,0.0
2023-12-02 23:00:00,0.0,0.0,0.0
2023-12-03 00:00:00,0.0,0.0,0.0
2023-12-03 01:00:00,0.0,0.0,0.0
2023-12-03 02:00:00,0.0,0.0,0.0
2023-12-03 03:00:00,0.0,0.0,0.0
2023-12-03 04:00:00,0.0,0.0,0.0
2023-12-03 05:00:00,0.0,0.0,0.0
2023-12-03 06:00:00,0.0236357722090752,0.0018226362291951,0.0
2023-12-03 07:00:00,0.1146319635400241,0.0370563403693599,0.0352546780176495
2023-12-03 08:00:00,0.2599942070421547,0.1892235287647237,0.1418188284621555
2023-12-03 09:00:00,0.3918691941628665,0.3724763183595147,0.1332537193400289
2023-12-03 10:00:00,0.3889294953811326,0.4233764811388673,0.2513900895753578
2023-12-03 11:00:00,0.4268710552328864,0.3849378925808747,0.2251236431414332
2023-12-03 12:00:00,0.3982479386569553,0.2473047565568461,0.1718573990942118
2023-12-03 13:00:00,0.1830075550089838,0.0963791770781592,0.1487155393826722
2023-12-03 14:00:00,0.0599978004801178,0.0152491435622041,0.1140656421279104
2023-12-03 15:00:00,0.0,0.0,0.0
2023-12-03 16:00:00,0.0,0.0,0.0
2023-12-03 17:00:00,0.0,0.0,0.0
2023-12-03 18:00:00,0.0,0.0,0.0
2023-12-03 19:00:00,0.0,0.0,0.0
2023-12-03 20:00:00,0.0,0.0,0.0
2023-12-03 21:00:00,0.0,0.0,0.0
2023-12-03 22:00:00,0.0,0.0,0.0
2023-12-03 23:00:00,0.0,0.0,0.0
2023-12-04 00:00:00,0.0,0.0,0.0
2023-12-04 01:00:00,0.0,0.0,0.0
2023-12-04 02:00:00,0.0,0.0,0.0
2023-12-04 03:00:00,0.0,0.0,0.0
2023-12-04 04:00:00,0.0,0.0,0.0
2023-12-04 05:00:00,0.0,0.0,0.0
2023-12-04 06:00:00,0.0008562629937038,0.0077057465560111,0.0
2023-12-04 07:00:00,0.0478367022081876,0.1266143631558228,0.1032841183748241
2023-12-04 08:00:00,0.1207479286878449,0.1693482743112316,0.2665755094985342
2023-12-04 09:00:00,0.2138913987312104,0.1414930878530721,0.4271784583610605
2023-12-04 10:00:00,0.2181175344480155,0.1101864530920693,0.487067723638251
2023-12-04 11:00:00,0.2256501144412516,0.1151115810382771,0.461984130853535
2023-12-04 12:00:00,0.2106850591183538,0.0768255644520827,0.3793420730305626
2023-12-04 13:00:00,0.0973451248376935,0.0250331824184066,0.2321427761506372
2023-12-04 14:00:00,0.0221823343465932,0.0082912568028993,0.1100590999078025
2023-12-04 15:00:00,0.0,0.0,0.0
2023-12-04 16:00:00,0.0,0.0,0.0
2023-12-04 17:00:00,0.0,0.0,0.0
2023-12-04 18:00:00,0.0,0.0,0.0
2023-12-04 19:00:00,0.0,0.0,0.0
2023-12-04 20:00:00,0.0,0.0,0.0
2023-12-04 21:00:00,0.0,0.0,0.0
2023-12-04 22:00:00,0.0,0.0,0.0
2023-12-04 23:00:00,0.0,0.0,0.0
2023-12-05 00:00:00,0.0,0.0,0.0
2023-12-05 01:00:00,0.0,0.0,0.0
2023-12-05 02:00:00,0.0,0.0,0.0
2023-12-05 03:00:00,0.0,0.0,0.0
2023-12-05 04:00:00,0.0,0.0,0.0
2023-12-05 05:00:00,0.0,0.0,0.0
2023-12-05 06:00:00,0.0918591151852666,0.0616530370415031,0.0
2023-12-05 07:00:00,0.2466878872170921,0.2033551293642605,0.0151852456323031
2023-12-05 08:00:00,0.3501190573012243,0.313952567625358,0.0799720424820251
2023-12-05 09:00:00,0.401534767105187,0.3844225148672237,0.1805205884868902
2023-12-05 10:00:00,0.4965260571992404,0.4029804406409092,0.3522461674209016
2023-12-05 11:00:00,0.4959931744704927,0.1718635817491671,0.4705033930632847
2023-12-05 12:00:00,0.3547937023462041,0.0652269719640347,0.4663736047785579
2023-12-05 13:00:00,0.2363190505659177,0.0327340784109486,0.3537524626633262
2023-12-05 14:00:00,0.0814387916305981,0.0027921764658112,0.1557433371641289
2023-12-05 15:00:00,0.0,0.0,0.0
2023-12-05 16:00:00,0.0,0.0,0.0
2023-12-05 17:00:00,0.0,0.0,0.0
2023-12-05 18:00:00,0.0,0.0,0.0
2023-12-05 19:00:00,0.0,0.0,0.0
2023-12-05 20:00:00,0.0,0.0,0.0
2023-12-05 21:00:00,0.0,0.0,0.0
2023-12-05 22:00:00,0.0,0.0,0.0
2023-12-05 23:00:00,0.0,0.0,0.0
2023-12-06 00:00:00,0.0,0.0,0.0
2023-12-06 01:00:00,0.0,0.0,0.0
2023-12-06 02:00:00,0.0,0.0,0.0
2023-12-06 03:00:00,0.0,0.0,0.0
2023-12-06 04:00:00,0.0,0.0,0.0
2023-12-06 05:00:00,0.0,0.0,0.0
2023-12-06 06:00:00,0.0001280082224363,0.0220757768225991,0.0
2023-12-06 07:00:00,0.0231039991176238,0.0790253742671,0.0318112310535485
2023-12-06 08:00:00,0.0420999585283507,0.2662358602402037,0.1396449520902745
2023-12-06 09:00:00,0.0843046616345128,0.3357513993840827,0.2078126895575636
2023-12-06 10:00:00,0.0990088532253957,0.350994561062132,0.27228258692828
2023-12-06 11:00:00,0.0935183140362485,0.2680146471766783,0.2982811986824585
2023-12-06 12:00:00,0.0441564747178799,0.2365988921070879,0.2109085177553376
2023-12-06 13:00:00,0.0290786213894978,0.120600773922013,0.1683971577322404
2023-12-06 14:00:00,0.0027104266090909,0.0429614700735907,0.0590696425282024
2023-12-06 15:00:00,0.0,0.0,0.0
2023-12-06 16:00:00,0.0,0.0,0.0
2023-12-06 17:00:00,0.0,0.0,0.0
2023-12-06 18:00:00,0.0,0.0,0.0
2023-12-06 19:00:00,0.0,0.0,0.0
2023-12-06 20:00:00,0.0,0.0,0.0
2023-12-06 21:00:00,0.0,0.0,0.0
2023-12-06 22:00:00,0.0,0.0,0.0
2023-12-06 23:00:00,0.0,0.0,0.0
2023-12-07 00:00:00,0.0,0.0,0.0
2023-12-07 01:00:00,0.0,0.0,0.0
2023-12-07 02:00:00,0.0,0.0,0.0
2023-12-07 03:00:00,0.0,0.0,0.0
2023-12-07 04:00:00,0.0,0.0,0.0
2023-12-07 05:00:00,0.0,0.0,0.0
2023-12-07 06:00:00,0.0011109621441023,0.0,0.0
2023-12-07 07:00:00,0.018685142199972,0.0040484478371657,0.0082595840598341
2023-12-07 08:00:00,0.0584087830827947,0.013767020601631,0.0349394092117247
2023-12-07 09:00:00,0.0772578901298991,0.0333832817413733,0.087598384155953
2023-12-07 10:00:00,0.0887539233024259,0.0378830659880079,0.1037250548546111
2023-12-07 11:00:00,0.0496804873653232,0.0272126073389409,0.098765413649724
2023-12-07 12:00:00,0.0290309622304175,0.0190056631226657,0.0638487324256763
2023-12-07 13:00:00,0.0144614702836488,0.0123817341030599,0.0323928969700741
2023-12-07 14:00:00,8.30360570917378e-05,0.0,0.0118554444453691
2023-12-07 15:00:00,0.0,0.0,0.0
2023-12-07 16:00:00,0.0,0.0,0.0
2023-12-07 17:00:00,0.0,0.0,0.0
2023-12-07 18:00:00,0.0,0.0,0.0
2023-12-07 19:00:00,0.0,0.0,0.0
2023-12-07 20:00:00,0.0,0.0,0.0
2023-12-07 21:00:00,0.0,0.0,0.0
2023-12-07 22:00:00,0.0,0.0,0.0
2023-12-07 23:00:00,0.0,0.0,0.0
2023-12-08 00:00:00,0.0,0.0,0.0
2023-12-08 01:00:00,0.0,0.0,0.0
2023-12-08 02:00:00,0.0,0.0,0.0
2023-12-08 03:00:00,0.0,0.0,0.0
2023-12-08 04:00:00,0.0,0.0,0.0
2023-12-08 05:00:00,0.0,0.0,0.0
2023-12-08 06:00:00,0.0,0.0,0.0
2023-12-08 07:00:00,0.0141574822577416,0.0039125831034495,0.0345609311362962
2023-12-08 08:00:00,0.0594313476673432,0.0137105756991837,0.0896744976657683
2023-12-08 09:00:00,0.0605839694594467,0.0133104880204264,0.1859540161357334
2023-12-08 10:00:00,0.0573848085351128,0.0223329565889812,0.2935883392007796
2023-12-08 11:00:00,0.0435786830329896,0.0169560327697655,0.4258467280784551
2023-12-08 12:00:00,0.0284611760615294,0.0139034669120551,0.4305166361676144
2023-12-08 13:00:00,0.0090144167271043,0.001906811282706,0.3769219854667101
2023-12-08 14:00:00,0.0020620581926518,0.0,0.1974206753312522
2023-12-08 15:00:00,0.0,0.0,0.0
2023-12-08 16:00:00,0.0,0.0,0.0
2023-12-08 17:00:00,0.0,0.0,0.0
2023-12-08 18:00:00,0.0,0.0,0.0
2023-12-08 19:00:00,0.0,0.0,0.0
2023-12-08 20:00:00,0.0,0.0,0.0
2023-12-08 21:00:00,0.0,0.0,0.0
2023-12-08 22:00:00,0.0,0.0,0.0
2023-12-08 23:00:00,0.0,0.0,0.0
2023-12-09 00:00:00,0.0,0.0,0.0
2023-12-09 01:00:00,0.0,0.0,0.0
2023-12-09 02:00:00,0.0,0.0,0.0
2023-12-09 03:00:00,0.0,0.0,0.0
2023-12-09 04:00:00,0.0,0.0,0.0
2023-12-09 05:00:00,0.0,0.0,0.0
2023-12-09 06:00:00,0.01035213125989,0.0,0.0
2023-12-09 07:00:00,0.013421999011284,0.0258546578150743,0.0934716520014985
2023-12-09 08:00:00,0.0283580601042625,0.0500648650296029,0.2532174284158777
2023-12-09 09:00:00,0.0574900336665114,0.0741481608870132,0.4075411335781871
2023-12-09 10:00:00,0.0747310868316344,0.0774343440204905,0.5060376767943862
2023-12-09 11:00:00,0.0511000054623054,0.0420201526999321,0.5864556267660113
2023-12-09 12:00:00,0.0555074242157697,0.0202808755660651,0.5386770533390025
2023-12-09 13:00:00,0.0333264449183525,0.0078036846980831,0.402241924357287
2023-12-09 14:00:00,0.001695319866514,0.0,0.1950652627717087
2023-12-09 15:00:00,0.0,0.0,0.0
2023-12-09 16:00:00,0.0,0.0,0.0
2023-12-09 17:00:00,0.0,0.0,0.0
2023-12-09 18:00:00,0.0,0.0,0.0
2023-12-09 19:00:00,0.0,0.0,0.0
2023-12-09 20:00:00,0.0,0.0,0.0
2023-12-09 21:00:00,0.0,0.0,0.0
2023-12-09 22:00:00,0.0,0.0,0.0
2023-12-09 23:00:00,0.0,0.0,0.0
2023-12-10 00:00:00,0.0,0.0,0.0
2023-12-10 01:00:00,0.0,0.0,0.0
2023-12-10 02:00:00,0.0,0.0,0.0
2023-12-10 03:00:00,0.0,0.0,0.0
2023-12-10 04:00:00,0.0,0.0,0.0
2023-12-10 05:00:00,0.0,0.0,0.0
2023-12-10 06:00:00,0.0,0.0,0.0
2023-12-10 07:00:00,0.0041916130335699,0.0118492591493541,0.0709008117484717
2023-12-10 08:00:00,0.0076658084151878,0.0282641172015163,0.1804174002021019
2023-12-10 09:00:00,0.014323227074914,0.0524345229728469,0.2790971458853177
2023-12-10 10:00:00,0.009217280257403,0.0332032211738778,0.3873938679128312
2023-12-10 11:00:00,0.0148829228633114,0.0480317694277923,0.390927387633853
2023-12-10 12:00:00,0.0068464731376006,0.0443561964079452,0.369615412038011
2023-12-10 13:00:00,0.0026672282265959,0.0277476724246864,0.2532374981656224
2023-12-10 14:00:00,0.0,0.0013041872589311,0.1316971493221395
2023-12-10 15:00:00,0.0,0.0,0.0
2023-12-10 16:00:00,0.0,0.0,0.0
2023-12-10 17:00:00,0.0,0.0,0.0
2023-12-10 18:00:00,0.0,0.0,0.0
2023-12-10 19:00:00,0.0,0.0,0.0
2023-12-10 20:00:00,0.0,0.0,0.0
2023-12-10 21:00:00,0.0,0.0,0.0
2023-12-10 22:00:00,0.0,0.0,0.0
2023-12-10 23:00:00,0.0,0.0,0.0
2023-12-11 00:00:00,0.0,0.0,0.0
2023-12-11 01:00:00,0.0,0.0,0.0
2023-12-11 02:00:00,0.0,0.0,0.0
2023-12-11 03:00:00,0.0,0.0,0.0
2023-12-11 04:00:00,0.0,0.0,0.0
2023-12-11 05:00:00,0.0,0.0,0.0
2023-12-11 06:00:00,0.0090878780705616,0.0,0.0
2023-12-11 07:00:00,0.0421932247149853,0.001021993920427,0.0613374098977522
2023-12-11 08:00:00,0.0728496823907037,0.0146768485678336,0.1821424439436395
2023-12-11 09:00:00,0.1219998877376108,0.0168816902975569,0.2887679643803605
2023-12-11 10:00:00,0.2279505078342502,0.0440357059628002,0.3362982374166697
2023-12-11 11:00:00,0.1319320821955573,0.0468903084193562,0.3948443418313545
2023-12-11 12:00:00,0.0860089669707803,0.0249435558859402,0.2402862629845594
2023-12-11 13:00:00,0.0514388061102933,0.0062867769812039,0.1356467043116466
2023-12-11 14:00:00,0.0097476548573761,0.0,0.0868718544982036
2023-12-11 15:00:00,0.0,0.0,0.0
2023-12-11 16:00:00,0.0,0.0,0.0
2023-12-11 17:00:00,0.0,0.0,0.0
2023-12-11 18:00:00,0.0,0.0,0.0
2023-12-11 19:00:00,0.0,0.0,0.0
2023-12-11 20:00:00,0.0,0.0,0.0
2023-12-11 21:00:00,0.0,0.0,0.0
2023-12-11 22:00:00,0.0,0.0,0.0
2023-12-11 23:00:00,0.0,0.0,0.0
2023-12-12 00:00:00,0.0,0.0,0.0
2023-12-12 01:00:00,0.0,0.0,0.0
2023-12-12 02:00:00,0.0,0.0,0.0
2023-12-12 03:00:00,0.0,0.0,0.0
2023-12-12 04:00:00,0.0,0.0,0.0
2023-12-12 05:00:00,0.0,0.0,0.0
2023-12-12 06:00:00,0.0086521662840859,0.0,0.0
2023-12-12 07:00:00,0.0259375036198216,0.0065266776868132,0.0711735284380975
2023-12-12 08:00:00,0.0646646798353536,0.0220490469798453,0.1581505694416088
2023-12-12 09:00:00,0.1334071833460063,0.0700800705444523,0.2523542777704352
2023-12-12 10:00:00,0.2016317273578256,0.0469960519771276,0.2549652104173747
2023-12-12 11:00:00,0.1877844938368022,0.0258930181058686,0.2005380276647194
2023-12-12 12:00:00,0.1481998328689913,0.0140900418090053,0.1693976620891542
2023-12-12 13:00:00,0.0652701770798684,0.0048443936309283,0.1147888065617835
2023-12-12 14:00:00,0.0101374003678863,0.0,0.0658673607671553
2023-12-12 15:00:00,0.0,0.0,0.0
2023-12-12 16:00:00,0.0,0.0,0.0
2023-12-12 17:00:00,0.0,0.0,0.0
2023-12-12 18:00:00,0.0,0.0,0.0
2023-12-12 19:00:00,0.0,0.0,0.0
2023-12-12 20:00:00,0.0,0.0,0.0
2023-12-12 21:00:00,0.0,0.0,0.0
2023-12-12 22:00:00,0.0,0.0,0.0
2023-12-12 23:00:00,0.0,0.0,0.0
2023-12-13 00:00:00,0.0,0.0,0.0
2023-12-13 01:00:00,0.0,0.0,0.0
2023-12-13 02:00:00,0.0,0.0,0.0
2023-12-13 03:00:00,0.0,0.0,0.0
2023-12-13 04:00:00,0.0,0.0,0.0
2023-12-13 05:00:00,0.0,0.0,0.0
2023-12-13 06:00:00,0.000303411834984,0.0,0.0
2023-12-13 07:00:00,0.023164022775829,0.0109458849320727,0.0060368923782213
2023-12-13 08:00:00,0.0470750051198372,0.0480247042713025,0.0352997511287725
2023-12-13 09:00:00,0.0935216344245707,0.0464292356726506,0.0466206062589628
2023-12-13 10:00:00,0.1303907024088336,0.055711060502005,0.0453478753280554
2023-12-13 11:00:00,0.2141028749939868,0.0402355861642985,0.0436418266769401
2023-12-13 12:00:00,0.1127267196696181,0.0268312443384028,0.0341905409702173
2023-12-13 13:00:00,0.0353481039549293,0.0144131375846127,0.016334126018933
2023-12-13 14:00:00,0.0057191742032857,0.0013566048756772,0.0059541035590898
2023-12-13 15:00:00,0.0,0.0,0.0
2023-12-13 16:00:00,0.0,0.0,0.0
2023-12-13 17:00:00,0.0,0.0,0.0
2023-12-13 18:00:00,0.0,0.0,0.0
2023-12-13 19:00:00,0.0,0.0,0.0
2023-12-13 20:00:00,0.0,0.0,0.0
2023-12-13 21:00:00,0.0,0.0,0.0
2023-12-13 22:00:00,0.0,0.0,0.0
2023-12-13 23:00:00,0.0,0.0,0.0
2023-12-14 00:00:00,0.0,0.0,0.0
2023-12-14 01:00:00,0.0,0.0,0.0
2023-12-14 02:00:00,0.0,0.0,0.0
2023-12-14 03:00:00,0.0,0.0,0.0
2023-12-14 04:00:00,0.0,0.0,0.0
2023-12-14 05:00:00,0.0,0.0,0.0
2023-12-14 06:00:00,0.0,0.0,0.0
2023-12-14 07:00:00,0.0550735004310548,0.0124608371403529,0.0
2023-12-14 08:00:00,0.0960957851855048,0.0097392260602633,0.0059132811343521
2023-12-14 09:00:00,0.1425156980203452,0.015961517224673,0.0519106779829108
2023-12-14 10:00:00,0.2060306102123989,0.0381056241581479,0.0760821054676513
2023-12-14 11:00:00,0.1356351769594373,0.0334911768407786,0.0754295889472815
2023-12-14 12:00:00,0.1226740566669827,0.0159828013076249,0.0579658147488642
2023-12-14 13:00:00,0.0413577751466566,0.0090645584524124,0.041157264338949
2023-12-14 14:00:00,0.0052251207628569,0.0,0.0197908408155827
2023-12-14 15:00:00,0.0,0.0,0.0
2023-12-14 16:00:00,0.0,0.0,0.0
2023-12-14 17:00:00,0.0,0.0,0.0
2023-12-14 18:00:00,0.0,0.0,0.0
2023-12-14 19:00:00,0.0,0.0,0.0
2023-12-14 20:00:00,0.0,0.0,0.0
2023-12-14 21:00:00,0.0,0.0,0.0
2023-12-14 22:00:00,0.0,0.0,0.0
2023-12-14 23:00:00,0.0,0.0,0.0
2023-12-15 00:00:00,0.0,0.0,0.0
2023-12-15 01:00:00,0.0,0.0,0.0
2023-12-15 02:00:00,0.0,0.0,0.0
2023-12-15 03:00:00,0.0,0.0,0.0
2023-12-15 04:00:00,0.0,0.0,0.0
2023-12-15 05:00:00,0.0,0.0,0.0
2023-12-15 06:00:00,0.0,0.0,0.0
2023-12-15 07:00:00,0.0077460113137599,0.0033494471165633,0.0036243157277855
2023-12-15 08:00:00,0.0207296268284552,0.0193770977947572,0.0146427655841072
2023-12-15 09:00:00,0.0435750951928638,0.0402609754810448,0.0506653301492337
2023-12-15 10:00:00,0.0821578362968174,0.0571881507629337,0.0542098973675255
2023-12-15 11:00:00,0.0895542254754323,0.0756892237136592,0.076217235574831
2023-12-15 12:00:00,0.074898055719613,0.0574485352751396,0.0751006150926735
2023-12-15 13:00:00,0.0569598319704632,0.0320351470467411,0.0319417189381704
2023-12-15 14:00:00,0.004512079952229,0.0023399916563172,0.0485210140075117
2023-12-15 15:00:00,0.0,0.0,0.0
2023-12-15 16:00:00,0.0,0.0,0.0
2023-12-15 17:00:00,0.0,0.0,0.0
2023-12-15 18:00:00,0.0,0.0,0.0
2023-12-15 19:00:00,0.0,0.0,0.0
2023-12-15 20:00:00,0.0,0.0,0.0
2023-12-15 21:00:00,0.0,0.0,0.0
2023-12-15 22:00:00,0.0,0.0,0.0
2023-12-15 23:00:00,0.0,0.0,0.0
2023-12-16 00:00:00,0.0,0.0,0.0
2023-12-16 01:00:00,0.0,0.0,0.0
2023-12-16 02:00:00,0.0,0.0,0.0
2023-12-16 03:00:00,0.0,0.0,0.0
2023-12-16 04:00:00,0.0,0.0,0.0
2023-12-16 05:00:00,0.0,0.0,0.0
2023-12-16 06:00:00,0.0,0.0,0.0
2023-12-16 07:00:00,0.06920593875,0.0597362342650273,0.0258977548095635
2023-12-16 08:00:00,0.1436561360422364,0.1591488849845278,0.0497423643660814
2023-12-16 09:00:00,0.1438094773623113,0.2322766931322677,0.0776433723994736
2023-12-16 10:00:00,0.2048285118580302,0.2872847566621831,0.1681074461398125
2023-12-16 11:00:00,0.1712933994110149,0.2020799333750962,0.1173884475761184
2023-12-16 12:00:00,0.0758224076098827,0.0753888471119923,0.1408739421409104
2023-12-16 13:00:00,0.0347647424453144,0.0414616619667577,0.107281187913015
2023-12-16 14:00:00,0.0059092907563913,0.0013287736105216,0.029517308567279
2023-12-16 15:00:00,0.0,0.0,0.0
2023-12-16 16:00:00,0.0,0.0,0.0
2023-12-16 17:00:00,0.0,0.0,0.0
2023-12-16 18:00:00,0.0,0.0,0.0
2023-12-16 19:00:00,0.0,0.0,0.0
2023-12-16 20:00:00,0.0,0.0,0.0
2023-12-16 21:00:00,0.0,0.0,0.0
2023-12-16 22:00:00,0.0,0.0,0.0
2023-12-16 23:00:00,0.0,0.0,0.0
2023-12-17 00:00:00,0.0,0.0,0.0
2023-12-17 01:00:00,0.0,0.0,0.0
2023-12-17 02:00:00,0.0,0.0,0.0
2023-12-17 03:00:00,0.0,0.0,0.0
2023-12-17 04:00:00,0.0,0.0,0.0
2023-12-17 05:00:00,0.0,0.0,0.0
2023-12-17 06:00:00,0.0,0.0,0.0
2023-12-17 07:00:00,0.0305988694162136,0.0221546371552309,0.0110821239784556
2023-12-17 08:00:00,0.0615151929410231,0.1071191969129477,0.0276198049662684
2023-12-17 09:00:00,0.1658313582635945,0.2976590137063979,0.0424134730972516
2023-12-17 10:00:00,0.3327621021257425,0.2410655374287868,0.0493287231626888
2023-12-17 11:00:00,0.2159672624274864,0.1574946549459114,0.0727236238011228
2023-12-17 12:00:00,0.2413435669615437,0.060008677372991,0.0412579687782199
2023-12-17 13:00:00,0.1400336941307509,0.0340800865303902,0.0265015306534961
2023-12-17 14:00:00,0.0362528222163437,5.757106897296733e-05,0.0274529287940754
2023-12-17 15:00:00,0.0,0.0,0.0
2023-12-17 16:00:00,0.0,0.0,0.0
2023-12-17 17:00:00,0.0,0.0,0.0
2023-12-17 18:00:00,0.0,0.0,0.0
2023-12-17 19:00:00,0.0,0.0,0.0
2023-12-17 20:00:00,0.0,0.0,0.0
2023-12-17 21:00:00,0.0,0.0,0.0
2023-12-17 22:00:00,0.0,0.0,0.0
2023-12-17 23:00:00,0.0,0.0,0.0
2023-12-18 00:00:00,0.0,0.0,0.0
2023-12-18 01:00:00,0.0,0.0,0.0
2023-12-18 02:00:00,0.0,0.0,0.0
2023-12-18 03:00:00,0.0,0.0,0.0
2023-12-18 04:00:00,0.0,0.0,0.0
2023-12-18 05:00:00,0.0,0.0,0.0
2023-12-18 06:00:00,0.0,0.0,0.0
2023-12-18 07:00:00,0.0078654507863339,0.0008478871476457,0.0867819208760561
2023-12-18 08:00:00,0.0192017732856817,0.0065834588343448,0.2219655661917414
2023-12-18 09:00:00,0.033030246013631,0.0088758513289862,0.3088463318652855
2023-12-18 10:00:00,0.0347771827586564,0.0132411643803692,0.404787597998727
2023-12-18 11:00:00,0.0520011040915895,0.0167270556595046,0.4437528152097529
2023-12-18 12:00:00,0.0386402052983426,0.0114979253912218,0.3983870277634607
2023-12-18 13:00:00,0.0344192261794282,0.003798630624308,0.224558605942701
2023-12-18 14:00:00,0.0239614677622407,0.0,0.0910951982541098
2023-12-18 15:00:00,0.0,0.0,0.0
2023-12-18 16:00:00,0.0,0.0,0.0
2023-12-18 17:00:00,0.0,0.0,0.0
2023-12-18 18:00:00,0.0,0.0,0.0
2023-12-18 19:00:00,0.0,0.0,0.0
2023-12-18 20:00:00,0.0,0.0,0.0
2023-12-18 21:00:00,0.0,0.0,0.0
2023-12-18 22:00:00,0.0,0.0,0.0
2023-12-18 23:00:00,0.0,0.0,0.0
2023-12-19 00:00:00,0.0,0.0,0.0
2023-12-19 01:00:00,0.0,0.0,0.0
2023-12-19 02:00:00,0.0,0.0,0.0
2023-12-19 03:00:00,0.0,0.0,0.0
2023-12-19 04:00:00,0.0,0.0,0.0
2023-12-19 05:00:00,0.0,0.0,0.0
2023-12-19 06:00:00,0.0,0.0,0.0
2023-12-19 07:00:00,0.0131010841755389,0.0065511266559109,0.0707484784676423
2023-12-19 08:00:00,0.0370531823407147,0.0119932675378435,0.2447545020087533
2023-12-19 09:00:00,0.0689890490781062,0.019271044015211,0.3832457695249192
2023-12-19 10:00:00,0.1090402377253901,0.0281933842387894,0.4336324122114607
2023-12-19 11:00:00,0.0867598594498596,0.0308687589626523,0.484519104709957
2023-12-19 12:00:00,0.0710899528113798,0.0158043673602108,0.4583533544474615
2023-12-19 13:00:00,0.045279994465658,0.0128596593580612,0.350996058914068
2023-12-19 14:00:00,0.009450016010488,0.0009711669400032,0.1623284749294569
2023-12-19 15:00:00,0.0,0.0,0.0
2023-12-19 16:00:00,0.0,0.0,0.0
2023-12-19 17:00:00,0.0,0.0,0.0
2023-12-19 18:00:00,0.0,0.0,0.0
2023-12-19 19:00:00,0.0,0.0,0.0
2023-12-19 20:00:00,0.0,0.0,0.0
2023-12-19 21:00:00,0.0,0.0,0.0
2023-12-19 22:00:00,0.0,0.0,0.0
2023-12-19 23:00:00,0.0,0.0,0.0
2023-12-20 00:00:00,0.0,0.0,0.0
2023-12-20 01:00:00,0.0,0.0,0.0
2023-12-20 02:00:00,0.0,0.0,0.0
2023-12-20 03:00:00,0.0,0.0,0.0
2023-12-20 04:00:00,0.0,0.0,0.0
2023-12-20 05:00:00,0.0,0.0,0.0
2023-12-20 06:00:00,0.0,0.0,0.0
2023-12-20 07:00:00,0.2075565641562785,0.1573556249529242,0.1037413215817377
2023-12-20 08:00:00,0.3598511266426948,0.2993439129073486,0.2717228817000264
2023-12-20 09:00:00,0.4759679253238566,0.3928920537299191,0.4272297553951871
2023-12-20 10:00:00,0.4597135992957539,0.4773131259779673,0.3984903852420949
2023-12-20 11:00:00,0.4897503244996833,0.4413809992868944,0.2753741968845613
2023-12-20 12:00:00,0.3569958492893231,0.367264670703346,0.1662366284042128
2023-12-20 13:00:00,0.2645036304609856,0.193960119261178,0.0836923725066316
2023-12-20 14:00:00,0.0954267379744436,0.0497027786640404,0.0449981243164469
2023-12-20 15:00:00,0.0,0.0,0.0
2023-12-20 16:00:00,0.0,0.0,0.0
2023-12-20 17:00:00,0.0,0.0,0.0
2023-12-20 18:00:00,0.0,0.0,0.0
2023-12-20 19:00:00,0.0,0.0,0.0
2023-12-20 20:00:00,0.0,0.0,0.0
2023-12-20 21:00:00,0.0,0.0,0.0
2023-12-20 22:00:00,0.0,0.0,0.0
2023-12-20 23:00:00,0.0,0.0,0.0
2023-12-21 00:00:00,0.0,0.0,0.0
2023-12-21 01:00:00,0.0,0.0,0.0
2023-12-21 02:00:00,0.0,0.0,0.0
2023-12-21 03:00:00,0.0,0.0,0.0
2023-12-21 04:00:00,0.0,0.0,0.0
2023-12-21 05:00:00,0.0,0.0,0.0
2023-12-21 06:00:00,0.0,0.0,0.0
2023-12-21 07:00:00,0.0233887211871497,0.0282995598371853,0.0124891545846713
2023-12-21 08:00:00,0.0493596521052154,0.0345980987121711,0.0950670663214027
2023-12-21 09:00:00,0.0960950656156332,0.0456109929998511,0.2055061261358834
2023-12-21 10:00:00,0.1949864257923023,0.03634467152964,0.3014133246420179
2023-12-21 11:00:00,0.1893631642741161,0.0257237278387716,0.2910962384504597
2023-12-21 12:00:00,0.1582893377210853,0.0266752781182891,0.2469209643904337
2023-12-21 13:00:00,0.0675027056765504,0.0193605367805146,0.2693714527016073
2023-12-21 14:00:00,0.0321496133773711,0.0,0.1301092474985498
2023-12-21 15:00:00,0.0,0.0,0.0
2023-12-21 16:00:00,0.0,0.0,0.0
2023-12-21 17:00:00,0.0,0.0,0.0
2023-12-21 18:00:00,0.0,0.0,0.0
2023-12-21 19:00:00,0.0,0.0,0.0
2023-12-21 20:00:00,0.0,0.0,0.0
2023-12-21 21:00:00,0.0,0.0,0.0
2023-12-21 22:00:00,0.0,0.0,0.0
2023-12-21 23:00:00,0.0,0.0,0.0
2023-12-22 00:00:00,0.0,0.0,0.0
2023-12-22 01:00:00,0.0,0.0,0.0
2023-12-22 02:00:00,0.0,0.0,0.0
2023-12-22 03:00:00,0.0,0.0,0.0
2023-12-22 04:00:00,0.0,0.0,0.0
2023-12-22 05:00:00,0.0,0.0,0.0
2023-12-22 06:00:00,0.0,0.0,0.0
2023-12-22 07:00:00,0.0792983566168158,0.0209203720676028,0.0070887643051587
2023-12-22 08:00:00,0.1030038829208734,0.0834027838692093,0.0274136993989788
2023-12-22 09:00:00,0.1608592516363712,0.1521220932053973,0.0410187352203936
2023-12-22 10:00:00,0.1759974646635877,0.1051877346459701,0.2198438109031617
2023-12-22 11:00:00,0.099173392584322,0.104962162377801,0.3772963606435399
2023-12-22 12:00:00,0.0705785628220842,0.0560492335736573,0.3696634740867486
2023-12-22 13:00:00,0.0550987538313863,0.0187118433706394,0.2868833780361943
2023-12-22 14:00:00,0.0174759853619,0.0,0.1067449283483482
2023-12-22 15:00:00,0.0,0.0,0.0
2023-12-22 16:00:00,0.0,0.0,0.0
2023-12-22 17:00:00,0.0,0.0,0.0
2023-12-22 18:00:00,0.0,0.0,0.0
2023-12-22 19:00:00,0.0,0.0,0.0
2023-12-22 20:00:00,0.0,0.0,0.0
2023-12-22 21:00:00,0.0,0.0,0.0
2023-12-22 22:00:00,0.0,0.0,0.0
2023-12-22 23:00:00,0.0,0.0,0.0
2023-12-23 00:00:00,0.0,0.0,0.0
2023-12-23 01:00:00,0.0,0.0,0.0
2023-12-23 02:00:00,0.0,0.0,0.0
2023-12-23 03:00:00,0.0,0.0,0.0
2023-12-23 04:00:00,0.0,0.0,0.0
2023-12-23 05:00:00,0.0,0.0,0.0
2023-12-23 06:00:00,0.0,0.0,0.0
2023-12-23 07:00:00,0.19259927273555,0.1066911907540569,0.0686049259021366
2023-12-23 08:00:00,0.2801197665143976,0.2562270000006661,0.1461852088329911
2023-12-23 09:00:00,0.1929742621579736,0.4124495648260802,0.2796269192715468
2023-12-23 10:00:00,0.3143273954744939,0.4794510569285815,0.4103355061540689
2023-12-23 11:00:00,0.3705757712654747,0.331684017512424,0.4793502765510392
2023-12-23 12:00:00,0.1723505916617677,0.2163595101900327,0.4669134176444383
2023-12-23 13:00:00,0.0769343421299977,0.0800877488079823,0.3351088264782207
2023-12-23 14:00:00,0.0315090578553041,0.0147767904610301,0.1761437772474527
2023-12-23 15:00:00,0.0,0.0,0.0
2023-12-23 16:00:00,0.0,0.0,0.0
2023-12-23 17:00:00,0.0,0.0,0.0
2023-12-23 18:00:00,0.0,0.0,0.0
2023-12-23 19:00:00,0.0,0.0,0.0
2023-12-23 20:00:00,0.0,0.0,0.0
2023-12-23 21:00:00,0.0,0.0,0.0
2023-12-23 22:00:00,0.0,0.0,0.0
2023-12-23 23:00:00,0.0,0.0,0.0
2023-12-24 00:00:00,0.0,0.0,0.0
2023-12-24 01:00:00,0.0,0.0,0.0
2023-12-24 02:00:00,0.0,0.0,0.0
2023-12-24 03:00:00,0.0,0.0,0.0
2023-12-24 04:00:00,0.0,0.0,0.0
2023-12-24 05:00:00,0.0,0.0,0.0
2023-12-24 06:00:00,0.0,0.0,0.0
2023-12-24 07:00:00,0.2042850996210199,0.1974219130590724,0.044364770680559
2023-12-24 08:00:00,0.3772357786985884,0.3864772313823732,0.1331457489055181
2023-12-24 09:00:00,0.5024856656195643,0.4227103606188555,0.1476471176026048
2023-12-24 10:00:00,0.574277997406065,0.3702713533456112,0.313181881151216
2023-12-24 11:00:00,0.4352503740753322,0.2322893418505207,0.3550767966478197
2023-12-24 12:00:00,0.3338285791982723,0.2766764364364441,0.2758805143642572
2023-12-24 13:00:00,0.2410392985900022,0.1046951704882461,0.2172816311912085
2023-12-24 14:00:00,0.0902782525055737,0.0165057140348204,0.0520030180596123
2023-12-24 15:00:00,0.0,0.0,0.0
2023-12-24 16:00:00,0.0,0.0,0.0
2023-12-24 17:00:00,0.0,0.0,0.0
2023-12-24 18:00:00,0.0,0.0,0.0
2023-12-24 19:00:00,0.0,0.0,0.0
2023-12-24 20:00:00,0.0,0.0,0.0
2023-12-24 21:00:00,0.0,0.0,0.0
2023-12-24 22:00:00,0.0,0.0,0.0
2023-12-24 23:00:00,0.0,0.0,0.0
2023-12-25 00:00:00,0.0,0.0,0.0
2023-12-25 01:00:00,0.0,0.0,0.0
2023-12-25 02:00:00,0.0,0.0,0.0
2023-12-25 03:00:00,0.0,0.0,0.0
2023-12-25 04:00:00,0.0,0.0,0.0
2023-12-25 05:00:00,0.0,0.0,0.0
2023-12-25 06:00:00,0.0,0.0,0.0
2023-12-25 07:00:00,0.0343041819051703,0.015716319759045,0.0146912002515515
2023-12-25 08:00:00,0.094348970475992,0.0218748987421997,0.0807445171901881
2023-12-25 09:00:00,0.0913835021894166,0.0307996296743557,0.1707617247341657
2023-12-25 10:00:00,0.1478624008719882,0.0217254365129394,0.2499269008933212
2023-12-25 11:00:00,0.0893451774045411,0.0153162358946911,0.2588703328258716
2023-12-25 12:00:00,0.0291305869736127,0.018001578979461,0.1713571252135586
2023-12-25 13:00:00,0.1172854816979139,0.0121140138041843,0.1278605289144323
2023-12-25 14:00:00,0.0416111307260917,0.0,0.024792260790792
2023-12-25 15:00:00,0.0,0.0,0.0
2023-12-25 16:00:00,0.0,0.0,0.0
2023-12-25 17:00:00,0.0,0.0,0.0
2023-12-25 18:00:00,0.0,0.0,0.0
2023-12-25 19:00:00,0.0,0.0,0.0
2023-12-25 20:00:00,0.0,0.0,0.0
2023-12-25 21:00:00,0.0,0.0,0.0
2023-12-25 22:00:00,0.0,0.0,0.0
2023-12-25 23:00:00,0.0,0.0,0.0
2023-12-26 00:00:00,0.0,0.0,0.0
2023-12-26 01:00:00,0.0,0.0,0.0
2023-12-26 02:00:00,0.0,0.0,0.0
2023-12-26 03:00:00,0.0,0.0,0.0
2023-12-26 04:00:00,0.0,0.0,0.0
2023-12-26 05:00:00,0.0,0.0,0.0
2023-12-26 06:00:00,0.0,0.0,0.0
2023-12-26 07:00:00,0.1511562856011758,0.1202115521558564,0.0394349685912589
2023-12-26 08:00:00,0.2956862755674922,0.1851871144992448,0.0436560467956134
2023-12-26 09:00:00,0.4470267490411187,0.3154987833789903,0.0516544543261181
2023-12-26 10:00:00,0.5053837366841623,0.3510558211540757,0.1001466424433435
2023-12-26 11:00:00,0.5088664291203808,0.2940438664621331,0.1223822538863498
2023-12-26 12:00:00,0.4254549062968475,0.3132809208922013,0.2884479733338094
2023-12-26 13:00:00,0.2835126120748969,0.1937150924552572,0.2599342575941283
2023-12-26 14:00:00,0.1144378118945378,0.0705119541612129,0.0963097509764811
2023-12-26 15:00:00,0.0,0.0,0.0
2023-12-26 16:00:00,0.0,0.0,0.0
2023-12-26 17:00:00,0.0,0.0,0.0
2023-12-26 18:00:00,0.0,0.0,0.0
2023-12-26 19:00:00,0.0,0.0,0.0
2023-12-26 20:00:00,0.0,0.0,0.0
2023-12-26 21:00:00,0.0,0.0,0.0
2023-12-26 22:00:00,0.0,0.0,0.0
2023-12-26 23:00:00,0.0,0.0,0.0
2023-12-27 00:00:00,0.0,0.0,0.0
2023-12-27 01:00:00,0.0,0.0,0.0
2023-12-27 02:00:00,0.0,0.0,0.0
2023-12-27 03:00:00,0.0,0.0,0.0
2023-12-27 04:00:00,0.0,0.0,0.0
2023-12-27 05:00:00,0.0,0.0,0.0
2023-12-27 06:00:00,0.0,0.0,0.0
2023-12-27 07:00:00,0.093216368873062,0.03500118938643,0.0375618022372323
2023-12-27 08:00:00,0.2557218842347067,0.1604042169735179,0.1220715661565773
2023-12-27 09:00:00,0.3995269392353308,0.4120460431469941,0.3159268897019361
2023-12-27 10:00:00,0.5143910576392203,0.4332817577901732,0.4850887738396676
2023-12-27 11:00:00,0.4725871946236478,0.3630301125325525,0.4758048855954278
2023-12-27 12:00:00,0.3021669228713218,0.3277360361657466,0.4075053553890351
2023-12-27 13:00:00,0.1851364833075172,0.1544233545000756,0.2750162989945972
2023-12-27 14:00:00,0.1090677109883646,0.0519440934352969,0.1639313473897643
2023-12-27 15:00:00,0.0,0.0,0.0
2023-12-27 16:00:00,0.0,0.0,0.0
2023-12-27 17:00:00,0.0,0.0,0.0
2023-12-27 18:00:00,0.0,0.0,0.0
2023-12-27 19:00:00,0.0,0.0,0.0
2023-12-27 20:00:00,0.0,0.0,0.0
2023-12-27 21:00:00,0.0,0.0,0.0
2023-12-27 22:00:00,0.0,0.0,0.0
2023-12-27 23:00:00,0.0,0.0,0.0
2023-12-28 00:00:00,0.0,0.0,0.0
2023-12-28 01:00:00,0.0,0.0,0.0
2023-12-28 02:00:00,0.0,0.0,0.0
2023-12-28 03:00:00,0.0,0.0,0.0
2023-12-28 04:00:00,0.0,0.0,0.0
2023-12-28 05:00:00,0.0,0.0,0.0
2023-12-28 06:00:00,0.0,0.0,0.0
2023-12-28 07:00:00,0.2217512590146587,0.1009411878569005,0.0390404618496252
2023-12-28 08:00:00,0.3993609429736082,0.2177639316170655,0.2214379749464398
2023-12-28 09:00:00,0.5175685623250801,0.2382211373630011,0.3680803349669117
2023-12-28 10:00:00,0.5637257838503671,0.2455336618203442,0.4844319615825748
2023-12-28 11:00:00,0.5487758557762012,0.1871986109031702,0.5083630852545878
2023-12-28 12:00:00,0.4437343100933196,0.1561571751853079,0.4689148689364203
2023-12-28 13:00:00,0.2919422718851077,0.1539601710227154,0.358279918791443
2023-12-28 14:00:00,0.1282735392032928,0.0645102478446964,0.1542189066553248
2023-12-28 15:00:00,0.0,0.0,0.0
2023-12-28 16:00:00,0.0,0.0,0.0
2023-12-28 17:00:00,0.0,0.0,0.0
2023-12-28 18:00:00,0.0,0.0,0.0
2023-12-28 19:00:00,0.0,0.0,0.0
2023-12-28 20:00:00,0.0,0.0,0.0
2023-12-28 21:00:00,0.0,0.0,0.0
2023-12-28 22:00:00,0.0,0.0,0.0
2023-12-28 23:00:00,0.0,0.0,0.0
2023-12-29 00:00:00,0.0,0.0,0.0
2023-12-29 01:00:00,0.0,0.0,0.0
2023-12-29 02:00:00,0.0,0.0,0.0
2023-12-29 03:00:00,0.0,0.0,0.0
2023-12-29 04:00:00,0.0,0.0,0.0
2023-12-29 05:00:00,0.0,0.0,0.0
2023-12-29 06:00:00,0.0,0.0,0.0
2023-12-29 07:00:00,0.1916907362929152,0.0098082333130219,0.0478776846656244
2023-12-29 08:00:00,0.3665100687391858,0.0298047781946466,0.1021210227038523
2023-12-29 09:00:00,0.4889011535200809,0.058602801107799,0.1034309522421541
2023-12-29 10:00:00,0.5288793425204132,0.0820805137859108,0.145329749948288
2023-12-29 11:00:00,0.4972495910326265,0.0929425905206711,0.1694894229651831
2023-12-29 12:00:00,0.368058067169012,0.0708079480225099,0.1407770636181537
2023-12-29 13:00:00,0.2058794479229931,0.0663290485182569,0.2096923559604976
2023-12-29 14:00:00,0.0815624221173236,0.010846287021524,0.098590695156176
2023-12-29 15:00:00,0.0,0.0,0.0
2023-12-29 16:00:00,0.0,0.0,0.0
2023-12-29 17:00:00,0.0,0.0,0.0
2023-12-29 18:00:00,0.0,0.0,0.0
2023-12-29 19:00:00,0.0,0.0,0.0
2023-12-29 20:00:00,0.0,0.0,0.0
2023-12-29 21:00:00,0.0,0.0,0.0
2023-12-29 22:00:00,0.0,0.0,0.0
2023-12-29 23:00:00,0.0,0.0,0.0
2023-12-30 00:00:00,0.0,0.0,0.0
2023-12-30 01:00:00,0.0,0.0,0.0
2023-12-30 02:00:00,0.0,0.0,0.0
2023-12-30 03:00:00,0.0,0.0,0.0
2023-12-30 04:00:00,0.0,0.0,0.0
2023-12-30 05:00:00,0.0,0.0,0.0
2023-12-30 06:00:00,0.0,0.0,0.0
2023-12-30 07:00:00,0.030921764816613,0.1198605290713906,0.0083855273794
2023-12-30 08:00:00,0.0742046191345184,0.210197765722605,0.0718809791615025
2023-12-30 09:00:00,0.1716642203463895,0.2415632579909545,0.1533837336405364
2023-12-30 10:00:00,0.1875028679166922,0.2972969984340615,0.1113939906480952
2023-12-30 11:00:00,0.1663364805978801,0.2777406265757491,0.0817124872038097
2023-12-30 12:00:00,0.1244601251177471,0.1474641369946963,0.0959718822317417
2023-12-30 13:00:00,0.0703099950092072,0.1391685855197364,0.0482943016632556
2023-12-30 14:00:00,0.0259099020440135,0.0395058375131399,0.0467006360622526
2023-12-30 15:00:00,0.0,0.0,0.0
2023-12-30 16:00:00,0.0,0.0,0.0
2023-12-30 17:00:00,0.0,0.0,0.0
2023-12-30 18:00:00,0.0,0.0,0.0
2023-12-30 19:00:00,0.0,0.0,0.0
2023-12-30 20:00:00,0.0,0.0,0.0
2023-12-30 21:00:00,0.0,0.0,0.0
2023-12-30 22:00:00,0.0,0.0,0.0
2023-12-30 23:00:00,0.0,0.0,0.0
2023-12-31 00:00:00,0.0,0.0,0.0
2023-12-31 01:00:00,0.0,0.0,0.0
2023-12-31 02:00:00,0.0,0.0,0.0
2023-12-31 03:00:00,0.0,0.0,0.0
2023-12-31 04:00:00,0.0,0.0,0.0
2023-12-31 05:00:00,0.0,0.0,0.0
2023-12-31 06:00:00,0.0,0.0,0.0
2023-12-31 07:00:00,0.0665854201526713,0.1756934391994088,0.0217286181433488
2023-12-31 08:00:00,0.1570685871244768,0.2746645103899005,0.0808886273484242
2023-12-31 09:00:00,0.3409553220832515,0.3869797914825985,0.1949550652397141
2023-12-31 10:00:00,0.4772199327777609,0.3224755494174703,0.3296489622467319
2023-12-31 11:00:00,0.5129889325774545,0.3498069273788596,0.3419679591054794
2023-12-31 12:00:00,0.43523128961981,0.2865605139290074,0.1679345484668964
2023-12-31 13:00:00,0.313630010513239,0.1686189451377483,0.1329725729557133
2023-12-31 14:00:00,0.133502336028686,0.0657322348005081,0.088176210925892
2023-12-31 15:00:00,0.0,0.0,0.0
2023-12-31 16:00:00,0.0,0.0,0.0
2023-12-31 17:00:00,0.0,0.0,0.0
2023-12-31 18:00:00,0.0,0.0,0.0
2023-12-31 19:00:00,0.0,0.0,0.0
2023-12-31 20:00:00,0.0,0.0,0.0
2023-12-31 21:00:00,0.0,0.0,0.0
2023-12-31 22:00:00,0.0,0.0,0.0
2023-12-31 23:00:00,0.0,0.0,0.0
