datetime,cluster_0,cluster_1,cluster_2
2023-01-01 00:00:00,-3237.3124806885567,-6572.12121209857,-6916.566307212873
2023-01-01 01:00:00,-3207.5058250610286,-6511.610231190812,-6852.88394374816
2023-01-01 02:00:00,-3183.699210501379,-6463.280032154094,-6802.020757344526
2023-01-01 03:00:00,-3154.8603034331863,-6404.7336934836,-6740.406003083213
2023-01-01 04:00:00,-3098.53733727987,-6290.391515274782,-6620.071147445347
2023-01-01 05:00:00,-3245.2480188751065,-6588.231278444143,-6933.520702680751
2023-01-01 06:00:00,-3366.9907876394914,-6835.3832718920685,-7193.625940468441
2023-01-01 07:00:00,-3366.9907876394914,-6835.3832718920685,-7193.625940468441
2023-01-01 08:00:00,-3366.9907876394914,-6835.3832718920685,-7193.625940468441
2023-01-01 09:00:00,-3366.9907876394914,-6835.3832718920685,-7193.625940468441
2023-01-01 10:00:00,-3366.9907876394914,-6835.3832718920685,-7193.625940468441
2023-01-01 11:00:00,-3366.9907876394914,-6835.3832718920685,-7193.625940468441
2023-01-01 12:00:00,-3366.9907876394914,-6835.3832718920685,-7193.625940468441
2023-01-01 13:00:00,-3366.9907876394914,-6835.3832718920685,-7193.625940468441
2023-01-01 14:00:00,-3307.958125520036,-6715.540095418909,-7067.5017790610555
2023-01-01 15:00:00,-3307.958125520036,-6715.540095418909,-7067.5017790610555
2023-01-01 16:00:00,-3307.958125520036,-6715.540095418909,-7067.5017790610555
2023-01-01 17:00:00,-3307.958125520036,-6715.540095418909,-7067.5017790610555
2023-01-01 18:00:00,-3307.958125520036,-6715.540095418909,-7067.5017790610555
2023-01-01 19:00:00,-3307.958125520036,-6715.540095418909,-7067.5017790610555
2023-01-01 20:00:00,-3307.958125520036,-6715.540095418909,-7067.5017790610555
2023-01-01 21:00:00,-3307.958125520036,-6715.540095418909,-7067.5017790610555
2023-01-01 22:00:00,-3199.957386298213,-6496.286021740145,-6836.756591961642
2023-01-01 23:00:00,-3209.054222755965,-6514.753658770435,-6856.1921184736
2023-01-02 00:00:00,-3179.634666552171,-6455.028534757582,-6793.336798690247
2023-01-02 01:00:00,-3222.9898020103938,-6543.04450698705,-6885.965691002556
2023-01-02 02:00:00,-3308.5387746556376,-6716.718880761267,-7068.742344583095
2023-01-02 03:00:00,-3452.733309996602,-7009.450574113739,-7376.816115889659
2023-01-02 04:00:00,-3623.250606151488,-7355.620536319816,-7741.128857528696
2023-01-02 05:00:00,-3884.3491674601605,-7885.681011933888,-8298.969820605951
2023-01-02 06:00:00,-4050.414820242104,-8222.813619848546,-8653.77155990935
2023-01-02 07:00:00,-4171.189840447153,-8468.000971059208,-8911.80918849364
2023-01-02 08:00:00,-4134.996044328012,-8394.523351385498,-8834.48060428649
2023-01-02 09:00:00,-4116.995921124375,-8357.981005772372,-8796.023073103253
2023-01-02 10:00:00,-4085.64086780191,-8294.32659728499,-8729.032534913102
2023-01-02 11:00:00,-4110.608780632761,-8345.014367006423,-8782.376852360814
2023-01-02 12:00:00,-4155.125214362187,-8435.38790992061,-8877.486875717204
2023-01-02 13:00:00,-4214.93207532911,-8556.802800183581,-9005.265124487309
2023-01-02 14:00:00,-4233.8999470920835,-8595.309788033972,-9045.790264873944
2023-01-02 15:00:00,-4190.931911057594,-8508.07967269941,-8953.988416242995
2023-01-02 16:00:00,-4078.6730781746955,-8280.181173176681,-8714.145748648623
2023-01-02 17:00:00,-4021.382363462044,-8163.874352730599,-8591.743283807356
2023-01-02 18:00:00,-3935.6398411049336,-7989.807050508928,-8408.553108386139
2023-01-02 19:00:00,-3780.606521899413,-7675.07136409909,-8077.3221140014975
2023-01-02 20:00:00,-3642.4120276263275,-7394.520452617661,-7782.067519756011
2023-01-02 21:00:00,-3467.249538386632,-7038.920207672712,-7407.830253940655
2023-01-02 22:00:00,-3351.5068106901263,-6803.94899609583,-7160.544193214044
2023-01-02 23:00:00,-3288.6031543333297,-6676.24725067361,-7026.1495949930595
2023-01-03 00:00:00,-3264.215890638079,-6626.738266294535,-6974.045843067386
2023-01-03 01:00:00,-3320.9259562151296,-6741.866301398259,-7095.207742386612
2023-01-03 02:00:00,-3406.087829436639,-6914.75481827757,-7277.157352285791
2023-01-03 03:00:00,-3591.508453405289,-7291.180270937527,-7673.3112756571845
2023-01-03 04:00:00,-3797.445346831848,-7709.2561390275,-8113.298514140653
2023-01-03 05:00:00,-4027.57595424179,-8176.448063049094,-8604.975982709115
2023-01-03 06:00:00,-4188.222215091455,-8502.57867443507,-8948.199110473475
2023-01-03 07:00:00,-4281.706725923248,-8692.363114554859,-9147.930159521893
2023-01-03 08:00:00,-4228.674104871672,-8584.700719952742,-9034.625175175586
2023-01-03 09:00:00,-4217.64177129525,-8562.303798447922,-9011.054430256829
2023-01-03 10:00:00,-4241.448385854898,-8610.63399748464,-9061.917616660463
2023-01-03 11:00:00,-4226.1579586174,-8579.592650135854,-9029.249391246745
2023-01-03 12:00:00,-4304.158492499828,-8737.942814459406,-9195.898693040766
2023-01-03 13:00:00,-4361.255657500613,-8853.856706458035,-9317.887636041352
2023-01-03 14:00:00,-4336.094194957895,-8802.776008289147,-9264.129796752959
2023-01-03 15:00:00,-4272.99698888923,-8674.681334419474,-9129.321676691294
2023-01-03 16:00:00,-4186.093168260918,-8498.256461513087,-8943.650370225996
2023-01-03 17:00:00,-4147.963875023105,-8420.849557364849,-8862.186567612045
2023-01-03 18:00:00,-4043.6405803267567,-8209.061124187692,-8639.298295485552
2023-01-03 19:00:00,-3868.4780910870613,-7853.460879242743,-8265.061029670196
2023-01-03 20:00:00,-3754.2837610854917,-7621.633095245485,-8021.083143669024
2023-01-03 21:00:00,-3535.5725866757066,-7177.623949623615,-7553.803463700679
2023-01-03 22:00:00,-3451.5720117253995,-7007.093003429021,-7374.334984845579
2023-01-03 23:00:00,-3398.152291250089,-6898.644751931998,-7260.202956817912
2023-01-04 00:00:00,-3398.7329403856907,-6899.8235372743575,-7261.443522339952
2023-01-04 01:00:00,-3423.700853216542,-6950.5113069957915,-7314.787839787667
2023-01-04 02:00:00,-3534.7983878282384,-7176.052235833803,-7552.1493763379585
2023-01-04 03:00:00,-3708.025379949263,-7527.723196304221,-7922.251423746516
2023-01-04 04:00:00,-3854.1554124088984,-7824.384174131223,-8234.46041345988
2023-01-04 05:00:00,-4107.511985242889,-8338.727511847175,-8775.760502909936
2023-01-04 06:00:00,-4315.384375788118,-8760.732664411678,-9219.882959800203
2023-01-04 07:00:00,-4372.481540788903,-8876.646556410307,-9341.871902800789
2023-01-04 08:00:00,-4354.287867873399,-8839.711282349726,-9303.000849776874
2023-01-04 09:00:00,-4364.352452890486,-8860.143561617282,-9324.503985492232
2023-01-04 10:00:00,-4363.384704331151,-8858.178919380018,-9322.436376288832
2023-01-04 11:00:00,-4339.578089771501,-8809.848720343301,-9271.573189885197
2023-01-04 12:00:00,-4377.707383009313,-8887.255624491538,-9353.036992499148
2023-01-04 13:00:00,-4453.19177063747,-9040.4977189982,-9514.31051036433
2023-01-04 14:00:00,-4437.707793688104,-9009.063443201961,-9481.228763109933
2023-01-04 15:00:00,-4377.900932721181,-8887.64855293899,-9353.45051433983
2023-01-04 16:00:00,-4261.577555889074,-8651.49855601975,-9104.923888091178
2023-01-04 17:00:00,-4189.383513362658,-8504.936245119787,-8950.680241517555
2023-01-04 18:00:00,-4089.3183123273843,-8301.792237786596,-8736.88944988602
2023-01-04 19:00:00,-3926.349454935314,-7970.946485031185,-8388.7040600335
2023-01-04 20:00:00,-3757.7676558990993,-7628.705807299638,-8028.526536801263
2023-01-04 21:00:00,-3592.08910254089,-7292.359056279885,-7674.5518411792245
2023-01-04 22:00:00,-3479.056070810523,-7062.888842967344,-7433.055086222133
2023-01-04 23:00:00,-3387.894156521135,-6877.81954421699,-7238.286299261875
2023-01-05 00:00:00,-3389.636103927938,-6881.355900244067,-7242.007995827995
2023-01-05 01:00:00,-3393.894197589014,-6890.000326088032,-7251.105476322954
2023-01-05 02:00:00,-3456.6043042339434,-7017.309143062798,-7385.086552703258
2023-01-05 03:00:00,-3575.2502776084552,-7258.174281351477,-7638.575441040069
2023-01-05 04:00:00,-3668.5412387283814,-7447.565793023813,-7837.892968247806
2023-01-05 05:00:00,-3920.930063003036,-7959.944488502501,-8377.125448494462
2023-01-05 06:00:00,-4101.511944175009,-8326.546729976133,-8762.941325848857
2023-01-05 07:00:00,-4194.6093555830685,-8515.545313201017,-8961.845331215914
2023-01-05 08:00:00,-4214.35142619351,-8555.624014841222,-9004.02455896527
2023-01-05 09:00:00,-4196.351302989872,-8519.081669228095,-8965.567027782034
2023-01-05 10:00:00,-4230.9967014140775,-8589.415861322179,-9039.587437263745
2023-01-05 11:00:00,-4242.416134414234,-8612.598639721904,-9063.985225863862
2023-01-05 12:00:00,-4334.352247551091,-8799.23965226207,-9260.40810018684
2023-01-05 13:00:00,-4438.869091959306,-9011.42101388668,-9483.709894154013
2023-01-05 14:00:00,-4483.966174824333,-9102.973342143225,-9580.060483032441
2023-01-05 15:00:00,-4403.836594111368,-8940.300964897691,-9408.862440990943
2023-01-05 16:00:00,-4335.7070955341605,-8801.99015139424,-9263.302753071599
2023-01-05 17:00:00,-4257.9001113635995,-8644.032915518143,-9097.066973118259
2023-01-05 18:00:00,-4170.802741023419,-8467.2151141643,-8910.98214481228
2023-01-05 19:00:00,-3997.3821991905274,-8115.151225246429,-8540.466575563043
2023-01-05 20:00:00,-3857.4457575106385,-7831.063957737923,-8241.490284751439
2023-01-05 21:00:00,-3606.411781219053,-7321.435761391406,-7705.15245738954
2023-01-05 22:00:00,-3498.991691132831,-7103.360473055001,-7475.647835812168
2023-01-05 23:00:00,-3419.4427595554666,-6941.866881151826,-7305.690359292707
2023-01-06 00:00:00,-3425.8299000470797,-6954.8335199177745,-7319.336580035146
2023-01-06 01:00:00,-3429.8944439962884,-6963.085017314287,-7328.020538689425
2023-01-06 02:00:00,-3474.991526861315,-7054.637345570832,-7424.371127567853
2023-01-06 03:00:00,-3557.6372538285523,-7222.417792633255,-7600.944953538193
2023-01-06 04:00:00,-3605.2504829478507,-7319.0781907066885,-7702.671326345461
2023-01-06 05:00:00,-3839.252084595134,-7794.128683677343,-8202.619231727522
2023-01-06 06:00:00,-4029.3179016485938,-8179.984419076171,-8608.697679275236
2023-01-06 07:00:00,-4138.2863894297525,-8401.2031349922,-8841.510475578048
2023-01-06 08:00:00,-4173.705986701425,-8473.109040876096,-8917.18497242248
2023-01-06 09:00:00,-4155.318764074054,-8435.780838368062,-8877.900397557883
2023-01-06 10:00:00,-4172.544688430223,-8470.751470191377,-8914.7038413784
2023-01-06 11:00:00,-4148.350974446839,-8421.635414259756,-8863.013611293405
2023-01-06 12:00:00,-4233.706397380216,-8594.91685958652,-9045.376743033265
2023-01-06 13:00:00,-4300.868147398088,-8731.263030852704,-9188.868821749207
2023-01-06 14:00:00,-4237.38384190569,-8602.382500088126,-9053.233658006184
2023-01-06 15:00:00,-4032.414697038467,-8186.271274235419,-8615.314028726114
2023-01-06 16:00:00,-3931.768846867592,-7981.948481559868,-8400.282671572539
2023-01-06 17:00:00,-3916.284869918227,-7950.51420576363,-8367.200924318144
2023-01-06 18:00:00,-3874.2845824430733,-7865.248732666333,-8277.466684890594
2023-01-06 19:00:00,-3735.1223396106525,-7582.733178947639,-7980.144481441708
2023-01-06 20:00:00,-3654.6056594739525,-7419.274944807199,-7808.119395718849
2023-01-06 21:00:00,-3479.056070810523,-7062.888842967344,-7433.055086222133
2023-01-06 22:00:00,-3397.765191826355,-6897.858895037092,-7259.375913136552
2023-01-06 23:00:00,-3346.2809684697154,-6793.339928014599,-7149.3791035156855
2023-01-07 00:00:00,-3318.796909384592,-6737.544088476276,-7090.659002139132
2023-01-07 01:00:00,-3354.9907055037334,-6811.021708149983,-7167.987586346283
2023-01-07 02:00:00,-3363.3133431140172,-6827.917631390462,-7185.769025495521
2023-01-07 03:00:00,-3437.8299821828377,-6979.195083659859,-7344.974934157302
2023-01-07 04:00:00,-3432.9912393861614,-6969.3718724735345,-7334.636888140304
2023-01-07 05:00:00,-3627.121600388829,-7363.479105268875,-7749.399294342295
2023-01-07 06:00:00,-3788.3485103740954,-7690.788501997209,-8093.862987628695
2023-01-07 07:00:00,-3876.607178985478,-7869.963874035769,-8282.428946978753
2023-01-07 08:00:00,-3859.7683540530434,-7835.779099107359,-8246.452546839597
2023-01-07 09:00:00,-3848.3489210528865,-7812.596320707633,-8222.054758239481
2023-01-07 10:00:00,-3817.1874174422887,-7749.334840667703,-8155.4777418900085
2023-01-07 11:00:00,-3818.542265425358,-7752.085339799874,-8158.372394774768
2023-01-07 12:00:00,-3888.026611985635,-7893.146652435495,-8306.82673557887
2023-01-07 13:00:00,-3987.8982633090413,-8095.897731321234,-8520.204005369726
2023-01-07 14:00:00,-4025.640457123119,-8172.518778574565,-8600.840764302317
2023-01-07 15:00:00,-4001.640292851603,-8123.795651090395,-8549.564056058001
2023-01-07 16:00:00,-3997.3821991905274,-8115.151225246429,-8540.466575563043
2023-01-07 17:00:00,-3959.4464556645826,-8038.137249545644,-8459.416294789773
2023-01-07 18:00:00,-3916.478419630094,-7950.907134211083,-8367.614446158823
2023-01-07 19:00:00,-3812.929323781213,-7740.690414823738,-8146.380261395049
2023-01-07 20:00:00,-3714.79961986461,-7541.475691965076,-7936.724688170314
2023-01-07 21:00:00,-3572.3470319304492,-7252.280354639682,-7632.3726134298695
2023-01-07 22:00:00,-3497.6368431497617,-7100.60997392283,-7472.753182927408
2023-01-07 23:00:00,-3416.3459641655936,-6935.580025992578,-7299.074009841828
2023-01-08 00:00:00,-3412.087870504518,-6926.935600148613,-7289.976529346869
2023-01-08 01:00:00,-3480.2173690817253,-7065.246413652062,-7435.536217266213
2023-01-08 02:00:00,-3595.766547066364,-7299.824696781492,-7682.408756152144
2023-01-08 03:00:00,-3811.1873763744093,-7737.154058796661,-8142.658564828929
2023-01-08 04:00:00,-4035.3179427164728,-8192.165200947213,-8621.516856336313
2023-01-08 05:00:00,-4305.513340482898,-8740.693313591575,-9198.793345925526
2023-01-08 06:00:00,-4453.965969484938,-9042.069432788014,-9515.96459772705
2023-01-08 07:00:00,-4504.869543705976,-9145.409614468146,-9624.720841825876
2023-01-08 08:00:00,-4440.223939942376,-9014.171513018851,-9486.604547038773
2023-01-08 09:00:00,-4387.578418314534,-8907.29497531164,-9374.126606373826
2023-01-08 10:00:00,-4382.9332252297245,-8897.864692572768,-9364.202082197507
2023-01-08 11:00:00,-4352.158821042861,-8835.389069427745,-9298.452109529395
2023-01-08 12:00:00,-4410.804383738582,-8954.446389005998,-9423.749227255421
2023-01-08 13:00:00,-4487.837169061674,-9110.831911092284,-9588.330919846041
2023-01-08 14:00:00,-4477.57903433272,-9090.006703377276,-9566.414262290004
2023-01-08 15:00:00,-4420.481869331936,-8974.092811378647,-9444.425319289418
2023-01-08 16:00:00,-4349.255575364855,-8829.49514271595,-9292.249281919196
2023-01-08 17:00:00,-4319.255370025459,-8768.591233360738,-9228.153396613803
2023-01-08 18:00:00,-4231.770900261546,-8590.98757511199,-9041.241524626465
2023-01-08 19:00:00,-4061.8342532422607,-8245.996398248271,-8678.169348509467
2023-01-08 20:00:00,-3913.768723663955,-7945.406135946741,-8361.825140389305
2023-01-08 21:00:00,-3707.251181101795,-7526.1514825144095,-7920.597336383796
2023-01-08 22:00:00,-3578.9277221339294,-7265.639921853083,-7646.432356012988
2023-01-08 23:00:00,-3542.733926014788,-7192.162302179376,-7569.103771805837
2023-01-09 00:00:00,-3500.152989404033,-7105.718043739719,-7478.128966856247
2023-01-09 01:00:00,-3541.1855283198515,-7189.018874599751,-7565.795597080397
2023-01-09 02:00:00,-3692.1543035761633,-7495.503063613077,-7888.342632810759
2023-01-09 03:00:00,-3912.6074253927522,-7943.048565262024,-8359.344009345225
2023-01-09 04:00:00,-4142.931582514561,-8410.633417731071,-8851.434999754367
2023-01-09 05:00:00,-4381.578377246655,-8895.114193440597,-9361.307429312747
2023-01-09 06:00:00,-4489.772666180345,-9114.761195566814,-9592.466138252841
2023-01-09 07:00:00,-4535.64394789284,-9207.88523761317,-9690.470814493989
2023-01-09 08:00:00,-4464.99830306136,-9064.466354292832,-9539.535342645806
2023-01-09 09:00:00,-4464.611203637626,-9063.680497397927,-9538.708298964446
2023-01-09 10:00:00,-4436.546495416902,-9006.705872517245,-9478.747632065853
2023-01-09 11:00:00,-4429.772255501554,-8992.95337685639,-9464.274367642056
2023-01-09 12:00:00,-4472.93384124791,-9080.576420638405,-9556.489738113685
2023-01-09 13:00:00,-4555.773117927015,-9248.74979614828,-9733.477085924704
2023-01-09 14:00:00,-4545.708532909927,-9228.317516880727,-9711.973950209347
2023-01-09 15:00:00,-4458.804712281614,-9051.892643974337,-9526.302643744048
2023-01-09 16:00:00,-4397.06235419602,-8926.548469236835,-9394.389176567143
2023-01-09 17:00:00,-4311.3198318389095,-8752.481167015165,-9211.199001145926
2023-01-09 18:00:00,-4236.8031927700895,-8601.203714745767,-9051.993092484143
2023-01-09 19:00:00,-4044.608328886092,-8211.025766424957,-8641.365904688952
2023-01-09 20:00:00,-3907.1880334604743,-7932.04656873334,-8347.765397806186
2023-01-09 21:00:00,-3661.9605485249012,-7434.206225810412,-7823.833225664687
2023-01-09 22:00:00,-3550.0888150657365,-7207.093583182589,-7584.817601751674
2023-01-09 23:00:00,-3493.378749488686,-7091.965548078865,-7463.655702432449
2023-01-10 00:00:00,-3469.959234352771,-7044.421205937055,-7413.619559710175
2023-01-10 01:00:00,-3525.701551370486,-7157.5845988035135,-7532.713849826001
2023-01-10 02:00:00,-3614.1537696937357,-7337.1528992895255,-7721.693331016739
2023-01-10 03:00:00,-3885.8975651550973,-7888.824439513512,-8302.277995331391
2023-01-10 04:00:00,-4131.512149514405,-8387.450639331346,-8827.03721115425
2023-01-10 05:00:00,-4373.255739636371,-8878.21827020012,-9343.525990163509
2023-01-10 06:00:00,-4536.224597028441,-9209.06402295553,-9691.71138001603
2023-01-10 07:00:00,-4579.773282198531,-9297.472923632451,-9784.753794169017
2023-01-10 08:00:00,-4559.644112164357,-9256.608365097341,-9741.747522738304
2023-01-10 09:00:00,-4533.321351350435,-9203.170096243735,-9685.50855240583
2023-01-10 10:00:00,-4519.9664212316075,-9176.05803336948,-9656.975545398913
2023-01-10 11:00:00,-4497.901754078762,-9131.26419035984,-9609.834055561398
2023-01-10 12:00:00,-4540.869790113251,-9218.494305694401,-9701.635904192348
2023-01-10 13:00:00,-4598.547604249637,-9335.58698303539,-9824.865412714973
2023-01-10 14:00:00,-4614.225130910869,-9367.414187279082,-9858.360681810049
2023-01-10 15:00:00,-4520.934169790943,-9178.022675606744,-9659.043154602312
2023-01-10 16:00:00,-4421.062518467536,-8975.271596721006,-9445.665884811457
2023-01-10 17:00:00,-4321.384416855997,-8772.91344628272,-9232.702136861282
2023-01-10 18:00:00,-4221.5127655325905,-8570.162367396983,-9019.324867070427
2023-01-10 19:00:00,-4004.156439105875,-8128.903720907284,-8554.939839986842
2023-01-10 20:00:00,-3833.832692662856,-7783.12668714866,-8191.040620188484
2023-01-10 21:00:00,-3678.4122740336015,-7467.605143843915,-7858.982582122483
2023-01-10 22:00:00,-3611.0569743038627,-7330.866044130278,-7715.07698156586
2023-01-10 23:00:00,-3529.5725456078276,-7165.443167752573,-7540.9842866396
2023-01-11 00:00:00,-3542.540376302921,-7191.769373731922,-7568.690249965157
2023-01-11 01:00:00,-3578.3470729983283,-7264.461136510724,-7645.191790490948
2023-01-11 02:00:00,-3714.993169576477,-7541.868620412529,-7937.138210010994
2023-01-11 03:00:00,-3927.7043029183837,-7973.696984163355,-8391.598712918261
2023-01-11 04:00:00,-4152.221968684181,-8429.493983208815,-8871.284048107005
2023-01-11 05:00:00,-4417.57862365393,-8968.198884666852,-9438.222491679218
2023-01-11 06:00:00,-4574.1603405543865,-9286.077998656314,-9772.7616607893
2023-01-11 07:00:00,-4616.16062802954,-9371.343471753611,-9862.495900216849
2023-01-11 08:00:00,-4606.676692148053,-9352.089977828415,-9842.233330023531
2023-01-11 09:00:00,-4574.1603405543865,-9286.077998656314,-9772.7616607893
2023-01-11 10:00:00,-4554.418269943945,-9245.999297016111,-9730.582433039945
2023-01-11 11:00:00,-4532.740702214834,-9201.991310901376,-9684.26798688379
2023-01-11 12:00:00,-4550.1601762828695,-9237.354871172145,-9721.484952544984
2023-01-11 13:00:00,-4615.5799788939385,-9370.164686411252,-9861.25533469481
2023-01-11 14:00:00,-4631.644604978905,-9402.77774754985,-9895.577647471246
2023-01-11 15:00:00,-4524.611614316417,-9185.48831610835,-9666.900069575231
2023-01-11 16:00:00,-4404.223693535102,-8941.086821792596,-9409.689484672303
2023-01-11 17:00:00,-4310.545632991441,-8750.909453225353,-9209.544913783206
2023-01-11 18:00:00,-4244.738730956638,-8617.31378109134,-9068.947487952022
2023-01-11 19:00:00,-4072.0923879712154,-8266.82160596328,-8700.086006065505
2023-01-11 20:00:00,-3968.9303915460687,-8057.390743470841,-8479.67886498309
2023-01-11 21:00:00,-3760.2838021533707,-7633.813877116527,-8033.9023207301025
2023-01-11 22:00:00,-3634.8635888635117,-7379.1962431669945,-7765.940167969494
2023-01-11 23:00:00,-3568.863137116842,-7245.2076425855275,-7624.92922029763
2023-01-12 00:00:00,-3565.766341726969,-7238.92078742628,-7618.312870846751
2023-01-12 01:00:00,-3570.0244353880444,-7247.565213270246,-7627.410351341709
2023-01-12 02:00:00,-3631.9603431855057,-7373.3023164552,-7759.737340359295
2023-01-12 03:00:00,-3765.7031940856486,-7644.815873645211,-8045.480932269141
2023-01-12 04:00:00,-3828.9939498661797,-7773.303475962335,-8180.702574171485
2023-01-12 05:00:00,-4123.189511904121,-8370.554716090866,-8809.255772005012
2023-01-12 06:00:00,-4329.513504754414,-8789.416441075746,-9250.07005416984
2023-01-12 07:00:00,-4440.417489654244,-9014.564441466304,-9487.018068879453
2023-01-12 08:00:00,-4419.320571060733,-8971.73524069393,-9441.944188245338
2023-01-12 09:00:00,-4377.1267338737125,-8886.076839149178,-9351.79642697711
2023-01-12 10:00:00,-4362.2234060599485,-8855.8213486953,-9319.955245244751
2023-01-12 11:00:00,-4367.642797992226,-8866.823345223984,-9331.533856783792
2023-01-12 12:00:00,-4429.191606365954,-8991.774591514031,-9463.033802120015
2023-01-12 13:00:00,-4540.482690689517,-9217.708448799496,-9700.808860510988
2023-01-12 14:00:00,-4535.2568484691055,-9207.099380718266,-9689.643770812629
2023-01-12 15:00:00,-4476.611285773384,-9088.042061140011,-9564.346653086604
2023-01-12 16:00:00,-4373.642839060105,-8879.004127095026,-9344.353033844869
2023-01-12 17:00:00,-4306.481089042233,-8742.657955828841,-9200.860955128926
2023-01-12 18:00:00,-4205.641689159492,-8537.942234705837,-8985.416076134672
2023-01-12 19:00:00,-3996.8015500549263,-8113.972439904071,-8539.226010041004
2023-01-12 20:00:00,-3851.8328158664935,-7819.669032761787,-8229.49815137172
2023-01-12 21:00:00,-3657.1218057282244,-7424.383014624087,-7813.495179647688
2023-01-12 22:00:00,-3515.6369663533987,-7137.152319535958,-7511.2107141106435
2023-01-12 23:00:00,-3469.572134929037,-7043.635349042148,-7412.792516028815
2023-01-13 00:00:00,-3465.8946904035624,-7036.169708540541,-7404.935601055896
2023-01-13 01:00:00,-3470.346333776505,-7045.207062831961,-7414.446603391535
2023-01-13 02:00:00,-3519.50796059074,-7145.010888485018,-7519.481150924243
2023-01-13 03:00:00,-3549.3146162182684,-7205.521869392776,-7583.163514388955
2023-01-13 04:00:00,-3589.572956286618,-7287.250986462997,-7669.1760572503845
2023-01-13 05:00:00,-3785.0581652723554,-7684.108718390508,-8086.833116337136
2023-01-13 06:00:00,-3963.510999613791,-8046.388746942157,-8468.100253444052
2023-01-13 07:00:00,-4129.770202107601,-8383.914283304268,-8823.31551458813
2023-01-13 08:00:00,-4128.415354124531,-8381.163784172099,-8820.420861703371
2023-01-13 09:00:00,-4119.899166802381,-8363.874932484166,-8802.225900713453
2023-01-13 10:00:00,-4080.4150255814993,-8283.71752920376,-8717.867445214742
2023-01-13 11:00:00,-4076.3504816322907,-8275.466031807246,-8709.183486560463
2023-01-13 12:00:00,-4156.867161768991,-8438.924265947686,-8881.208572283324
2023-01-13 13:00:00,-4276.287333990971,-8681.361118026176,-9136.351547982853
2023-01-13 14:00:00,-4320.610218008529,-8771.341732492909,-9231.048049498562
2023-01-13 15:00:00,-4251.512970871986,-8631.066276752194,-9083.42075237582
2023-01-13 16:00:00,-4182.9963728710445,-8491.969606353838,-8937.034020775116
2023-01-13 17:00:00,-4104.802289276749,-8333.226513582835,-8769.971197140416
2023-01-13 18:00:00,-4032.0275976147327,-8185.485417340513,-8614.486985044754
2023-01-13 19:00:00,-3852.4134650020947,-7820.847818104146,-8230.738716893758
2023-01-13 20:00:00,-3739.961082407329,-7592.556390133964,-7990.482527458707
2023-01-13 21:00:00,-3573.1212307779174,-7253.852068429494,-7634.026700792589
2023-01-13 22:00:00,-3486.410959861472,-7077.820123970558,-7448.768916167971
2023-01-13 23:00:00,-3418.4750109961315,-6939.902238914561,-7303.622750089307
2023-01-14 00:00:00,-3386.345758826198,-6874.676116637366,-7234.978124536436
2023-01-14 01:00:00,-3449.0558654711276,-7001.984933612132,-7368.95920091674
2023-01-14 02:00:00,-3567.8953885575065,-7243.243000348263,-7622.86161109423
2023-01-14 03:00:00,-3857.2522077987715,-7830.671029290471,-8241.076762910758
2023-01-14 04:00:00,-4063.7697503609315,-8249.925682722802,-8682.304566916268
2023-01-14 05:00:00,-4257.706561651732,-8643.63998707069,-9096.653451277578
2023-01-14 06:00:00,-4348.287826805519,-8827.530500478684,-9290.181672715797
2023-01-14 07:00:00,-4406.159190653772,-8945.016106267127,-9413.8247030791
2023-01-14 08:00:00,-4402.094646704564,-8936.764608870613,-9405.140744424822
2023-01-14 09:00:00,-4333.965148127357,-8798.453795367164,-9259.58105650548
2023-01-14 10:00:00,-4345.578130839381,-8822.029502214344,-9284.392366946277
2023-01-14 11:00:00,-4318.287621466124,-8766.626591123473,-9226.085787410404
2023-01-14 12:00:00,-4340.352288618969,-8811.420434133113,-9273.227277247917
2023-01-14 13:00:00,-4438.481992535572,-9010.635156991775,-9482.882850472653
2023-01-14 14:00:00,-4440.998138789844,-9015.743226808663,-9488.258634401493
2023-01-14 15:00:00,-4292.15841036407,-8713.58125071732,-9170.26033891861
2023-01-14 16:00:00,-4258.287210787334,-8644.818772413048,-9097.894016799619
2023-01-14 17:00:00,-4198.093250396676,-8522.618025255171,-8969.288724348153
2023-01-14 18:00:00,-4074.2214348017533,-8271.143818885263,-8704.634746312984
2023-01-14 19:00:00,-3880.6717229346864,-7878.215371432281,-8291.112905633032
2023-01-14 20:00:00,-3753.1224628142895,-7619.275524560767,-8018.602012624944
2023-01-14 21:00:00,-3507.507878454982,-7120.649324742933,-7493.842796802085
2023-01-14 22:00:00,-3427.5718474538835,-6958.369875944852,-7323.058276601265
2023-01-14 23:00:00,-3359.635898588543,-6820.451990888855,-7177.912110522602
2023-01-15 00:00:00,-3392.345799894077,-6886.856898508408,-7247.797301597514
2023-01-15 01:00:00,-3408.410425979044,-6919.469959647006,-7282.11961437395
2023-01-15 02:00:00,-3568.476037693108,-7244.421785690622,-7624.10217661627
2023-01-15 03:00:00,-3832.671394391654,-7780.769116463942,-8188.559489144404
2023-01-15 04:00:00,-4072.6730371068165,-8268.000391305639,-8701.326571587544
2023-01-15 05:00:00,-4309.190785008372,-8748.158954093182,-9206.650260898445
2023-01-15 06:00:00,-4400.7397987214945,-8934.014109738442,-9402.246091540062
2023-01-15 07:00:00,-4412.352781433518,-8957.589816585622,-9427.05740198086
2023-01-15 08:00:00,-4354.868517008999,-8840.890067692086,-9304.241415298915
2023-01-15 09:00:00,-4338.416791500299,-8807.491149658583,-9269.092058841117
2023-01-15 10:00:00,-4344.803931991913,-8820.457788424532,-9282.738279583557
2023-01-15 11:00:00,-4339.771639483369,-8810.241648790754,-9271.986711725878
2023-01-15 12:00:00,-4385.062272060262,-8902.186905494751,-9368.750822444987
2023-01-15 13:00:00,-4469.062847010569,-9072.717851689345,-9548.219301300085
2023-01-15 14:00:00,-4476.030636637784,-9086.863275797652,-9563.106087564563
2023-01-15 15:00:00,-4421.643167603138,-8976.450382063365,-9446.906450333498
2023-01-15 16:00:00,-4353.1265696021965,-8837.35371166501,-9300.519718732794
2023-01-15 17:00:00,-4270.674392346826,-8669.966193050039,-9124.359414603136
2023-01-15 18:00:00,-4155.899413209655,-8436.959623710422,-8879.140963079924
2023-01-15 19:00:00,-3936.2204902405347,-7990.985835851287,-8409.793673908178
2023-01-15 20:00:00,-3809.251879255739,-7733.224774322131,-8138.52334642213
2023-01-15 21:00:00,-3620.347360473482,-7349.726609608021,-7734.926029918497
2023-01-15 22:00:00,-3492.798100353085,-7090.786762736506,-7462.415136910409
2023-01-15 23:00:00,-3450.4107134541973,-7004.735432744304,-7371.8538538015
2023-01-16 00:00:00,-3461.44304703062,-7027.132354249123,-7395.424598720257
2023-01-16 01:00:00,-3501.314287675236,-7108.075614424437,-7480.610097900327
2023-01-16 02:00:00,-3687.315560779487,-7485.679852426752,-7878.004586793761
2023-01-16 03:00:00,-3977.2530291563526,-8074.286666711319,-8497.460304132328
2023-01-16 04:00:00,-4135.3831437517465,-8395.309208280405,-8835.30764796785
2023-01-16 05:00:00,-4374.997687043175,-8881.754626227197,-9347.247686729628
2023-01-16 06:00:00,-4476.804835485252,-9088.434989587464,-9564.760174927284
2023-01-16 07:00:00,-4503.901795146641,-9143.444972230882,-9622.653232622477
2023-01-16 08:00:00,-4412.159231721652,-8957.196888138169,-9426.64388014018
2023-01-16 09:00:00,-4378.675131568649,-8889.220266728804,-9355.104601702547
2023-01-16 10:00:00,-4393.77200909428,-8919.868685630136,-9387.359305275584
2023-01-16 11:00:00,-4380.0299795517185,-8891.970765860973,-9357.999254587308
2023-01-16 12:00:00,-4407.901138060576,-8948.552462294203,-9417.54639964522
2023-01-16 13:00:00,-4474.482238942847,-9083.719848218028,-9559.797912839123
2023-01-16 14:00:00,-4526.740661146955,-9189.810529030334,-9671.448809822712
2023-01-16 15:00:00,-4458.224063146014,-9050.713858631978,-9525.062078222008
2023-01-16 16:00:00,-4361.062107788746,-8853.463778010582,-9317.474114200673
2023-01-16 17:00:00,-4288.480965838596,-8706.115610215713,-9162.40342394569
2023-01-16 18:00:00,-4177.1898815150325,-8480.18175293025,-8924.628365554718
2023-01-16 19:00:00,-3978.0272280038207,-8075.858380501131,-8499.114391495048
2023-01-16 20:00:00,-3877.1878281210793,-7871.142659378128,-8283.669512500794
2023-01-16 21:00:00,-3638.734583100853,-7387.054812116055,-7774.210604783093
2023-01-16 22:00:00,-3522.604755980613,-7151.297743644265,-7526.097500375122
2023-01-16 23:00:00,-3501.507837387103,-7108.46854287189,-7481.023619741007
2023-01-17 00:00:00,-3487.18515870894,-7079.3918377603695,-7450.42300353069
2023-01-17 01:00:00,-3531.7015924383654,-7169.765380674556,-7545.533026887079
2023-01-17 02:00:00,-3704.347935423789,-7520.257555802615,-7914.3945087735965
2023-01-17 03:00:00,-4020.4146149027083,-8161.909710493334,-8589.675674603957
2023-01-17 04:00:00,-4228.86765458354,-8585.093648400196,-9035.038697016265
2023-01-17 05:00:00,-4469.64349614617,-9073.896637031705,-9549.459866822126
2023-01-17 06:00:00,-4544.740784350593,-9226.35287464346,-9709.906341005946
2023-01-17 07:00:00,-4508.934087655185,-9153.66111186466,-9633.404800480155
2023-01-17 08:00:00,-4398.223652467223,-8928.906039921554,-9396.870307611223
2023-01-17 09:00:00,-4385.449371483996,-8902.972762389658,-9369.577866126347
2023-01-17 10:00:00,-4358.352411822607,-8847.96277974624,-9311.684808431153
2023-01-17 11:00:00,-4368.223447127827,-8868.002130566341,-9332.77442230583
2023-01-17 12:00:00,-4398.804301602824,-8930.084825263913,-9398.110873133262
2023-01-17 13:00:00,-4480.288730298859,-9095.507701641618,-9572.203568059524
2023-01-17 14:00:00,-4551.902123689673,-9240.891227199221,-9725.206649111105
2023-01-17 15:00:00,-4469.062847010569,-9072.717851689345,-9548.219301300085
2023-01-17 16:00:00,-4420.481869331936,-8974.092811378647,-9444.425319289418
2023-01-17 17:00:00,-4328.352206483211,-8787.058870391027,-9247.58892312576
2023-01-17 18:00:00,-4235.641894498886,-8598.84614406105,-9049.511961440065
2023-01-17 19:00:00,-3987.7047135971743,-8095.50480287378,-8519.790483529046
2023-01-17 20:00:00,-3845.4456753748805,-7806.702393995839,-8215.851930629282
2023-01-17 21:00:00,-3648.7991681179406,-7407.487091383609,-7795.7137404984505
2023-01-17 22:00:00,-3565.1856925913676,-7237.742002083921,-7617.072305324711
2023-01-17 23:00:00,-3491.443252370015,-7088.0362636043355,-7459.520484025649
2023-01-18 00:00:00,-3492.023901505617,-7089.215048946694,-7460.761049547689
2023-01-18 01:00:00,-3551.0565636250717,-7209.058225419853,-7586.885210955074
2023-01-18 02:00:00,-3683.0574671184113,-7477.035426582787,-7868.907106298801
2023-01-18 03:00:00,-3951.7044671899,-8022.420111647525,-8442.875421162575
2023-01-18 04:00:00,-4165.383349091141,-8456.213117635618,-8899.403533273242
2023-01-18 05:00:00,-4372.287991077035,-8876.253627962855,-9341.45838096011
2023-01-18 06:00:00,-4448.933676976394,-9031.853293154236,-9505.21302986937
2023-01-18 07:00:00,-4440.030390230509,-9013.778584571399,-9486.191025198093
2023-01-18 08:00:00,-4442.740086196648,-9019.27958283574,-9491.980330967612
2023-01-18 09:00:00,-4373.062189924504,-8877.825341752667,-9343.11246832283
2023-01-18 10:00:00,-4340.545838330837,-8811.813362580566,-9273.640799088598
2023-01-18 11:00:00,-4350.2233239241905,-8831.459784953215,-9294.316891122595
2023-01-18 12:00:00,-4326.997358500142,-8784.308371258858,-9244.694270241002
2023-01-18 13:00:00,-4444.094934179718,-9022.03008196791,-9494.874983852373
2023-01-18 14:00:00,-4471.772542976708,-9078.218849953688,-9554.008607069605
2023-01-18 15:00:00,-4349.449125076721,-8829.888071163403,-9292.662803759875
2023-01-18 16:00:00,-4240.480637295564,-8608.669355247373,-9059.850007457062
2023-01-18 17:00:00,-4179.125378633703,-8484.111037404778,-8928.763583961518
2023-01-18 18:00:00,-4085.64086780191,-8294.32659728499,-8729.032534913102
2023-01-18 19:00:00,-3897.123448443387,-7911.614289465785,-8326.262262090828
2023-01-18 20:00:00,-3784.09041671302,-7682.144076153243,-8084.765507133737
2023-01-18 21:00:00,-3614.734418829337,-7338.331684631885,-7722.933896538779
2023-01-18 22:00:00,-3528.217697624758,-7162.6926686204015,-7538.08963375484
2023-01-18 23:00:00,-3458.9269007763482,-7022.024284432235,-7390.0488147914175
2023-01-19 00:00:00,-3461.44304703062,-7027.132354249123,-7395.424598720257
2023-01-19 01:00:00,-3468.6043863697014,-7041.670706804884,-7410.724906825415
2023-01-19 02:00:00,-3532.6693409977006,-7171.73002291182,-7547.600636090479
2023-01-19 03:00:00,-3647.8314195586054,-7405.522449146344,-7793.6461312950505
2023-01-19 04:00:00,-3655.5734080332877,-7421.239587044463,-7810.187004922248
2023-01-19 05:00:00,-3901.1879923925953,-7919.865786862298,-8334.946220745107
2023-01-19 06:00:00,-3982.6724210886305,-8085.288663240002,-8509.038915671366
2023-01-19 07:00:00,-4034.15664444527,-8189.807630262496,-8619.035725292235
2023-01-19 08:00:00,-3971.8336372240747,-8063.284670182636,-8485.88169259329
2023-01-19 09:00:00,-3924.026858392909,-7966.231343661749,-8383.741797945342
2023-01-19 10:00:00,-3888.413711409369,-7893.9325093304005,-8307.65377926023
2023-01-19 11:00:00,-3875.2523310024085,-7867.2133749035975,-8279.534294093994
2023-01-19 12:00:00,-3949.575420359362,-8018.097898725543,-8438.326680915095
2023-01-19 13:00:00,-4079.834376445898,-8282.5387438614,-8716.626879692703
2023-01-19 14:00:00,-4184.544770565981,-8495.113033933463,-8940.342195500556
2023-01-19 15:00:00,-4119.318517666779,-8362.696147141807,-8800.985335191413
2023-01-19 16:00:00,-4058.7374578523877,-8239.709543089024,-8671.552999058587
2023-01-19 17:00:00,-4014.027474411095,-8148.943071727385,-8576.02945386152
2023-01-19 18:00:00,-3953.0593151729695,-8025.170610779696,-8445.770074047334
2023-01-19 19:00:00,-3811.1873763744093,-7737.154058796661,-8142.658564828929
2023-01-19 20:00:00,-3730.4771465258427,-7573.302896208767,-7970.21995726539
2023-01-19 21:00:00,-3592.282652252757,-7292.751984727339,-7674.9653630199045
2023-01-19 22:00:00,-3555.3146572861474,-7217.7026512638195,-7595.982691450034
2023-01-19 23:00:00,-3488.152907268275,-7081.356479997635,-7452.49061273409
2023-01-20 00:00:00,-3484.088363319067,-7073.104982601122,-7443.806654079811
2023-01-20 01:00:00,-3505.959480760045,-7117.505897163309,-7490.534622076646
2023-01-20 02:00:00,-3580.669669540733,-7269.176277880159,-7650.154052579107
2023-01-20 03:00:00,-3669.3154375758495,-7449.137506813626,-7839.547055610525
2023-01-20 04:00:00,-3695.0575492541693,-7501.396990324872,-7894.545460420959
2023-01-20 05:00:00,-3938.5430867829396,-7995.700977220723,-8414.755935996338
2023-01-20 06:00:00,-4104.995838988617,-8333.619442030287,-8770.384718981097
2023-01-20 07:00:00,-4197.319051549208,-8521.04631146536,-8967.634636985433
2023-01-20 08:00:00,-4159.3833080232625,-8444.032335764576,-8886.584356212163
2023-01-20 09:00:00,-4091.447359157922,-8306.11445070858,-8741.4381901335
2023-01-20 10:00:00,-4104.221640141149,-8332.047728240475,-8768.730631618377
2023-01-20 11:00:00,-4069.5762417169435,-8261.713536146392,-8694.710222136666
2023-01-20 12:00:00,-4127.834704988931,-8379.98499882974,-8819.18029618133
2023-01-20 13:00:00,-4259.642058770403,-8647.569271545219,-9100.788669684378
2023-01-20 14:00:00,-4350.610423347925,-8832.245641848122,-9295.143934803955
2023-01-20 15:00:00,-4283.061573906318,-8695.11361368703,-9150.824812406652
2023-01-20 16:00:00,-4230.416052278476,-8588.23707597982,-9038.346871741705
2023-01-20 17:00:00,-4194.6093555830685,-8515.545313201017,-8961.845331215914
2023-01-20 18:00:00,-4084.0924701069735,-8291.183169705366,-8725.724360187662
2023-01-20 19:00:00,-3896.349249595919,-7910.042575675973,-8324.608174728108
2023-01-20 20:00:00,-3771.5096854416606,-7656.603727068799,-8057.886587489539
2023-01-20 21:00:00,-3554.346908726812,-7215.738009026554,-7593.915082246634
2023-01-20 22:00:00,-3476.152825132517,-7056.9949162555495,-7426.852258611933
2023-01-20 23:00:00,-3473.443129166378,-7051.493917991208,-7421.062952842414
2023-01-21 00:00:00,-3467.636637810366,-7039.706064567618,-7408.657297622015
2023-01-21 01:00:00,-3509.4433755736527,-7124.578609217462,-7497.978015208885
2023-01-21 02:00:00,-3647.057220711137,-7403.950735356532,-7791.9920439323305
2023-01-21 03:00:00,-4016.930720089101,-8154.83699843918,-8582.232281471719
2023-01-21 04:00:00,-4230.80315170221,-8589.022932874725,-9039.173915423065
2023-01-21 05:00:00,-4448.159478128926,-9030.281579364424,-9503.55894250665
2023-01-21 06:00:00,-4559.644112164357,-9256.608365097341,-9741.747522738304
2023-01-21 07:00:00,-4602.225048775111,-9343.052623536996,-9832.722327687892
2023-01-21 08:00:00,-4567.773200062773,-9273.111359890367,-9759.11544004686
2023-01-21 09:00:00,-4551.515024265939,-9240.105370304316,-9724.379605429745
2023-01-21 10:00:00,-4520.3535206553415,-9176.843890264385,-9657.802589080273
2023-01-21 11:00:00,-4477.385484620853,-9089.613774929823,-9566.000740449323
2023-01-21 12:00:00,-4516.482526418001,-9168.985321315326,-9649.532152266675
2023-01-21 13:00:00,-4548.031129452333,-9233.032658250162,-9716.936212297505
2023-01-21 14:00:00,-4590.999165486821,-9320.262773584724,-9808.738060928456
2023-01-21 15:00:00,-4505.4501928415775,-9146.588399810506,-9625.961407347917
2023-01-21 16:00:00,-4426.481910399814,-8986.273593249689,-9457.244496350497
2023-01-21 17:00:00,-4349.836224500456,-8830.673928058308,-9293.489847441235
2023-01-21 18:00:00,-4243.577432685436,-8614.956210406623,-9066.466356907942
2023-01-21 19:00:00,-4051.5761185133065,-8225.171190533265,-8656.25269095343
2023-01-21 20:00:00,-3912.8009751046193,-7943.441493709476,-8359.757531185904
2023-01-21 21:00:00,-3704.541485135656,-7520.650484250068,-7914.8080306142765
2023-01-21 22:00:00,-3664.8637942029072,-7440.100152522206,-7830.036053274886
2023-01-21 23:00:00,-3625.9603021176267,-7361.121534584157,-7746.918163298215
2023-01-22 00:00:00,-3601.766588134243,-7312.005478652535,-7695.227933213222
2023-01-22 01:00:00,-3656.7347063044904,-7423.597157729181,-7812.668135966328
2023-01-22 02:00:00,-3862.8651494429164,-7842.065954266607,-8253.068896290477
2023-01-22 03:00:00,-4158.9962085995285,-8443.246478869669,-8885.757312530803
2023-01-22 04:00:00,-4436.159395993168,-9005.920015622338,-9477.920588384493
2023-01-22 05:00:00,-4624.09616621609,-9387.453538099184,-9879.450295684726
2023-01-22 06:00:00,-4713.903232522408,-9569.772337717368,-10071.324429760225
2023-01-22 07:00:00,-4702.870898945986,-9547.375416212548,-10047.753684841467
2023-01-22 08:00:00,-4582.676527876537,-9303.366850344246,-9790.956621779218
2023-01-22 09:00:00,-4541.837538672586,-9220.458947931667,-9703.703513395747
2023-01-22 10:00:00,-4544.160135214991,-9225.174089301103,-9708.665775483907
2023-01-22 11:00:00,-4517.0631755536015,-9170.164106657685,-9650.772717788714
2023-01-22 12:00:00,-4534.289099909771,-9205.134738481,-9687.57616160923
2023-01-22 13:00:00,-4619.063873707546,-9377.237398465406,-9868.698727827048
2023-01-22 14:00:00,-4689.128869403424,-9519.477496443385,-10018.39363415319
2023-01-22 15:00:00,-4645.3866345214665,-9430.675667319012,-9924.937698159521
2023-01-22 16:00:00,-4560.805410435559,-9258.965935782058,-9744.228653782382
2023-01-22 17:00:00,-4482.998426264998,-9101.00869990596,-9577.992873829042
2023-01-22 18:00:00,-4346.545879398715,-8823.994144451608,-9286.459976149676
2023-01-22 19:00:00,-4124.931459310925,-8374.091072117944,-8812.97746857113
2023-01-22 20:00:00,-4000.0918951566664,-8120.652223510771,-8546.255881332563
2023-01-22 21:00:00,-3795.509849713177,-7705.326854552969,-8109.163295733853
2023-01-22 22:00:00,-3728.735199119039,-7569.76654018169,-7966.49826069927
2023-01-22 23:00:00,-3663.7024959317046,-7437.742581837489,-7827.554922230806
2023-01-23 00:00:00,-3640.8636299313907,-7391.377025038037,-7778.759345030572
2023-01-23 01:00:00,-3685.7671630845502,-7482.536424847129,-7874.696412068321
2023-01-23 02:00:00,-3840.0262834426026,-7795.700397467155,-8204.273319090242
2023-01-23 03:00:00,-4182.60927344731,-8491.183749458933,-8936.206977093758
2023-01-23 04:00:00,-4349.836224500456,-8830.673928058308,-9293.489847441235
2023-01-23 05:00:00,-4573.966790842519,-9285.685070208861,-9772.348138948619
2023-01-23 06:00:00,-4682.74172891181,-9506.510857677436,-10004.747413410752
2023-01-23 07:00:00,-4711.967735403738,-9565.843053242837,-10067.189211353425
2023-01-23 08:00:00,-4662.225459453902,-9464.860442247422,-9960.914098298677
2023-01-23 09:00:00,-4652.354424148682,-9444.821091427319,-9939.824484424
2023-01-23 10:00:00,-4651.967324724947,-9444.035234532414,-9938.99744074264
2023-01-23 11:00:00,-4646.354383080802,-9432.640309556276,-9927.00530736292
2023-01-23 12:00:00,-4646.741482504536,-9433.426166451183,-9927.83235104428
2023-01-23 13:00:00,-4629.902657572102,-9399.241391522773,-9891.855950905125
2023-01-23 14:00:00,-4654.677020691086,-9449.536232796754,-9944.78674651216
2023-01-23 15:00:00,-4598.934703673371,-9336.372839930296,-9825.692456396333
2023-01-23 16:00:00,-4509.127637367052,-9154.054040312112,-9633.818322320836
2023-01-23 17:00:00,-4404.804342670703,-8942.265607134956,-9410.930050194342
2023-01-23 18:00:00,-4254.029117126258,-8636.174346569083,-9088.796536304659
2023-01-23 19:00:00,-4067.0600954626716,-8256.605466329502,-8689.334438207827
2023-01-23 20:00:00,-3927.897852630251,-7974.089912610809,-8392.01223475894
2023-01-23 21:00:00,-3700.28339147458,-7512.006058406102,-7905.710550119317
2023-01-23 22:00:00,-3609.89567603266,-7328.50847344556,-7712.5958505217795
2023-01-23 23:00:00,-3554.9275578624133,-7216.9167943689135,-7595.155647768674
2023-01-24 00:00:00,-3532.8628907095676,-7172.122951359273,-7548.014157931159
2023-01-24 01:00:00,-3583.572915218739,-7275.070204591954,-7656.356880189306
2023-01-24 02:00:00,-3751.9611645430873,-7616.917953876048,-8016.120881580864
2023-01-24 03:00:00,-4030.285650207929,-8181.949061313436,-8610.765288478635
2023-01-24 04:00:00,-4243.38388297357,-8614.563281959168,-9066.052835067261
2023-01-24 05:00:00,-4448.159478128926,-9030.281579364424,-9503.55894250665
2023-01-24 06:00:00,-4577.450685656127,-9292.757782263016,-9779.791532080859
2023-01-24 07:00:00,-4588.676568944416,-9315.547632215288,-9803.775798840295
2023-01-24 08:00:00,-4515.321228146798,-9166.627750630609,-9647.051021222594
2023-01-24 09:00:00,-4500.998549468635,-9137.551045519087,-9616.450405012278
2023-01-24 10:00:00,-4471.578993264841,-9077.825921506233,-9553.595085228924
2023-01-24 11:00:00,-4501.772748316103,-9139.122759308899,-9618.104492374998
2023-01-24 12:00:00,-4544.353684926858,-9225.567017748555,-9709.079297324586
2023-01-24 13:00:00,-4622.354218809286,-9383.917182072108,-9875.728599118607
2023-01-24 14:00:00,-4545.514983198061,-9227.924588433272,-9711.560428368666
2023-01-24 15:00:00,-4466.5467007562975,-9067.609781872457,-9542.843517371246
2023-01-24 16:00:00,-4415.062477399658,-8963.090814849964,-9432.84670775038
2023-01-24 17:00:00,-4286.351919008058,-8701.79339729373,-9157.854683698211
2023-01-24 18:00:00,-4061.2536041066596,-8244.817612905914,-8676.928782987427
2023-01-24 19:00:00,-3900.607343256994,-7918.687001519938,-8333.705655223068
2023-01-24 20:00:00,-3796.767922840313,-7707.880889461414,-8111.851187698273
2023-01-24 21:00:00,-3692.928502423632,-7497.074777402889,-7889.996720173479
2023-01-24 22:00:00,-3602.927886405446,-7314.363049337253,-7697.709064257301
2023-01-24 23:00:00,-3566.9276399981713,-7241.278358110998,-7620.79400189083
2023-01-25 00:00:00,-3578.9277221339294,-7265.639921853083,-7646.432356012988
2023-01-25 01:00:00,-3626.347401541361,-7361.907391479063,-7747.745206979575
2023-01-25 02:00:00,-3770.9290363060595,-7655.424941726441,-8056.6460219675
2023-01-25 03:00:00,-4080.4150255814993,-8283.71752920376,-8717.867445214742
2023-01-25 04:00:00,-4286.739018431792,-8702.579254188637,-9158.681727379571
2023-01-25 05:00:00,-4523.2567663333475,-9182.73781697618,-9664.005416690472
2023-01-25 06:00:00,-4607.063791571788,-9352.875834723322,-9843.060373704891
2023-01-25 07:00:00,-4641.128540860392,-9422.031241475046,-9915.840217664563
2023-01-25 08:00:00,-4580.934580469733,-9299.830494317168,-9787.234925213097
2023-01-25 09:00:00,-4536.805246164043,-9210.24280829789,-9692.951945538069
2023-01-25 10:00:00,-4538.740743282713,-9214.172092772418,-9697.087163944869
2023-01-25 11:00:00,-4506.61149111278,-9148.945970495224,-9628.442538391997
2023-01-25 12:00:00,-4530.031006248695,-9196.490312637035,-9678.478681114271
2023-01-25 13:00:00,-4616.934826877008,-9372.915185543423,-9864.149987579569
2023-01-25 14:00:00,-4665.902903979376,-9472.326082749029,-9968.771013271597
2023-01-25 15:00:00,-4566.418352079703,-9270.360860758195,-9756.220787162101
2023-01-25 16:00:00,-4449.1272266882615,-9032.246221601688,-9505.626551710051
2023-01-25 17:00:00,-4394.9333073654825,-8922.226256314854,-9389.840436319664
2023-01-25 18:00:00,-4268.351795804421,-8665.251051680603,-9119.397152514975
2023-01-25 19:00:00,-4109.641032073427,-8343.049724769158,-8780.309243157415
2023-01-25 20:00:00,-3959.0593562408485,-8037.3513926507385,-8458.589251108413
2023-01-25 21:00:00,-3767.0580420687184,-7647.566372777381,-8048.375585153901
2023-01-25 22:00:00,-3673.767080948792,-7458.174861105044,-7849.058057946164
2023-01-25 23:00:00,-3600.02464072744,-7308.469122625458,-7691.506236647102
2023-01-26 00:00:00,-3595.185897930763,-7298.645911439134,-7681.168190630104
2023-01-26 01:00:00,-3639.5087819483215,-7388.626525905866,-7775.864692145812
2023-01-26 02:00:00,-3698.34789435591,-7508.0767739315725,-7901.575331712518
2023-01-26 03:00:00,-3798.993744526784,-7712.399566607123,-8116.606688866093
2023-01-26 04:00:00,-3916.09132020636,-7950.121277316177,-8366.787402477463
2023-01-26 05:00:00,-4223.061163227528,-8573.305794976606,-9022.633041795867
2023-01-26 06:00:00,-4393.77200909428,-8919.868685630136,-9387.359305275584
2023-01-26 07:00:00,-4499.6437014855655,-9134.800546386916,-9613.555752127519
2023-01-26 08:00:00,-4455.320817468008,-9044.819931920183,-9518.85925061181
2023-01-26 09:00:00,-4442.740086196648,-9019.27958283574,-9491.980330967612
2023-01-26 10:00:00,-4382.352576094123,-8896.68590723041,-9362.961516675467
2023-01-26 11:00:00,-4416.610875094594,-8966.234242429588,-9436.15488247582
2023-01-26 12:00:00,-4428.223857806618,-8989.809949276767,-9460.966192916616
2023-01-26 13:00:00,-4501.772748316103,-9139.122759308899,-9618.104492374998
2023-01-26 14:00:00,-4533.321351350435,-9203.170096243735,-9685.50855240583
2023-01-26 15:00:00,-4481.643578281928,-9098.25820077379,-9575.098220944283
2023-01-26 16:00:00,-4350.029774212323,-8831.066856505762,-9293.903369281916
2023-01-26 17:00:00,-4279.384129380844,-8687.647973185423,-9142.967897433733
2023-01-26 18:00:00,-4149.125173294308,-8423.207128049567,-8864.667698656125
2023-01-26 19:00:00,-3990.027310139579,-8100.219944243216,-8524.752745617205
2023-01-26 20:00:00,-3775.5742293908693,-7664.855224465312,-8066.570546143818
2023-01-26 21:00:00,-3612.218272575065,-7333.223614814996,-7717.55811260994
2023-01-26 22:00:00,-3508.088527590583,-7121.828110085292,-7495.083362324125
2023-01-26 23:00:00,-3473.443129166378,-7051.493917991208,-7421.062952842414
2023-01-27 00:00:00,-3449.4429648948617,-7002.770790507038,-7369.7862445981
2023-01-27 01:00:00,-3456.0236550983423,-7016.13035772044,-7383.845987181218
2023-01-27 02:00:00,-3529.5725456078276,-7165.443167752573,-7540.9842866396
2023-01-27 03:00:00,-3578.9277221339294,-7265.639921853083,-7646.432356012988
2023-01-27 04:00:00,-3630.024846066835,-7369.37303198067,-7755.602121952495
2023-01-27 05:00:00,-3907.575132884209,-7932.832425628246,-8348.592441487546
2023-01-27 06:00:00,-4048.092223699699,-8218.09847847911,-8648.80929782119
2023-01-27 07:00:00,-4142.350933378961,-8409.454632388712,-8850.194434232328
2023-01-27 08:00:00,-4118.544318819311,-8361.124433351995,-8799.331247828693
2023-01-27 09:00:00,-4081.1892244289675,-8285.289242993571,-8719.521532577462
2023-01-27 10:00:00,-4071.5117388356143,-8265.642820620922,-8698.845440543464
2023-01-27 11:00:00,-4049.0599722590346,-8220.063120716375,-8650.87690702459
2023-01-27 12:00:00,-4067.0600954626716,-8256.605466329502,-8689.334438207827
2023-01-27 13:00:00,-4188.996413938924,-8504.150388224882,-8949.853197836195
2023-01-27 14:00:00,-4323.3199139746675,-8776.842730757251,-9236.837355268082
2023-01-27 15:00:00,-4274.932486007901,-8678.610618894005,-9133.456895098094
2023-01-27 16:00:00,-4239.7064384480955,-8607.097641457562,-9058.195920094342
2023-01-27 17:00:00,-4193.641607023733,-8513.580670963753,-8959.777722012514
2023-01-27 18:00:00,-4075.5762827848225,-8273.894318017434,-8707.529399197743
2023-01-27 19:00:00,-3881.0588223584205,-7879.001228327187,-8291.939949314392
2023-01-27 20:00:00,-3768.2193403399206,-7649.923943462099,-8050.85671619798
2023-01-27 21:00:00,-3620.928009609083,-7350.90539495038,-7736.166595440537
2023-01-27 22:00:00,-3551.0565636250717,-7209.058225419853,-7586.885210955074
2023-01-27 23:00:00,-3532.8628907095676,-7172.122951359273,-7548.014157931159
2023-01-28 00:00:00,-3528.604797048492,-7163.478525515307,-7538.9166774362
2023-01-28 01:00:00,-3588.024558591682,-7284.107558883373,-7665.867882524945
2023-01-28 02:00:00,-3759.3160535940356,-7631.8492348792615,-8031.834711526702
2023-01-28 03:00:00,-4082.5440724120367,-8288.03974212574,-8722.416185462222
2023-01-28 04:00:00,-4320.223118584795,-8770.555875598002,-9230.221005817202
2023-01-28 05:00:00,-4577.837785079861,-9293.54363915792,-9780.618575762219
2023-01-28 06:00:00,-4703.064448657853,-9547.76834466,-10048.167206682147
2023-01-28 07:00:00,-4712.935483963073,-9567.807695480102,-10069.256820556824
2023-01-28 08:00:00,-4602.999247622579,-9344.624337326808,-9834.376415050612
2023-01-28 09:00:00,-4579.9668319103985,-9297.865852079904,-9785.167316009698
2023-01-28 10:00:00,-4509.708286502653,-9155.232825654472,-9635.058887842875
2023-01-28 11:00:00,-4522.869666909613,-9181.951960081275,-9663.178373009112
2023-01-28 12:00:00,-4546.095632333661,-9229.103373775632,-9712.800993890707
2023-01-28 13:00:00,-4545.902082621795,-9228.710445328179,-9712.387472050026
2023-01-28 14:00:00,-4601.257300215776,-9341.087981299732,-9830.654718484493
2023-01-28 15:00:00,-4533.127801638568,-9202.777167796283,-9685.09503056515
2023-01-28 16:00:00,-4437.707793688104,-9009.063443201961,-9481.228763109933
2023-01-28 17:00:00,-4366.481499721023,-8864.465774539265,-9329.052725739712
2023-01-28 18:00:00,-4212.99657821044,-8552.87351570905,-9001.129906080509
2023-01-28 19:00:00,-4002.027392275337,-8124.581507985301,-8550.391099739361
2023-01-28 20:00:00,-3864.2199974259856,-7844.816453398777,-8255.963549175236
2023-01-28 21:00:00,-3681.702619135342,-7474.284927450616,-7866.012453414042
2023-01-28 22:00:00,-3575.056727896588,-7257.781352904023,-7638.161919199389
2023-01-28 23:00:00,-3518.927311455139,-7143.8321031426585,-7518.240585402203
2023-01-29 00:00:00,-3532.0886918620995,-7170.551237569462,-7546.360070568439
2023-01-29 01:00:00,-3547.3791190995976,-7201.592584918247,-7579.028295982155
2023-01-29 02:00:00,-3701.251140033916,-7513.970700643367,-7907.778159322717
2023-01-29 03:00:00,-3954.99481229164,-8029.099895254226,-8449.905292454134
2023-01-29 04:00:00,-4191.125460769461,-8508.472601146865,-8954.401938083674
2023-01-29 05:00:00,-4398.804301602824,-8930.084825263913,-9398.110873133262
2023-01-29 06:00:00,-4490.74041473968,-9116.725837804079,-9594.53374745624
2023-01-29 07:00:00,-4514.353479587463,-9164.663108393343,-9644.983412019194
2023-01-29 08:00:00,-4437.901343399972,-9009.456371649416,-9481.642284950613
2023-01-29 09:00:00,-4420.86896875567,-8974.878668273554,-9445.252362970778
2023-01-29 10:00:00,-4398.030102755356,-8928.513111474102,-9396.456785770542
2023-01-29 11:00:00,-4373.062189924504,-8877.825341752667,-9343.11246832283
2023-01-29 12:00:00,-4397.449453619754,-8927.334326131742,-9395.216220248503
2023-01-29 13:00:00,-4448.7401272645275,-9031.460364706782,-9504.799508028691
2023-01-29 14:00:00,-4519.192222384139,-9174.486319579668,-9655.321458036193
2023-01-29 15:00:00,-4418.5463722132645,-8970.163526904118,-9440.290100882617
2023-01-29 16:00:00,-4346.158779974981,-8823.208287556701,-9285.632932468316
2023-01-29 17:00:00,-4253.25491827879,-8634.602632779272,-9087.142448941939
2023-01-29 18:00:00,-4107.124885819155,-8337.94165495227,-8774.933459228576
2023-01-29 19:00:00,-3871.9619859006684,-7860.533591296897,-8272.504422802434
2023-01-29 20:00:00,-3732.7997430682476,-7578.018037578203,-7975.182219353549
2023-01-29 21:00:00,-3558.4114526760204,-7223.989506423067,-7602.599040900913
2023-01-29 22:00:00,-3456.0236550983423,-7016.13035772044,-7383.845987181218
2023-01-29 23:00:00,-3450.4107134541973,-7004.735432744304,-7371.8538538015
2023-01-30 00:00:00,-3439.5719295896415,-6982.731439686936,-7348.6966307234225
2023-01-30 01:00:00,-3486.410959861472,-7077.820123970558,-7448.768916167971
2023-01-30 02:00:00,-3661.3798993892997,-7433.027440468053,-7822.592660142647
2023-01-30 03:00:00,-3902.736390087532,-7923.009214441921,-8338.254395470547
2023-01-30 04:00:00,-4131.7056992262715,-8387.843567778798,-8827.45073299493
2023-01-30 05:00:00,-4362.610505483683,-8856.607205590206,-9320.782288926112
2023-01-30 06:00:00,-4429.965805213422,-8993.346305303843,-9464.687889482735
2023-01-30 07:00:00,-4470.417694993638,-9075.468350821517,-9551.113954184846
2023-01-30 08:00:00,-4403.255944975766,-8939.122179555332,-9407.621875468902
2023-01-30 09:00:00,-4372.481540788903,-8876.646556410307,-9341.871902800789
2023-01-30 10:00:00,-4357.191113551405,-8845.605209061521,-9309.203677387073
2023-01-30 11:00:00,-4309.190785008372,-8748.158954093182,-9206.650260898445
2023-01-30 12:00:00,-4319.255370025459,-8768.591233360738,-9228.153396613803
2023-01-30 13:00:00,-4353.707218737797,-8838.532497007369,-9301.760284254835
2023-01-30 14:00:00,-4430.5464543490225,-8994.525090646202,-9465.928455004776
2023-01-30 15:00:00,-4365.900850585423,-8863.286989196906,-9327.81216021767
2023-01-30 16:00:00,-4294.093907482741,-8717.51053519185,-9174.39555732541
2023-01-30 17:00:00,-4208.738484549364,-8544.229089865084,-8992.03242558555
2023-01-30 18:00:00,-4088.350563768049,-8299.82759554933,-8734.82184068262
2023-01-30 19:00:00,-3898.6718461383234,-7914.757717045409,-8329.570436816268
2023-01-30 20:00:00,-3745.5740240514738,-7603.9513151101,-8002.474660838426
2023-01-30 21:00:00,-3538.6693820655796,-7183.910804782863,-7560.419813151558
2023-01-30 22:00:00,-3461.44304703062,-7027.132354249123,-7395.424598720257
2023-01-30 23:00:00,-3405.507180301038,-6913.5760329352115,-7275.916786763751
2023-01-31 00:00:00,-3421.5718063860045,-6946.1890940738085,-7310.2390995401865
2023-01-31 01:00:00,-3459.7010996238164,-7023.595998222047,-7391.7029021541375
2023-01-31 02:00:00,-3600.605289863041,-7309.6479079678165,-7692.746802169142
2023-01-31 03:00:00,-3834.4133417984576,-7784.305472491019,-8192.281185710524
2023-01-31 04:00:00,-4049.4470716827686,-8220.848977611282,-8651.70395070595
2023-01-31 05:00:00,-4266.6098483976175,-8661.714695653527,-9115.675455948856
2023-01-31 06:00:00,-4351.384622195393,-8833.817355637933,-9296.798022166675
2023-01-31 07:00:00,-4380.417078975453,-8892.75662275588,-9358.826298268668
2023-01-31 08:00:00,-4316.352124347453,-8762.697306648943,-9221.950569003604
2023-01-31 09:00:00,-4314.997276364384,-8759.946807516772,-9219.055916118845
2023-01-31 10:00:00,-4305.319790771031,-8740.300385144123,-9198.379824084846
2023-01-31 11:00:00,-4278.222831109641,-8685.290402500705,-9140.486766389653
2023-01-31 12:00:00,-4292.15841036407,-8713.58125071732,-9170.26033891861
2023-01-31 13:00:00,-4320.997317432263,-8772.127589387814,-9231.875093179922
2023-01-31 14:00:00,-4413.707629416588,-8960.340315717793,-9429.95205486562
2023-01-31 15:00:00,-4333.771598415489,-8798.060866919712,-9259.167534664799
2023-01-31 16:00:00,-4256.54526338053,-8641.282416385971,-9094.172320233498
2023-01-31 17:00:00,-4212.222379362972,-8551.301801919239,-8999.47581871779
2023-01-31 18:00:00,-4072.4794873949495,-8267.607462858186,-8700.913049746865
2023-01-31 19:00:00,-3856.090909527569,-7828.313458605752,-8238.595631866678
2023-01-31 20:00:00,-3728.348099695305,-7568.980683286784,-7965.67121701791
2023-01-31 21:00:00,-3503.056235082039,-7111.611970451514,-7484.331794466447
2023-01-31 22:00:00,-3432.7976896742944,-6968.978944026082,-7334.223366299624
2023-01-31 23:00:00,-3383.442513148192,-6868.782189925571,-7228.7752969262365
2023-02-01 00:00:00,-3390.0232033516722,-6882.141757138973,-7242.835039509355
2023-02-01 01:00:00,-3474.0237783019793,-7052.672703333567,-7422.303518364453
2023-02-01 02:00:00,-3566.9276399981713,-7241.278358110998,-7620.79400189083
2023-02-01 03:00:00,-3860.1554534767774,-7836.564956002265,-8247.279590520957
2023-02-01 04:00:00,-4043.0599311911556,-8207.882338845333,-8638.057729963512
2023-02-01 05:00:00,-4251.7065205838535,-8631.459205199648,-9083.8342742165
2023-02-01 06:00:00,-4305.900439906632,-8741.479170486482,-9199.620389606886
2023-02-01 07:00:00,-4346.739429110583,-8824.38707289906,-9286.873497990357
2023-02-01 08:00:00,-4273.190538601098,-8675.074262866929,-9129.735198531975
2023-02-01 09:00:00,-4263.900152431478,-8656.213697389185,-9109.886150179336
2023-02-01 10:00:00,-4257.9001113635995,-8644.032915518143,-9097.066973118259
2023-02-01 11:00:00,-4269.5130940756235,-8667.608622365322,-9121.878283559055
2023-02-01 12:00:00,-4269.70664378749,-8668.001550812774,-9122.291805399735
2023-02-01 13:00:00,-4274.932486007901,-8678.610618894005,-9133.456895098094
2023-02-01 14:00:00,-4381.965476670389,-8895.900050335504,-9362.134472994107
2023-02-01 15:00:00,-4300.481047974354,-8730.4771739578,-9188.041778067847
2023-02-01 16:00:00,-4213.577227346041,-8554.05230105141,-9002.37047160255
2023-02-01 17:00:00,-4150.673570989245,-8426.350555629191,-8867.975873381565
2023-02-01 18:00:00,-4043.6405803267567,-8209.061124187692,-8639.298295485552
2023-02-01 19:00:00,-3842.15533027314,-7800.022610389138,-8208.822059337723
2023-02-01 20:00:00,-3668.3476890165143,-7447.172864576361,-7837.479446407126
2023-02-01 21:00:00,-3494.7335974717557,-7094.716047211036,-7466.550355317208
2023-02-01 22:00:00,-3386.926407961799,-6875.854901979726,-7236.218690058476
2023-02-01 23:00:00,-3353.635857520664,-6808.271209017812,-7165.092933461524
2023-02-02 00:00:00,-3329.2485938254135,-6758.762224638736,-7112.98918153585
2023-02-02 01:00:00,-3362.345594554682,-6825.9529891531965,-7183.701416292121
2023-02-02 02:00:00,-3431.8299411149587,-6967.014301788817,-7332.155757096224
2023-02-02 03:00:00,-3522.411206268746,-7150.904815196813,-7525.683978534442
2023-02-02 04:00:00,-3617.2505650836088,-7343.439754448773,-7728.309680467618
2023-02-02 05:00:00,-3905.058986629937,-7927.724355811357,-8343.216657558707
2023-02-02 06:00:00,-4082.9311718357712,-8288.825599020647,-8723.243229143582
2023-02-02 07:00:00,-4159.3833080232625,-8444.032335764576,-8886.584356212163
2023-02-02 08:00:00,-4176.609232379431,-8479.00296758789,-8923.387800032679
2023-02-02 09:00:00,-4138.092839717885,-8400.810206544747,-8841.096953737368
2023-02-02 10:00:00,-4087.9634643443146,-8299.041738654425,-8733.99479700126
2023-02-02 11:00:00,-4101.124844751275,-8325.760873081228,-8762.114282167497
2023-02-02 12:00:00,-4102.2861430224775,-8328.118443765945,-8764.595413211577
2023-02-02 13:00:00,-4161.5123548538,-8448.354548686557,-8891.133096459642
2023-02-02 14:00:00,-4247.835526346512,-8623.600636250587,-9075.5638374029
2023-02-02 15:00:00,-4212.99657821044,-8552.87351570905,-9001.129906080509
2023-02-02 16:00:00,-4121.834663921051,-8367.804216958697,-8806.361119120253
2023-02-02 17:00:00,-4029.705001072328,-8180.770275971077,-8609.524722956596
2023-02-02 18:00:00,-3928.865601189586,-7976.054554848074,-8394.07984396234
2023-02-02 19:00:00,-3749.8321177125495,-7612.595740954066,-8011.572141333385
2023-02-02 20:00:00,-3599.0568921681042,-7306.504480388193,-7689.438627443703
2023-02-02 21:00:00,-3440.3461284371097,-6984.303153476748,-7350.3507180861425
2023-02-02 22:00:00,-3323.2485527575345,-6746.581442767694,-7100.170004474771
2023-02-02 23:00:00,-3236.5382818410885,-6570.549498308758,-6914.912219850153
2023-02-03 00:00:00,-3208.280023908497,-6513.1819449806235,-6854.53803111088
2023-02-03 01:00:00,-3231.1188899088106,-6559.547501780075,-6903.333608311114
2023-02-03 02:00:00,-3267.506235739819,-6633.4180499012355,-6981.075714358945
2023-02-03 03:00:00,-3313.9581665879155,-6727.720877289951,-7080.320956122134
2023-02-03 04:00:00,-3405.507180301038,-6913.5760329352115,-7275.916786763751
2023-02-03 05:00:00,-3607.185980066521,-7323.007475181218,-7706.80654475226
2023-02-03 06:00:00,-3772.6709837128633,-7658.961297753517,-8060.367718533619
2023-02-03 07:00:00,-3855.1231609682336,-7826.348816368488,-8236.528022663279
2023-02-03 08:00:00,-3850.671517595291,-7817.311462077069,-8227.01702032764
2023-02-03 09:00:00,-3834.8004412221917,-7785.091329385925,-8193.108229391884
2023-02-03 10:00:00,-3817.1874174422887,-7749.334840667703,-8155.4777418900085
2023-02-03 11:00:00,-3804.606686170929,-7723.7944915832595,-8128.598822245811
2023-02-03 12:00:00,-3837.7036869001977,-7790.98525609772,-8199.311057002084
2023-02-03 13:00:00,-3940.865683325344,-8000.4161185901585,-8419.718198084498
2023-02-03 14:00:00,-4073.6407856661517,-8269.965033542903,-8703.394180790945
2023-02-03 15:00:00,-4060.6729549710585,-8243.638827563555,-8675.688217465387
2023-02-03 16:00:00,-4013.05972585176,-8146.978429490121,-8573.961844658119
2023-02-03 17:00:00,-3963.510999613791,-8046.388746942157,-8468.100253444052
2023-02-03 18:00:00,-3883.3814189008253,-7883.716369696623,-8296.902211402552
2023-02-03 19:00:00,-3679.9606717285383,-7470.748571423539,-7862.290756847922
2023-02-03 20:00:00,-3530.1531947434287,-7166.621953094932,-7542.224852161639
2023-02-03 21:00:00,-3384.023162283793,-6869.960975267931,-7230.0158624482765
2023-02-03 22:00:00,-3265.5707386211484,-6629.488765426706,-6976.940495952145
2023-02-03 23:00:00,-3237.699580112291,-6572.907068993476,-6917.393350894233
2023-02-04 00:00:00,-3230.3446910613425,-6557.975787990263,-6901.679520948394
2023-02-04 01:00:00,-3277.957920180641,-6654.636186063696,-7003.405893755663
2023-02-04 02:00:00,-3406.087829436639,-6914.75481827757,-7277.157352285791
2023-02-04 03:00:00,-3738.6062344242596,-7589.805891001793,-7987.587874573947
2023-02-04 04:00:00,-3969.51104068167,-8058.5695288132,-8480.91943050513
2023-02-04 05:00:00,-4157.834910328326,-8440.88890818495,-8883.276181486723
2023-02-04 06:00:00,-4233.8999470920835,-8595.309788033972,-9045.790264873944
2023-02-04 07:00:00,-4314.61017694065,-8759.160950621867,-9218.228872437485
2023-02-04 08:00:00,-4251.90007029572,-8631.8521336471,-9084.24779605718
2023-02-04 09:00:00,-4207.383636566295,-8541.478590732915,-8989.137772700791
2023-02-04 10:00:00,-4191.7061099050625,-8509.651386489222,-8955.642503605715
2023-02-04 11:00:00,-4196.738402413606,-8519.867526123,-8966.394071463394
2023-02-04 12:00:00,-4191.7061099050625,-8509.651386489222,-8955.642503605715
2023-02-04 13:00:00,-4206.996537142561,-8540.692733838008,-8988.310729019431
2023-02-04 14:00:00,-4336.674844093495,-8803.954793631507,-9265.370362274998
2023-02-04 15:00:00,-4264.287251855212,-8656.999554284092,-9110.713193860696
2023-02-04 16:00:00,-4193.060957888132,-8512.401885621393,-8958.537156490474
2023-02-04 17:00:00,-4119.705617090513,-8363.482004036714,-8801.812378872773
2023-02-04 18:00:00,-4028.9308022248597,-8179.1985621812655,-8607.870635593876
2023-02-04 19:00:00,-3778.8645744926093,-7671.535008072013,-8073.6004174353775
2023-02-04 20:00:00,-3644.5410744568653,-7398.842665539643,-7786.616260003491
2023-02-04 21:00:00,-3448.2816666236595,-7000.413219822321,-7367.30511355402
2023-02-04 22:00:00,-3336.0228337407607,-6772.514720299591,-7127.462445959648
2023-02-04 23:00:00,-3317.0549619777885,-6734.007732449199,-7086.937305573013
2023-02-05 00:00:00,-3277.37727104504,-6653.457400721338,-7002.165328233623
2023-02-05 01:00:00,-3362.345594554682,-6825.9529891531965,-7183.701416292121
2023-02-05 02:00:00,-3521.830557133145,-7149.726029854453,-7524.443413012402
2023-02-05 03:00:00,-3771.3161357297936,-7656.210798621347,-8057.473065648859
2023-02-05 04:00:00,-3949.188320935628,-8017.312041830637,-8437.499637233735
2023-02-05 05:00:00,-4178.351179786235,-8482.539323614967,-8927.109496598798
2023-02-05 06:00:00,-4253.25491827879,-8634.602632779272,-9087.142448941939
2023-02-05 07:00:00,-4254.029117126258,-8636.174346569083,-9088.796536304659
2023-02-05 08:00:00,-4194.802905294936,-8515.93824164847,-8962.258853056594
2023-02-05 09:00:00,-4211.254630803636,-8549.337159681974,-8997.40820951439
2023-02-05 10:00:00,-4187.25446653212,-8500.614032197804,-8946.131501270076
2023-02-05 11:00:00,-4186.093168260918,-8498.256461513087,-8943.650370225996
2023-02-05 12:00:00,-4194.9964550068025,-8516.331170095924,-8962.672374897274
2023-02-05 13:00:00,-4175.254384396362,-8476.25246845572,-8920.49314714792
2023-02-05 14:00:00,-4275.900234567236,-8680.57526113127,-9135.524504301493
2023-02-05 15:00:00,-4230.9967014140775,-8589.415861322179,-9039.587437263745
2023-02-05 16:00:00,-4204.480390888289,-8535.58466402112,-8982.934945090592
2023-02-05 17:00:00,-4111.189429768363,-8346.193152348782,-8783.617417882855
2023-02-05 18:00:00,-3969.7045903935373,-8058.962457260653,-8481.33295234581
2023-02-05 19:00:00,-3776.5419779502045,-7666.819866702577,-8068.638155347218
2023-02-05 20:00:00,-3629.250647219367,-7367.801318190858,-7753.948034589775
2023-02-05 21:00:00,-3440.9267775727108,-6985.481938819107,-7351.591283608182
2023-02-05 22:00:00,-3353.635857520664,-6808.271209017812,-7165.092933461524
2023-02-05 23:00:00,-3310.667821486175,-6721.04109368325,-7073.291084830575
2023-02-06 00:00:00,-3300.2161370453537,-6699.82295752079,-7050.960905433857
2023-02-06 01:00:00,-3362.345594554682,-6825.9529891531965,-7183.701416292121
2023-02-06 02:00:00,-3531.314493014631,-7168.97952377965,-7544.705983205719
2023-02-06 03:00:00,-3796.090498848778,-7706.505639895328,-8110.403861255893
2023-02-06 04:00:00,-3996.4144506311923,-8113.186583009165,-8538.398966359644
2023-02-06 05:00:00,-4209.125583973098,-8545.014946759991,-8992.85946926691
2023-02-06 06:00:00,-4315.384375788118,-8760.732664411678,-9219.882959800203
2023-02-06 07:00:00,-4324.094112822136,-8778.414444547063,-9238.491442630802
2023-02-06 08:00:00,-4278.222831109641,-8685.290402500705,-9140.486766389653
2023-02-06 09:00:00,-4255.19041539746,-8638.5319172538,-9091.277667348739
2023-02-06 10:00:00,-4248.60972519398,-8625.172350040399,-9077.21792476562
2023-02-06 11:00:00,-4226.545058041134,-8580.378507030759,-9030.076434928105
2023-02-06 12:00:00,-4216.674022735914,-8560.339156210657,-9008.986821053428
2023-02-06 13:00:00,-4224.996660346198,-8577.235079451135,-9026.768260202667
2023-02-06 14:00:00,-4363.771803754885,-8858.964776274923,-9323.263419970192
2023-02-06 15:00:00,-4297.964901720082,-8725.36910414091,-9182.665994139008
2023-02-06 16:00:00,-4240.867736719298,-8609.45521214228,-9060.677051138422
2023-02-06 17:00:00,-4143.512231650163,-8411.81220307343,-8852.675565276406
2023-02-06 18:00:00,-4015.188772682298,-8151.300642412103,-8578.510584905598
2023-02-06 19:00:00,-3839.8327337307355,-7795.307469019702,-8203.859797249563
2023-02-06 20:00:00,-3670.476735847052,-7451.495077498344,-7842.028186654605
2023-02-06 21:00:00,-3469.765684640904,-7044.028277489601,-7413.206037869495
2023-02-06 22:00:00,-3405.894279724772,-6914.361889830117,-7276.743830445111
2023-02-06 23:00:00,-3347.6358164527846,-6796.09042714677,-7152.273756400446
2023-02-07 00:00:00,-3355.1842552156004,-6811.414636597437,-7168.401108186963
2023-02-07 01:00:00,-3406.087829436639,-6914.75481827757,-7277.157352285791
2023-02-07 02:00:00,-3556.0888561336155,-7219.274365053631,-7597.636778812754
2023-02-07 03:00:00,-3837.8972366120647,-7791.378184545172,-8199.724578842763
2023-02-07 04:00:00,-4058.9310075642547,-8240.102471536477,-8671.966520899268
2023-02-07 05:00:00,-4255.964614244928,-8640.103631043612,-9092.931754711459
2023-02-07 06:00:00,-4245.706479515974,-8619.278423328604,-9071.015097155421
2023-02-07 07:00:00,-4227.125707176736,-8581.557292373118,-9031.317000450146
2023-02-07 08:00:00,-4148.931623582441,-8422.814199602113,-8864.254176815446
2023-02-07 09:00:00,-4114.67332458197,-8353.265864402936,-8791.060811015093
2023-02-07 10:00:00,-4132.866997497475,-8390.201138463517,-8829.93186403901
2023-02-07 11:00:00,-4130.350851243203,-8385.093068646627,-8824.55608011017
2023-02-07 12:00:00,-4118.737868531179,-8361.517361799448,-8799.744769669373
2023-02-07 13:00:00,-4178.157630074368,-8482.146395167514,-8926.695974758119
2023-02-07 14:00:00,-4326.029609940807,-8782.343729021592,-9242.6266610376
2023-02-07 15:00:00,-4326.803808788275,-8783.915442811403,-9244.28074840032
2023-02-07 16:00:00,-4225.770859193666,-8578.806793240947,-9028.422347565387
2023-02-07 17:00:00,-4165.770448514875,-8456.998974530523,-8900.230576954602
2023-02-07 18:00:00,-4036.866340411409,-8195.308628526838,-8624.825031061753
2023-02-07 19:00:00,-3819.70356369656,-7754.442910484592,-8160.853525818848
2023-02-07 20:00:00,-3686.7349116438854,-7484.501067084394,-7876.764021271721
2023-02-07 21:00:00,-3535.5725866757066,-7177.623949623615,-7553.803463700679
2023-02-07 22:00:00,-3421.18470696227,-6945.403237178903,-7309.4120558588265
2023-02-07 23:00:00,-3365.829489368289,-6833.02570120735,-7191.144809424361
2023-02-08 00:00:00,-3359.0552494529416,-6819.273205546496,-7176.671545000562
2023-02-08 01:00:00,-3402.603934623032,-6907.682106223417,-7269.7139591535515
2023-02-08 02:00:00,-3556.4759555573496,-7220.060221948537,-7598.463822494113
2023-02-08 03:00:00,-3821.639060815231,-7758.372194959122,-8164.988744225647
2023-02-08 04:00:00,-4040.156685513149,-8201.988412133538,-8631.854902353312
2023-02-08 05:00:00,-4221.899864956325,-8570.948224291888,-9020.151910751787
2023-02-08 06:00:00,-4261.77110560094,-8651.891484467202,-9105.337409931857
2023-02-08 07:00:00,-4317.319872906789,-8764.661948886207,-9224.018178207003
2023-02-08 08:00:00,-4251.512970871986,-8631.066276752194,-9083.42075237582
2023-02-08 09:00:00,-4226.932157464868,-8581.164363925665,-9030.903478609465
2023-02-08 10:00:00,-4232.351549397146,-8592.166360454348,-9042.482090148505
2023-02-08 11:00:00,-4171.964039294622,-8469.57268484902,-8913.46327585636
2023-02-08 12:00:00,-4180.286676904906,-8486.468608089497,-8931.244715005598
2023-02-08 13:00:00,-4192.093209328797,-8510.437243384129,-8956.469547287075
2023-02-08 14:00:00,-4349.642674788589,-8830.280999610855,-9293.076325600556
2023-02-08 15:00:00,-4284.609971601254,-8698.257041266654,-9154.132987132092
2023-02-08 16:00:00,-4210.093332532434,-8546.979588997256,-8994.92707847031
2023-02-08 17:00:00,-4139.254137989087,-8403.167777229464,-8843.578084781448
2023-02-08 18:00:00,-4020.99526403831,-8163.088495835693,-8590.916240125996
2023-02-08 19:00:00,-3843.1230788324756,-7801.987252626403,-8210.889668541122
2023-02-08 20:00:00,-3710.928625627269,-7533.617123016016,-7928.454251356715
2023-02-08 21:00:00,-3511.185322980456,-7128.114965244539,-7501.699711775004
2023-02-08 22:00:00,-3413.0556190638536,-6928.900242385877,-7292.044138550269
2023-02-08 23:00:00,-3371.248881300567,-6844.027697736034,-7202.723420963399
2023-02-09 00:00:00,-3367.1843373513584,-6835.776200339521,-7194.039462309121
2023-02-09 01:00:00,-3373.958577266706,-6849.528696000375,-7208.512726732919
2023-02-09 02:00:00,-3462.6043453018224,-7029.489924933841,-7397.905729764337
2023-02-09 03:00:00,-3550.2823647776036,-7207.486511630042,-7585.231123592354
2023-02-09 04:00:00,-3687.702660203221,-7486.465709321658,-7878.831630475121
2023-02-09 05:00:00,-3961.7690522069875,-8042.852390915081,-8464.378556877931
2023-02-09 06:00:00,-4142.157383667093,-8409.06170394126,-8849.780912391647
2023-02-09 07:00:00,-4190.157712210126,-8506.507958909599,-8952.334328880275
2023-02-09 08:00:00,-4168.673694192881,-8462.892901242318,-8906.433404564801
2023-02-09 09:00:00,-4130.737950666937,-8385.878925541534,-8825.38312379153
2023-02-09 10:00:00,-4108.479733802224,-8340.692154084441,-8777.828112113335
2023-02-09 11:00:00,-4077.5117799034933,-8277.823602491964,-8711.664617604543
2023-02-09 12:00:00,-4107.124885819155,-8337.94165495227,-8774.933459228576
2023-02-09 13:00:00,-4125.318558734659,-8374.87692901285,-8813.80451225249
2023-02-09 14:00:00,-4276.480883702838,-8681.754046473628,-9136.765069823534
2023-02-09 15:00:00,-4225.770859193666,-8578.806793240947,-9028.422347565387
2023-02-09 16:00:00,-4141.1896351077585,-8407.097061703995,-8847.713303188248
2023-02-09 17:00:00,-4056.414861309983,-8234.994401719588,-8666.59073697043
2023-02-09 18:00:00,-3960.4142042239177,-8040.10189178291,-8461.483903993172
2023-02-09 19:00:00,-3780.993621323147,-7675.857220993996,-8078.149157682858
2023-02-09 20:00:00,-3637.1861854059166,-7383.91138453643,-7770.902430057653
2023-02-09 21:00:00,-3515.2498669296647,-7136.366462641052,-7510.3836704292835
2023-02-09 22:00:00,-3365.829489368289,-6833.02570120735,-7191.144809424361
2023-02-09 23:00:00,-3309.893622638707,-6719.469379893439,-7071.636997467855
2023-02-10 00:00:00,-3292.474148570671,-6684.10581962267,-7034.420031806659
2023-02-10 01:00:00,-3346.8616176053165,-6794.518713356958,-7150.6196690377255
2023-02-10 02:00:00,-3380.152168046452,-6862.102406318871,-7221.745425634677
2023-02-10 03:00:00,-3451.9591111491336,-7007.878860323927,-7375.162028526939
2023-02-10 04:00:00,-3545.6371716927943,-7198.056228891171,-7575.306599416036
2023-02-10 05:00:00,-3746.5417726108094,-7605.915957347365,-8004.542270041826
2023-02-10 06:00:00,-3863.2522488666505,-7842.851811161513,-8253.895939971837
2023-02-10 07:00:00,-3928.091402342118,-7974.482841058262,-8392.425756599621
2023-02-10 08:00:00,-3888.607261121236,-7894.325437777854,-8308.067301100911
2023-02-10 09:00:00,-3863.0586991547834,-7842.45888271406,-8253.482418131156
2023-02-10 10:00:00,-3832.0907452560527,-7779.5903311215825,-8187.318923622364
2023-02-10 11:00:00,-3817.1874174422887,-7749.334840667703,-8155.4777418900085
2023-02-10 12:00:00,-3858.6070557818407,-7833.421528422641,-8243.971415795519
2023-02-10 13:00:00,-3955.381911715374,-8029.885752149132,-8450.732336135494
2023-02-10 14:00:00,-4145.254179056967,-8415.348559100506,-8856.397261842527
2023-02-10 15:00:00,-4130.931500378803,-8386.271853988987,-8825.79664563221
2023-02-10 16:00:00,-4096.4796516664655,-8316.330590342355,-8752.189757991178
2023-02-10 17:00:00,-4038.2211883944788,-8198.059127659008,-8627.719683946512
2023-02-10 18:00:00,-3950.3496192068305,-8019.669612515355,-8439.980768277816
2023-02-10 19:00:00,-3750.0256674244165,-7612.988669401519,-8011.985663174065
2023-02-10 20:00:00,-3625.9603021176267,-7361.121534584157,-7746.918163298215
2023-02-10 21:00:00,-3423.313753792808,-6949.725450100886,-7313.960796106307
2023-02-10 22:00:00,-3340.8615765374375,-6782.337931485916,-7137.800491976647
2023-02-10 23:00:00,-3290.732201163867,-6680.569463595593,-7030.69833524054
2023-02-11 00:00:00,-3302.538733587758,-6704.538098890225,-7055.923167522016
2023-02-11 01:00:00,-3360.022998012277,-6821.237847783761,-7178.739154203962
2023-02-11 02:00:00,-3529.7660953196946,-7165.836096200026,-7541.39780848028
2023-02-11 03:00:00,-3806.735733001467,-7728.1167045052425,-8133.147562493291
2023-02-11 04:00:00,-4052.3503173607746,-8226.742904323077,-8657.90677831615
2023-02-11 05:00:00,-4256.158163956796,-8640.496559491066,-9093.345276552138
2023-02-11 06:00:00,-4346.545879398715,-8823.994144451608,-9286.459976149676
2023-02-11 07:00:00,-4418.5463722132645,-8970.163526904118,-9440.290100882617
2023-02-11 08:00:00,-4365.513751161689,-8862.501132302,-9326.98511653631
2023-02-11 09:00:00,-4356.997563839537,-8845.212280614069,-9308.790155546394
2023-02-11 10:00:00,-4340.352288618969,-8811.420434133113,-9273.227277247917
2023-02-11 11:00:00,-4346.352329686849,-8823.601216004156,-9286.046454308997
2023-02-11 12:00:00,-4354.287867873399,-8839.711282349726,-9303.000849776874
2023-02-11 13:00:00,-4288.86806526233,-8706.90146711062,-9163.23046762705
2023-02-11 14:00:00,-4389.513915433205,-8911.22425978617,-9378.261824780626
2023-02-11 15:00:00,-4320.803767720396,-8771.734660940361,-9231.461571339243
2023-02-11 16:00:00,-4239.125789312494,-8605.918856115204,-9056.955354572303
2023-02-11 17:00:00,-4153.1897172435165,-8431.45862544608,-8873.351657310404
2023-02-11 18:00:00,-4025.253357699385,-8171.732921679659,-8600.013720620957
2023-02-11 19:00:00,-3798.993744526784,-7712.399566607123,-8116.606688866093
2023-02-11 20:00:00,-3658.4766537112937,-7427.133513756258,-7816.389832532448
2023-02-11 21:00:00,-3472.862480030777,-7050.315132648849,-7419.822387320374
2023-02-11 22:00:00,-3340.8615765374375,-6782.337931485916,-7137.800491976647
2023-02-11 23:00:00,-3328.0872955542113,-6756.404653954019,-7110.5080504917705
2023-02-12 00:00:00,-3315.1194648591177,-6730.078447974669,-7082.802087166213
2023-02-12 01:00:00,-3357.3133020461382,-6815.736849519419,-7172.949848434443
2023-02-12 02:00:00,-3508.669176726184,-7123.00689542765,-7496.323927846165
2023-02-12 03:00:00,-3801.703440492923,-7717.900564871465,-8122.395994635612
2023-02-12 04:00:00,-3990.220859851446,-8100.612872690669,-8525.166267457886
2023-02-12 05:00:00,-4187.25446653212,-8500.614032197804,-8946.131501270076
2023-02-12 06:00:00,-4296.029404601411,-8721.43981966638,-9178.530775732208
2023-02-12 07:00:00,-4322.9328145509335,-8776.056873862344,-9236.010311586722
2023-02-12 08:00:00,-4281.706725923248,-8692.363114554859,-9147.930159521893
2023-02-12 09:00:00,-4248.60972519398,-8625.172350040399,-9077.21792476562
2023-02-12 10:00:00,-4252.480719431322,-8633.03091898946,-9085.488361579219
2023-02-12 11:00:00,-4216.674022735914,-8560.339156210657,-9008.986821053428
2023-02-12 12:00:00,-4226.932157464868,-8581.164363925665,-9030.903478609465
2023-02-12 13:00:00,-4222.86761351566,-8572.912866529154,-9022.219519955186
2023-02-12 14:00:00,-4323.900563110269,-8778.021516099609,-9238.077920790121
2023-02-12 15:00:00,-4297.964901720082,-8725.36910414091,-9182.665994139008
2023-02-12 16:00:00,-4221.125666108856,-8569.376510502076,-9018.497823389067
2023-02-12 17:00:00,-4134.221845480543,-8392.951637595686,-8832.82651692377
2023-02-12 18:00:00,-4017.3178195128353,-8155.622855334086,-8583.059325153079
2023-02-12 19:00:00,-3815.251920323618,-7745.405556193174,-8151.342523483208
2023-02-12 20:00:00,-3682.089718559076,-7475.070784345522,-7866.839497095401
2023-02-12 21:00:00,-3481.959316488529,-7068.782769679139,-7439.257913832332
2023-02-12 22:00:00,-3383.829612571926,-6869.568046820477,-7229.6023406075965
2023-02-12 23:00:00,-3306.4097278250997,-6712.396667839284,-7064.193604335615
2023-02-13 00:00:00,-3338.7325297068996,-6778.015718563933,-7133.251751729167
2023-02-13 01:00:00,-3384.797361131262,-6871.532689057743,-7231.669949810996
2023-02-13 02:00:00,-3529.5725456078276,-7165.443167752573,-7540.9842866396
2023-02-13 03:00:00,-3830.735897272983,-7776.839831989412,-8184.424270737605
2023-02-13 04:00:00,-4001.83384256347,-8124.1885795378475,-8549.977577898682
2023-02-13 05:00:00,-4173.125337565824,-8471.930255533736,-8915.944406900438
2023-02-13 06:00:00,-4255.771064533062,-8639.71070259616,-9092.518232870778
2023-02-13 07:00:00,-4286.739018431792,-8702.579254188637,-9158.681727379571
2023-02-13 08:00:00,-4212.222379362972,-8551.301801919239,-8999.47581871779
2023-02-13 09:00:00,-4187.448016243987,-8501.006960645258,-8946.545023110755
2023-02-13 10:00:00,-4205.835238871358,-8538.33516315329,-8985.829597975351
2023-02-13 11:00:00,-4190.738361345727,-8507.686744251958,-8953.574894402314
2023-02-13 12:00:00,-4182.802823159177,-8491.576677906385,-8936.620498934437
2023-02-13 13:00:00,-4180.0931271930385,-8486.075679642045,-8930.831193164917
2023-02-13 14:00:00,-4360.287908941277,-8851.89206422077,-9315.820026837953
2023-02-13 15:00:00,-4347.3200782461845,-8825.56585824142,-9288.114063512396
2023-02-13 16:00:00,-4214.157876481642,-8555.23108639377,-9003.611037124589
2023-02-13 17:00:00,-4184.738320277848,-8495.505962380916,-8940.755717341237
2023-02-13 18:00:00,-4055.4471127506476,-8233.029759482324,-8664.523127767028
2023-02-13 19:00:00,-3869.0587402226624,-7854.639664585103,-8266.301595192235
2023-02-13 20:00:00,-3709.5737776441997,-7530.866623883846,-7925.559598471955
2023-02-13 21:00:00,-3477.5076731155864,-7059.745415387721,-7429.7469114966925
2023-02-13 22:00:00,-3388.86190508047,-6879.784186454255,-7240.353908465275
2023-02-13 23:00:00,-3333.5066874864888,-6767.406650482702,-7122.086662030809
2023-02-14 00:00:00,-3334.4744360458244,-6769.371292719968,-7124.154271234209
2023-02-14 01:00:00,-3408.603975690911,-6919.862888094459,-7282.53313621463
2023-02-14 02:00:00,-3546.9920196758635,-7200.806728023341,-7578.201252300795
2023-02-14 03:00:00,-3809.058329543872,-7732.831845874678,-8138.10982458145
2023-02-14 04:00:00,-3996.2209009193252,-8112.793654561711,-8537.985444518963
2023-02-14 05:00:00,-4180.67377632864,-8487.254464984402,-8932.071758686958
2023-02-14 06:00:00,-4235.254795075152,-8598.060287166143,-9048.684917758705
2023-02-14 07:00:00,-4278.6099305333755,-8686.076259395611,-9141.313810071013
2023-02-14 08:00:00,-4208.932034261232,-8544.622018312539,-8992.445947426231
2023-02-14 09:00:00,-4182.60927344731,-8491.183749458933,-8936.206977093758
2023-02-14 10:00:00,-4196.544852701739,-8519.474597675548,-8965.980549622713
2023-02-14 11:00:00,-4206.028788583226,-8538.728091600744,-8986.243119816032
2023-02-14 12:00:00,-4200.996496074682,-8528.511951966966,-8975.491551958352
2023-02-14 13:00:00,-4169.060793616616,-8463.678758137225,-8907.260448246161
2023-02-14 14:00:00,-4287.513217279261,-8704.150967978449,-9160.335814742291
2023-02-14 15:00:00,-4252.287169719454,-8632.637990542005,-9085.07483973854
2023-02-14 16:00:00,-4148.157424734973,-8421.242485812301,-8862.600089452726
2023-02-14 17:00:00,-4091.8344585816562,-8306.900307603484,-8742.26523381486
2023-02-14 18:00:00,-3966.2206955799297,-8051.889745206499,-8473.88955921357
2023-02-14 19:00:00,-3794.542101153842,-7703.362212315705,-8107.095686530453
2023-02-14 20:00:00,-3647.6378698467383,-7405.129520698892,-7793.2326094543705
2023-02-14 21:00:00,-3444.2171226744513,-6992.161722425808,-7358.621154899741
2023-02-14 22:00:00,-3344.1519216391775,-6789.0177150926165,-7144.830363268206
2023-02-14 23:00:00,-3279.506317875577,-6657.779613643321,-7006.714068481102
2023-02-15 00:00:00,-3302.538733587758,-6704.538098890225,-7055.923167522016
2023-02-15 01:00:00,-3343.7648222154435,-6788.231858197711,-7144.003319586846
2023-02-15 02:00:00,-3497.249743726027,-7099.824117027924,-7471.926139246048
2023-02-15 03:00:00,-3794.1550017301074,-7702.576355420799,-8106.268642849094
2023-02-15 04:00:00,-3903.8976883587343,-7925.366785126639,-8340.735526514627
2023-02-15 05:00:00,-4053.511615631977,-8229.100475007794,-8660.38790936023
2023-02-15 06:00:00,-4093.3828562765925,-8310.043735183108,-8745.5734085403
2023-02-15 07:00:00,-4058.1568087167866,-8238.530757746665,-8670.312433536548
2023-02-15 08:00:00,-4006.2854859364124,-8133.225933829266,-8559.488580234321
2023-02-15 09:00:00,-3993.7047546650533,-8107.685584744822,-8532.609660590124
2023-02-15 10:00:00,-3986.3498656141046,-8092.754303741609,-8516.895830644286
2023-02-15 11:00:00,-3975.8981811732833,-8071.536167579148,-8494.565651247569
2023-02-15 12:00:00,-3977.6401285800866,-8075.072523606225,-8498.287347813688
2023-02-15 13:00:00,-3990.027310139579,-8100.219944243216,-8524.752745617205
2023-02-15 14:00:00,-4146.028377904435,-8416.920272890318,-8858.051349205247
2023-02-15 15:00:00,-4121.254014785451,-8366.625431616338,-8805.120553598212
2023-02-15 16:00:00,-4060.2858555473244,-8242.852970668648,-8674.861173784027
2023-02-15 17:00:00,-3982.0917719530294,-8084.109877897644,-8507.798350149327
2023-02-15 18:00:00,-3917.446168189429,-7952.871776448348,-8369.682055362224
2023-02-15 19:00:00,-3737.25138644119,-7587.055391869622,-7984.693221689188
2023-02-15 20:00:00,-3619.3796119141466,-7347.761967370756,-7732.858420715097
2023-02-15 21:00:00,-3442.6687249795145,-6989.018294846184,-7355.312980174302
2023-02-15 22:00:00,-3346.2809684697154,-6793.339928014599,-7149.3791035156855
2023-02-15 23:00:00,-3287.828955485861,-6674.6755368837985,-7024.49550763034
2023-02-16 00:00:00,-3291.5064000113357,-6682.141177385405,-7032.35242260326
2023-02-16 01:00:00,-3291.3128502994687,-6681.748248937953,-7031.93890076258
2023-02-16 02:00:00,-3360.4100974360113,-6822.023704678667,-7179.566197885322
2023-02-16 03:00:00,-3486.0238604377373,-7077.034267075652,-7447.941872486611
2023-02-16 04:00:00,-3624.9925535582915,-7359.156892346892,-7744.850554094816
2023-02-16 05:00:00,-3872.1555356125355,-7860.92651974435,-8272.917944643114
2023-02-16 06:00:00,-4032.608246750334,-8186.664202682872,-8615.727550566795
2023-02-16 07:00:00,-4055.4471127506476,-8233.029759482324,-8664.523127767028
2023-02-16 08:00:00,-4034.9308432927387,-8191.379344052308,-8620.689812654953
2023-02-16 09:00:00,-4001.83384256347,-8124.1885795378475,-8549.977577898682
2023-02-16 10:00:00,-3965.4464967324616,-8050.3180314166875,-8472.23547185085
2023-02-16 11:00:00,-3918.220367036897,-7954.44349023816,-8371.336142724944
2023-02-16 12:00:00,-3939.897934766009,-7998.451476352893,-8417.650588881097
2023-02-16 13:00:00,-3954.4141631560387,-8027.9211099118675,-8448.664726932095
2023-02-16 14:00:00,-4119.705617090513,-8363.482004036714,-8801.812378872773
2023-02-16 15:00:00,-4123.383061615988,-8370.94764453832,-8809.669293845693
2023-02-16 16:00:00,-4069.1891422932094,-8260.927679251485,-8693.883178455306
2023-02-16 17:00:00,-3978.8014268512893,-8077.430094290943,-8500.768478857768
2023-02-16 18:00:00,-3891.8976062229763,-7901.005221384554,-8315.09717239247
2023-02-16 19:00:00,-3722.154508915559,-7556.40697296829,-7952.4385181161515
2023-02-16 20:00:00,-3528.7983467603594,-7163.871453962761,-7539.33019927688
2023-02-16 21:00:00,-3381.5070160295213,-6864.852905451042,-7224.640078519436
2023-02-16 22:00:00,-3284.732160095988,-6668.388681724551,-7017.879158179461
2023-02-16 23:00:00,-3203.054181688086,-6502.572876899393,-6843.372941412521
2023-02-17 00:00:00,-3177.118520297899,-6449.920464940693,-6787.961014761408
2023-02-17 01:00:00,-3182.34436251831,-6460.529533021923,-6799.126104459767
2023-02-17 02:00:00,-3258.409399282067,-6614.950412870945,-6961.640187846988
2023-02-17 03:00:00,-3312.2162191811117,-6724.184521262874,-7076.599259556014
2023-02-17 04:00:00,-3401.055536928095,-6904.538678643793,-7266.4057844281115
2023-02-17 05:00:00,-3600.218190439307,-7308.862051072911,-7691.919758487782
2023-02-17 06:00:00,-3673.379981525058,-7457.389004210138,-7848.231014264804
2023-02-17 07:00:00,-3695.0575492541693,-7501.396990324872,-7894.545460420959
2023-02-17 08:00:00,-3622.6699570158867,-7354.441750977457,-7739.888292006656
2023-02-17 09:00:00,-3587.8310088798144,-7283.71463043592,-7665.454360684265
2023-02-17 10:00:00,-3581.8309678119354,-7271.533848564878,-7652.635183623187
2023-02-17 11:00:00,-3536.927434658776,-7180.374448755786,-7556.698116585438
2023-02-17 12:00:00,-3598.863342456237,-7306.11155194074,-7689.025105603023
2023-02-17 13:00:00,-3672.6057826775896,-7455.817290420326,-7846.576926902084
2023-02-17 14:00:00,-3930.6075485963897,-7979.59091087515,-8397.80154052846
2023-02-17 15:00:00,-3982.8659708004975,-8085.681591687456,-8509.452437512047
2023-02-17 16:00:00,-3917.446168189429,-7952.871776448348,-8369.682055362224
2023-02-17 17:00:00,-3932.155946291326,-7982.734338454775,-8401.109715253899
2023-02-17 18:00:00,-3775.9613288146033,-7665.641081360218,-8067.397589825178
2023-02-17 19:00:00,-3555.1211075742804,-7217.309722816366,-7595.569169609354
2023-02-17 20:00:00,-3456.2172048102093,-7016.523286167892,-7384.259509021898
2023-02-17 21:00:00,-3273.506276807698,-6645.598831772278,-6993.894891420024
2023-02-17 22:00:00,-3186.021807043784,-6467.99517352353,-6806.983019432685
2023-02-17 23:00:00,-3147.505414382238,-6389.802412480387,-6724.692173137375
2023-02-18 00:00:00,-3169.1829821113492,-6433.810398595121,-6771.00661929353
2023-02-18 01:00:00,-3220.473655756122,-6537.936437170161,-6880.589907073717
2023-02-18 02:00:00,-3394.087747300881,-6890.3932545354855,-7251.518998163634
2023-02-18 03:00:00,-3699.315642915245,-7510.041416168838,-7903.642940915917
2023-02-18 04:00:00,-3902.155740951931,-7921.830429099562,-8337.013829948506
2023-02-18 05:00:00,-4054.8664636150465,-8231.850974139965,-8663.28256224499
2023-02-18 06:00:00,-4084.8666689544416,-8292.754883495178,-8727.378447550382
2023-02-18 07:00:00,-4088.9312129036502,-8301.00638089169,-8736.06240620466
2023-02-18 08:00:00,-4019.833965767107,-8160.730925150975,-8588.435109081918
2023-02-18 09:00:00,-3980.5433742580926,-8080.96645031802,-8504.490175423887
2023-02-18 10:00:00,-3960.607753935785,-8040.494820230363,-8461.897425833853
2023-02-18 11:00:00,-3919.768764731834,-7957.586917817784,-8374.644317450382
2023-02-18 12:00:00,-3939.897934766009,-7998.451476352893,-8417.650588881097
2023-02-18 13:00:00,-3928.091402342118,-7974.482841058262,-8392.425756599621
2023-02-18 14:00:00,-4162.093003989401,-8449.533334028916,-8892.373661981683
2023-02-18 15:00:00,-4134.996044328012,-8394.523351385498,-8834.48060428649
2023-02-18 16:00:00,-4106.737786395421,-8337.155798057363,-8774.106415547216
2023-02-18 17:00:00,-4021.382363462044,-8163.874352730599,-8591.743283807356
2023-02-18 18:00:00,-3919.962314443701,-7957.979846265236,-8375.057839291063
2023-02-18 19:00:00,-3705.122134271257,-7521.829269592427,-7916.0485961363165
2023-02-18 20:00:00,-3542.733926014788,-7192.162302179376,-7569.103771805837
2023-02-18 21:00:00,-3385.765109690597,-6873.497331295007,-7233.737559014396
2023-02-18 22:00:00,-3305.6355289776316,-6710.824954049473,-7062.539516972895
2023-02-18 23:00:00,-3265.3771889092814,-6629.095836979252,-6976.526974111465
2023-02-19 00:00:00,-3269.828832282224,-6638.133191270671,-6986.0379764471045
2023-02-19 01:00:00,-3328.8614944016795,-6757.97636774383,-7112.16213785449
2023-02-19 02:00:00,-3481.572217064795,-7067.996912784233,-7438.430870150972
2023-02-19 03:00:00,-3750.4127668481506,-7613.7745262964245,-8012.812706855425
2023-02-19 04:00:00,-3942.0269815965466,-8002.773689274876,-8422.199329128576
2023-02-19 05:00:00,-4042.285732343687,-8206.310625055521,-8636.403642600791
2023-02-19 06:00:00,-4022.543661733246,-8166.2319234153165,-8594.224414851436
2023-02-19 07:00:00,-3969.51104068167,-8058.5695288132,-8480.91943050513
2023-02-19 08:00:00,-3906.026735189272,-7929.688998048622,-8345.284266762106
2023-02-19 09:00:00,-3845.6392250867475,-7807.0953224432915,-8216.265452469961
2023-02-19 10:00:00,-3851.4457164427595,-7818.883175866881,-8228.67110769036
2023-02-19 11:00:00,-3830.155248137382,-7775.661046647053,-8183.183705215565
2023-02-19 12:00:00,-3909.123530579145,-7935.9758532078695,-8351.900616212984
2023-02-19 13:00:00,-3923.639758969175,-7965.445486766843,-8382.914754263982
2023-02-19 14:00:00,-4167.705945633546,-8460.928259005053,-8904.3657953614
2023-02-19 15:00:00,-4209.125583973098,-8545.014946759991,-8992.85946926691
2023-02-19 16:00:00,-4155.512313785921,-8436.173766815515,-8878.313919398564
2023-02-19 17:00:00,-4098.415148785137,-8320.259874816886,-8756.324976397978
2023-02-19 18:00:00,-3947.8334729525586,-8014.561542698466,-8434.604984348976
2023-02-19 19:00:00,-3755.2515096448274,-7623.597737482749,-8023.150752872423
2023-02-19 20:00:00,-3557.4437041166852,-7222.024864185802,-7600.531431697513
2023-02-19 21:00:00,-3408.2168762671768,-6919.077031199553,-7281.70609253327
2023-02-19 22:00:00,-3324.990500164338,-6750.117798794771,-7103.89170104089
2023-02-19 23:00:00,-3296.732242231746,-6692.7502454666355,-7043.517512301618
2023-02-20 00:00:00,-3276.6030721975712,-6651.885686931526,-7000.511240870903
2023-02-20 01:00:00,-3314.3452660116495,-6728.506734184857,-7081.147999803494
2023-02-20 02:00:00,-3476.9270239799853,-7058.566630045361,-7428.506345974653
2023-02-20 03:00:00,-3810.606727238808,-7735.975273454302,-8141.41799930689
2023-02-20 04:00:00,-3973.5755846308784,-8066.821026209713,-8489.603389159409
2023-02-20 05:00:00,-4119.124967954913,-8362.303218694355,-8800.571813350733
2023-02-20 06:00:00,-4200.41584693908,-8527.333166624607,-8974.250986436313
2023-02-20 07:00:00,-4203.512642328954,-8533.620021783854,-8980.867335887191
2023-02-20 08:00:00,-4177.1898815150325,-8480.18175293025,-8924.628365554718
2023-02-20 09:00:00,-4178.351179786235,-8482.539323614967,-8927.109496598798
2023-02-20 10:00:00,-4141.770284243359,-8408.275847046354,-8848.953868710287
2023-02-20 11:00:00,-4129.963751819469,-8384.307211751722,-8823.729036428811
2023-02-20 12:00:00,-4130.157301531335,-8384.700140199175,-8824.14255826949
2023-02-20 13:00:00,-4096.4796516664655,-8316.330590342355,-8752.189757991178
2023-02-20 14:00:00,-4238.351590465026,-8604.34714232539,-9055.301267209583
2023-02-20 15:00:00,-4230.028952854742,-8587.451219084913,-9037.519828060345
2023-02-20 16:00:00,-4186.480267684652,-8499.042318407992,-8944.477413907356
2023-02-20 17:00:00,-4098.802248208871,-8321.04573171179,-8757.152020079338
2023-02-20 18:00:00,-3947.8334729525586,-8014.561542698466,-8434.604984348976
2023-02-20 19:00:00,-3728.928748830906,-7570.159468629144,-7966.91178253995
2023-02-20 20:00:00,-3553.7662595912107,-7214.559223684196,-7592.674516724594
2023-02-20 21:00:00,-3394.861946148349,-6891.964968325297,-7253.173085526353
2023-02-20 22:00:00,-3305.248429553897,-6710.039097154567,-7061.712473291535
2023-02-20 23:00:00,-3238.4737789597593,-6574.478782783288,-6919.047438256953
2023-02-21 00:00:00,-3256.2803524515293,-6610.628199948963,-6957.091447599508
2023-02-21 01:00:00,-3343.1841730798424,-6787.053072855351,-7142.762754064806
2023-02-21 02:00:00,-3467.636637810366,-7039.706064567618,-7408.657297622015
2023-02-21 03:00:00,-3767.0580420687184,-7647.566372777381,-8048.375585153901
2023-02-21 04:00:00,-3971.8336372240747,-8063.284670182636,-8485.88169259329
2023-02-21 05:00:00,-4121.254014785451,-8366.625431616338,-8805.120553598212
2023-02-21 06:00:00,-4148.738073870573,-8422.42127115466,-8863.840654974765
2023-02-21 07:00:00,-4158.22200975206,-8441.674765079857,-8884.103225168083
2023-02-21 08:00:00,-4098.028049361402,-8319.474017921979,-8755.497932716618
2023-02-21 09:00:00,-4059.89875612359,-8242.067113773743,-8674.034130102667
2023-02-21 10:00:00,-4064.7374989202667,-8251.890324960066,-8684.372176119667
2023-02-21 11:00:00,-4082.9311718357712,-8288.825599020647,-8723.243229143582
2023-02-21 12:00:00,-4110.415230920895,-8344.62143855897,-8781.963330520135
2023-02-21 13:00:00,-4083.5118209713723,-8290.004384363006,-8724.483794665623
2023-02-21 14:00:00,-4235.44834478702,-8598.453215613597,-9049.098439599384
2023-02-21 15:00:00,-4281.900275635116,-8692.756043002311,-9148.343681362572
2023-02-21 16:00:00,-4236.609643058222,-8600.810786298314,-9051.579570643464
2023-02-21 17:00:00,-4132.673447785607,-8389.808210016063,-8829.51834219833
2023-02-21 18:00:00,-4027.769503953657,-8176.840991496548,-8605.389504549796
2023-02-21 19:00:00,-3813.897072340548,-7742.6550570610025,-8148.447870598449
2023-02-21 20:00:00,-3670.476735847052,-7451.495077498344,-7842.028186654605
2023-02-21 21:00:00,-3493.378749488686,-7091.965548078865,-7463.655702432449
2023-02-21 22:00:00,-3406.862028284107,-6916.326532067383,-7278.811439648511
2023-02-21 23:00:00,-3343.7648222154435,-6788.231858197711,-7144.003319586846
2023-02-22 00:00:00,-3346.8616176053165,-6794.518713356958,-7150.6196690377255
2023-02-22 01:00:00,-3414.2169173350558,-6931.257813070596,-7294.525269594348
2023-02-22 02:00:00,-3577.185774727126,-7262.103565826006,-7642.710659446868
2023-02-22 03:00:00,-3861.8974008835808,-7840.101312029342,-8251.001287087078
2023-02-22 04:00:00,-4044.2212294623578,-8210.239909530052,-8640.538861007592
2023-02-22 05:00:00,-4240.480637295564,-8608.669355247373,-9059.850007457062
2023-02-22 06:00:00,-4302.997194228626,-8735.585243774687,-9193.417561996686
2023-02-22 07:00:00,-4352.933019890329,-8836.960783217557,-9300.106196892115
2023-02-22 08:00:00,-4306.868188465967,-8743.443812723746,-9201.687998810286
2023-02-22 09:00:00,-4302.803644516759,-8735.192315327235,-9193.004040156007
2023-02-22 10:00:00,-4266.996947821352,-8662.500552548432,-9116.502499630216
2023-02-22 11:00:00,-4230.80315170221,-8589.022932874725,-9039.173915423065
2023-02-22 12:00:00,-4225.383759769932,-8578.020936346042,-9027.595303884027
2023-02-22 13:00:00,-4205.448139447624,-8537.549306258385,-8985.002554293991
2023-02-22 14:00:00,-4374.2234881957065,-8880.182912437383,-9345.59359936691
2023-02-22 15:00:00,-4386.417120043331,-8904.937404626922,-9371.645475329746
2023-02-22 16:00:00,-4289.835813821665,-8708.866109347884,-9165.29807683045
2023-02-22 17:00:00,-4244.932280668506,-8617.706709538792,-9069.361009792701
2023-02-22 18:00:00,-4139.060588277221,-8402.774848782012,-8843.164562940769
2023-02-22 19:00:00,-3950.5431689186976,-8020.062540962807,-8440.394290118495
2023-02-22 20:00:00,-3768.2193403399206,-7649.923943462099,-8050.85671619798
2023-02-22 21:00:00,-3605.2504829478507,-7319.0781907066885,-7702.671326345461
2023-02-22 22:00:00,-3476.9270239799853,-7058.566630045361,-7428.506345974653
2023-02-22 23:00:00,-3440.1525787252426,-6983.910225029295,-7349.9371962454625
2023-02-23 00:00:00,-3413.6362681994547,-6930.079027728237,-7293.284704072309
2023-02-23 01:00:00,-3463.3785441492905,-7031.061638723653,-7399.559817127057
2023-02-23 02:00:00,-3544.6694231334586,-7196.091586653905,-7573.238990212636
2023-02-23 03:00:00,-3638.734583100853,-7387.054812116055,-7774.210604783093
2023-02-23 04:00:00,-3817.961616289757,-7750.906554457515,-8157.131829252728
2023-02-23 05:00:00,-4061.2536041066596,-8244.817612905914,-8676.928782987427
2023-02-23 06:00:00,-4164.415600531806,-8454.248475398352,-8897.335924069841
2023-02-23 07:00:00,-4228.86765458354,-8585.093648400196,-9035.038697016265
2023-02-23 08:00:00,-4192.093209328797,-8510.437243384129,-8956.469547287075
2023-02-23 09:00:00,-4143.70578136203,-8412.205131520883,-8853.089087117087
2023-02-23 10:00:00,-4121.254014785451,-8366.625431616338,-8805.120553598212
2023-02-23 11:00:00,-4084.0924701069735,-8291.183169705366,-8725.724360187662
2023-02-23 12:00:00,-4100.350645903807,-8324.189159291416,-8760.460194804777
2023-02-23 13:00:00,-4103.834540717415,-8331.261871345569,-8767.903587937017
2023-02-23 14:00:00,-4277.255082550306,-8683.32576026344,-9138.419157186254
2023-02-23 15:00:00,-4297.964901720082,-8725.36910414091,-9182.665994139008
2023-02-23 16:00:00,-4214.93207532911,-8556.802800183581,-9005.265124487309
2023-02-23 17:00:00,-4134.996044328012,-8394.523351385498,-8834.48060428649
2023-02-23 18:00:00,-4065.124598344001,-8252.676181854973,-8685.199219801027
2023-02-23 19:00:00,-3877.5749275448134,-7871.928516273034,-8284.496556182154
2023-02-23 20:00:00,-3676.670326626798,-7464.068787816838,-7855.260885556363
2023-02-23 21:00:00,-3552.0243121844073,-7211.022867657119,-7588.952820158474
2023-02-23 22:00:00,-3447.5074677761913,-6998.841506032509,-7365.6510261913
2023-02-23 23:00:00,-3397.958741538222,-6898.251823484545,-7259.789434977232
2023-02-24 00:00:00,-3393.1199987415457,-6888.42861229822,-7249.451388960234
2023-02-24 01:00:00,-3427.5718474538835,-6958.369875944852,-7323.058276601265
2023-02-24 02:00:00,-3469.959234352771,-7044.421205937055,-7413.619559710175
2023-02-24 03:00:00,-3551.6372127606733,-7210.237010762213,-7588.125776477114
2023-02-24 04:00:00,-3631.5732437617717,-7372.516459560294,-7758.910296677935
2023-02-24 05:00:00,-3851.8328158664935,-7819.669032761787,-8229.49815137172
2023-02-24 06:00:00,-4002.6080414109383,-8125.760293327659,-8551.631665261402
2023-02-24 07:00:00,-4026.608205682455,-8174.483420811829,-8602.908373505716
2023-02-24 08:00:00,-4000.0918951566664,-8120.652223510771,-8546.255881332563
2023-02-24 09:00:00,-3968.5432921223346,-8056.604886575935,-8478.85182130173
2023-02-24 10:00:00,-3901.962191240064,-7921.4375006521095,-8336.600308107827
2023-02-24 11:00:00,-3900.413793545127,-7918.294073072486,-8333.292133382387
2023-02-24 12:00:00,-3928.672051477719,-7975.661626400621,-8393.66632212166
2023-02-24 13:00:00,-3977.2530291563526,-8074.286666711319,-8497.460304132328
2023-02-24 14:00:00,-4133.447646633075,-8391.379923805875,-8831.17242956105
2023-02-24 15:00:00,-4200.8029463628145,-8528.119023519514,-8975.078030117673
2023-02-24 16:00:00,-4153.963916090985,-8433.030339235891,-8875.005744673124
2023-02-24 17:00:00,-4096.673201378333,-8316.72351878981,-8752.60327983186
2023-02-24 18:00:00,-3968.9303915460687,-8057.390743470841,-8479.67886498309
2023-02-24 19:00:00,-3778.090375645141,-7669.963294282201,-8071.9463300726575
2023-02-24 20:00:00,-3613.9602199818687,-7336.759970842073,-7721.279809176059
2023-02-24 21:00:00,-3444.4106723863183,-6992.5546508732605,-7359.034676740421
2023-02-24 22:00:00,-3334.8615354695585,-6770.157149614874,-7124.981314915568
2023-02-24 23:00:00,-3278.345019604375,-6655.422042958602,-7004.232937437023
2023-02-25 00:00:00,-3281.248265282381,-6661.315969670397,-7010.435765047222
2023-02-25 01:00:00,-3358.6681500292075,-6818.48734865159,-7175.844501319202
2023-02-25 02:00:00,-3560.5404995065583,-7228.31171934505,-7607.147781148392
2023-02-25 03:00:00,-3871.5748864769344,-7859.747734401991,-8271.677379121074
2023-02-25 04:00:00,-4075.5762827848225,-8273.894318017434,-8707.529399197743
2023-02-25 05:00:00,-4296.222954313279,-8721.832748113833,-9178.944297572889
2023-02-25 06:00:00,-4336.287744669761,-8803.1689367366,-9264.543318593638
2023-02-25 07:00:00,-4331.642551584951,-8793.738653997729,-9254.61879441732
2023-02-25 08:00:00,-4228.287005447938,-8583.914863057837,-9033.798131494226
2023-02-25 09:00:00,-4158.802658887661,-8442.853550422216,-8885.343790690124
2023-02-25 10:00:00,-4157.447810904591,-8440.103051290045,-8882.449137805363
2023-02-25 11:00:00,-4172.931787853957,-8471.537327086284,-8915.53088505976
2023-02-25 12:00:00,-4168.286594769147,-8462.107044347413,-8905.606360883441
2023-02-25 13:00:00,-4133.447646633075,-8391.379923805875,-8831.17242956105
2023-02-25 14:00:00,-4273.771187736699,-8676.253048209286,-9130.975764054014
2023-02-25 15:00:00,-4333.578048703623,-8797.667938472257,-9258.75401282412
2023-02-25 16:00:00,-4280.158328228312,-8689.219686975235,-9144.621984796453
2023-02-25 17:00:00,-4199.835197803479,-8526.154381282247,-8973.010420914272
2023-02-25 18:00:00,-4038.0276386826117,-8197.666199211555,-8627.306162105833
2023-02-25 19:00:00,-3824.34875678137,-7763.873193223463,-8170.778049995166
2023-02-25 20:00:00,-3644.153975033131,-7398.056808644737,-7785.789216322131
2023-02-25 21:00:00,-3487.18515870894,-7079.3918377603695,-7450.42300353069
2023-02-25 22:00:00,-3395.249045572083,-6892.750825220203,-7254.000129207713
2023-02-25 23:00:00,-3363.3133431140172,-6827.917631390462,-7185.769025495521
2023-02-26 00:00:00,-3365.248840232688,-6831.846915864991,-7189.904243902321
2023-02-26 01:00:00,-3410.3459230977146,-6923.399244121536,-7286.25483278075
2023-02-26 02:00:00,-3588.605207727283,-7285.286344225732,-7667.108448046985
2023-02-26 03:00:00,-3860.1554534767774,-7836.564956002265,-8247.279590520957
2023-02-26 04:00:00,-4089.7054117511184,-8302.578094681501,-8737.71649356738
2023-02-26 05:00:00,-4254.029117126258,-8636.174346569083,-9088.796536304659
2023-02-26 06:00:00,-4327.578007635743,-8785.487156601215,-9245.93483576304
2023-02-26 07:00:00,-4379.062230992383,-8890.006123623709,-9355.931645383907
2023-02-26 08:00:00,-4323.513463686535,-8777.235659204704,-9237.250877108761
2023-02-26 09:00:00,-4273.964737448566,-8676.64597665674,-9131.389285894695
2023-02-26 10:00:00,-4271.642140906161,-8671.930835287305,-9126.427023806535
2023-02-26 11:00:00,-4244.158081821038,-8616.13499574898,-9067.706922429981
2023-02-26 12:00:00,-4253.835567414391,-8635.781418121629,-9088.38301446398
2023-02-26 13:00:00,-4198.673899532277,-8523.79681059753,-8970.529289870194
2023-02-26 14:00:00,-4325.061861381471,-8780.379086784327,-9240.559051834201
2023-02-26 15:00:00,-4339.965189195235,-8810.634577238206,-9272.400233566557
2023-02-26 16:00:00,-4268.738895228155,-8666.03690857551,-9120.224196196335
2023-02-26 17:00:00,-4164.996249667407,-8455.427260740711,-8898.576489591882
2023-02-26 18:00:00,-4031.446948479131,-8184.3066319981535,-8613.246419522715
2023-02-26 19:00:00,-3818.155166001624,-7751.2994829049685,-8157.545351093408
2023-02-26 20:00:00,-3676.283227203064,-7463.282930921932,-7854.433841875003
2023-02-26 21:00:00,-3507.314328743115,-7120.25639629548,-7493.429274961405
2023-02-26 22:00:00,-3404.3458820298356,-6911.218462250494,-7273.435655719671
2023-02-26 23:00:00,-3363.3133431140172,-6827.917631390462,-7185.769025495521
2023-02-27 00:00:00,-3372.2166298599022,-6845.992339973299,-7204.791030166799
2023-02-27 01:00:00,-3416.5395138774606,-6935.972954440032,-7299.487531682508
2023-02-27 02:00:00,-3551.6372127606733,-7210.237010762213,-7588.125776477114
2023-02-27 03:00:00,-3812.155124933745,-7739.118701033925,-8144.726174032329
2023-02-27 04:00:00,-4000.672544292268,-8121.83100885313,-8547.496446854602
2023-02-27 05:00:00,-4224.028911786862,-8575.27043721387,-9024.700650999266
2023-02-27 06:00:00,-4256.158163956796,-8640.496559491066,-9093.345276552138
2023-02-27 07:00:00,-4275.126035719768,-8679.003547341457,-9133.870416938775
2023-02-27 08:00:00,-4196.931952125473,-8520.260454570453,-8966.807593304073
2023-02-27 09:00:00,-4179.7060277693045,-8485.289822747138,-8930.004149483557
2023-02-27 10:00:00,-4170.609191311552,-8466.822185716848,-8910.5686229716
2023-02-27 11:00:00,-4148.544524158707,-8422.028342707208,-8863.427133134086
2023-02-27 12:00:00,-4110.415230920895,-8344.62143855897,-8781.963330520135
2023-02-27 13:00:00,-4125.512108446525,-8375.269857460304,-8814.218034093172
2023-02-27 14:00:00,-4269.5130940756235,-8667.608622365322,-9121.878283559055
2023-02-27 15:00:00,-4306.093989618499,-8741.872098933934,-9200.033911447566
2023-02-27 16:00:00,-4228.287005447938,-8583.914863057837,-9033.798131494226
2023-02-27 17:00:00,-4137.125091158549,-8398.845564307481,-8839.029344533968
2023-02-27 18:00:00,-3984.9950176310354,-8090.003804609439,-8514.001177759526
2023-02-27 19:00:00,-3789.896908069032,-7693.931929576833,-8097.171162354135
2023-02-27 20:00:00,-3644.7346241687324,-7399.235593987097,-7787.029781844171
2023-02-27 21:00:00,-3442.6687249795145,-6989.018294846184,-7355.312980174302
2023-02-27 22:00:00,-3335.0550851814255,-6770.550078062326,-7125.394836756248
2023-02-27 23:00:00,-3308.3452249437705,-6716.325952313815,-7068.3288227424155
2023-02-28 00:00:00,-3300.4096867572207,-6700.215885968242,-7051.374427274537
2023-02-28 01:00:00,-3359.82944830041,-6820.844919336308,-7178.325632363282
2023-02-28 02:00:00,-3532.6693409977006,-7171.73002291182,-7547.600636090479
2023-02-28 03:00:00,-3813.509972916814,-7741.869200166097,-8147.620826917089
2023-02-28 04:00:00,-3972.8013857834103,-8065.249312419901,-8487.949301796689
2023-02-28 05:00:00,-4084.2860198188405,-8291.576098152818,-8726.13788202834
2023-02-28 06:00:00,-4064.7374989202667,-8251.890324960066,-8684.372176119667
2023-02-28 07:00:00,-4020.0275154789742,-8161.1238535984285,-8588.848630922597
2023-02-28 08:00:00,-3960.607753935785,-8040.494820230363,-8461.897425833853
2023-02-28 09:00:00,-3993.5112049531863,-8107.29265629737,-8532.196138749445
2023-02-28 10:00:00,-3968.9303915460687,-8057.390743470841,-8479.67886498309
2023-02-28 11:00:00,-3967.9626429867335,-8055.426101233576,-8477.611255779691
2023-02-28 12:00:00,-3967.1884441392654,-8053.854387443764,-8475.957168416971
2023-02-28 13:00:00,-3956.3496602747095,-8031.850394386397,-8452.799945338893
2023-02-28 14:00:00,-4112.350728039565,-8348.5507230335,-8786.098548926935
2023-02-28 15:00:00,-4184.931869989715,-8495.898890828368,-8941.169239181916
2023-02-28 16:00:00,-4129.5766523957345,-8383.521354856815,-8822.901992747451
2023-02-28 17:00:00,-4044.608328886092,-8211.025766424957,-8641.365904688952
2023-02-28 18:00:00,-3901.3815421044624,-7920.25871530975,-8335.359742585788
2023-02-28 19:00:00,-3698.34789435591,-7508.0767739315725,-7901.575331712518
2023-02-28 20:00:00,-3529.7660953196946,-7165.836096200026,-7541.39780848028
2023-02-28 21:00:00,-3361.5713957072135,-6824.381275363385,-7182.047328929401
2023-02-28 22:00:00,-3253.5706564853904,-6605.127201684621,-6951.302141829989
2023-02-28 23:00:00,-3216.4091118069136,-6529.684939773649,-6871.905948419438
2023-03-01 00:00:00,-3239.6350772309615,-6576.836353468007,-6921.528569301032
2023-03-01 01:00:00,-3278.345019604375,-6655.422042958602,-7004.232937437023
2023-03-01 02:00:00,-3455.636555674608,-7015.344500825534,-7383.018943499858
2023-03-01 03:00:00,-3748.864369153214,-7610.631098716801,-8009.504532129985
2023-03-01 04:00:00,-3906.026735189272,-7929.688998048622,-8345.284266762106
2023-03-01 05:00:00,-4034.9308432927387,-8191.379344052308,-8620.689812654953
2023-03-01 06:00:00,-4100.931295039408,-8325.367944633774,-8761.700760326818
2023-03-01 07:00:00,-4132.092798650006,-8388.629424673705,-8828.27777667629
2023-03-01 08:00:00,-4068.9955925813424,-8260.534750804032,-8693.469656614625
2023-03-01 09:00:00,-4071.7052885474814,-8266.035749068375,-8699.258962384145
2023-03-01 10:00:00,-4082.737622123904,-8288.432670573195,-8722.829707302903
2023-03-01 11:00:00,-4064.3503994965326,-8251.104468065161,-8683.545132438307
2023-03-01 12:00:00,-4086.4150666493783,-8295.898311074801,-8730.686622275822
2023-03-01 13:00:00,-4071.7052885474814,-8266.035749068375,-8699.258962384145
2023-03-01 14:00:00,-4188.8028642270565,-8503.757459777427,-8949.439675995516
2023-03-01 15:00:00,-4205.835238871358,-8538.33516315329,-8985.829597975351
2023-03-01 16:00:00,-4120.479815937982,-8365.053717826526,-8803.466466235492
2023-03-01 17:00:00,-4034.7372935808717,-8190.986415604854,-8620.276290814274
2023-03-01 18:00:00,-3879.703974375351,-7876.250729195016,-8289.045296429633
2023-03-01 19:00:00,-3707.057631389928,-7525.758554066957,-7920.183814543116
2023-03-01 20:00:00,-3573.7018799135185,-7255.030853771853,-7635.267266314629
2023-03-01 21:00:00,-3406.281379148506,-6915.147746725023,-7277.570874126471
2023-03-01 22:00:00,-3280.280516723046,-6659.351327433133,-7008.368155843822
2023-03-01 23:00:00,-3246.602866858176,-6590.981777576313,-6936.41535556551
2023-03-02 00:00:00,-3233.2479367393485,-6563.8697147020575,-6907.882348558594
2023-03-02 01:00:00,-3283.95796124852,-6666.816967934739,-7016.225070816741
2023-03-02 02:00:00,-3346.2809684697154,-6793.339928014599,-7149.3791035156855
2023-03-02 03:00:00,-3461.249497318753,-7026.73942580167,-7395.011076879577
2023-03-02 04:00:00,-3623.250606151488,-7355.620536319816,-7741.128857528696
2023-03-02 05:00:00,-3849.8973187478227,-7815.7397482872575,-8225.36293296492
2023-03-02 06:00:00,-3947.4463735288246,-8013.77568580356,-8433.777940667616
2023-03-02 07:00:00,-3962.7368007663226,-8044.817033152345,-8466.446166081332
2023-03-02 08:00:00,-3944.3495781389515,-8007.488830644313,-8427.161591216736
2023-03-02 09:00:00,-3906.8009340367403,-7931.260711838434,-8346.938354124826
2023-03-02 10:00:00,-3869.0587402226624,-7854.639664585103,-8266.301595192235
2023-03-02 11:00:00,-3880.6717229346864,-7878.215371432281,-8291.112905633032
2023-03-02 12:00:00,-3851.0586170190254,-7818.097318971975,-8227.844064009
2023-03-02 13:00:00,-3930.4139988845227,-7979.197982427698,-8397.38801868778
2023-03-02 14:00:00,-4073.6407856661517,-8269.965033542903,-8703.394180790945
2023-03-02 15:00:00,-4140.802535684024,-8406.311204809088,-8846.886259506888
2023-03-02 16:00:00,-4082.3505227001697,-8287.646813678288,-8722.002663621543
2023-03-02 17:00:00,-3989.0595615802436,-8098.255302005951,-8522.685136413806
2023-03-02 18:00:00,-3843.3166285443426,-7802.380181073856,-8211.303190381801
2023-03-02 19:00:00,-3713.638321593408,-7539.1181212803585,-7934.243557126234
2023-03-02 20:00:00,-3567.1211897100384,-7241.671286558451,-7621.20752373151
2023-03-02 21:00:00,-3432.0234908268258,-6967.40723023627,-7332.569278936904
2023-03-02 22:00:00,-3312.2162191811117,-6724.184521262874,-7076.599259556014
2023-03-02 23:00:00,-3241.5705743496324,-6580.765637942536,-6925.663787707832
2023-03-03 00:00:00,-3239.0544280953604,-6575.657568125647,-6920.288003778992
2023-03-03 01:00:00,-3276.9901716213053,-6652.671543826432,-7001.338284552263
2023-03-03 02:00:00,-3320.9259562151296,-6741.866301398259,-7095.207742386612
2023-03-03 03:00:00,-3396.79744326702,-6895.894252799827,-7257.308303933153
2023-03-03 04:00:00,-3495.314246607357,-7095.894832553395,-7467.790920839248
2023-03-03 05:00:00,-3650.3475658128773,-7410.630518963233,-7799.02191522389
2023-03-03 06:00:00,-3705.702783406858,-7523.008054934786,-7917.289161658356
2023-03-03 07:00:00,-3720.025462085021,-7552.084760046307,-7947.889777868672
2023-03-03 08:00:00,-3695.831748101638,-7502.9687041146835,-7896.199547783678
2023-03-03 09:00:00,-3671.2509346945203,-7453.066791288155,-7843.682274017325
2023-03-03 10:00:00,-3664.0895953554386,-7438.5284387323945,-7828.381965912166
2023-03-03 11:00:00,-3612.024722863198,-7332.8306863675425,-7717.14459076926
2023-03-03 12:00:00,-3696.605946949106,-7504.540417904495,-7897.853635146398
2023-03-03 13:00:00,-3791.2517560521014,-7696.682428709004,-8100.065815238894
2023-03-03 14:00:00,-3968.3497424104676,-8056.211958128482,-8478.43829946105
2023-03-03 15:00:00,-4046.1567265810286,-8214.16919400458,-8644.674079414392
2023-03-03 16:00:00,-4049.6406213946357,-8221.241906058734,-8652.11747254663
2023-03-03 17:00:00,-4008.6080824788173,-8137.9410751987025,-8564.45084232248
2023-03-03 18:00:00,-3840.2198331544696,-7796.093325914608,-8204.686840930923
2023-03-03 19:00:00,-3655.7669577451547,-7421.632515491917,-7810.600526762928
2023-03-03 20:00:00,-3514.475668082196,-7134.79474885124,-7508.7295830665635
2023-03-03 21:00:00,-3336.0228337407607,-6772.514720299591,-7127.462445959648
2023-03-03 22:00:00,-3251.6351593667196,-6601.197917210091,-6947.1669234231895
2023-03-03 23:00:00,-3237.3124806885567,-6572.12121209857,-6916.566307212873
2023-03-04 00:00:00,-3227.0543459596024,-6551.296004383563,-6894.649649656835
2023-03-04 01:00:00,-3273.312727095831,-6645.205903324825,-6993.481369579344
2023-03-04 02:00:00,-3451.3784620135325,-7006.700074981568,-7373.921463004899
2023-03-04 03:00:00,-3744.6062754921386,-7601.986672872835,-8000.407051635027
2023-03-04 04:00:00,-3961.7690522069875,-8042.852390915081,-8464.378556877931
2023-03-04 05:00:00,-4127.641155277063,-8379.592070382287,-8818.766774340651
2023-03-04 06:00:00,-4170.222091887818,-8466.036328821941,-8909.74157929024
2023-03-04 07:00:00,-4163.447851972471,-8452.283833161087,-8895.268314866442
2023-03-04 08:00:00,-4106.737786395421,-8337.155798057363,-8774.106415547216
2023-03-04 09:00:00,-4082.1569729883026,-8287.253885230835,-8721.589141780862
2023-03-04 10:00:00,-4035.3179427164728,-8192.165200947213,-8621.516856336313
2023-03-04 11:00:00,-3994.8660529362555,-8110.04315542954,-8535.090791634204
2023-03-04 12:00:00,-3977.6401285800866,-8075.072523606225,-8498.287347813688
2023-03-04 13:00:00,-3942.0269815965466,-8002.773689274876,-8422.199329128576
2023-03-04 14:00:00,-4072.2859376830825,-8267.214534410734,-8700.499527906184
2023-03-04 15:00:00,-4127.641155277063,-8379.592070382287,-8818.766774340651
2023-03-04 16:00:00,-4067.8342943101397,-8258.177180119315,-8690.988525570545
2023-03-04 17:00:00,-4012.285527004292,-8145.406715700309,-8572.307757295399
2023-03-04 18:00:00,-3843.7037279680767,-7803.166037968762,-8212.130234063161
2023-03-04 19:00:00,-3693.509151559233,-7498.253562745248,-7891.237285695519
2023-03-04 20:00:00,-3526.8628496416886,-7159.942169488231,-7535.19498087008
2023-03-04 21:00:00,-3343.5712725035764,-6787.838929750257,-7143.589797746166
2023-03-04 22:00:00,-3270.7965808415593,-6640.097833507936,-6988.1055856505045
2023-03-04 23:00:00,-3209.247772467832,-6515.146587217888,-6856.605640314279
2023-03-05 00:00:00,-3221.4414043154575,-6539.901079407426,-6882.657516277117
2023-03-05 01:00:00,-3304.280680994562,-6708.074454917302,-7059.644864088136
2023-03-05 02:00:00,-3435.8944850641674,-6975.265799185329,-7340.839715750503
2023-03-05 03:00:00,-3719.057713525686,-7550.120117809041,-7945.822168665272
2023-03-05 04:00:00,-3906.413834613006,-7930.474854943528,-8346.111310443466
2023-03-05 05:00:00,-4050.414820242104,-8222.813619848546,-8653.77155990935
2023-03-05 06:00:00,-4043.2534809030226,-8208.275267292785,-8638.471251804192
2023-03-05 07:00:00,-4013.446825275494,-8147.764286385027,-8574.788888339479
2023-03-05 08:00:00,-3960.801303647652,-8040.887748677816,-8462.310947674532
2023-03-05 09:00:00,-3906.9944837486073,-7931.6536402858865,-8347.351875965505
2023-03-05 10:00:00,-3891.510506799242,-7900.219364489648,-8314.27012871111
2023-03-05 11:00:00,-3871.7684361888014,-7860.140662849444,-8272.090900961755
2023-03-05 12:00:00,-3868.0909916633273,-7852.6750223478375,-8264.233985988836
2023-03-05 13:00:00,-3862.4780500191823,-7841.280097371701,-8252.241852609117
2023-03-05 14:00:00,-4022.543661733246,-8166.2319234153165,-8594.224414851436
2023-03-05 15:00:00,-4101.124844751275,-8325.760873081228,-8762.114282167497
2023-03-05 16:00:00,-4062.414902377862,-8247.17518359063,-8679.409914031507
2023-03-05 17:00:00,-3966.0271458680627,-8051.496816759046,-8473.476037372891
2023-03-05 18:00:00,-3805.5744347302643,-7725.759133820525,-8130.666431449211
2023-03-05 19:00:00,-3702.025338881384,-7515.542414433179,-7909.432246685436
2023-03-05 20:00:00,-3516.604714912734,-7139.116961773223,-7513.2783233140435
2023-03-05 21:00:00,-3344.1519216391775,-6789.0177150926165,-7144.830363268206
2023-03-05 22:00:00,-3258.409399282067,-6614.950412870945,-6961.640187846988
2023-03-05 23:00:00,-3197.634789755808,-6491.570880370709,-6831.794329873483
2023-03-06 00:00:00,-3228.2156442308046,-6553.653575068281,-6897.130780700915
2023-03-06 01:00:00,-3290.151552028266,-6679.390678253234,-7029.4577697185
2023-03-06 02:00:00,-3425.4428006233456,-6954.047663022869,-7318.509536353786
2023-03-06 03:00:00,-3708.606029084864,-7528.901981646581,-7923.491989268555
2023-03-06 04:00:00,-3851.4457164427595,-7818.883175866881,-8228.67110769036
2023-03-06 05:00:00,-3969.1239412579357,-8057.783671918294,-8480.09238682377
2023-03-06 06:00:00,-3965.4464967324616,-8050.3180314166875,-8472.23547185085
2023-03-06 07:00:00,-3921.5107121386377,-7961.123273844861,-8378.366014016503
2023-03-06 08:00:00,-3846.2198742223486,-7808.274107785651,-8217.506017992
2023-03-06 09:00:00,-3909.123530579145,-7935.9758532078695,-8351.900616212984
2023-03-06 10:00:00,-3891.7040565111092,-7900.612292937101,-8314.68365055179
2023-03-06 11:00:00,-3890.929857663641,-7899.0405791472895,-8313.02956318907
2023-03-06 12:00:00,-3896.155699884052,-7909.64964722852,-8324.194652887429
2023-03-06 13:00:00,-3903.510588935,-7924.580928231733,-8339.908482833267
2023-03-06 14:00:00,-4005.3177373770773,-8131.261291592002,-8557.42097103092
2023-03-06 15:00:00,-4126.092757582127,-8376.448642802661,-8815.458599615211
2023-03-06 16:00:00,-4051.382568801439,-8224.77826208581,-8655.839169112749
2023-03-06 17:00:00,-4002.8015911228053,-8126.153221775113,-8552.045187102081
2023-03-06 18:00:00,-3853.38121356143,-7822.812460341411,-8232.80632609716
2023-03-06 19:00:00,-3702.025338881384,-7515.542414433179,-7909.432246685436
2023-03-06 20:00:00,-3515.2498669296647,-7136.366462641052,-7510.3836704292835
2023-03-06 21:00:00,-3370.0875830293644,-6841.670127051316,-7200.24228991932
2023-03-06 22:00:00,-3256.0868027396623,-6610.2352715015095,-6956.677925758828
2023-03-06 23:00:00,-3225.6994979765327,-6548.545505251392,-6891.754996772075
2023-03-07 00:00:00,-3237.5060304004237,-6572.514140546024,-6916.979829053553
2023-03-07 01:00:00,-3311.2484706217765,-6722.21987902561,-7074.531650352615
2023-03-07 02:00:00,-3497.8303928616288,-7101.002902370284,-7473.166704768088
2023-03-07 03:00:00,-3765.5096443737816,-7644.422945197757,-8045.067410428461
2023-03-07 04:00:00,-3882.607220053357,-7882.144655906811,-8295.248124039832
2023-03-07 05:00:00,-3943.962478715217,-8006.702973749406,-8426.334547535376
2023-03-07 06:00:00,-3932.9301451387946,-7984.306052244587,-8402.763802616619
2023-03-07 07:00:00,-3923.059109833574,-7964.266701424484,-8381.674188741941
2023-03-07 08:00:00,-3852.4134650020947,-7820.847818104146,-8230.738716893758
2023-03-07 09:00:00,-3811.3809260862768,-7737.546987244114,-8143.072086669609
2023-03-07 10:00:00,-3799.3808439505183,-7713.185423502029,-8117.433732547453
2023-03-07 11:00:00,-3774.4129311196666,-7662.497653780594,-8064.089415099739
2023-03-07 12:00:00,-3762.2192992720416,-7637.743161591056,-8038.037539136902
2023-03-07 13:00:00,-3828.8004001543127,-7772.910547514883,-8180.289052330805
2023-03-07 14:00:00,-3957.5109585459118,-8034.207965071115,-8455.281076382973
2023-03-07 15:00:00,-4022.543661733246,-8166.2319234153165,-8594.224414851436
2023-03-07 16:00:00,-3952.478666037368,-8023.991825437338,-8444.529508525295
2023-03-07 17:00:00,-3899.639594697659,-7916.722359282673,-8331.638046019667
2023-03-07 18:00:00,-3742.2836789497337,-7597.271531503399,-7995.444789546867
2023-03-07 19:00:00,-3596.540745913833,-7301.396410571304,-7684.062843514863
2023-03-07 20:00:00,-3443.8300232507167,-6991.375865530902,-7357.794111218382
2023-03-07 21:00:00,-3286.474107502792,-6671.925037751627,-7021.60085474558
2023-03-07 22:00:00,-3181.957263094576,-6459.743676127017,-6798.299060778407
2023-03-07 23:00:00,-3127.7633437717973,-6349.723710840183,-6682.51294538802
2023-03-08 00:00:00,-3150.989309195845,-6396.87512453454,-6732.135566269614
2023-03-08 01:00:00,-3131.6343380091384,-6357.582279789242,-6690.783382201619
2023-03-08 02:00:00,-3180.602415111506,-6456.993176994847,-6795.404407893647
2023-03-08 03:00:00,-3266.538487180484,-6631.45340766397,-6979.008105155545
2023-03-08 04:00:00,-3403.765232894234,-6910.039676908134,-7272.1950901976315
2023-03-08 05:00:00,-3593.6375002358263,-7295.50248385951,-7677.860015904664
2023-03-08 06:00:00,-3636.6055362703155,-7382.732599194072,-7769.661864535613
2023-03-08 07:00:00,-3663.3153965079705,-7436.956724942583,-7826.727878549446
2023-03-08 08:00:00,-3618.218313642944,-7345.404396686038,-7730.377289671018
2023-03-08 09:00:00,-3573.7018799135185,-7255.030853771853,-7635.267266314629
2023-03-08 10:00:00,-3499.765889980299,-7104.932186844813,-7477.301923174888
2023-03-08 11:00:00,-3494.346498048021,-7093.93019031613,-7465.723311635848
2023-03-08 12:00:00,-3495.314246607357,-7095.894832553395,-7467.790920839248
2023-03-08 13:00:00,-3509.830474997387,-7125.364466112369,-7498.805058890245
2023-03-08 14:00:00,-3633.7022905923095,-7376.838672482277,-7763.459036925414
2023-03-08 15:00:00,-3732.4126436445135,-7577.232180683297,-7974.355175672189
2023-03-08 16:00:00,-3683.6381162540124,-7478.214211925146,-7870.147671820841
2023-03-08 17:00:00,-3627.7022495244305,-7364.6578906112345,-7750.639859864335
2023-03-08 18:00:00,-3493.378749488686,-7091.965548078865,-7463.655702432449
2023-03-08 19:00:00,-3398.9264900975577,-6900.21646572181,-7261.857044180632
2023-03-08 20:00:00,-3276.9901716213053,-6652.671543826432,-7001.338284552263
2023-03-08 21:00:00,-3123.6987998225886,-6341.472213443671,-6673.828986733741
2023-03-08 22:00:00,-3085.3759568729097,-6263.67238084798,-6591.951662279111
2023-03-08 23:00:00,-3047.0531139232303,-6185.87254825229,-6510.074337824481
2023-03-09 00:00:00,-3036.988528906143,-6165.440268984735,-6488.571202109123
2023-03-09 01:00:00,-3024.2142479229165,-6139.506991452838,-6461.2787606242455
2023-03-09 02:00:00,-3103.956729212148,-6301.393511803466,-6631.649758984386
2023-03-09 03:00:00,-3216.7962112306477,-6530.470796668555,-6872.732992100798
2023-03-09 04:00:00,-3266.538487180484,-6631.45340766397,-6979.008105155545
2023-03-09 05:00:00,-3452.1526608610006,-7008.27178877138,-7375.575550367619
2023-03-09 06:00:00,-3526.4757502179546,-7159.156312593325,-7534.367937188721
2023-03-09 07:00:00,-3576.6051255915245,-7260.924780483647,-7641.470093924828
2023-03-09 08:00:00,-3498.991691132831,-7103.360473055001,-7475.647835812168
2023-03-09 09:00:00,-3460.6688481831516,-7025.560640459311,-7393.770511357537
2023-03-09 10:00:00,-3422.1524555216056,-6947.367879416168,-7311.479665062227
2023-03-09 11:00:00,-3421.3782566741374,-6945.796165626356,-7309.8255776995065
2023-03-09 12:00:00,-3450.0236140304632,-7003.949575849398,-7371.02681012014
2023-03-09 13:00:00,-3509.830474997387,-7125.364466112369,-7498.805058890245
2023-03-09 14:00:00,-3664.476694779173,-7439.3142956273,-7829.209009593526
2023-03-09 15:00:00,-3815.639019747352,-7746.19141308808,-8152.169567164568
2023-03-09 16:00:00,-3748.0901703057457,-7609.059384926989,-8007.850444767266
2023-03-09 17:00:00,-3664.0895953554386,-7438.5284387323945,-7828.381965912166
2023-03-09 18:00:00,-3564.7985931676335,-7236.956145189015,-7616.245261643351
2023-03-09 19:00:00,-3444.2171226744513,-6992.161722425808,-7358.621154899741
2023-03-09 20:00:00,-3306.2161781132327,-6712.003739391832,-7063.780082494935
2023-03-09 21:00:00,-3133.9569345515433,-6362.297421158678,-6695.745644289778
2023-03-09 22:00:00,-3057.891897787786,-6207.876541309656,-6533.231560902557
2023-03-09 23:00:00,-3020.1497039737083,-6131.255494056325,-6452.594801969967
2023-03-10 00:00:00,-3000.7947327870015,-6091.962649311027,-6411.242617901972
2023-03-10 01:00:00,-3019.7626045499737,-6130.469637161419,-6451.767758288607
2023-03-10 02:00:00,-3044.7305173808254,-6181.157406882854,-6505.112075736321
2023-03-10 03:00:00,-3123.3117003988546,-6340.686356548764,-6673.001943052381
2023-03-10 04:00:00,-3206.344526789826,-6509.252660506093,-6850.40281270408
2023-03-10 05:00:00,-3342.216424520507,-6785.088430618086,-7140.695144861406
2023-03-10 06:00:00,-3429.8944439962884,-6963.085017314287,-7328.020538689425
2023-03-10 07:00:00,-3525.701551370486,-7157.5845988035135,-7532.713849826001
2023-03-10 08:00:00,-3513.507919522861,-7132.830106613975,-7506.661973863163
2023-03-10 09:00:00,-3469.572134929037,-7043.635349042148,-7412.792516028815
2023-03-10 10:00:00,-3473.636678878245,-7051.8868464386605,-7421.476474683094
2023-03-10 11:00:00,-3503.8304339295078,-7113.183684241326,-7485.985881829166
2023-03-10 12:00:00,-3537.120984370643,-7180.7673772032385,-7557.111638426118
2023-03-10 13:00:00,-3619.7667113378807,-7348.547824265662,-7733.685464396457
2023-03-10 14:00:00,-3717.122216407015,-7546.190833334512,-7941.686950258473
2023-03-10 15:00:00,-3874.0910327312063,-7864.85580421888,-8277.053163049914
2023-03-10 16:00:00,-3819.70356369656,-7754.442910484592,-8160.853525818848
2023-03-10 17:00:00,-3785.6388144079565,-7685.287503732868,-8088.073681859176
2023-03-10 18:00:00,-3628.6699980837657,-7366.622532848499,-7752.7074690677355
2023-03-10 19:00:00,-3470.9269829121063,-7046.385848174319,-7415.687168913574
2023-03-10 20:00:00,-3310.280722062441,-6720.2552367883445,-7072.464041149215
2023-03-10 21:00:00,-3144.795718416099,-6384.3014142160455,-6718.902867367856
2023-03-10 22:00:00,-3096.021191025598,-6285.283445457894,-6614.695363516508
2023-03-10 23:00:00,-3052.666055567375,-6197.267473228426,-6522.066471204199
2023-03-11 00:00:00,-3031.569136973865,-6154.438272456051,-6476.992590570084
2023-03-11 01:00:00,-3100.0857349748067,-6293.534942854407,-6623.3793221707865
2023-03-11 02:00:00,-3236.1511824173544,-6569.763641413852,-6914.085176168793
2023-03-11 03:00:00,-3519.701510302607,-7145.40381693247,-7519.894672764923
2023-03-11 04:00:00,-3738.7997841361266,-7590.198819449246,-7988.001396414627
2023-03-11 05:00:00,-3866.9296933921246,-7850.31745166312,-8261.752854944756
2023-03-11 06:00:00,-3892.6718050704444,-7902.576935174367,-8316.751259755189
2023-03-11 07:00:00,-3946.285075257622,-8011.418115118842,-8431.296809623536
2023-03-11 08:00:00,-3904.86543691807,-7927.331427363904,-8342.803135718026
2023-03-11 09:00:00,-3876.0265298498766,-7868.785088693409,-8281.188381456714
2023-03-11 10:00:00,-3805.767984442132,-7726.152062267977,-8131.079953289891
2023-03-11 11:00:00,-3765.8967437975157,-7645.208802092663,-8045.894454109821
2023-03-11 12:00:00,-3727.5739008478367,-7567.4089694969725,-7964.017129655191
2023-03-11 13:00:00,-3771.3161357297936,-7656.210798621347,-8057.473065648859
2023-03-11 14:00:00,-3896.349249595919,-7910.042575675973,-8324.608174728108
2023-03-11 15:00:00,-3994.8660529362555,-8110.04315542954,-8535.090791634204
2023-03-11 16:00:00,-3967.7690932748665,-8055.033172786123,-8477.19773393901
2023-03-11 17:00:00,-3917.833267613163,-7953.657633343254,-8370.509099043584
2023-03-11 18:00:00,-3722.541608339293,-7557.192829863196,-7953.2655617975115
2023-03-11 19:00:00,-3544.0887739978575,-7194.912801311546,-7571.998424690596
2023-03-11 20:00:00,-3371.248881300567,-6844.027697736034,-7202.723420963399
2023-03-11 21:00:00,-3255.119054180327,-6608.270629264245,-6954.610316555429
2023-03-11 22:00:00,-3169.1829821113492,-6433.810398595121,-6771.00661929353
2023-03-11 23:00:00,-3131.8278877210055,-6357.975208236696,-6691.196904042299
2023-03-12 00:00:00,-3144.0215195686305,-6382.729700426234,-6717.248780005136
2023-03-12 01:00:00,-3200.344485721947,-6497.071878635051,-6837.583635643002
2023-03-12 02:00:00,-3366.023039080156,-6833.418629654803,-7191.558331265041
2023-03-12 03:00:00,-3643.1862264737956,-7396.092166407473,-7783.721607118731
2023-03-12 04:00:00,-3827.63910188311,-7770.552976830164,-8177.807921286725
2023-03-12 05:00:00,-3963.898099037525,-8047.174603837064,-8468.927297125412
2023-03-12 06:00:00,-3964.2851984612594,-8047.96046073197,-8469.754340806772
2023-03-12 07:00:00,-3976.8659297326185,-8073.5008098164135,-8496.633260450968
2023-03-12 08:00:00,-3901.1879923925953,-7919.865786862298,-8334.946220745107
2023-03-12 09:00:00,-3895.3815010365834,-7908.077933438708,-8322.540565524709
2023-03-12 10:00:00,-3877.3813778329463,-7871.5355878255805,-8284.083034341473
2023-03-12 11:00:00,-3857.6393072225055,-7831.456886185377,-8241.903806592118
2023-03-12 12:00:00,-3861.7038511717137,-7839.708383581889,-8250.587765246397
2023-03-12 13:00:00,-3873.8974830193392,-7864.462875771427,-8276.639641209234
2023-03-12 14:00:00,-3970.6723389528725,-8060.927099497918,-8483.40056154921
2023-03-12 15:00:00,-4120.479815937982,-8365.053717826526,-8803.466466235492
2023-03-12 16:00:00,-4059.511656699856,-8241.281256878836,-8673.207086421307
2023-03-12 17:00:00,-3972.8013857834103,-8065.249312419901,-8487.949301796689
2023-03-12 18:00:00,-3796.4775982725123,-7707.291496790234,-8111.230904937253
2023-03-12 19:00:00,-3635.831337422847,-7381.16088540426,-7768.007777172893
2023-03-12 20:00:00,-3494.7335974717557,-7094.716047211036,-7466.550355317208
2023-03-12 21:00:00,-3307.183926672568,-6713.968381629097,-7065.847691698335
2023-03-12 22:00:00,-3213.5058661289077,-6523.791013061854,-6865.7031208092385
2023-03-12 23:00:00,-3171.892678077488,-6439.311396859463,-6776.795925063049
2023-03-13 00:00:00,-3182.731461942044,-6461.315389916829,-6799.953148141126
2023-03-13 01:00:00,-3248.5383639768465,-6594.911062050844,-6940.55057397231
2023-03-13 02:00:00,-3381.5070160295213,-6864.852905451042,-7224.640078519436
2023-03-13 03:00:00,-3695.0575492541693,-7501.396990324872,-7894.545460420959
2023-03-13 04:00:00,-3827.058452747509,-7769.374191487806,-8176.567355764686
2023-03-13 05:00:00,-3905.058986629937,-7927.724355811357,-8343.216657558707
2023-03-13 06:00:00,-3863.0586991547834,-7842.45888271406,-8253.482418131156
2023-03-13 07:00:00,-3871.9619859006684,-7860.533591296897,-8272.504422802434
2023-03-13 08:00:00,-3860.5425529005115,-7837.350812897172,-8248.106634202317
2023-03-13 09:00:00,-3847.574722205418,-7811.024606917821,-8220.400670876761
2023-03-13 10:00:00,-3805.767984442132,-7726.152062267977,-8131.079953289891
2023-03-13 11:00:00,-3778.090375645141,-7669.963294282201,-8071.9463300726575
2023-03-13 12:00:00,-3810.800276950675,-7736.368201901755,-8141.83152114757
2023-03-13 13:00:00,-3783.509767577419,-7680.965290810885,-8083.524941611697
2023-03-13 14:00:00,-3946.285075257622,-8011.418115118842,-8431.296809623536
2023-03-13 15:00:00,-4089.3183123273843,-8301.792237786596,-8736.88944988602
2023-03-13 16:00:00,-4071.7052885474814,-8266.035749068375,-8699.258962384145
2023-03-13 17:00:00,-4005.8983865126784,-8132.44007693436,-8558.661536552961
2023-03-13 18:00:00,-3801.316341069189,-7717.114707976559,-8121.568950954252
2023-03-13 19:00:00,-3639.7023316601885,-7389.019454353319,-7776.278213986492
2023-03-13 20:00:00,-3452.733309996602,-7009.450574113739,-7376.816115889659
2023-03-13 21:00:00,-3321.5066053507308,-6743.045086740617,-7096.448307908652
2023-03-13 22:00:00,-3196.2799417727388,-6488.820381238538,-6828.899676988723
2023-03-13 23:00:00,-3165.311987874008,-6425.951829646061,-6762.736182479931
2023-03-14 00:00:00,-3166.2797364333433,-6427.916471883326,-6764.80379168333
2023-03-14 01:00:00,-3190.473450416727,-6477.0325278149485,-6816.494021768324
2023-03-14 02:00:00,-3383.636062860059,-6869.175118373025,-7229.1888187669165
2023-03-14 03:00:00,-3655.5734080332877,-7421.239587044463,-7810.187004922248
2023-03-14 04:00:00,-3804.413136459062,-7723.401563135806,-8128.185300405131
2023-03-14 05:00:00,-3944.9302272745526,-8008.667615986671,-8428.402156738775
2023-03-14 06:00:00,-3936.4140399524017,-7991.37876429874,-8410.207195748859
2023-03-14 07:00:00,-3970.4787892410054,-8060.5341710504645,-8482.98703970853
2023-03-14 08:00:00,-3867.7038922395927,-7851.889165452932,-8263.406942307476
2023-03-14 09:00:00,-3871.3813367650673,-7859.354805954538,-8271.263857280395
2023-03-14 10:00:00,-3873.510383595605,-7863.677018876521,-8275.812597527874
2023-03-14 11:00:00,-3833.832692662856,-7783.12668714866,-8191.040620188484
2023-03-14 12:00:00,-3864.0264477141186,-7844.423524951325,-8255.550027334557
2023-03-14 13:00:00,-3880.6717229346864,-7878.215371432281,-8291.112905633032
2023-03-14 14:00:00,-3972.0271869359417,-8063.677598630089,-8486.295214433969
2023-03-14 15:00:00,-4111.576529192097,-8346.979009243689,-8784.444461564215
2023-03-14 16:00:00,-4070.1568908525446,-8262.89232148875,-8695.950787658705
2023-03-14 17:00:00,-3982.4788713767634,-8084.89573479255,-8508.625393830687
2023-03-14 18:00:00,-3804.800235882796,-7724.187420030713,-8129.012344086491
2023-03-14 19:00:00,-3648.4120686942065,-7406.701234488703,-7794.8866968170905
2023-03-14 20:00:00,-3462.0236961662213,-7028.311139591482,-7396.665164242297
2023-03-14 21:00:00,-3302.345183875891,-6704.145170442772,-7055.509645681336
2023-03-14 22:00:00,-3228.2156442308046,-6553.653575068281,-6897.130780700915
2023-03-14 23:00:00,-3180.602415111506,-6456.993176994847,-6795.404407893647
2023-03-15 00:00:00,-3173.441075772425,-6442.454824439086,-6780.104099788488
2023-03-15 01:00:00,-3267.119136316085,-6632.6321930063295,-6980.248670677585
2023-03-15 02:00:00,-3401.8297357755637,-6906.110392433605,-7268.0598717908315
2023-03-15 03:00:00,-3671.6380341182544,-7453.852648183061,-7844.509317698685
2023-03-15 04:00:00,-3818.735815137225,-7752.478268247327,-8158.785916615448
2023-03-15 05:00:00,-3926.543004647181,-7971.339413478638,-8389.117581874181
2023-03-15 06:00:00,-3960.607753935785,-8040.494820230363,-8461.897425833853
2023-03-15 07:00:00,-3913.188074528354,-7944.227350604382,-8360.584574867264
2023-03-15 08:00:00,-3868.0909916633273,-7852.6750223478375,-8264.233985988836
2023-03-15 09:00:00,-3826.671353323775,-7768.5883345929,-8175.740312083326
2023-03-15 10:00:00,-3876.2200795617437,-7869.178017140863,-8281.601903297393
2023-03-15 11:00:00,-3893.0589044941785,-7903.3627920692725,-8317.578303436549
2023-03-15 12:00:00,-3855.5102603919677,-7827.134673263394,-8237.355066344639
2023-03-15 13:00:00,-3857.4457575106385,-7831.063957737923,-8241.490284751439
2023-03-15 14:00:00,-3961.1884030713863,-8041.6736055727215,-8463.137991355892
2023-03-15 15:00:00,-4078.4795284628285,-8279.788244729229,-8713.732226807942
2023-03-15 16:00:00,-4033.188895885935,-8187.842988025231,-8616.968116088834
2023-03-15 17:00:00,-3941.6398821728126,-8001.98783237997,-8421.372285447216
2023-03-15 18:00:00,-3776.7355276620715,-7667.212795150031,-8069.051677187898
2023-03-15 19:00:00,-3593.6375002358263,-7295.50248385951,-7677.860015904664
2023-03-15 20:00:00,-3451.5720117253995,-7007.093003429021,-7374.334984845579
2023-03-15 21:00:00,-3281.828914417982,-6662.494755012756,-7011.676330569262
2023-03-15 22:00:00,-3198.6025383151436,-6493.535522607974,-6833.861939076883
2023-03-15 23:00:00,-3171.11847923002,-6437.739683069651,-6775.141837700329
2023-03-16 00:00:00,-3168.215233552014,-6431.845756357856,-6768.93901009013
2023-03-16 01:00:00,-3182.537912230177,-6460.922461469377,-6799.539626300447
2023-03-16 02:00:00,-3232.0866384681462,-6561.51214401734,-6905.401217514514
2023-03-16 03:00:00,-3372.4101795717693,-6846.385268420751,-7205.204552007479
2023-03-16 04:00:00,-3490.281954098813,-7085.678692919618,-7457.039352981569
2023-03-16 05:00:00,-3622.8635067277537,-7354.83467942491,-7740.301813847336
2023-03-16 06:00:00,-3744.6062754921386,-7601.986672872835,-8000.407051635027
2023-03-16 07:00:00,-3779.8323230519445,-7673.499650309278,-8075.6680266387775
2023-03-16 08:00:00,-3773.6387322721985,-7660.925939990782,-8062.435327737019
2023-03-16 09:00:00,-3740.154632119196,-7592.949318581416,-7990.896049299387
2023-03-16 10:00:00,-3709.380227932332,-7530.4736954363925,-7925.146076631275
2023-03-16 11:00:00,-3691.573654440562,-7494.324278270718,-7887.10206728872
2023-03-16 12:00:00,-3723.7029066104956,-7559.550400547913,-7955.7466928415915
2023-03-16 13:00:00,-3779.4452236282104,-7672.713793414372,-8074.8409829574175
2023-03-16 14:00:00,-3841.381131425672,-7798.450896599326,-8207.167971975003
2023-03-16 15:00:00,-3960.4142042239177,-8040.10189178291,-8461.483903993172
2023-03-16 16:00:00,-3924.4139578166437,-7967.017200556656,-8384.568841626702
2023-03-16 17:00:00,-3824.155207069503,-7763.480264776011,-8170.364528154487
2023-03-16 18:00:00,-3642.2184779144604,-7394.127524170208,-7781.653997915332
2023-03-16 19:00:00,-3508.28207730245,-7122.221038532744,-7495.496884164805
2023-03-16 20:00:00,-3329.0550441135465,-6758.369296191284,-7112.57565969517
2023-03-16 21:00:00,-3190.667000128594,-6477.425456262402,-6816.907543609004
2023-03-16 22:00:00,-3130.8601391616703,-6356.010565999431,-6689.129294838899
2023-03-16 23:00:00,-3067.182283957405,-6226.737106787399,-6553.080609255195
2023-03-17 00:00:00,-3044.1498682452243,-6179.978621540495,-6503.8715102142805
2023-03-17 01:00:00,-3061.375792601393,-6214.94925336381,-6540.674954034796
2023-03-17 02:00:00,-3096.9889395849336,-6287.248087695159,-6616.762972719907
2023-03-17 03:00:00,-3192.21539782353,-6480.568883842026,-6820.215718334444
2023-03-17 04:00:00,-3244.8609194513724,-6587.445421549237,-6932.693658999391
2023-03-17 05:00:00,-3396.603893555153,-6895.5013243523745,-7256.894782092473
2023-03-17 06:00:00,-3535.1854872519725,-7176.838092728709,-7552.9764200193185
2023-03-17 07:00:00,-3561.5082480658934,-7230.276361582314,-7609.215390351792
2023-03-17 08:00:00,-3545.0565225571927,-7196.877443548811,-7574.066033893996
2023-03-17 09:00:00,-3455.830105386475,-7015.737429272986,-7383.432465340538
2023-03-17 10:00:00,-3424.2815023521434,-6951.690092338151,-7316.028405309706
2023-03-17 11:00:00,-3399.3135895212918,-6901.002322616716,-7262.684087861992
2023-03-17 12:00:00,-3409.9588236739805,-6922.61338722663,-7285.42778909939
2023-03-17 13:00:00,-3499.572340268432,-7104.539258397361,-7476.888401334208
2023-03-17 14:00:00,-3582.411616947537,-7272.7126339072365,-7653.875749145227
2023-03-17 15:00:00,-3774.606480831534,-7662.890582228048,-8064.502936940418
2023-03-17 16:00:00,-3845.058575951146,-7805.916537100933,-8215.024886947922
2023-03-17 17:00:00,-3779.6387733400775,-7673.106721861825,-8075.2545047980975
2023-03-17 18:00:00,-3611.2505240157298,-7331.258972577731,-7715.49050340654
2023-03-17 19:00:00,-3448.2816666236595,-7000.413219822321,-7367.30511355402
2023-03-17 20:00:00,-3308.7323243675046,-6717.111809208721,-7069.155866423775
2023-03-17 21:00:00,-3164.53778902654,-6424.380115856249,-6761.082095117211
2023-03-17 22:00:00,-3060.795143465792,-6213.770468021451,-6539.434388512756
2023-03-17 23:00:00,-2986.4720541088386,-6062.885944199506,-6380.642001691655
2023-03-18 00:00:00,-3006.9883235667476,-6104.536359629522,-6424.4753168037305
2023-03-18 01:00:00,-3085.956606008511,-6264.8511661903385,-6593.192227801151
2023-03-18 02:00:00,-3227.2478956714695,-6551.688932831015,-6895.063171497515
2023-03-18 03:00:00,-3523.3789548280815,-7152.869457434077,-7527.751587737841
2023-03-18 04:00:00,-3643.3797761856626,-7396.485094854926,-7784.135128959411
2023-03-18 05:00:00,-3721.7674094918248,-7555.621116073384,-7951.6114744347915
2023-03-18 06:00:00,-3729.5093979665075,-7571.338253971503,-7968.15234806199
2023-03-18 07:00:00,-3743.444977220936,-7599.629102188117,-7997.925920590947
2023-03-18 08:00:00,-3678.799373457336,-7468.391000738821,-7859.809625803842
2023-03-18 09:00:00,-3619.9602610497477,-7348.940752713115,-7734.098986237137
2023-03-18 10:00:00,-3634.0893900160436,-7377.624529377183,-7764.286080606774
2023-03-18 11:00:00,-3613.7666702700017,-7336.36704239462,-7720.866287335379
2023-03-18 12:00:00,-3598.089143608769,-7304.5398381509285,-7687.371018240303
2023-03-18 13:00:00,-3634.2829397279106,-7378.017457824636,-7764.699602447454
2023-03-18 14:00:00,-3764.7354455263135,-7642.851231407945,-8043.413323065741
2023-03-18 15:00:00,-3911.252577409683,-7940.2980661298525,-8356.449356460465
2023-03-18 16:00:00,-3937.768887935471,-7994.129263430911,-8413.101848633618
2023-03-18 17:00:00,-3824.34875678137,-7763.873193223463,-8170.778049995166
2023-03-18 18:00:00,-3657.5089051519585,-7425.168871518994,-7814.322223329048
2023-03-18 19:00:00,-3481.185117641061,-7067.211055889327,-7437.603826469612
2023-03-18 20:00:00,-3301.377435316556,-6702.1805282055075,-7053.442036477937
2023-03-18 21:00:00,-3178.4733682809688,-6452.670964072864,-6790.855667646168
2023-03-18 22:00:00,-3049.182160753768,-6190.194761174273,-6514.62307807196
2023-03-18 23:00:00,-3052.472505855508,-6196.874544780973,-6521.652949363519
2023-03-19 00:00:00,-3081.311412923701,-6255.4208834514675,-6583.2677036248315
2023-03-19 01:00:00,-3099.3115361273385,-6291.963229064594,-6621.725234808067
2023-03-19 02:00:00,-3267.312686027952,-6633.025121453783,-6980.662192518265
2023-03-19 03:00:00,-3561.8953474896275,-7231.062218477221,-7610.042434033152
2023-03-19 04:00:00,-3671.0573849826533,-7452.673862840702,-7843.268752176645
2023-03-19 05:00:00,-3735.5094390343866,-7583.519035842545,-7980.971525123068
2023-03-19 06:00:00,-3786.606562967292,-7687.252145970132,-8090.141291062576
2023-03-19 07:00:00,-3753.5095622380236,-7620.061381455673,-8019.429056306304
2023-03-19 08:00:00,-3717.315766118882,-7546.583761781965,-7942.100472099153
2023-03-19 09:00:00,-3709.960877067934,-7531.652480778752,-7926.386642153315
2023-03-19 10:00:00,-3742.670778373468,-7598.057388398305,-7996.271833228227
2023-03-19 11:00:00,-3687.315560779487,-7485.679852426752,-7878.004586793761
2023-03-19 12:00:00,-3697.9607949321753,-7507.2909170366665,-7900.748288031158
2023-03-19 13:00:00,-3706.089882830592,-7523.793911829692,-7918.116205339716
2023-03-19 14:00:00,-3753.8966616617577,-7620.847238350579,-8020.256099987664
2023-03-19 15:00:00,-3964.6722978849934,-8048.746317626876,-8470.581384488132
2023-03-19 16:00:00,-3941.6398821728126,-8001.98783237997,-8421.372285447216
2023-03-19 17:00:00,-3875.2523310024085,-7867.2133749035975,-8279.534294093994
2023-03-19 18:00:00,-3695.638198389771,-7502.575775667231,-7895.786025942998
2023-03-19 19:00:00,-3496.281995166692,-7097.85947479066,-7469.858530042648
2023-03-19 20:00:00,-3357.119752334271,-6815.343921071966,-7172.536326593763
2023-03-19 21:00:00,-3191.634748687929,-6479.390098499667,-6818.975152812404
2023-03-19 22:00:00,-3103.956729212148,-6301.393511803466,-6631.649758984386
2023-03-19 23:00:00,-3047.6337630588314,-6187.051333594649,-6511.31490334652
2023-03-20 00:00:00,-3076.6662198388917,-6245.990600712596,-6573.343179448513
2023-03-20 01:00:00,-3107.053524602021,-6307.680366962713,-6638.266108435265
2023-03-20 02:00:00,-3276.215972773837,-6651.09983003662,-6999.684197189543
2023-03-20 03:00:00,-3555.3146572861474,-7217.7026512638195,-7595.982691450034
2023-03-20 04:00:00,-3706.6705319661933,-7524.972697172051,-7919.356770861756
2023-03-20 05:00:00,-3821.445511103364,-7757.979266511669,-8164.575222384967
2023-03-20 06:00:00,-3805.961534153999,-7726.544990715431,-8131.493475130571
2023-03-20 07:00:00,-3771.1225860179266,-7655.817870173893,-8057.05954380818
2023-03-20 08:00:00,-3692.1543035761633,-7495.503063613077,-7888.342632810759
2023-03-20 09:00:00,-3682.089718559076,-7475.070784345522,-7866.839497095401
2023-03-20 10:00:00,-3652.8637120671488,-7415.738588780122,-7804.397699152729
2023-03-20 11:00:00,-3622.4764073040196,-7354.048822530004,-7739.474770165977
2023-03-20 12:00:00,-3669.5089872877165,-7449.530435261078,-7839.960577451205
2023-03-20 13:00:00,-3708.412479372997,-7528.509053199127,-7923.078467427876
2023-03-20 14:00:00,-3752.7353633905554,-7618.48966766586,-8017.774968943584
2023-03-20 15:00:00,-3928.091402342118,-7974.482841058262,-8392.425756599621
2023-03-20 16:00:00,-3997.3821991905274,-8115.151225246429,-8540.466575563043
2023-03-20 17:00:00,-3930.8010983082568,-7979.983839322604,-8398.21506236914
2023-03-20 18:00:00,-3741.1223806785315,-7594.9139608186815,-7992.963658502787
2023-03-20 19:00:00,-3555.7017567098815,-7218.488508158725,-7596.809735131394
2023-03-20 20:00:00,-3396.2167941314187,-6894.715467457469,-7256.067738411113
2023-03-20 21:00:00,-3235.1834338580193,-6567.798999176588,-6912.017566965394
2023-03-20 22:00:00,-3164.150689602806,-6423.594258961343,-6760.255051435851
2023-03-20 23:00:00,-3132.7956362803407,-6359.93985047396,-6693.264513245699
2023-03-21 00:00:00,-3139.5698761956883,-6373.692346134815,-6707.7377776694975
2023-03-21 01:00:00,-3198.6025383151436,-6493.535522607974,-6833.861939076883
2023-03-21 02:00:00,-3322.6679036219334,-6745.402657425336,-7098.929438952731
2023-03-21 03:00:00,-3620.347360473482,-7349.726609608021,-7734.926029918497
2023-03-21 04:00:00,-3711.122175339136,-7534.01005146347,-7928.867773197395
2023-03-21 05:00:00,-3811.3809260862768,-7737.546987244114,-8143.072086669609
2023-03-21 06:00:00,-3802.864738764126,-7720.258135556182,-8124.877125679692
2023-03-21 07:00:00,-3829.1874995780468,-7773.696404409789,-8181.116096012165
2023-03-21 08:00:00,-3779.4452236282104,-7672.713793414372,-8074.8409829574175
2023-03-21 09:00:00,-3716.928666695148,-7545.797904887059,-7941.273428417793
2023-03-21 10:00:00,-3773.2516328484644,-7660.140083095876,-8061.608284055659
2023-03-21 11:00:00,-3788.73560979783,-7691.574358892115,-8094.690031310055
2023-03-21 12:00:00,-3772.4774340009963,-7658.568369306065,-8059.954196692939
2023-03-21 13:00:00,-3805.1873353065303,-7724.973276925619,-8129.839387767851
2023-03-21 14:00:00,-3856.6715586631703,-7829.4922439481115,-8239.836197388719
2023-03-21 15:00:00,-4039.963135801282,-8201.595483686086,-8631.441380512633
2023-03-21 16:00:00,-4028.737252512992,-8178.805633733812,-8607.457113753195
2023-03-21 17:00:00,-3962.1561516307215,-8043.638247809987,-8465.205600559291
2023-03-21 18:00:00,-3776.5419779502045,-7666.819866702577,-8068.638155347218
2023-03-21 19:00:00,-3566.5405405744373,-7240.492501216092,-7619.96695820947
2023-03-21 20:00:00,-3380.539267470186,-6862.888263213777,-7222.572469316037
2023-03-21 21:00:00,-3240.2157263665626,-6578.015138810365,-6922.769134823072
2023-03-21 22:00:00,-3180.215315687772,-6456.207320099941,-6794.577364212287
2023-03-21 23:00:00,-3117.6987587547096,-6329.2914315726275,-6661.009809672662
2023-03-22 00:00:00,-3114.9890627885707,-6323.790433308286,-6655.220503903143
2023-03-22 01:00:00,-3183.312111077645,-6462.4941752591885,-6801.193713663166
2023-03-22 02:00:00,-3318.4098099608577,-6736.75823158137,-7089.831958457772
2023-03-22 03:00:00,-3566.3469908625702,-7240.0995727686395,-7619.55343636879
2023-03-22 04:00:00,-3685.9607127964173,-7482.929353294582,-7875.109933909001
2023-03-22 05:00:00,-3791.4453057639685,-7697.075357156456,-8100.479337079574
2023-03-22 06:00:00,-3812.155124933745,-7739.118701033925,-8144.726174032329
2023-03-22 07:00:00,-3863.6393482903845,-7843.637668056419,-8254.722983653197
2023-03-22 08:00:00,-3803.638937611594,-7721.829849345994,-8126.531213042412
2023-03-22 09:00:00,-3749.6385680006824,-7612.202812506613,-8011.158619492705
2023-03-22 10:00:00,-3761.6386501364404,-7636.564376248698,-8036.796973614862
2023-03-22 11:00:00,-3764.5418958144464,-7642.458302960492,-8042.999801225062
2023-03-22 12:00:00,-3737.057836729323,-7586.662463422169,-7984.279699848508
2023-03-22 13:00:00,-3756.2192582041625,-7625.562379720014,-8025.218362075823
2023-03-22 14:00:00,-3758.1547553228334,-7629.491664194544,-8029.353580482622
2023-03-22 15:00:00,-3930.2204491726557,-7978.805053980244,-8396.9744968471
2023-03-22 16:00:00,-3936.801139376136,-7992.164621193646,-8411.034239430219
2023-03-22 17:00:00,-3870.800687629466,-7858.176020612179,-8270.023291758354
2023-03-22 18:00:00,-3670.089636423318,-7450.709220603438,-7841.201142973245
2023-03-22 19:00:00,-3475.572175996916,-7055.816130913191,-7425.611693089893
2023-03-22 20:00:00,-3356.1520037749356,-6813.379278834701,-7170.468717390363
2023-03-22 21:00:00,-3182.731461942044,-6461.315389916829,-6799.953148141126
2023-03-22 22:00:00,-3102.9889806528126,-6299.428869566201,-6629.582149780987
2023-03-22 23:00:00,-3086.924354567846,-6266.815808427604,-6595.25983700455
2023-03-23 00:00:00,-3075.311371855822,-6243.240101580424,-6570.448526563753
2023-03-23 01:00:00,-3095.053442466263,-6283.318803220629,-6612.627754313108
2023-03-23 02:00:00,-3119.0536067377793,-6332.041930704799,-6663.904462557422
2023-03-23 03:00:00,-3264.7965397736803,-6627.917051636894,-6975.286408589426
2023-03-23 04:00:00,-3356.926202622404,-6814.950992624513,-7172.122804753083
2023-03-23 05:00:00,-3509.6369252855197,-7124.971537664916,-7498.391537049565
2023-03-23 06:00:00,-3569.250236540576,-7245.9934994804335,-7625.75626397899
2023-03-23 07:00:00,-3586.089061473011,-7280.178274408843,-7661.732664118146
2023-03-23 08:00:00,-3571.185733659247,-7249.922783954964,-7629.8914823857895
2023-03-23 09:00:00,-3562.0888972014945,-7231.4551469246735,-7610.455955873832
2023-03-23 10:00:00,-3546.2178208283954,-7199.235014233529,-7576.547164938076
2023-03-23 11:00:00,-3533.4435398451687,-7173.301736701632,-7549.2547234531985
2023-03-23 12:00:00,-3577.57287415086,-7262.889422720912,-7643.537703128228
2023-03-23 13:00:00,-3604.863383524116,-7318.292333811783,-7701.844282664101
2023-03-23 14:00:00,-3658.670203423161,-7427.526442203712,-7816.803354373128
2023-03-23 15:00:00,-3827.058452747509,-7769.374191487806,-8176.567355764686
2023-03-23 16:00:00,-3854.5425118326325,-7825.1700310261285,-8235.28745714124
2023-03-23 17:00:00,-3779.6387733400775,-7673.106721861825,-8075.2545047980975
2023-03-23 18:00:00,-3610.8634245919957,-7330.473115682825,-7714.66345972518
2023-03-23 19:00:00,-3433.9589879454966,-6971.3365147108,-7336.704497343704
2023-03-23 20:00:00,-3243.8931708920372,-6585.480779311972,-6930.626049795991
2023-03-23 21:00:00,-3157.9570988230594,-6411.020548642848,-6747.0223525340925
2023-03-23 22:00:00,-3079.956564940632,-6252.670384319296,-6580.373050740072
2023-03-23 23:00:00,-3028.859441007726,-6148.93727419171,-6471.203284800565
2023-03-24 00:00:00,-3056.730599516584,-6205.518970624938,-6530.750429858478
2023-03-24 01:00:00,-3056.924149228451,-6205.911899072392,-6531.163951699158
2023-03-24 02:00:00,-3090.7953488051876,-6274.674377376663,-6603.530273818149
2023-03-24 03:00:00,-3186.9895556031197,-6469.959815760795,-6809.050628636085
2023-03-24 04:00:00,-3206.9251759254275,-6510.431445848452,-6851.64337822612
2023-03-24 05:00:00,-3321.893704774465,-6743.830943635523,-7097.275351590011
2023-03-24 06:00:00,-3414.0233676231887,-6930.864884623143,-7294.111747753669
2023-03-24 07:00:00,-3540.7984288961175,-7188.233017704845,-7564.968553399037
2023-03-24 08:00:00,-3546.7984699639965,-7200.413799575888,-7577.787730460115
2023-03-24 09:00:00,-3496.862644302293,-7099.038260133018,-7471.099095564688
2023-03-24 10:00:00,-3471.3140823358403,-7047.171705069225,-7416.514212594934
2023-03-24 11:00:00,-3386.345758826198,-6874.676116637366,-7234.978124536436
2023-03-24 12:00:00,-3415.9588647418595,-6934.794169097672,-7298.246966160468
2023-03-24 13:00:00,-3444.2171226744513,-6992.161722425808,-7358.621154899741
2023-03-24 14:00:00,-3500.5400888277677,-7106.503900634625,-7478.956010537607
2023-03-24 15:00:00,-3711.896374186604,-7535.581765253281,-7930.521860560114
2023-03-24 16:00:00,-3784.6710658486213,-7683.322861495602,-8086.006072655776
2023-03-24 17:00:00,-3706.089882830592,-7523.793911829692,-7918.116205339716
2023-03-24 18:00:00,-3555.8953064217485,-7218.881436606178,-7597.223256972074
2023-03-24 19:00:00,-3385.765109690597,-6873.497331295007,-7233.737559014396
2023-03-24 20:00:00,-3227.0543459596024,-6551.296004383563,-6894.649649656835
2023-03-24 21:00:00,-3125.4407472293924,-6345.008569470747,-6677.550683299861
2023-03-24 22:00:00,-3049.569260177502,-6190.9806180691785,-6515.45012175332
2023-03-24 23:00:00,-2994.214042583521,-6078.603082097626,-6397.182875318853
2023-03-25 00:00:00,-3019.1819554143726,-6129.29085181906,-6450.527192766567
2023-03-25 01:00:00,-3074.730722720221,-6242.061316238066,-6569.207961041713
2023-03-25 02:00:00,-3210.4090707390346,-6517.504157902606,-6859.086771358359
2023-03-25 03:00:00,-3492.411000929351,-7090.0009058416,-7461.588093229049
2023-03-25 04:00:00,-3668.1541393046473,-7446.779936128907,-7837.065924566446
2023-03-25 05:00:00,-3835.381090357793,-7786.270114728283,-8194.348794913923
2023-03-25 06:00:00,-3896.349249595919,-7910.042575675973,-8324.608174728108
2023-03-25 07:00:00,-3900.026694121393,-7917.508216177579,-8332.465089701027
2023-03-25 08:00:00,-3830.348797849249,-7776.053975094506,-8183.597227056245
2023-03-25 09:00:00,-3781.9613698824824,-7677.821863231261,-8080.216766886257
2023-03-25 10:00:00,-3763.5741472551113,-7640.493660723228,-8040.932192021662
2023-03-25 11:00:00,-3752.3482639668214,-7617.703810770954,-8016.947925262224
2023-03-25 12:00:00,-3786.800112679159,-7687.645074417585,-8090.554812903256
2023-03-25 13:00:00,-3756.6063576278966,-7626.34823661492,-8026.045405757183
2023-03-25 14:00:00,-3819.8971134084277,-7754.835838932045,-8161.267047659528
2023-03-25 15:00:00,-3948.2205723762927,-8015.347399593372,-8435.432028030335
2023-03-25 16:00:00,-3979.1885262750234,-8078.215951185849,-8501.595522539128
2023-03-25 17:00:00,-3893.63955362978,-7904.541577411631,-8318.81886895859
2023-03-25 18:00:00,-3671.8315838301214,-7454.245576630514,-7844.922839539365
2023-03-25 19:00:00,-3474.991526861315,-7054.637345570832,-7424.371127567853
2023-03-25 20:00:00,-3348.6035650121203,-6798.055069384035,-7154.341365603845
2023-03-25 21:00:00,-3211.763918722104,-6520.254657034777,-6861.981424243119
2023-03-25 22:00:00,-3119.0536067377793,-6332.041930704799,-6663.904462557422
2023-03-25 23:00:00,-3083.440459754239,-6259.74309637345,-6587.8164438723115
2023-03-26 00:00:00,-3094.6663430425288,-6282.532946325723,-6611.800710631748
2023-03-26 01:00:00,-3104.7309280596164,-6302.965225593278,-6633.303846347106
2023-03-26 02:00:00,-3228.6027436545387,-6554.4394319631865,-6897.957824382275
2023-03-26 03:00:00,-3528.024147912891,-7162.299740172949,-7537.67611191416
2023-03-26 04:00:00,-3660.7992502536986,-7431.848655125694,-7821.352094620607
2023-03-26 05:00:00,-3843.5101782562097,-7802.7731095213085,-8211.716712222482
2023-03-26 06:00:00,-3917.639717901296,-7953.264704895801,-8370.095577202903
2023-03-26 07:00:00,-3891.7040565111092,-7900.612292937101,-8314.68365055179
2023-03-26 08:00:00,-3783.896867001153,-7681.751147705791,-8084.351985293057
2023-03-26 09:00:00,-3802.0905399166572,-7718.686421766371,-8123.223038316972
2023-03-26 10:00:00,-3802.864738764126,-7720.258135556182,-8124.877125679692
2023-03-26 11:00:00,-3790.2840074927662,-7694.717786471739,-8097.998206035495
2023-03-26 12:00:00,-3767.2515917805854,-7647.959301224834,-8048.789106994581
2023-03-26 13:00:00,-3755.6386090685614,-7624.383594377655,-8023.977796553783
2023-03-26 14:00:00,-3790.8646566283674,-7695.896571814098,-8099.238771557535
2023-03-26 15:00:00,-3963.1239001900567,-8045.602890047251,-8467.273209762692
2023-03-26 16:00:00,-3947.8334729525586,-8014.561542698466,-8434.604984348976
2023-03-26 17:00:00,-3908.929980867278,-7935.582924760417,-8351.487094372305
2023-03-26 18:00:00,-3718.864163813819,-7549.727189361589,-7945.408646824592
2023-03-26 19:00:00,-3540.6048791842504,-7187.840089257393,-7564.555031558357
2023-03-26 20:00:00,-3359.82944830041,-6820.844919336308,-7178.325632363282
2023-03-26 21:00:00,-3216.6026615187807,-6530.077868221101,-6872.319470260118
2023-03-26 22:00:00,-3138.79567734822,-6372.120632345002,-6706.0836903067775
2023-03-26 23:00:00,-3070.6661787710123,-6233.809818841553,-6560.524002387434
2023-03-27 00:00:00,-3118.666507314045,-6331.256073809893,-6663.077418876062
2023-03-27 01:00:00,-3169.957180958818,-6435.382112384933,-6772.660706656249
2023-03-27 02:00:00,-3271.570779689028,-6641.669547297748,-6989.7596730132245
2023-03-27 03:00:00,-3507.314328743115,-7120.25639629548,-7493.429274961405
2023-03-27 04:00:00,-3636.024887134714,-7381.553813851712,-7768.421299013573
2023-03-27 05:00:00,-3802.6711890522583,-7719.86520710873,-8124.463603839012
2023-03-27 06:00:00,-3885.8975651550973,-7888.824439513512,-8302.277995331391
2023-03-27 07:00:00,-3924.4139578166437,-7967.017200556656,-8384.568841626702
2023-03-27 08:00:00,-3853.38121356143,-7822.812460341411,-8232.80632609716
2023-03-27 09:00:00,-3869.6393893582635,-7855.818449927461,-8267.542160714274
2023-03-27 10:00:00,-3828.6068504424456,-7772.517619067429,-8179.875530490125
2023-03-27 11:00:00,-3811.1873763744093,-7737.154058796661,-8142.658564828929
2023-03-27 12:00:00,-3802.2840896285243,-7719.079350213824,-8123.636560157652
2023-03-27 13:00:00,-3815.251920323618,-7745.405556193174,-8151.342523483208
2023-03-27 14:00:00,-3840.4133828663366,-7796.486254362061,-8205.100362771602
2023-03-27 15:00:00,-3999.7047957329323,-8119.8663666158645,-8545.428837651203
2023-03-27 16:00:00,-3989.0595615802436,-8098.255302005951,-8522.685136413806
2023-03-27 17:00:00,-3903.8976883587343,-7925.366785126639,-8340.735526514627
2023-03-27 18:00:00,-3730.0900471021087,-7572.5170393138615,-7969.39291358403
2023-03-27 19:00:00,-3545.0565225571927,-7196.877443548811,-7574.066033893996
2023-03-27 20:00:00,-3401.8297357755637,-6906.110392433605,-7268.0598717908315
2023-03-27 21:00:00,-3216.6026615187807,-6530.077868221101,-6872.319470260118
2023-03-27 22:00:00,-3141.1182738906246,-6376.835773714439,-6711.045952394937
2023-03-27 23:00:00,-3097.763138432402,-6288.81980148497,-6618.417060082627
2023-03-28 00:00:00,-3136.279531093948,-6367.012562528114,-6700.707906377938
2023-03-28 01:00:00,-3139.3763264838212,-6373.299417687362,-6707.3242558288175
2023-03-28 02:00:00,-3294.2160959774747,-6687.642175649747,-7038.141728372779
2023-03-28 03:00:00,-3493.378749488686,-7091.965548078865,-7463.655702432449
2023-03-28 04:00:00,-3655.7669577451547,-7421.632515491917,-7810.600526762928
2023-03-28 05:00:00,-3826.2842539000408,-7767.802477697994,-8174.913268401966
2023-03-28 06:00:00,-3867.7038922395927,-7851.889165452932,-8263.406942307476
2023-03-28 07:00:00,-3906.220284901139,-7930.081926496075,-8345.697788602785
2023-03-28 08:00:00,-3859.187704917442,-7834.6003137650005,-8245.211981317558
2023-03-28 09:00:00,-3825.316505340705,-7765.8378354607285,-8172.845659198566
2023-03-28 10:00:00,-3843.5101782562097,-7802.7731095213085,-8211.716712222482
2023-03-28 11:00:00,-3803.445387899727,-7721.436920898542,-8126.117691201732
2023-03-28 12:00:00,-3792.800153747038,-7699.825856288628,-8103.373989964334
2023-03-28 13:00:00,-3772.4774340009963,-7658.568369306065,-8059.954196692939
2023-03-28 14:00:00,-3811.3809260862768,-7737.546987244114,-8143.072086669609
2023-03-28 15:00:00,-3998.930596885464,-8118.294652826053,-8543.774750288483
2023-03-28 16:00:00,-3994.2854038006544,-8108.864370087182,-8533.850226112165
2023-03-28 17:00:00,-3944.1560284270845,-8007.095902196859,-8426.748069376057
2023-03-28 18:00:00,-3760.8644512889723,-7634.992662458886,-8035.1428862521425
2023-03-28 19:00:00,-3587.2503597442133,-7282.535845093561,-7664.213795162225
2023-03-28 20:00:00,-3403.958782606101,-6910.432605355588,-7272.608612038312
2023-03-28 21:00:00,-3224.5381997053305,-6546.187934566674,-6889.273865727996
2023-03-28 22:00:00,-3123.1181506869875,-6340.293428101311,-6672.588421211702
2023-03-28 23:00:00,-3133.376285415942,-6361.1186358163195,-6694.505078767738
2023-03-29 00:00:00,-3115.3761622123047,-6324.576290203192,-6656.047547584503
2023-03-29 01:00:00,-3195.8928423490047,-6488.034524343632,-6828.0726333073635
2023-03-29 02:00:00,-3305.8290786894986,-6711.217882496926,-7062.953038813575
2023-03-29 03:00:00,-3522.411206268746,-7150.904815196813,-7525.683978534442
2023-03-29 04:00:00,-3659.4444022706293,-7429.0981559935235,-7818.457441735847
2023-03-29 05:00:00,-3782.3484693062164,-7678.607720126167,-8081.043810567617
2023-03-29 06:00:00,-3778.2839253570082,-7670.356222729654,-8072.3598519133375
2023-03-29 07:00:00,-3810.413177526941,-7735.582345006849,-8141.00447746621
2023-03-29 08:00:00,-3748.864369153214,-7610.631098716801,-8009.504532129985
2023-03-29 09:00:00,-3697.9607949321753,-7507.2909170366665,-7900.748288031158
2023-03-29 10:00:00,-3689.831707033759,-7490.787922243641,-7883.3803707226
2023-03-29 11:00:00,-3630.9925946261706,-7371.337674217935,-7757.669731155895
2023-03-29 12:00:00,-3640.4765305076567,-7390.591168143131,-7777.932301349212
2023-03-29 13:00:00,-3611.831173151331,-7332.43775792009,-7716.73106892858
2023-03-29 14:00:00,-3700.089841762713,-7511.61312995865,-7905.297028278637
2023-03-29 15:00:00,-3852.4134650020947,-7820.847818104146,-8230.738716893758
2023-03-29 16:00:00,-3904.4783374943354,-7926.545570468998,-8341.976092036666
2023-03-29 17:00:00,-3797.638896543715,-7709.649067474952,-8113.712035981333
2023-03-29 18:00:00,-3633.3151911685754,-7376.052815587371,-7762.631993244054
2023-03-29 19:00:00,-3472.862480030777,-7050.315132648849,-7419.822387320374
2023-03-29 20:00:00,-3320.3453070795285,-6740.687516055899,-7093.967176864572
2023-03-29 21:00:00,-3160.8603445010654,-6416.9144753546425,-6753.225180144292
2023-03-29 22:00:00,-3095.440541889997,-6284.104660115535,-6613.454797994468
2023-03-29 23:00:00,-3042.988569974022,-6177.621050855777,-6501.390379170201
2023-03-30 00:00:00,-3006.0205750074124,-6102.571717392258,-6422.4077076003305
2023-03-30 01:00:00,-3050.1499093131033,-6192.159403411537,-6516.69068727536
2023-03-30 02:00:00,-3103.763179500281,-6301.0005833560135,-6631.236237143706
2023-03-30 03:00:00,-3231.893088756279,-6561.119215569887,-6904.987695673834
2023-03-30 04:00:00,-3289.570902892665,-6678.211892910876,-7028.2172041964595
2023-03-30 05:00:00,-3500.7336385396347,-7106.8968290820785,-7479.369532378287
2023-03-30 06:00:00,-3542.3468265910537,-7191.37644528447,-7568.276728124477
2023-03-30 07:00:00,-3600.992389286775,-7310.4337648627225,-7693.573845850502
2023-03-30 08:00:00,-3586.089061473011,-7280.178274408843,-7661.732664118146
2023-03-30 09:00:00,-3509.830474997387,-7125.364466112369,-7498.805058890245
2023-03-30 10:00:00,-3431.0557422674906,-6965.442587999005,-7330.501669733504
2023-03-30 11:00:00,-3405.894279724772,-6914.361889830117,-7276.743830445111
2023-03-30 12:00:00,-3377.63602179218,-6856.994336501982,-7216.369641705838
2023-03-30 13:00:00,-3378.6037703515153,-6858.958978739247,-7218.437250909237
2023-03-30 14:00:00,-3452.346210572868,-7008.664717218833,-7375.989072208299
2023-03-30 15:00:00,-3694.8639995423023,-7501.004061877419,-7894.131938580279
2023-03-30 16:00:00,-3777.896825933274,-7669.570365834748,-8071.5328082319775
2023-03-30 17:00:00,-3718.6706141019517,-7549.3342609141355,-7944.995124983912
2023-03-30 18:00:00,-3539.637130624915,-7185.8754470201275,-7562.487422354958
2023-03-30 19:00:00,-3397.571642114488,-6897.465966589639,-7258.962391295873
2023-03-30 20:00:00,-3178.666917992836,-6453.063892520317,-6791.269189486848
2023-03-30 21:00:00,-3057.891897787786,-6207.876541309656,-6533.231560902557
2023-03-30 22:00:00,-2976.213919379884,-6042.060736484498,-6358.725344135618
2023-03-30 23:00:00,-2972.730024566277,-6034.988024430345,-6351.281951003379
2023-03-31 00:00:00,-2955.504100210108,-6000.017392607029,-6314.478507182863
2023-03-31 01:00:00,-3057.891897787786,-6207.876541309656,-6533.231560902557
2023-03-31 02:00:00,-3104.6664179406507,-6302.834262541742,-6633.166019517607
2023-03-31 03:00:00,-3151.4409187385445,-6397.791944480983,-6733.100436780473
2023-03-31 04:00:00,-3198.2154388914096,-6492.749665713068,-6833.034895395523
2023-03-31 05:00:00,-3261.6997443838072,-6621.630196477646,-6968.670059138547
2023-03-31 06:00:00,-3261.8932940956743,-6622.023124925099,-6969.083580979227
2023-03-31 07:00:00,-3213.3123164170406,-6523.3980846144,-6865.2895989685585
2023-03-31 08:00:00,-3173.053976348691,-6441.66896754418,-6779.277056107128
2023-03-31 09:00:00,-3107.8277234494894,-6309.252080752526,-6639.920195797985
2023-03-31 10:00:00,-3024.2142479229165,-6139.506991452838,-6461.2787606242455
2023-03-31 11:00:00,-3029.8271895670614,-6150.901916428974,-6473.270894003965
2023-03-31 12:00:00,-3025.1819964822516,-6141.471633690103,-6463.3463698276455
2023-03-31 13:00:00,-3045.504716228294,-6182.729120672666,-6506.766163099041
2023-03-31 14:00:00,-3155.4409525687875,-6405.91247882596,-6741.646568605253
2023-03-31 15:00:00,-3431.4428416912247,-6966.228444893911,-7331.328713414864
2023-03-31 16:00:00,-3582.411616947537,-7272.7126339072365,-7653.875749145227
2023-03-31 17:00:00,-3474.2173280138463,-7053.06563178102,-7422.717040205133
2023-03-31 18:00:00,-3299.054838774151,-6697.465386836072,-7048.479774389777
2023-03-31 19:00:00,-3126.2149460768605,-6346.580283260559,-6679.204770662581
2023-03-31 20:00:00,-3070.6661787710123,-6233.809818841553,-6560.524002387434
2023-03-31 21:00:00,-3015.1174114651644,-6121.039354422547,-6441.843234112288
2023-03-31 22:00:00,-2896.0843386669185,-5879.388359238964,-6187.527302094118
2023-03-31 23:00:00,-2845.567863869614,-5776.8340344537355,-6079.59810167665
2023-04-01 00:00:00,-2821.1806001743635,-5727.32505007466,-6027.494349750977
2023-04-01 01:00:00,-2879.8261628700848,-5846.382369652913,-6152.791467477002
2023-04-01 02:00:00,-3025.762645617853,-6142.650419032461,-6464.5869353496855
2023-04-01 03:00:00,-3271.957879112762,-6642.455404192654,-6990.5867166945845
2023-04-01 04:00:00,-3403.184583758633,-6908.860891565776,-7270.9545246755915
2023-04-01 05:00:00,-3574.669628472854,-7256.995496009117,-7637.334875518029
2023-04-01 06:00:00,-3626.540951253228,-7362.300319926517,-7748.158728820255
2023-04-01 07:00:00,-3634.6700391516447,-7378.803314719542,-7765.526646128814
2023-04-01 08:00:00,-3583.766464930606,-7275.463133039408,-7656.770402029986
2023-04-01 09:00:00,-3511.378872692323,-7128.507893691993,-7502.113233615684
2023-04-01 10:00:00,-3474.2173280138463,-7053.06563178102,-7422.717040205133
2023-04-01 11:00:00,-3430.4750931318895,-6964.2638026566465,-7329.261104211465
2023-04-01 12:00:00,-3378.7973200633824,-6859.3519071867,-7218.850772749917
2023-04-01 13:00:00,-3354.7971557918663,-6810.628779702531,-7167.574064505603
2023-04-01 14:00:00,-3352.8616586731955,-6806.699495228,-7163.438846098804
2023-04-01 15:00:00,-3436.4751341997685,-6976.444584527689,-7342.080281272543
2023-04-01 16:00:00,-3685.7671630845502,-7482.536424847129,-7874.696412068321
2023-04-01 17:00:00,-3790.8646566283674,-7695.896571814098,-8099.238771557535
2023-04-01 18:00:00,-3612.605371998799,-7334.009471709902,-7718.385156291299
2023-04-01 19:00:00,-3405.894279724772,-6914.361889830117,-7276.743830445111
2023-04-01 20:00:00,-3196.0863920608717,-6488.427452791086,-6828.486155148043
2023-04-01 21:00:00,-3043.182119685889,-6178.0139793032295,-6501.803901010881
2023-04-01 22:00:00,-2931.6974856504585,-5951.687193570312,-6263.615320779229
2023-04-01 23:00:00,-2912.3425144637517,-5912.394348825014,-6222.2631367112335
2023-04-02 00:00:00,-2896.8585375143866,-5880.960073028776,-6189.181389456838
2023-04-02 01:00:00,-2977.375217651086,-6044.418307169216,-6361.206475179698
2023-04-02 02:00:00,-3092.730845923858,-6278.6036618511935,-6607.665492224949
2023-04-02 03:00:00,-3365.442389944555,-6832.239844312444,-7190.317765743001
2023-04-02 04:00:00,-3586.089061473011,-7280.178274408843,-7661.732664118146
2023-04-02 05:00:00,-3625.7667524057597,-7360.728606136705,-7746.504641457536
2023-04-02 06:00:00,-3693.896250982967,-7499.039419640154,-7892.064329376879
2023-04-02 07:00:00,-3666.4121918978435,-7443.243580101831,-7833.3442280003255
2023-04-02 08:00:00,-3617.2505650836088,-7343.439754448773,-7728.309680467618
2023-04-02 09:00:00,-3569.6373359643103,-7246.77935637534,-7626.583307660349
2023-04-02 10:00:00,-3557.056604692951,-7221.239007290896,-7599.704388016153
2023-04-02 11:00:00,-3485.8303107258703,-7076.641338628198,-7447.528350645931
2023-04-02 12:00:00,-3461.44304703062,-7027.132354249123,-7395.424598720257
2023-04-02 13:00:00,-3422.5395549453397,-6948.153736311074,-7312.306708743587
2023-04-02 14:00:00,-3459.3140002000823,-7022.810141327141,-7390.8758584727775
2023-04-02 15:00:00,-3498.798141420964,-7102.967544607549,-7475.234313971488
2023-04-02 16:00:00,-3768.4128900517876,-7650.316871909552,-8051.27023803866
2023-04-02 17:00:00,-3865.5748454090553,-7847.566952530949,-8258.858202059995
2023-04-02 18:00:00,-3708.025379949263,-7527.723196304221,-7922.251423746516
2023-04-02 19:00:00,-3496.281995166692,-7097.85947479066,-7469.858530042648
2023-04-02 20:00:00,-3306.990376960701,-6713.575453181644,-7065.434169857655
2023-04-02 21:00:00,-3131.8278877210055,-6357.975208236696,-6691.196904042299
2023-04-02 22:00:00,-3013.5690137702277,-6117.8959268429235,-6438.535059386849
2023-04-02 23:00:00,-2976.213919379884,-6042.060736484498,-6358.725344135618
2023-04-03 00:00:00,-2993.826943159787,-6077.81722520272,-6396.355831637494
2023-04-03 01:00:00,-3026.9239438890554,-6145.007989717179,-6467.068066393766
2023-04-03 02:00:00,-3160.4732450773313,-6416.128618459737,-6752.398136462932
2023-04-03 03:00:00,-3450.0236140304632,-7003.949575849398,-7371.02681012014
2023-04-03 04:00:00,-3586.476160896745,-7280.964131303749,-7662.559707799505
2023-04-03 05:00:00,-3684.218765389614,-7479.392997267505,-7871.388237342881
2023-04-03 06:00:00,-3670.283186135185,-7451.10214905089,-7841.614664813925
2023-04-03 07:00:00,-3695.2510989660364,-7501.789918772325,-7894.958982261638
2023-04-03 08:00:00,-3649.3798172535417,-7408.665876725969,-7796.95430602049
2023-04-03 09:00:00,-3624.218354710823,-7357.58517855708,-7743.196466732096
2023-04-03 10:00:00,-3615.121518253071,-7339.117541526791,-7723.760940220139
2023-04-03 11:00:00,-3542.3468265910537,-7191.37644528447,-7568.276728124477
2023-04-03 12:00:00,-3538.2822826418455,-7183.124947887957,-7559.592769470198
2023-04-03 13:00:00,-3475.572175996916,-7055.816130913191,-7425.611693089893
2023-04-03 14:00:00,-3506.927229319381,-7119.470539400574,-7492.602231280045
2023-04-03 15:00:00,-3567.3147394219054,-7242.064215005904,-7621.62104557219
2023-04-03 16:00:00,-3796.2840485606453,-7706.898568342781,-8110.817383096573
2023-04-03 17:00:00,-3903.8976883587343,-7925.366785126639,-8340.735526514627
2023-04-03 18:00:00,-3761.0580010008393,-7635.385590906339,-8035.5564080928225
2023-04-03 19:00:00,-3540.2177797605164,-7187.054232362487,-7563.727987876997
2023-04-03 20:00:00,-3355.3778049274674,-6811.807565044889,-7168.814630027643
2023-04-03 21:00:00,-3162.215192484135,-6419.664974486814,-6756.119833029052
2023-04-03 22:00:00,-3068.924231364209,-6230.273462814476,-6556.802305821315
2023-04-03 23:00:00,-2981.826861024029,-6053.4556614606345,-6370.717477515336
2023-04-04 00:00:00,-2982.794609583364,-6055.4203036979,-6372.785086718736
2023-04-04 01:00:00,-3049.375710465635,-6190.587689621725,-6515.03659991264
2023-04-04 02:00:00,-3165.505537585875,-6426.344758093514,-6763.149704320611
2023-04-04 03:00:00,-3434.9267365048318,-6973.301156948065,-7338.772106547103
2023-04-04 04:00:00,-3584.7342134899413,-7277.427775276672,-7658.838011233386
2023-04-04 05:00:00,-3691.573654440562,-7494.324278270718,-7887.10206728872
2023-04-04 06:00:00,-3708.606029084864,-7528.901981646581,-7923.491989268555
2023-04-04 07:00:00,-3664.0895953554386,-7438.5284387323945,-7828.381965912166
2023-04-04 08:00:00,-3595.766547066364,-7299.824696781492,-7682.408756152144
2023-04-04 09:00:00,-3561.8953474896275,-7231.062218477221,-7610.042434033152
2023-04-04 10:00:00,-3522.217656556879,-7150.511886749359,-7525.270456693762
2023-04-04 11:00:00,-3474.7979771494474,-7054.244417123379,-7423.957605727173
2023-04-04 12:00:00,-3456.2172048102093,-7016.523286167892,-7384.259509021898
2023-04-04 13:00:00,-3440.3461284371097,-6984.303153476748,-7350.3507180861425
2023-04-04 14:00:00,-3452.9268597084692,-7009.843502561192,-7377.229637730339
2023-04-04 15:00:00,-3497.05619401416,-7099.431188580472,-7471.512617405368
2023-04-04 16:00:00,-3747.1224217464105,-7607.094742689724,-8005.782835563866
2023-04-04 17:00:00,-3851.4457164427595,-7818.883175866881,-8228.67110769036
2023-04-04 18:00:00,-3692.928502423632,-7497.074777402889,-7889.996720173479
2023-04-04 19:00:00,-3492.411000929351,-7090.0009058416,-7461.588093229049
2023-04-04 20:00:00,-3265.3771889092814,-6629.095836979252,-6976.526974111465
2023-04-04 21:00:00,-3091.7630973645228,-6276.639019613928,-6605.597883021549
2023-04-04 22:00:00,-2978.923615346023,-6047.56173474884,-6364.514649905137
2023-04-04 23:00:00,-2945.2459654811532,-5979.192184892021,-6292.561849626825
2023-04-05 00:00:00,-2955.891199633842,-6000.803249501935,-6315.305550864223
2023-04-05 01:00:00,-2987.439802668174,-6064.850586436771,-6382.709610895055
2023-04-05 02:00:00,-3101.634132669743,-6296.6783704340305,-6626.687496896227
2023-04-05 03:00:00,-3387.700606809268,-6877.426615769537,-7237.872777421196
2023-04-05 04:00:00,-3541.7661774554526,-7190.1976599421105,-7567.036162602437
2023-04-05 05:00:00,-3599.2504418799713,-7306.897408835646,-7689.852149284383
2023-04-05 06:00:00,-3633.8958403041765,-7377.23160092973,-7763.872558766094
2023-04-05 07:00:00,-3627.8957992362975,-7365.050819058687,-7751.053381705015
2023-04-05 08:00:00,-3519.314410878873,-7144.617960037564,-7519.067629083563
2023-04-05 09:00:00,-3470.152784064638,-7044.814134384507,-7414.033081550855
2023-04-05 10:00:00,-3461.636596742487,-7027.525282696576,-7395.838120560937
2023-04-05 11:00:00,-3390.2167530635397,-6882.534685586425,-7243.248561350035
2023-04-05 12:00:00,-3376.087624097244,-6853.850908922358,-7213.061466980398
2023-04-05 13:00:00,-3335.0550851814255,-6770.550078062326,-7125.394836756248
2023-04-05 14:00:00,-3350.5390621307906,-6801.984353858565,-7158.476584010645
2023-04-05 15:00:00,-3406.474928860373,-6915.540675172477,-7277.984395967151
2023-04-05 16:00:00,-3644.5410744568653,-7398.842665539643,-7786.616260003491
2023-04-05 17:00:00,-3770.9290363060595,-7655.424941726441,-8056.6460219675
2023-04-05 18:00:00,-3608.1537286258567,-7324.972117418483,-7708.87415395566
2023-04-05 19:00:00,-3453.7010585559374,-7011.415216351003,-7378.883725093059
2023-04-05 20:00:00,-3245.4415685869735,-6588.624206891595,-6933.934224521431
2023-04-05 21:00:00,-3058.6660966352542,-6209.448255099468,-6534.885648265277
2023-04-05 22:00:00,-2955.891199633842,-6000.803249501935,-6315.305550864223
2023-04-05 23:00:00,-2880.600361717553,-5847.954083442725,-6154.445554839722
2023-04-06 00:00:00,-2897.826286073722,-5882.924715266041,-6191.248998660238
2023-04-06 01:00:00,-2883.503607395559,-5853.84801015452,-6160.648382449921
2023-04-06 02:00:00,-2939.6330238370083,-5967.797259915885,-6280.569716247107
2023-04-06 03:00:00,-3056.5370498047164,-6205.126042177486,-6530.336908017798
2023-04-06 04:00:00,-3174.602374043627,-6444.812395123804,-6782.585230832568
2023-04-06 05:00:00,-3334.2808863339574,-6768.978364272514,-7123.740749393529
2023-04-06 06:00:00,-3400.281338080627,-6902.966964853981,-7264.751697065392
2023-04-06 07:00:00,-3394.668396436482,-6891.572039877845,-7252.759563685673
2023-04-06 08:00:00,-3379.765068622718,-6861.316549423965,-7220.918381953317
2023-04-06 09:00:00,-3304.280680994562,-6708.074454917302,-7059.644864088136
2023-04-06 10:00:00,-3279.8934172993113,-6658.565470538227,-7007.541112162462
2023-04-06 11:00:00,-3260.925545536339,-6620.058482687834,-6967.015971775827
2023-04-06 12:00:00,-3258.2158495702,-6614.5574844234925,-6961.226666006308
2023-04-06 13:00:00,-3284.732160095988,-6668.388681724551,-7017.879158179461
2023-04-06 14:00:00,-3311.8291197573776,-6723.398664367968,-7075.772215874654
2023-04-06 15:00:00,-3328.6679446898124,-6757.583439296378,-7111.74861601381
2023-04-06 16:00:00,-3596.540745913833,-7301.396410571304,-7684.062843514863
2023-04-06 17:00:00,-3705.896333118725,-7523.400983382239,-7917.702683499036
2023-04-06 18:00:00,-3565.3792423032346,-7238.134930531374,-7617.485827165391
2023-04-06 19:00:00,-3373.1843784192374,-6847.956982210563,-7206.858639370199
2023-04-06 20:00:00,-3149.4409115009084,-6393.7316969549165,-6728.827391544175
2023-04-06 21:00:00,-2965.375135515328,-6020.056743427132,-6335.56812105754
2023-04-06 22:00:00,-2913.8909121586885,-5915.537776404638,-6225.571311436674
2023-04-06 23:00:00,-2840.9226707848043,-5767.4037517148645,-6069.673577500332
2023-04-07 00:00:00,-2818.0838047844904,-5721.0381949154125,-6020.8780003000975
2023-04-07 01:00:00,-2836.471027411862,-5758.366397423445,-6060.1625751646925
2023-04-07 02:00:00,-2861.8260396664477,-5809.840024039786,-6114.333936293767
2023-04-07 03:00:00,-2910.0199179213473,-5907.679207455579,-6217.300874623074
2023-04-07 04:00:00,-2985.310755837636,-6060.528373514789,-6378.160870647575
2023-04-07 05:00:00,-3120.9891038564497,-6335.971215179328,-6668.039680964222
2023-04-07 06:00:00,-3153.892554873851,-6402.769051246335,-6738.338393879813
2023-04-07 07:00:00,-3173.053976348691,-6441.66896754418,-6779.277056107128
2023-04-07 08:00:00,-3145.5699172635673,-6385.873128005857,-6720.556954730576
2023-04-07 09:00:00,-3116.7310101953744,-6327.326789335363,-6658.942200469262
2023-04-07 10:00:00,-3082.6662609067707,-6258.171382583638,-6586.1623565095915
2023-04-07 11:00:00,-3041.6337219909524,-6174.870551723606,-6498.495726285441
2023-04-07 12:00:00,-3017.052908583835,-6124.968638897078,-6445.978452519088
2023-04-07 13:00:00,-3078.601716957562,-6249.919885187125,-6577.478397855312
2023-04-07 14:00:00,-3076.08557070329,-6244.811815370237,-6572.102613926473
2023-04-07 15:00:00,-3153.118356026383,-6401.197337456523,-6736.684306517093
2023-04-07 16:00:00,-3372.7972789955033,-6847.171125315657,-7206.031595688839
2023-04-07 17:00:00,-3527.0563993535557,-7160.335097935684,-7535.60850271076
2023-04-07 18:00:00,-3404.7329814535697,-6912.0043191454,-7274.262699401031
2023-04-07 19:00:00,-3250.6674108073844,-6599.233274972826,-6945.099314219789
2023-04-07 20:00:00,-3033.1175346688015,-6157.581700035675,-6480.300765295524
2023-04-07 21:00:00,-2857.955045429106,-5801.981455090727,-6106.063499480168
2023-04-07 22:00:00,-2795.2449387841766,-5674.672638115961,-5972.082423099863
2023-04-07 23:00:00,-2714.1476095118755,-5510.035618633161,-5798.816771854963
2023-04-08 00:00:00,-2737.1800252240564,-5556.794103880066,-5848.025870895877
2023-04-08 01:00:00,-2782.8577572246845,-5649.525217478969,-5945.617025296346
2023-04-08 02:00:00,-2904.6005259890694,-5896.677210926895,-6205.722263084036
2023-04-08 03:00:00,-3197.247690332074,-6490.785023475803,-6830.967286192123
2023-04-08 04:00:00,-3387.3135073855333,-6876.6407588746315,-7237.045733739836
2023-04-08 05:00:00,-3467.249538386632,-7038.920207672712,-7407.830253940655
2023-04-08 06:00:00,-3523.1854051162145,-7152.4765289866245,-7527.338065897162
2023-04-08 07:00:00,-3462.6043453018224,-7029.489924933841,-7397.905729764337
2023-04-08 08:00:00,-3414.0233676231887,-6930.864884623143,-7294.111747753669
2023-04-08 09:00:00,-3363.3133431140172,-6827.917631390462,-7185.769025495521
2023-04-08 10:00:00,-3372.4101795717693,-6846.385268420751,-7205.204552007479
2023-04-08 11:00:00,-3327.1195469948757,-6754.440011716754,-7108.4404412883705
2023-04-08 12:00:00,-3357.119752334271,-6815.343921071966,-7172.536326593763
2023-04-08 13:00:00,-3322.280804198199,-6744.616800530429,-7098.102395271371
2023-04-08 14:00:00,-3301.958084452157,-6703.359313547866,-7054.682601999976
2023-04-08 15:00:00,-3355.1842552156004,-6811.414636597437,-7168.401108186963
2023-04-08 16:00:00,-3566.3469908625702,-7240.0995727686395,-7619.55343636879
2023-04-08 17:00:00,-3688.6704087625562,-7488.430351558924,-7880.89923967852
2023-04-08 18:00:00,-3541.7661774554526,-7190.1976599421105,-7567.036162602437
2023-04-08 19:00:00,-3312.4097688929787,-6724.5774497103275,-7077.012781396694
2023-04-08 20:00:00,-3074.537173008354,-6241.6683877906125,-6568.794439201033
2023-04-08 21:00:00,-2928.0200411249843,-5944.221553068705,-6255.75840580631
2023-04-08 22:00:00,-2846.9227118526833,-5779.584533585907,-6082.49275456141
2023-04-08 23:00:00,-2794.0836405129744,-5672.315067431243,-5969.601292055783
2023-04-09 00:00:00,-2830.2774366321155,-5745.79268710495,-6046.929876262934
2023-04-09 01:00:00,-2827.954840089711,-5741.077545735514,-6041.967614174775
2023-04-09 02:00:00,-2976.213919379884,-6042.060736484498,-6358.725344135618
2023-04-09 03:00:00,-3254.731954756593,-6607.484772369338,-6953.783272874069
2023-04-09 04:00:00,-3388.474805656736,-6878.998329559349,-7239.526864783915
2023-04-09 05:00:00,-3501.894936810837,-7109.254399766796,-7481.850663422367
2023-04-09 06:00:00,-3505.765931048178,-7117.112968715856,-7490.121100235966
2023-04-09 07:00:00,-3509.6369252855197,-7124.971537664916,-7498.391537049565
2023-04-09 08:00:00,-3365.829489368289,-6833.02570120735,-7191.144809424361
2023-04-09 09:00:00,-3341.2486759611716,-6783.123788380822,-7138.627535658007
2023-04-09 10:00:00,-3370.668232164966,-6842.848912393675,-7201.48285544136
2023-04-09 11:00:00,-3295.570943960544,-6690.392674781918,-7041.036381257538
2023-04-09 12:00:00,-3274.280475655167,-6647.1705455620895,-6995.548978782744
2023-04-09 13:00:00,-3256.4739021633964,-6611.021128396415,-6957.504969440188
2023-04-09 14:00:00,-3250.6674108073844,-6599.233274972826,-6945.099314219789
2023-04-09 15:00:00,-3292.667698282538,-6684.498748070123,-7034.833553647339
2023-04-09 16:00:00,-3515.2498669296647,-7136.366462641052,-7510.3836704292835
2023-04-09 17:00:00,-3670.089636423318,-7450.709220603438,-7841.201142973245
2023-04-09 18:00:00,-3513.895018946595,-7133.615963508882,-7507.489017544523
2023-04-09 19:00:00,-3274.280475655167,-6647.1705455620895,-6995.548978782744
2023-04-09 20:00:00,-3043.569219109623,-6178.799836198135,-6502.630944692241
2023-04-09 21:00:00,-2886.987502209166,-5860.920722208673,-6168.09177558216
2023-04-09 22:00:00,-2766.0189322922497,-5615.3404425505605,-5909.640625157191
2023-04-09 23:00:00,-2751.696253614087,-5586.26373743904,-5879.040008946874
2023-04-10 00:00:00,-2755.567247851428,-5594.122306388099,-5887.310445760473
2023-04-10 01:00:00,-2789.4384474281646,-5662.884784692371,-5959.676767879464
2023-04-10 02:00:00,-2905.3747248365376,-5898.248924716707,-6207.376350446755
2023-04-10 03:00:00,-3203.6348308236875,-6503.751662241752,-6844.613506934561
2023-04-10 04:00:00,-3355.1842552156004,-6811.414636597437,-7168.401108186963
2023-04-10 05:00:00,-3394.087747300881,-6890.3932545354855,-7251.518998163634
2023-04-10 06:00:00,-3442.2816255557805,-6988.232437951278,-7354.485936492942
2023-04-10 07:00:00,-3413.4427184875876,-6929.686099280783,-7292.871182231629
2023-04-10 08:00:00,-3369.119834470029,-6839.705484814051,-7198.17468071592
2023-04-10 09:00:00,-3385.765109690597,-6873.497331295007,-7233.737559014396
2023-04-10 10:00:00,-3381.700565741389,-6865.245833898494,-7225.053600360116
2023-04-10 11:00:00,-3346.2809684697154,-6793.339928014599,-7149.3791035156855
2023-04-10 12:00:00,-3339.5067285543682,-6779.587432353745,-7134.905839091887
2023-04-10 13:00:00,-3321.3130556388637,-6742.652158293165,-7096.034786067972
2023-04-10 14:00:00,-3304.667780418296,-6708.860311812208,-7060.471907769496
2023-04-10 15:00:00,-3324.796950452471,-6749.724870347318,-7103.478179200211
2023-04-10 16:00:00,-3536.5403352350418,-7179.58859186088,-7555.871072904078
2023-04-10 17:00:00,-3678.2187243217345,-7467.212215396463,-7858.569060281803
2023-04-10 18:00:00,-3456.7978539458104,-7017.702071510252,-7385.500074543938
2023-04-10 19:00:00,-3221.8285037391915,-6540.686936302332,-6883.484559958477
2023-04-10 20:00:00,-3046.472464787629,-6184.69376290993,-6508.833772302441
2023-04-10 21:00:00,-2871.116425836067,-5828.700589517529,-6134.182984646404
2023-04-10 22:00:00,-2800.4707810045875,-5685.281706197191,-5983.247512798222
2023-04-10 23:00:00,-2753.244651309023,-5589.407165018663,-5882.348183672313
2023-04-11 00:00:00,-2746.083311969942,-5574.868812462903,-5867.047875567156
2023-04-11 01:00:00,-2780.1480612585456,-5644.024219214628,-5939.8277195268265
2023-04-11 02:00:00,-2897.6327363618548,-5882.5317868185875,-6190.835476819558
2023-04-11 03:00:00,-3198.0218891795425,-6492.356737265615,-6832.621373554843
2023-04-11 04:00:00,-3380.732817182053,-6863.28119166123,-7222.985991156717
2023-04-11 05:00:00,-3521.2499079975437,-7148.547244512094,-7523.202847490362
2023-04-11 06:00:00,-3571.572833082981,-7250.70864084987,-7630.7185260671495
2023-04-11 07:00:00,-3574.088979337253,-7255.816710666759,-7636.094309995989
2023-04-11 08:00:00,-3502.475585946438,-7110.433185109156,-7483.091228944407
2023-04-11 09:00:00,-3499.378790556565,-7104.146329949907,-7476.474879493528
2023-04-11 10:00:00,-3490.47550381068,-7086.07162136707,-7457.452874822249
2023-04-11 11:00:00,-3442.0880758439134,-6987.839509503825,-7354.072414652262
2023-04-11 12:00:00,-3455.0559065390066,-7014.165715483175,-7381.778377977818
2023-04-11 13:00:00,-3400.08778836876,-6902.574036406528,-7264.338175224712
2023-04-11 14:00:00,-3421.18470696227,-6945.403237178903,-7309.4120558588265
2023-04-11 15:00:00,-3449.830064318596,-7003.556647401944,-7370.61328827946
2023-04-11 16:00:00,-3608.540828049591,-7325.757974313389,-7709.70119763702
2023-04-11 17:00:00,-3678.4122740336015,-7467.605143843915,-7858.982582122483
2023-04-11 18:00:00,-3514.8627675059306,-7135.580605746146,-7509.5566267479235
2023-04-11 19:00:00,-3292.861247994405,-6684.891676517576,-7035.247075488019
2023-04-11 20:00:00,-3086.730804855979,-6266.42287998015,-6594.846315163871
2023-04-11 21:00:00,-2934.0200821928634,-5956.4023349397485,-6268.577582867389
2023-04-11 22:00:00,-2799.6965821571193,-5683.709992407379,-5981.593425435502
2023-04-11 23:00:00,-2774.3415699025336,-5632.236365791038,-5927.422064306428
2023-04-12 00:00:00,-2753.051101597156,-5589.014236571211,-5881.934661831633
2023-04-12 01:00:00,-2761.180189495573,-5605.517231364236,-5899.3025791401915
2023-04-12 02:00:00,-2925.5038948707124,-5939.113483251817,-6250.38262187747
2023-04-12 03:00:00,-3235.3769835698863,-6568.1919276240405,-6912.431088806074
2023-04-12 04:00:00,-3417.507262436796,-6937.937596677296,-7301.555140885907
2023-04-12 05:00:00,-3542.1532768791867,-7190.983516837016,-7567.863206283797
2023-04-12 06:00:00,-3605.0569332359837,-7318.685262259235,-7702.257804504781
2023-04-12 07:00:00,-3611.2505240157298,-7331.258972577731,-7715.49050340654
2023-04-12 08:00:00,-3563.4437451845642,-7234.205646056845,-7613.350608758591
2023-04-12 09:00:00,-3559.5727509472226,-7226.347077107785,-7605.080171944993
2023-04-12 10:00:00,-3559.959850370957,-7227.1329340026905,-7605.907215626352
2023-04-12 11:00:00,-3535.7661363875736,-7178.016878071068,-7554.216985541359
2023-04-12 12:00:00,-3484.281913030934,-7073.497911048575,-7444.220175920491
2023-04-12 13:00:00,-3455.636555674608,-7015.344500825534,-7383.018943499858
2023-04-12 14:00:00,-3493.76584891242,-7092.751404973771,-7464.482746113808
2023-04-12 15:00:00,-3491.249702658148,-7087.643335156882,-7459.106962184969
2023-04-12 16:00:00,-3611.2505240157298,-7331.258972577731,-7715.49050340654
2023-04-12 17:00:00,-3701.057590322049,-7513.577772195915,-7907.364637482037
2023-04-12 18:00:00,-3556.6695052692166,-7220.45315039599,-7598.877344334793
2023-04-12 19:00:00,-3352.0874598257274,-6805.127781438188,-7161.784758736084
2023-04-12 20:00:00,-3118.8600570259123,-6331.649002257345,-6663.490940716742
2023-04-12 21:00:00,-2936.149129023401,-5960.7245478617315,-6273.126323114868
2023-04-12 22:00:00,-2817.5031556488893,-5719.859409573053,-6019.6374347780575
2023-04-12 23:00:00,-2748.018809088612,-5578.798096937433,-5871.183093973955
2023-04-13 00:00:00,-2772.986721919464,-5629.485866658868,-5924.527411421668
2023-04-13 01:00:00,-2782.083558377216,-5647.9535036891575,-5943.962937933627
2023-04-13 02:00:00,-2850.987255801892,-5787.836030982419,-6091.176713215689
2023-04-13 03:00:00,-2964.020287532259,-6017.30624429496,-6332.673468172781
2023-04-13 04:00:00,-3120.4084547208486,-6334.79242983697,-6666.799115442182
2023-04-13 05:00:00,-3337.9583308594315,-6776.444004774121,-7131.597664366448
2023-04-13 06:00:00,-3427.7653971657505,-6958.762804392304,-7323.471798441945
2023-04-13 07:00:00,-3513.314369810994,-7132.437178166522,-7506.248452022484
2023-04-13 08:00:00,-3494.9271471836228,-7095.108975658489,-7466.963877157888
2023-04-13 09:00:00,-3422.5395549453397,-6948.153736311074,-7312.306708743587
2023-04-13 10:00:00,-3382.668314300724,-6867.21047613576,-7227.1212095635165
2023-04-13 11:00:00,-3355.7649043512015,-6812.593421939795,-7169.641673709003
2023-04-13 12:00:00,-3385.184460554996,-6872.3185459526485,-7232.496993492356
2023-04-13 13:00:00,-3376.668273232845,-6855.029694264717,-7214.302032502438
2023-04-13 14:00:00,-3339.8938279781023,-6780.3732892486505,-7135.732882773247
2023-04-13 15:00:00,-3380.345717758319,-6862.495334766324,-7222.158947475357
2023-04-13 16:00:00,-3548.3468676589328,-7203.557227155512,-7581.095905185555
2023-04-13 17:00:00,-3597.895593896902,-7304.146909703475,-7686.957496399623
2023-04-13 18:00:00,-3536.1532358113077,-7178.802734965974,-7555.044029222719
2023-04-13 19:00:00,-3300.4096867572207,-6700.215885968242,-7051.374427274537
2023-04-13 20:00:00,-3067.375833669272,-6227.130035234853,-6553.494131095875
2023-04-13 21:00:00,-2952.600854532102,-5994.123465895234,-6308.275679572664
2023-04-13 22:00:00,-2826.2128926829073,-5737.541189708438,-6038.245917608655
2023-04-13 23:00:00,-2778.2125641398748,-5640.094934740098,-5935.692501120027
2023-04-14 00:00:00,-2777.6319150042737,-5638.916149397739,-5934.451935597987
2023-04-14 01:00:00,-2774.1480201906666,-5631.843437343586,-5927.008542465748
2023-04-14 02:00:00,-2812.8579625640796,-5710.429126834182,-6009.712910601738
2023-04-14 03:00:00,-2889.310098751571,-5865.63586357811,-6173.054037670319
2023-04-14 04:00:00,-2992.8591946004517,-6075.8525829654545,-6394.288222434094
2023-04-14 05:00:00,-3174.989473467361,-6445.59825201871,-6783.412274513928
2023-04-14 06:00:00,-3275.054674502635,-6648.742259351902,-6997.203066145464
2023-04-14 07:00:00,-3311.4420203336435,-6722.612807473062,-7074.945172193295
2023-04-14 08:00:00,-3312.0226694692446,-6723.791592815422,-7076.185737715334
2023-04-14 09:00:00,-3279.6998675874443,-6658.172542090773,-7007.127590321782
2023-04-14 10:00:00,-3284.151510960387,-6667.209896382192,-7016.638592657421
2023-04-14 11:00:00,-3274.280475655167,-6647.1705455620895,-6995.548978782744
2023-04-14 12:00:00,-3280.086967011179,-6658.958398985679,-7007.954634003142
2023-04-14 13:00:00,-3325.9582487236735,-6752.082441032036,-7105.9593102442905
2023-04-14 14:00:00,-3338.9260794187667,-6778.408647011386,-7133.665273569847
2023-04-14 15:00:00,-3350.5390621307906,-6801.984353858565,-7158.476584010645
2023-04-14 16:00:00,-3490.669053522547,-7086.464549814524,-7457.866396662929
2023-04-14 17:00:00,-3668.1541393046473,-7446.779936128907,-7837.065924566446
2023-04-14 18:00:00,-3542.540376302921,-7191.769373731922,-7568.690249965157
2023-04-14 19:00:00,-3312.796868316713,-6725.363306605233,-7077.839825078054
2023-04-14 20:00:00,-3146.5376658229025,-6387.837770243122,-6722.624563933975
2023-04-14 21:00:00,-2960.1492932949172,-6009.447675345901,-6324.403031359182
2023-04-14 22:00:00,-2851.955004361227,-5789.800673219684,-6093.244322419089
2023-04-14 23:00:00,-2815.7612082420856,-5716.323053545976,-6015.915738211937
2023-04-15 00:00:00,-2831.632284615185,-5748.543186237121,-6049.824529147694
2023-04-15 01:00:00,-2840.7291210729372,-5767.010823267411,-6069.260055659652
2023-04-15 02:00:00,-3018.2142068550374,-6127.326209581795,-6448.459583563167
2023-04-15 03:00:00,-3352.8616586731955,-6806.699495228,-7163.438846098804
2023-04-15 04:00:00,-3575.2502776084552,-7258.174281351477,-7638.575441040069
2023-04-15 05:00:00,-3791.2517560521014,-7696.682428709004,-8100.065815238894
2023-04-15 06:00:00,-3850.09086845969,-7816.13267673471,-8225.7764548056
2023-04-15 07:00:00,-3942.2205313084137,-8003.16661772233,-8422.612850969257
2023-04-15 08:00:00,-3874.2845824430733,-7865.248732666333,-8277.466684890594
2023-04-15 09:00:00,-3835.961739493394,-7787.448900070643,-8195.589360435963
2023-04-15 10:00:00,-3802.6711890522583,-7719.86520710873,-8124.463603839012
2023-04-15 11:00:00,-3746.5417726108094,-7605.915957347365,-8004.542270041826
2023-04-15 12:00:00,-3744.2191760684045,-7601.200815977929,-7999.580007953667
2023-04-15 13:00:00,-3718.4770643900847,-7548.941332466683,-7944.581603143232
2023-04-15 14:00:00,-3690.993005304961,-7493.145492928359,-7885.86150176668
2023-04-15 15:00:00,-3709.186678220465,-7530.08076698894,-7924.732554790595
2023-04-15 16:00:00,-3753.3160125261566,-7619.668453008219,-8019.015534465624
2023-04-15 17:00:00,-3885.316916019496,-7887.645654171153,-8301.037429809352
2023-04-15 18:00:00,-3722.73515805116,-7557.585758310648,-7953.6790836381915
2023-04-15 19:00:00,-3503.8304339295078,-7113.183684241326,-7485.985881829166
2023-04-15 20:00:00,-3242.7318726208346,-6583.123208627254,-6928.144918751911
2023-04-15 21:00:00,-3066.795184533671,-6225.951249892493,-6552.253565573836
2023-04-15 22:00:00,-3010.6657680922217,-6112.002000131129,-6432.33223177665
2023-04-15 23:00:00,-2973.117123990011,-6035.773881325251,-6352.108994684739
2023-04-16 00:00:00,-2946.4072637523554,-5981.549755576739,-6295.042980670905
2023-04-16 01:00:00,-2968.471930905201,-6026.343598586379,-6342.1844705084195
2023-04-16 02:00:00,-3116.7310101953744,-6327.326789335363,-6658.942200469262
2023-04-16 03:00:00,-3455.636555674608,-7015.344500825534,-7383.018943499858
2023-04-16 04:00:00,-3673.186431813191,-7456.996075762685,-7847.817492424124
2023-04-16 05:00:00,-3840.6069325782037,-7796.8791828095145,-8205.513884612283
2023-04-16 06:00:00,-3919.188115596233,-7956.408132475424,-8373.403751928343
2023-04-16 07:00:00,-4012.091977292425,-8145.013787252856,-8571.89423545472
2023-04-16 08:00:00,-3963.3174499019237,-8045.9958184947045,-8467.686731603371
2023-04-16 09:00:00,-3956.5432099865766,-8032.2433228338505,-8453.213467179574
2023-04-16 10:00:00,-3970.8658886647395,-8061.32002794537,-8483.81408338989
2023-04-16 11:00:00,-3929.446250325187,-7977.2333401904325,-8395.32040948438
2023-04-16 12:00:00,-3906.8009340367403,-7931.260711838434,-8346.938354124826
2023-04-16 13:00:00,-3805.961534153999,-7726.544990715431,-8131.493475130571
2023-04-16 14:00:00,-3823.381008222035,-7761.908550986199,-8168.710440791767
2023-04-16 15:00:00,-3813.703522628681,-7742.26212861355,-8148.034348757769
2023-04-16 16:00:00,-3926.155905223447,-7970.553556583732,-8388.290538192821
2023-04-16 17:00:00,-3981.7046725292953,-8083.324021002738,-8506.971306467967
2023-04-16 18:00:00,-3816.219668882953,-7747.370198430438,-8153.410132686608
2023-04-16 19:00:00,-3600.605289863041,-7309.6479079678165,-7692.746802169142
2023-04-16 20:00:00,-3326.5388978592746,-6753.261226374395,-7107.1998757663305
2023-04-16 21:00:00,-3191.054099552328,-6478.211313157308,-6817.734587290364
2023-04-16 22:00:00,-3044.5369676689584,-6180.764478435401,-6504.6985538956405
2023-04-16 23:00:00,-3031.762686685732,-6154.831200903504,-6477.406112410764
2023-04-17 00:00:00,-3024.2142479229165,-6139.506991452838,-6461.2787606242455
2023-04-17 01:00:00,-3053.827353838578,-6199.625043913144,-6524.547602248278
2023-04-17 02:00:00,-3198.2154388914096,-6492.749665713068,-6833.034895395523
2023-04-17 03:00:00,-3484.475462742801,-7073.890839496028,-7444.633697761171
2023-04-17 04:00:00,-3691.573654440562,-7494.324278270718,-7887.10206728872
2023-04-17 05:00:00,-3880.0910737990853,-7877.036586089922,-8289.872340110993
2023-04-17 06:00:00,-3942.2205313084137,-8003.16661772233,-8422.612850969257
2023-04-17 07:00:00,-3970.2852395291384,-8060.141242603012,-8482.57351786785
2023-04-17 08:00:00,-3920.930063003036,-7959.944488502501,-8377.125448494462
2023-04-17 09:00:00,-3879.510424663484,-7875.8578007475635,-8288.631774588952
2023-04-17 10:00:00,-3836.155289205261,-7787.841828518095,-8196.002882276644
2023-04-17 11:00:00,-3793.7679023063733,-7701.790498525893,-8105.441599167734
2023-04-17 12:00:00,-3732.9932927801146,-7578.410966025656,-7975.595741194229
2023-04-17 13:00:00,-3714.412520440876,-7540.68983507017,-7935.897644488954
2023-04-17 14:00:00,-3650.7346652366114,-7411.416375858139,-7799.84895890525
2023-04-17 15:00:00,-3664.476694779173,-7439.3142956273,-7829.209009593526
2023-04-17 16:00:00,-3797.638896543715,-7709.649067474952,-8113.712035981333
2023-04-17 17:00:00,-3915.7042207826253,-7949.335420421271,-8365.960358796103
2023-04-17 18:00:00,-3772.8645334247303,-7659.3542262009705,-8060.781240374299
2023-04-17 19:00:00,-3557.6372538285523,-7222.417792633255,-7600.944953538193
2023-04-17 20:00:00,-3298.47418963855,-6696.286601493713,-7047.239208867737
2023-04-17 21:00:00,-3102.4083315172115,-6298.250084223842,-6628.341584258947
2023-04-17 22:00:00,-2998.4721362445966,-6087.247507941591,-6406.280355813812
2023-04-17 23:00:00,-2963.633188108525,-6016.5203874000545,-6331.846424491421
2023-04-18 00:00:00,-2956.278299057576,-6001.589106396841,-6316.132594545583
2023-04-18 01:00:00,-3014.149662905829,-6119.074712185283,-6439.775624908888
2023-04-18 02:00:00,-3144.795718416099,-6384.3014142160455,-6718.902867367856
2023-04-18 03:00:00,-3424.6686017758775,-6952.475949233057,-7316.855448991066
2023-04-18 04:00:00,-3510.024024709254,-7125.7573945598215,-7499.218580730925
2023-04-18 05:00:00,-3668.7347884402484,-7447.9587214712665,-7838.306490088486
2023-04-18 06:00:00,-3647.6378698467383,-7405.129520698892,-7793.2326094543705
2023-04-18 07:00:00,-3626.928050676962,-7363.086176821423,-7748.985772501615
2023-04-18 08:00:00,-3553.3791601674766,-7213.773366789289,-7591.847473043234
2023-04-18 09:00:00,-3553.1856104556095,-7213.380438341836,-7591.4339512025535
2023-04-18 10:00:00,-3528.7983467603594,-7163.871453962761,-7539.33019927688
2023-04-18 11:00:00,-3459.3140002000823,-7022.810141327141,-7390.8758584727775
2023-04-18 12:00:00,-3432.0234908268258,-6967.40723023627,-7332.569278936904
2023-04-18 13:00:00,-3413.8298179113217,-6930.471956175689,-7293.698225912989
2023-04-18 14:00:00,-3408.0233265553097,-6918.6841027521,-7281.29257069259
2023-04-18 15:00:00,-3449.830064318596,-7003.556647401944,-7370.61328827946
2023-04-18 16:00:00,-3648.2185189823394,-7406.30830604125,-7794.4731749764105
2023-04-18 17:00:00,-3875.2523310024085,-7867.2133749035975,-8279.534294093994
2023-04-18 18:00:00,-3712.4770233222057,-7536.76055059564,-7931.762426082154
2023-04-18 19:00:00,-3543.8952242859905,-7194.5198728640935,-7571.584902849916
2023-04-18 20:00:00,-3276.9901716213053,-6652.671543826432,-7001.338284552263
2023-04-18 21:00:00,-3075.311371855822,-6243.240101580424,-6570.448526563753
2023-04-18 22:00:00,-2968.859030328935,-6027.129455481285,-6343.0115141897795
2023-04-18 23:00:00,-2891.6326952939758,-5870.351004947545,-6178.016299758479
2023-04-19 00:00:00,-2903.632777429734,-5894.71256868963,-6203.654653880636
2023-04-19 01:00:00,-2938.471725565806,-5965.439689231167,-6278.088585203027
2023-04-19 02:00:00,-3065.246786838735,-6222.80782231287,-6548.945390848396
2023-04-19 03:00:00,-3397.958741538222,-6898.251823484545,-7259.789434977232
2023-04-19 04:00:00,-3461.636596742487,-7027.525282696576,-7395.838120560937
2023-04-19 05:00:00,-3529.5725456078276,-7165.443167752573,-7540.9842866396
2023-04-19 06:00:00,-3550.2823647776036,-7207.486511630042,-7585.231123592354
2023-04-19 07:00:00,-3611.2505240157298,-7331.258972577731,-7715.49050340654
2023-04-19 08:00:00,-3531.5080427264984,-7169.372452227102,-7545.119505046399
2023-04-19 09:00:00,-3520.8628085738096,-7147.761387617188,-7522.375803809002
2023-04-19 10:00:00,-3527.4434987772897,-7161.12095483059,-7536.43554639212
2023-04-19 11:00:00,-3503.6368842176407,-7112.790755793873,-7485.572359988486
2023-04-19 12:00:00,-3478.088322251188,-7060.92420073008,-7430.9874770187325
2023-04-19 13:00:00,-3452.346210572868,-7008.664717218833,-7375.989072208299
2023-04-19 14:00:00,-3440.5396781489767,-6984.696081924201,-7350.7642399268225
2023-04-19 15:00:00,-3476.9270239799853,-7058.566630045361,-7428.506345974653
2023-04-19 16:00:00,-3422.7331046572067,-6948.546664758527,-7312.720230584267
2023-04-19 17:00:00,-3790.4775572046333,-7695.110714919192,-8098.411727876175
2023-04-19 18:00:00,-3654.6056594739525,-7419.274944807199,-7808.119395718849
2023-04-19 19:00:00,-3460.862397895019,-7025.953568906764,-7394.184033198217
2023-04-19 20:00:00,-3235.5705332817533,-6568.584856071494,-6912.844610646754
2023-04-19 21:00:00,-3073.375874737151,-6239.310817105895,-6566.313308156954
2023-04-19 22:00:00,-2949.697608854096,-5988.22953918344,-6302.0728519624645
2023-04-19 23:00:00,-2892.9875432770455,-5873.1015040797165,-6180.9109526432385
2023-04-20 00:00:00,-2877.50356632768,-5841.667228283478,-6147.829205388843
2023-04-20 01:00:00,-2912.3425144637517,-5912.394348825014,-6222.2631367112335
2023-04-20 02:00:00,-2956.858948193177,-6002.7678917392,-6317.373160067623
2023-04-20 03:00:00,-3119.0536067377793,-6332.041930704799,-6663.904462557422
2023-04-20 04:00:00,-3209.054222755965,-6514.753658770435,-6856.1921184736
2023-04-20 05:00:00,-3356.926202622404,-6814.950992624513,-7172.122804753083
2023-04-20 06:00:00,-3398.345840961956,-6899.037680379452,-7260.616478658592
2023-04-20 07:00:00,-3396.603893555153,-6895.5013243523745,-7256.894782092473
2023-04-20 08:00:00,-3392.345799894077,-6886.856898508408,-7247.797301597514
2023-04-20 09:00:00,-3376.668273232845,-6855.029694264717,-7214.302032502438
2023-04-20 10:00:00,-3343.9583719273105,-6788.624786645163,-7144.416841427526
2023-04-20 11:00:00,-3308.151675231903,-6715.9330238663615,-7067.9153009017355
2023-04-20 12:00:00,-3248.1512645531125,-6594.125205155938,-6939.72353029095
2023-04-20 13:00:00,-3299.054838774151,-6697.465386836072,-7048.479774389777
2023-04-20 14:00:00,-3268.4739842991544,-6635.382692138501,-6983.143323562345
2023-04-20 15:00:00,-3305.248429553897,-6710.039097154567,-7061.712473291535
2023-04-20 16:00:00,-3462.0236961662213,-7028.311139591482,-7396.665164242297
2023-04-20 17:00:00,-3734.348140763184,-7581.1614651578275,-7978.490394078989
2023-04-20 18:00:00,-3651.1217646603454,-7412.202232753045,-7800.67600258661
2023-04-20 19:00:00,-3428.7331457250857,-6960.727446629569,-7325.539407645345
2023-04-20 20:00:00,-3180.215315687772,-6456.207320099941,-6794.577364212287
2023-04-20 21:00:00,-2973.891322837479,-6037.345595115063,-6353.763082047459
2023-04-20 22:00:00,-2876.922917192079,-5840.488442941119,-6146.588639866803
2023-04-20 23:00:00,-2818.4709042082245,-5721.824051810318,-6021.7050439814575
2023-04-21 00:00:00,-2821.1806001743635,-5727.32505007466,-6027.494349750977
2023-04-21 01:00:00,-2818.4709042082245,-5721.824051810318,-6021.7050439814575
2023-04-21 02:00:00,-2848.664659259487,-5783.120889612984,-6086.21445112753
2023-04-21 03:00:00,-2923.7619474639087,-5935.57712722474,-6246.660925311351
2023-04-21 04:00:00,-2991.504346617382,-6073.102083833283,-6391.393569549334
2023-04-21 05:00:00,-3096.214740737465,-6285.676373905347,-6615.108885357188
2023-04-21 06:00:00,-3133.5698351278093,-6361.511564263772,-6694.918600608418
2023-04-21 07:00:00,-3146.7312155347695,-6388.230698690575,-6723.038085774655
2023-04-21 08:00:00,-3105.6986766189516,-6304.929867830543,-6635.371455550506
2023-04-21 09:00:00,-3084.795307737308,-6262.493595505621,-6590.711096757071
2023-04-21 10:00:00,-3114.0213142292355,-6321.825791071021,-6653.152894699743
2023-04-21 11:00:00,-3063.891938855665,-6220.057323180699,-6546.050737963636
2023-04-21 12:00:00,-3059.4402954827224,-6211.01996888928,-6536.539735627997
2023-04-21 13:00:00,-3093.311495059459,-6279.782447193552,-6608.906057746989
2023-04-21 14:00:00,-3063.504839431931,-6219.2714662857925,-6545.2236942822765
2023-04-21 15:00:00,-3138.2150282126186,-6370.941847002644,-6704.8431247847375
2023-04-21 16:00:00,-3363.8939922496183,-6829.09641673282,-7187.009591017561
2023-04-21 17:00:00,-3583.572915218739,-7275.070204591954,-7656.356880189306
2023-04-21 18:00:00,-3443.4429238269827,-6990.590008635996,-7356.967067537022
2023-04-21 19:00:00,-3293.054797706272,-6685.284604965029,-7035.660597328699
2023-04-21 20:00:00,-3062.92419029633,-6218.092680943434,-6543.9831287602365
2023-04-21 21:00:00,-2928.6006902605855,-5945.400338411065,-6256.998971328349
2023-04-21 22:00:00,-2832.0193840389193,-5749.3290431320265,-6050.651572829054
2023-04-21 23:00:00,-2777.8254647161407,-5639.309077845192,-5934.865457438667
2023-04-22 00:00:00,-2781.309359529748,-5646.381789899346,-5942.3088505709065
2023-04-22 01:00:00,-2824.0838458523694,-5733.218976786455,-6033.697177361176
2023-04-22 02:00:00,-2944.084667209951,-5976.834614207303,-6290.080718582746
2023-04-22 03:00:00,-3229.7640419257414,-6556.797002647904,-6900.438955426354
2023-04-22 04:00:00,-3399.894238656893,-6902.181107959075,-7263.924653384032
2023-04-22 05:00:00,-3550.0888150657365,-7207.093583182589,-7584.817601751674
2023-04-22 06:00:00,-3590.927804269688,-7290.001485595168,-7672.0707101351445
2023-04-22 07:00:00,-3574.28252904912,-7256.209639114211,-7636.507831836669
2023-04-22 08:00:00,-3545.0565225571927,-7196.877443548811,-7574.066033893996
2023-04-22 09:00:00,-3532.4757912858336,-7171.3370944643675,-7547.187114249799
2023-04-22 10:00:00,-3500.3465391159,-7106.110972187173,-7478.542488696927
2023-04-22 11:00:00,-3422.9266543690737,-6948.93959320598,-7313.133752424947
2023-04-22 12:00:00,-3413.2491687757206,-6929.293170833331,-7292.457660390949
2023-04-22 13:00:00,-3377.829571504047,-6857.387264949435,-7216.783163546517
2023-04-22 14:00:00,-3346.2809684697154,-6793.339928014599,-7149.3791035156855
2023-04-22 15:00:00,-3371.248881300567,-6844.027697736034,-7202.723420963399
2023-04-22 16:00:00,-3512.1530715397917,-7130.0796074818045,-7503.767320978404
2023-04-22 17:00:00,-3755.4450593566944,-7623.990665930202,-8023.564274713103
2023-04-22 18:00:00,-3628.2828986600316,-7365.836675953593,-7751.8804253863755
2023-04-22 19:00:00,-3398.9264900975577,-6900.21646572181,-7261.857044180632
2023-04-22 20:00:00,-3143.2473207211624,-6381.157986636422,-6715.594692642416
2023-04-22 21:00:00,-2961.117041854253,-6011.4123175831655,-6326.470640562582
2023-04-22 22:00:00,-2852.148554073094,-5790.193601667137,-6093.657844259768
2023-04-22 23:00:00,-2815.3741088183515,-5715.53719665107,-6015.088694530578
2023-04-23 00:00:00,-2824.4709452761035,-5734.004833681361,-6034.524221042536
2023-04-23 01:00:00,-2815.3741088183515,-5715.53719665107,-6015.088694530578
2023-04-23 02:00:00,-2974.084872549346,-6037.738523562515,-6354.176603888139
2023-04-23 03:00:00,-3278.732119028109,-6656.207899853509,-7005.059981118382
2023-04-23 04:00:00,-3418.6685607079985,-6940.295167362015,-7304.036271929987
2023-04-23 05:00:00,-3468.4108366578344,-7041.27777835743,-7410.311384984735
2023-04-23 06:00:00,-3461.249497318753,-7026.73942580167,-7395.011076879577
2023-04-23 07:00:00,-3448.6687660473935,-7001.1990767172265,-7368.13215723538
2023-04-23 08:00:00,-3363.11979340215,-6827.524702943008,-7185.355503654841
2023-04-23 09:00:00,-3321.893704774465,-6743.830943635523,-7097.275351590011
2023-04-23 10:00:00,-3298.47418963855,-6696.286601493713,-7047.239208867737
2023-04-23 11:00:00,-3285.6999086553237,-6670.3533239618155,-7019.94676738286
2023-04-23 12:00:00,-3279.8934172993113,-6658.565470538227,-7007.541112162462
2023-04-23 13:00:00,-3265.7642883330154,-6629.881693874158,-6977.354017792825
2023-04-23 14:00:00,-3255.119054180327,-6608.270629264245,-6954.610316555429
2023-04-23 15:00:00,-3303.893581570828,-6707.288598022396,-7058.817820406776
2023-04-23 16:00:00,-3449.4429648948617,-7002.770790507038,-7369.7862445981
2023-04-23 17:00:00,-3729.8964973902416,-7572.124110866409,-7968.97939174335
2023-04-23 18:00:00,-3590.7342545578203,-7289.608557147715,-7671.6571882944645
2023-04-23 19:00:00,-3355.7649043512015,-6812.593421939795,-7169.641673709003
2023-04-23 20:00:00,-3119.4407061615134,-6332.827787599705,-6664.7315062387825
2023-04-23 21:00:00,-2934.4071816165974,-5957.188191834654,-6269.404626548749
2023-04-23 22:00:00,-2828.9225886490462,-5743.042187972779,-6044.035223378174
2023-04-23 23:00:00,-2754.599499292093,-5592.1576641508345,-5885.242836557073
2023-04-24 00:00:00,-2757.502744970099,-5598.051590862629,-5891.445664167272
2023-04-24 01:00:00,-2808.2127694792703,-5700.99884409531,-5999.78838642542
2023-04-24 02:00:00,-2950.858907125298,-5990.587109868157,-6304.5539830065445
2023-04-24 03:00:00,-3239.0544280953604,-6575.657568125647,-6920.288003778992
2023-04-24 04:00:00,-3363.3133431140172,-6827.917631390462,-7185.769025495521
2023-04-24 05:00:00,-3417.89436186053,-6938.723453572202,-7302.382184567267
2023-04-24 06:00:00,-3436.6686839116355,-6976.837512975141,-7342.493803113223
2023-04-24 07:00:00,-3446.733268928723,-6997.269792242697,-7363.996938828581
2023-04-24 08:00:00,-3385.57155997873,-6873.104402847554,-7233.324037173716
2023-04-24 09:00:00,-3372.2166298599022,-6845.992339973299,-7204.791030166799
2023-04-24 10:00:00,-3324.796950452471,-6749.724870347318,-7103.478179200211
2023-04-24 11:00:00,-3301.958084452157,-6703.359313547866,-7054.682601999976
2023-04-24 12:00:00,-3289.377353180798,-6677.818964463422,-7027.8036823557795
2023-04-24 13:00:00,-3264.022340926212,-6626.345337847082,-6973.632321226706
2023-04-24 14:00:00,-3266.732036892351,-6631.846336111424,-6979.421626996225
2023-04-24 15:00:00,-3274.667575078901,-6647.956402456995,-6996.376022464104
2023-04-24 16:00:00,-3422.7331046572067,-6948.546664758527,-7312.720230584267
2023-04-24 17:00:00,-3686.3478122201514,-7483.715210189488,-7875.936977590361
2023-04-24 18:00:00,-3565.959891438836,-7239.313715873734,-7618.726392687431
2023-04-24 19:00:00,-3351.119711266392,-6803.163139200924,-7159.717149532685
2023-04-24 20:00:00,-3096.4082904493325,-6286.0693023528,-6615.522407197868
2023-04-24 21:00:00,-2879.4390634463507,-5845.5965127580075,-6151.964423795642
2023-04-24 22:00:00,-2766.0189322922497,-5615.3404425505605,-5909.640625157191
2023-04-24 23:00:00,-2732.147732715513,-5546.5779642462885,-5837.274303038199
2023-04-25 00:00:00,-2753.244651309023,-5589.407165018663,-5882.348183672313
2023-04-25 01:00:00,-2822.535448157433,-5730.075549206831,-6030.389002635736
2023-04-25 02:00:00,-2975.633270244283,-6040.881951142139,-6357.484778613578
2023-04-25 03:00:00,-3231.5059893325447,-6560.333358674981,-6904.160651992474
2023-04-25 04:00:00,-3332.5389389271536,-6765.442008245437,-7120.019052827409
2023-04-25 05:00:00,-3405.3136305891708,-6913.183104487758,-7275.503264923071
2023-04-25 06:00:00,-3428.1524965894846,-6959.54866128721,-7324.298842123305
2023-04-25 07:00:00,-3451.1849123016655,-7006.307146534115,-7373.507941164219
2023-04-25 08:00:00,-3388.281255944869,-6878.605401111896,-7239.113342943235
2023-04-25 09:00:00,-3399.894238656893,-6902.181107959075,-7263.924653384032
2023-04-25 10:00:00,-3426.410549182681,-6956.012305260134,-7320.577145557186
2023-04-25 11:00:00,-3389.636103927938,-6881.355900244067,-7242.007995827995
2023-04-25 12:00:00,-3419.0556601317326,-6941.0810242569205,-7304.863315611347
2023-04-25 13:00:00,-3361.5713957072135,-6824.381275363385,-7182.047328929401
2023-04-25 14:00:00,-3347.2487170290506,-6795.304570251864,-7151.446712719086
2023-04-25 15:00:00,-3360.9907465716124,-6823.202490021025,-7180.806763407362
2023-04-25 16:00:00,-3466.475339539164,-7037.348493882901,-7406.176166577936
2023-04-25 17:00:00,-3703.9608360000548,-7519.471698907709,-7913.5674650922365
2023-04-25 18:00:00,-3613.7666702700017,-7336.36704239462,-7720.866287335379
2023-04-25 19:00:00,-3369.3133841818963,-6840.098413261504,-7198.5882025566
2023-04-25 20:00:00,-3099.5050858392055,-6292.3561575120475,-6622.138756648747
2023-04-25 21:00:00,-2875.180969785275,-5836.9520869140415,-6142.866943300683
2023-04-25 22:00:00,-2747.825259376745,-5578.40516848998,-5870.769572133275
2023-04-25 23:00:00,-2665.179532409508,-5410.624721427557,-5694.195746162935
2023-04-26 00:00:00,-2666.34083068071,-5412.982292112275,-5696.676877207015
2023-04-26 01:00:00,-2703.3088256473197,-5488.031625575794,-5775.6595487768855
2023-04-26 02:00:00,-2827.5677406659765,-5740.291688840608,-6041.140570493415
2023-04-26 03:00:00,-3092.343746500124,-6277.817804956288,-6606.838448543589
2023-04-26 04:00:00,-3220.280106044255,-6537.543508722708,-6880.176385233037
2023-04-26 05:00:00,-3274.861124790768,-6648.349330904449,-6996.789544304784
2023-04-26 06:00:00,-3270.9901305534263,-6640.49076195539,-6988.5191074911845
2023-04-26 07:00:00,-3273.119177383964,-6644.812974877372,-6993.067847738664
2023-04-26 08:00:00,-3247.1835159937773,-6592.160562918672,-6937.65592108755
2023-04-26 09:00:00,-3248.1512645531125,-6594.125205155938,-6939.72353029095
2023-04-26 10:00:00,-3251.828709078587,-6601.590845657544,-6947.5804452638695
2023-04-26 11:00:00,-3241.5705743496324,-6580.765637942536,-6925.663787707832
2023-04-26 12:00:00,-3218.5381586374515,-6534.007152695631,-6876.454688666918
2023-04-26 13:00:00,-3235.1834338580193,-6567.798999176588,-6912.017566965394
2023-04-26 14:00:00,-3166.6668358570773,-6428.702328778232,-6765.63083536469
2023-04-26 15:00:00,-3160.8603445010654,-6416.9144753546425,-6753.225180144292
2023-04-26 16:00:00,-3275.441773926369,-6649.528116246808,-6998.030109826823
2023-04-26 17:00:00,-3466.668889251031,-7037.741422330354,-7406.589688418616
2023-04-26 18:00:00,-3362.345594554682,-6825.9529891531965,-7183.701416292121
2023-04-26 19:00:00,-3193.5702458066,-6483.319382974197,-6823.110371219203
2023-04-26 20:00:00,-2970.600977735739,-6030.665811508362,-6346.7332107559
2023-04-26 21:00:00,-2771.8254236482617,-5627.128295974149,-5922.046280377589
2023-04-26 22:00:00,-2626.6631397479614,-5332.431960384413,-5611.904899867625
2023-04-26 23:00:00,-2577.6950626455937,-5233.0210631788095,-5507.283874175597
2023-04-27 00:00:00,-2568.9853256115757,-5215.339283043425,-5488.675391344999
2023-04-27 01:00:00,-2586.5983493914787,-5251.095771761647,-5526.305878846875
2023-04-27 02:00:00,-2624.534092917424,-5328.10974746243,-5607.356159620145
2023-04-27 03:00:00,-2785.5674531908235,-5655.026215743312,-5951.406331065866
2023-04-27 04:00:00,-2914.2780115824226,-5916.323633299544,-6226.398355118034
2023-04-27 05:00:00,-3082.085611771169,-6256.992597241279,-6584.9217909875515
2023-04-27 06:00:00,-3194.537994365935,-6485.284025211461,-6825.1779804226035
2023-04-27 07:00:00,-3300.990335892822,-6701.394671310602,-7052.614992796577
2023-04-27 08:00:00,-3285.8934583671908,-6670.746252409269,-7020.36028922354
2023-04-27 09:00:00,-3261.312644960073,-6620.84433958274,-6967.843015457187
2023-04-27 10:00:00,-3239.6350772309615,-6576.836353468007,-6921.528569301032
2023-04-27 11:00:00,-3185.441157908183,-6466.8163881811715,-6805.742453910646
2023-04-27 12:00:00,-3211.37681929837,-6519.468800139871,-6861.154380561759
2023-04-27 13:00:00,-3197.247690332074,-6490.785023475803,-6830.967286192123
2023-04-27 14:00:00,-3120.4084547208486,-6334.79242983697,-6666.799115442182
2023-04-27 15:00:00,-3110.7309691274954,-6315.14600746432,-6646.123023408184
2023-04-27 16:00:00,-3178.860467704703,-6453.45682096777,-6791.682711327528
2023-04-27 17:00:00,-3371.829530436168,-6845.206483078393,-7203.963986485439
2023-04-27 18:00:00,-3268.667534011022,-6635.775620585953,-6983.556845403024
2023-04-27 19:00:00,-3076.279120415157,-6245.20474381769,-6572.516135767153
2023-04-27 20:00:00,-2829.1161383609133,-5743.435116420233,-6044.448745218854
2023-04-27 21:00:00,-2602.2758760527113,-5282.922976005338,-5559.801147941951
2023-04-27 22:00:00,-2471.242721118707,-5016.910417079669,-5279.846861801624
2023-04-27 23:00:00,-2454.210346474405,-4982.332713703807,-5243.456939821788
2023-04-28 00:00:00,-2475.3072650679155,-5025.161914476182,-5288.530820455902
2023-04-28 01:00:00,-2453.049048203203,-4979.975143019089,-5240.975808777708
2023-04-28 02:00:00,-2464.4684812033597,-5003.157921418815,-5265.373597377826
2023-04-28 03:00:00,-2502.791324153039,-5080.957754014506,-5347.250921832456
2023-04-28 04:00:00,-2509.178464644652,-5093.924392780454,-5360.897142574894
2023-04-28 05:00:00,-2573.243419272651,-5223.98370888739,-5497.7728718399585
2023-04-28 06:00:00,-2638.66322188372,-5356.793524126499,-5637.543253989782
2023-04-28 07:00:00,-2650.856853731345,-5381.548016316036,-5663.595129952619
2023-04-28 08:00:00,-2598.2113321035026,-5274.671478608825,-5551.117189287672
2023-04-28 09:00:00,-2581.372507171068,-5240.486703680415,-5515.140789148516
2023-04-28 10:00:00,-2579.2434603405304,-5236.164490758433,-5510.592048901037
2023-04-28 11:00:00,-2531.436681509365,-5139.111164237546,-5408.452154253088
2023-04-28 12:00:00,-2520.404347932942,-5116.714242732726,-5384.881409334332
2023-04-28 13:00:00,-2526.791488424555,-5129.680881498675,-5398.52763007677
2023-04-28 14:00:00,-2502.2106750174376,-5079.778968672146,-5346.010356310416
2023-04-28 15:00:00,-2518.081751390537,-5111.999101363291,-5379.919147246172
2023-04-28 16:00:00,-2640.7922687142573,-5361.115737048481,-5642.091994237261
2023-04-28 17:00:00,-2838.0194251067983,-5761.50982500307,-6063.4707498901325
2023-04-28 18:00:00,-2780.9222601060137,-5645.59593300444,-5941.4818068895465
2023-04-28 19:00:00,-2658.7923919178947,-5397.658082661608,-5680.549525420497
2023-04-28 20:00:00,-2531.823780933099,-5139.897021132452,-5409.279197934448
2023-04-28 21:00:00,-2433.694077016496,-4940.68229827379,-5199.623624709713
2023-04-28 22:00:00,-2341.9515135915067,-4754.434214181078,-5003.614272227416
2023-04-28 23:00:00,-2326.080437218407,-4722.214081489933,-4969.70548129166
2023-04-29 00:00:00,-2314.273904794516,-4698.245446195301,-4944.480649010183
2023-04-29 01:00:00,-2327.822384625211,-4725.75043751701,-4973.4271778577795
2023-04-29 02:00:00,-2329.370782320147,-4728.893865096634,-4976.7353525832195
2023-04-29 03:00:00,-2447.242556847191,-4968.187289595499,-5228.57015355731
2023-04-29 04:00:00,-2528.339886119492,-5132.824309078299,-5401.835804802209
2023-04-29 05:00:00,-2719.3734517322864,-5520.644686714391,-5809.981861553322
2023-04-29 06:00:00,-2818.8580036319586,-5722.609908705224,-6022.5320876628175
2023-04-29 07:00:00,-2899.9553329042596,-5887.246928188023,-6195.797738907717
2023-04-29 08:00:00,-2838.9871736661335,-5763.474467240334,-6065.538359093532
2023-04-29 09:00:00,-2843.245267327209,-5772.1188930843,-6074.635839588491
2023-04-29 10:00:00,-2811.8902140047444,-5708.464484596917,-6007.645301398339
2023-04-29 11:00:00,-2784.986804055222,-5653.847430400952,-5950.165765543826
2023-04-29 12:00:00,-2750.922054766618,-5584.692023649228,-5877.385921584154
2023-04-29 13:00:00,-2795.0513890723096,-5674.279709668507,-5971.668901259183
2023-04-29 14:00:00,-2799.8901318689864,-5684.102920854832,-5982.006947276182
2023-04-29 15:00:00,-2799.309482733385,-5682.924135512473,-5980.766381754142
2023-04-29 16:00:00,-2923.1812983283075,-5934.398341882381,-6245.420359789311
2023-04-29 17:00:00,-3066.795184533671,-6225.951249892493,-6552.253565573836
2023-04-29 18:00:00,-2994.214042583521,-6078.603082097626,-6397.182875318853
2023-04-29 19:00:00,-2845.761413581481,-5777.226962901189,-6080.01162351733
2023-04-29 20:00:00,-2678.7280122402026,-5438.129712749265,-5723.142275010532
2023-04-29 21:00:00,-2568.7917758997087,-5214.946354595972,-5488.261869504319
2023-04-29 22:00:00,-2476.6621130509848,-5027.912413608353,-5291.425473340662
2023-04-29 23:00:00,-2420.5326966095354,-4913.963163846988,-5171.504139543476
2023-04-30 00:00:00,-2413.177807558587,-4899.031882843775,-5155.790309597638
2023-04-30 01:00:00,-2409.3068133212455,-4891.173313894715,-5147.519872784039
2023-04-30 02:00:00,-2468.339475440701,-5011.016490367874,-5273.644034191425
2023-04-30 03:00:00,-2600.1468292221734,-5278.600763083355,-5555.252407694472
2023-04-30 04:00:00,-2701.1797788167823,-5483.709412653811,-5771.110808529406
2023-04-30 05:00:00,-2900.5359820398608,-5888.425713530382,-6197.038304429757
2023-04-30 06:00:00,-2992.4720951767176,-6075.066726070549,-6393.461178752734
2023-04-30 07:00:00,-3017.4400080075693,-6125.754495791984,-6446.805496200447
2023-04-30 08:00:00,-2961.31059156612,-6011.805246030619,-6326.884162403261
2023-04-30 09:00:00,-2949.891158565963,-5988.622467630893,-6302.4863738031445
2023-04-30 10:00:00,-2973.504223413745,-6036.559738220157,-6352.936038366099
2023-04-30 11:00:00,-2938.665275277673,-5965.8326176786195,-6278.502107043707
2023-04-30 12:00:00,-3017.6335577194363,-6126.147424239436,-6447.219018041127
2023-04-30 13:00:00,-3049.375710465635,-6190.587689621725,-6515.03659991264
2023-04-30 14:00:00,-3044.7305173808254,-6181.157406882854,-6505.112075736321
2023-04-30 15:00:00,-3059.0531960589883,-6210.234111994374,-6535.712691946637
2023-04-30 16:00:00,-3140.5376247550234,-6375.6569883720795,-6709.805386872897
2023-04-30 17:00:00,-3291.8934994350698,-6682.927034280311,-7033.179466284619
2023-04-30 18:00:00,-3161.828093060401,-6418.879117591908,-6755.292789347692
2023-04-30 19:00:00,-2973.504223413745,-6036.559738220157,-6352.936038366099
2023-04-30 20:00:00,-2815.9547579539526,-5716.7159819934295,-6016.329260052617
2023-04-30 21:00:00,-2632.856730527708,-5345.005670702909,-5625.137598769384
2023-04-30 22:00:00,-2562.5981851199626,-5202.372644277477,-5475.029170602561
2023-04-30 23:00:00,-2509.178464644652,-5093.924392780454,-5360.897142574894
2023-05-01 00:00:00,-2485.9524992206043,-5046.772979086096,-5311.2745216933
2023-05-01 01:00:00,-2488.4686454748758,-5051.881048902985,-5316.650305622139
2023-05-01 02:00:00,-2530.2753832381622,-5136.7535935528285,-5405.971023209009
2023-05-01 03:00:00,-2666.7279301044446,-5413.768149007181,-5697.503920888375
2023-05-01 04:00:00,-2783.6319560721527,-5651.096931268781,-5947.271112659066
2023-05-01 05:00:00,-2994.7946917191225,-6079.781867439984,-6398.423440840893
2023-05-01 06:00:00,-3140.3440750431564,-6375.264059924627,-6709.391865032217
2023-05-01 07:00:00,-3140.3440750431564,-6375.264059924627,-6709.391865032217
2023-05-01 08:00:00,-3140.3440750431564,-6375.264059924627,-6709.391865032217
2023-05-01 09:00:00,-3140.3440750431564,-6375.264059924627,-6709.391865032217
2023-05-01 10:00:00,-3140.3440750431564,-6375.264059924627,-6709.391865032217
2023-05-01 11:00:00,-3140.3440750431564,-6375.264059924627,-6709.391865032217
2023-05-01 12:00:00,-3140.3440750431564,-6375.264059924627,-6709.391865032217
2023-05-01 13:00:00,-3140.3440750431564,-6375.264059924627,-6709.391865032217
2023-05-01 14:00:00,-3140.3440750431564,-6375.264059924627,-6709.391865032217
2023-05-01 15:00:00,-3140.3440750431564,-6375.264059924627,-6709.391865032217
2023-05-01 16:00:00,-3140.3440750431564,-6375.264059924627,-6709.391865032217
2023-05-01 17:00:00,-3140.3440750431564,-6375.264059924627,-6709.391865032217
2023-05-01 18:00:00,-3140.3440750431564,-6375.264059924627,-6709.391865032217
2023-05-01 19:00:00,-3140.3440750431564,-6375.264059924627,-6709.391865032217
2023-05-01 20:00:00,-3140.3440750431564,-6375.264059924627,-6709.391865032217
2023-05-01 21:00:00,-3140.3440750431564,-6375.264059924627,-6709.391865032217
2023-05-01 22:00:00,-3140.3440750431564,-6375.264059924627,-6709.391865032217
2023-05-01 23:00:00,-3140.3440750431564,-6375.264059924627,-6709.391865032217
2023-05-02 00:00:00,-3140.3440750431564,-6375.264059924627,-6709.391865032217
2023-05-02 01:00:00,-3140.3440750431564,-6375.264059924627,-6709.391865032217
2023-05-02 02:00:00,-3140.3440750431564,-6375.264059924627,-6709.391865032217
2023-05-02 03:00:00,-3140.3440750431564,-6375.264059924627,-6709.391865032217
2023-05-02 04:00:00,-3140.3440750431564,-6375.264059924627,-6709.391865032217
2023-05-02 05:00:00,-3140.3440750431564,-6375.264059924627,-6709.391865032217
2023-05-02 06:00:00,-3140.3440750431564,-6375.264059924627,-6709.391865032217
2023-05-02 07:00:00,-3140.3440750431564,-6375.264059924627,-6709.391865032217
2023-05-02 08:00:00,-3140.3440750431564,-6375.264059924627,-6709.391865032217
2023-05-02 09:00:00,-3140.3440750431564,-6375.264059924627,-6709.391865032217
2023-05-02 10:00:00,-3140.3440750431564,-6375.264059924627,-6709.391865032217
2023-05-02 11:00:00,-3140.3440750431564,-6375.264059924627,-6709.391865032217
2023-05-02 12:00:00,-3140.3440750431564,-6375.264059924627,-6709.391865032217
2023-05-02 13:00:00,-3140.3440750431564,-6375.264059924627,-6709.391865032217
2023-05-02 14:00:00,-2781.696458953482,-5647.167646794252,-5943.135894252267
2023-05-02 15:00:00,-2781.696458953482,-5647.167646794252,-5943.135894252267
2023-05-02 16:00:00,-2781.696458953482,-5647.167646794252,-5943.135894252267
2023-05-02 17:00:00,-2781.696458953482,-5647.167646794252,-5943.135894252267
2023-05-02 18:00:00,-2781.696458953482,-5647.167646794252,-5943.135894252267
2023-05-02 19:00:00,-2781.696458953482,-5647.167646794252,-5943.135894252267
2023-05-02 20:00:00,-2781.696458953482,-5647.167646794252,-5943.135894252267
2023-05-02 21:00:00,-2781.696458953482,-5647.167646794252,-5943.135894252267
2023-05-02 22:00:00,-2781.696458953482,-5647.167646794252,-5943.135894252267
2023-05-02 23:00:00,-2781.696458953482,-5647.167646794252,-5943.135894252267
2023-05-03 00:00:00,-2781.696458953482,-5647.167646794252,-5943.135894252267
2023-05-03 01:00:00,-2781.696458953482,-5647.167646794252,-5943.135894252267
2023-05-03 02:00:00,-2781.696458953482,-5647.167646794252,-5943.135894252267
2023-05-03 03:00:00,-2781.696458953482,-5647.167646794252,-5943.135894252267
2023-05-03 04:00:00,-2781.696458953482,-5647.167646794252,-5943.135894252267
2023-05-03 05:00:00,-2781.696458953482,-5647.167646794252,-5943.135894252267
2023-05-03 06:00:00,-2781.696458953482,-5647.167646794252,-5943.135894252267
2023-05-03 07:00:00,-2781.696458953482,-5647.167646794252,-5943.135894252267
2023-05-03 08:00:00,-2781.696458953482,-5647.167646794252,-5943.135894252267
2023-05-03 09:00:00,-2781.696458953482,-5647.167646794252,-5943.135894252267
2023-05-03 10:00:00,-2781.696458953482,-5647.167646794252,-5943.135894252267
2023-05-03 11:00:00,-2781.696458953482,-5647.167646794252,-5943.135894252267
2023-05-03 12:00:00,-2781.696458953482,-5647.167646794252,-5943.135894252267
2023-05-03 13:00:00,-2781.696458953482,-5647.167646794252,-5943.135894252267
2023-05-03 14:00:00,-2781.696458953482,-5647.167646794252,-5943.135894252267
2023-05-03 15:00:00,-2781.696458953482,-5647.167646794252,-5943.135894252267
2023-05-03 16:00:00,-2781.696458953482,-5647.167646794252,-5943.135894252267
2023-05-03 17:00:00,-2781.696458953482,-5647.167646794252,-5943.135894252267
2023-05-03 18:00:00,-2781.696458953482,-5647.167646794252,-5943.135894252267
2023-05-03 19:00:00,-2781.696458953482,-5647.167646794252,-5943.135894252267
2023-05-03 20:00:00,-2781.696458953482,-5647.167646794252,-5943.135894252267
2023-05-03 21:00:00,-2781.696458953482,-5647.167646794252,-5943.135894252267
2023-05-03 22:00:00,-2652.7923508500157,-5385.477300790566,-5667.730348359419
2023-05-03 23:00:00,-2633.050280239575,-5345.398599150361,-5625.551120610064
2023-05-04 00:00:00,-2610.211414239261,-5299.03304235091,-5576.755543409829
2023-05-04 01:00:00,-2609.8243148155266,-5298.247185456004,-5575.928499728469
2023-05-04 02:00:00,-2684.9216030199486,-5450.703423067761,-5736.37497391229
2023-05-04 03:00:00,-2784.986804055222,-5653.847430400952,-5950.165765543826
2023-05-04 04:00:00,-2892.600443853311,-5872.315647184811,-6180.0839089618785
2023-05-04 05:00:00,-3049.569260177502,-6190.9806180691785,-6515.45012175332
2023-05-04 06:00:00,-3175.570122602963,-6446.777037361069,-6784.652840035968
2023-05-04 07:00:00,-3168.215233552014,-6431.845756357856,-6768.93901009013
2023-05-04 08:00:00,-3133.7633848396763,-6361.904492711225,-6695.332122449098
2023-05-04 09:00:00,-3150.795759483978,-6396.482196087088,-6731.722044428934
2023-05-04 10:00:00,-3157.5699993993253,-6410.234691747942,-6746.1953088527325
2023-05-04 11:00:00,-3115.5697119241718,-6324.969218650645,-6656.461069425183
2023-05-04 12:00:00,-3080.924313499967,-6254.635026556562,-6582.4406599434715
2023-05-04 13:00:00,-3104.7309280596164,-6302.965225593278,-6633.303846347106
2023-05-04 14:00:00,-3120.6020044327156,-6335.185358284422,-6667.212637282862
2023-05-04 15:00:00,-3176.731420874165,-6449.134608045787,-6787.133971080048
2023-05-04 16:00:00,-3209.247772467832,-6515.146587217888,-6856.605640314279
2023-05-04 17:00:00,-3358.8616997410745,-6818.880277099043,-7176.258023159882
2023-05-04 18:00:00,-3302.345183875891,-6704.145170442772,-7055.509645681336
2023-05-04 19:00:00,-3056.730599516584,-6205.518970624938,-6530.750429858478
2023-05-04 20:00:00,-2876.3422680564777,-5839.30965759876,-6145.348074344763
2023-05-04 21:00:00,-2737.1800252240564,-5556.794103880066,-5848.025870895877
2023-05-04 22:00:00,-2621.437297527551,-5321.822892303183,-5600.739810169266
2023-05-04 23:00:00,-2564.533682238633,-5206.3019287520065,-5479.16438900936
2023-05-05 00:00:00,-2540.33996825525,-5157.185872820383,-5427.474158924367
2023-05-05 01:00:00,-2568.7917758997087,-5214.946354595972,-5488.261869504319
2023-05-05 02:00:00,-2600.1468292221734,-5278.600763083355,-5555.252407694472
2023-05-05 03:00:00,-2747.244610241144,-5577.226383147621,-5869.529006611235
2023-05-05 04:00:00,-2756.922095834497,-5596.87280552027,-5890.205098645232
2023-05-05 05:00:00,-2864.7292853444537,-5815.733950751581,-6120.536763903966
2023-05-05 06:00:00,-2866.471232751257,-5819.270306778658,-6124.258460470085
2023-05-05 07:00:00,-2870.9228761242,-5828.307661070076,-6133.769462805724
2023-05-05 08:00:00,-2896.6649878025196,-5880.567144581323,-6188.767867616158
2023-05-05 09:00:00,-2919.6974035147005,-5927.325629828228,-6237.976966657072
2023-05-05 10:00:00,-2882.1487594124897,-5851.097511022349,-6157.753729565161
2023-05-05 11:00:00,-2869.761577852997,-5825.950090385359,-6131.288331761644
2023-05-05 12:00:00,-2848.277559835753,-5782.335032718077,-6085.38740744617
2023-05-05 13:00:00,-2907.8908710908095,-5903.356994533596,-6212.752134375595
2023-05-05 14:00:00,-2956.471848769443,-6001.9820348442945,-6316.546116386263
2023-05-05 15:00:00,-3004.4721773124757,-6099.428289812634,-6419.09953287489
2023-05-05 16:00:00,-3038.7304763129464,-6168.976625011811,-6492.292898675242
2023-05-05 17:00:00,-3261.8932940956743,-6622.023124925099,-6969.083580979227
2023-05-05 18:00:00,-3153.118356026383,-6401.197337456523,-6736.684306517093
2023-05-05 19:00:00,-2927.245842277516,-5942.6498392788935,-6254.10431844359
2023-05-05 20:00:00,-2760.793090071839,-5604.73137446933,-5898.4755354588315
2023-05-05 21:00:00,-2653.953649121218,-5387.834871475284,-5670.211479403498
2023-05-05 22:00:00,-2553.114249238476,-5183.1191503522805,-5454.766600409243
2023-05-05 23:00:00,-2536.662523729776,-5149.720232318777,-5419.617243951448
2023-05-06 00:00:00,-2513.2430085938604,-5102.175890176966,-5369.581101229173
2023-05-06 01:00:00,-2539.5657694077818,-5155.6141590305715,-5425.820071561647
2023-05-06 02:00:00,-2685.1151527318157,-5451.096351515214,-5736.78849575297
2023-05-06 03:00:00,-2938.471725565806,-5965.439689231167,-6278.088585203027
2023-05-06 04:00:00,-3160.6667947891983,-6416.52154690719,-6752.811658303612
2023-05-06 05:00:00,-3267.8933351635533,-6634.203906796141,-6981.902758040305
2023-05-06 06:00:00,-3365.248840232688,-6831.846915864991,-7189.904243902321
2023-05-06 07:00:00,-3346.2809684697154,-6793.339928014599,-7149.3791035156855
2023-05-06 08:00:00,-3374.926325826041,-6851.49333823764,-7210.580335936318
2023-05-06 09:00:00,-3394.668396436482,-6891.572039877845,-7252.759563685673
2023-05-06 10:00:00,-3378.023121215914,-6857.780193396888,-7217.196685387197
2023-05-06 11:00:00,-3310.474271774308,-6720.648165235797,-7072.877562989895
2023-05-06 12:00:00,-3275.441773926369,-6649.528116246808,-6998.030109826823
2023-05-06 13:00:00,-3192.7960469591317,-6481.747669184385,-6821.456283856483
2023-05-06 14:00:00,-3202.0864331287507,-6500.608234662128,-6841.305332209122
2023-05-06 15:00:00,-3234.796334434285,-6567.013142281681,-6911.190523284034
2023-05-06 16:00:00,-3255.8932530277953,-6609.842343054057,-6956.264403918148
2023-05-06 17:00:00,-3416.9266133011947,-6936.7588113349375,-7300.314575363868
2023-05-06 18:00:00,-3299.8290376216196,-6699.037100625884,-7050.133861752497
2023-05-06 19:00:00,-3048.988611041901,-6189.801832726819,-6514.20955623128
2023-05-06 20:00:00,-2862.98733793765,-5812.197594724504,-6116.815067337846
2023-05-06 21:00:00,-2743.373616003803,-5569.367814198561,-5861.258569797636
2023-05-06 22:00:00,-2629.7599351378344,-5338.718815543662,-5618.5212493185045
2023-05-06 23:00:00,-2603.4371743239135,-5285.280546690055,-5562.282278986031
2023-05-07 00:00:00,-2581.759606594802,-5241.272560575322,-5515.967832829876
2023-05-07 01:00:00,-2628.9857362903663,-5337.147101753849,-5616.8671619557845
2023-05-07 02:00:00,-2778.0190144280077,-5639.702006292645,-5935.278979279347
2023-05-07 03:00:00,-3034.278832940004,-6159.939270720392,-6482.781896339603
2023-05-07 04:00:00,-3194.537994365935,-6485.284025211461,-6825.1779804226035
2023-05-07 05:00:00,-3320.7324065032626,-6741.473372950805,-7094.794220545932
2023-05-07 06:00:00,-3346.2809684697154,-6793.339928014599,-7149.3791035156855
2023-05-07 07:00:00,-3326.7324475711416,-6753.654154821848,-7107.6133976070105
2023-05-07 08:00:00,-3372.7972789955033,-6847.171125315657,-7206.031595688839
2023-05-07 09:00:00,-3337.1841320119634,-6774.872290984309,-7129.943577003728
2023-05-07 10:00:00,-3350.926161554525,-6802.770210753471,-7159.303627692005
2023-05-07 11:00:00,-3325.5711492999394,-6751.29658413713,-7105.13226656293
2023-05-07 12:00:00,-3303.3129324352267,-6706.109812680037,-7057.577254884736
2023-05-07 13:00:00,-3302.538733587758,-6704.538098890225,-7055.923167522016
2023-05-07 14:00:00,-3322.8614533338005,-6745.795585872788,-7099.342960793411
2023-05-07 15:00:00,-3338.3454302831656,-6777.229861669027,-7132.424708047807
2023-05-07 16:00:00,-3362.539144266549,-6826.34591760065,-7184.114938132801
2023-05-07 17:00:00,-3510.991773268589,-7127.722036797087,-7501.286189934324
2023-05-07 18:00:00,-3379.765068622718,-6861.316549423965,-7220.918381953317
2023-05-07 19:00:00,-3108.9890217206917,-6311.609651437244,-6642.401326842065
2023-05-07 20:00:00,-2922.9877486164405,-5934.005413434928,-6245.006837948631
2023-05-07 21:00:00,-2754.018850156491,-5590.978878808475,-5884.002271035033
2023-05-07 22:00:00,-2677.760263680867,-5436.165070512001,-5721.074665807132
2023-05-07 23:00:00,-2623.1792449343543,-5325.35924833026,-5604.461506735386
2023-05-08 00:00:00,-2599.7597297984394,-5277.814906188449,-5554.425364013112
2023-05-08 01:00:00,-2672.9215208841906,-5426.341859325676,-5710.736619790134
2023-05-08 02:00:00,-2786.9223011738927,-5657.776714875482,-5954.300983950625
2023-05-08 03:00:00,-3058.27899721152,-6208.662398204562,-6534.058604583917
2023-05-08 04:00:00,-3233.8285858749496,-6565.048500044417,-6909.122914080634
2023-05-08 05:00:00,-3354.9907055037334,-6811.021708149983,-7167.987586346283
2023-05-08 06:00:00,-3374.34567669044,-6850.314552895282,-7209.339770414279
2023-05-08 07:00:00,-3321.700155062598,-6743.4380151880705,-7096.861829749331
2023-05-08 08:00:00,-3322.087254486332,-6744.223872082976,-7097.688873430691
2023-05-08 09:00:00,-3317.4420614015226,-6734.7935893441045,-7087.764349254373
2023-05-08 10:00:00,-3303.1193827233596,-6705.716884232585,-7057.163733044056
2023-05-08 11:00:00,-3266.538487180484,-6631.45340766397,-6979.008105155545
2023-05-08 12:00:00,-3262.6674929431424,-6623.594838714911,-6970.737668341946
2023-05-08 13:00:00,-3246.215767434442,-6590.195920681407,-6935.58831188415
2023-05-08 14:00:00,-3271.570779689028,-6641.669547297748,-6989.7596730132245
2023-05-08 15:00:00,-3288.409604621462,-6675.854322226158,-7025.73607315238
2023-05-08 16:00:00,-3294.2160959774747,-6687.642175649747,-7038.141728372779
2023-05-08 17:00:00,-3438.9912804540404,-6981.552654344578,-7347.456065201382
2023-05-08 18:00:00,-3348.216465588386,-6797.269212489129,-7153.514321922485
2023-05-08 19:00:00,-3140.3440750431564,-6375.264059924627,-6709.391865032217
2023-05-08 20:00:00,-2966.923533210265,-6023.200171006755,-6338.87629578298
2023-05-08 21:00:00,-2746.083311969942,-5574.868812462903,-5867.047875567156
2023-05-08 22:00:00,-2639.437420731188,-5358.36523791631,-5639.197341352502
2023-05-08 23:00:00,-2615.0501570359374,-5308.856253537235,-5587.093589426828
2023-05-09 00:00:00,-2616.598554730874,-5311.9996811168585,-5590.401764152268
2023-05-09 01:00:00,-2624.534092917424,-5328.10974746243,-5607.356159620145
2023-05-09 02:00:00,-2668.082778087514,-5416.518648139351,-5700.398573773135
2023-05-09 03:00:00,-2797.1804359028474,-5678.60192259049,-5976.217641506662
2023-05-09 04:00:00,-2898.019835785589,-5883.317643713493,-6191.662520500918
2023-05-09 05:00:00,-3090.6017990933206,-6274.2814489292105,-6603.116751977469
2023-05-09 06:00:00,-3162.215192484135,-6419.664974486814,-6756.119833029052
2023-05-09 07:00:00,-3226.4736968240013,-6550.1172190412035,-6893.409084134795
2023-05-09 08:00:00,-3237.1189309766896,-6571.728283651118,-6916.152785372193
2023-05-09 09:00:00,-3216.4091118069136,-6529.684939773649,-6871.905948419438
2023-05-09 10:00:00,-3206.7316262135605,-6510.038517400999,-6851.22985638544
2023-05-09 11:00:00,-3176.344321450431,-6448.348751150881,-6786.306927398688
2023-05-09 12:00:00,-3141.698923026226,-6378.014559056797,-6712.286517916977
2023-05-09 13:00:00,-3137.8279287888845,-6370.155990107738,-6704.0160811033775
2023-05-09 14:00:00,-3171.11847923002,-6437.739683069651,-6775.141837700329
2023-05-09 15:00:00,-3180.795964823373,-6457.3861054423,-6795.817929734327
2023-05-09 16:00:00,-3208.280023908497,-6513.1819449806235,-6854.53803111088
2023-05-09 17:00:00,-3377.63602179218,-6856.994336501982,-7216.369641705838
2023-05-09 18:00:00,-3330.2163423847487,-6760.726866876002,-7115.05679073925
2023-05-09 19:00:00,-3108.0212731613565,-6309.645009199979,-6640.333717638665
2023-05-09 20:00:00,-2926.0845440063135,-5940.292268594176,-6251.62318739951
2023-05-09 21:00:00,-2771.8254236482617,-5627.128295974149,-5922.046280377589
2023-05-09 22:00:00,-2632.6631808158404,-5344.6127422554555,-5624.724076928704
2023-05-09 23:00:00,-2603.2436246120465,-5284.887618242603,-5561.868757145351
2023-05-10 00:00:00,-2589.1144956457506,-5256.203841578535,-5531.681662775714
2023-05-10 01:00:00,-2616.017905595273,-5310.820895774499,-5589.161198630228
2023-05-10 02:00:00,-2740.0832709020624,-5562.68803059186,-5854.228698506076
2023-05-10 03:00:00,-2978.536515922289,-6046.775877853934,-6363.687606223777
2023-05-10 04:00:00,-3115.1826125004377,-6324.183361755739,-6655.634025743823
2023-05-10 05:00:00,-3255.312603892194,-6608.663557711698,-6955.023838396109
2023-05-10 06:00:00,-3259.1835981295353,-6616.522126660758,-6963.294275209707
2023-05-10 07:00:00,-3253.3771067735233,-6604.734273237168,-6950.888619989309
2023-05-10 08:00:00,-3247.1835159937773,-6592.160562918672,-6937.65592108755
2023-05-10 09:00:00,-3247.7641651293784,-6593.339348261032,-6938.89648660959
2023-05-10 10:00:00,-3223.183351722261,-6543.437435434503,-6886.379212843236
2023-05-10 11:00:00,-3189.6992515692586,-6475.460814025137,-6814.839934405604
2023-05-10 12:00:00,-3203.054181688086,-6502.572876899393,-6843.372941412521
2023-05-10 13:00:00,-3192.6024972472646,-6481.3547407369315,-6821.042762015804
2023-05-10 14:00:00,-3211.570369010237,-6519.861728587324,-6861.567902402439
2023-05-10 15:00:00,-3231.5059893325447,-6560.333358674981,-6904.160651992474
2023-05-10 16:00:00,-3238.0866795360253,-6573.692925888382,-6918.220394575593
2023-05-10 17:00:00,-3401.055536928095,-6904.538678643793,-7266.4057844281115
2023-05-10 18:00:00,-3354.216506656265,-6809.449994360171,-7166.333498983564
2023-05-10 19:00:00,-3128.7310923311325,-6351.688353077448,-6684.58055459142
2023-05-10 20:00:00,-2914.2780115824226,-5916.323633299544,-6226.398355118034
2023-05-10 21:00:00,-2760.0188912243707,-5603.159660679517,-5896.821448096111
2023-05-10 22:00:00,-2641.372917849859,-5362.29452239084,-5643.332559759301
2023-05-10 23:00:00,-2617.1792038664753,-5313.178466459217,-5591.642329674308
2023-05-11 00:00:00,-2609.4372153917925,-5297.4613285610985,-5575.101456047109
2023-05-11 01:00:00,-2587.372548238947,-5252.667485551458,-5527.959966209595
2023-05-11 02:00:00,-2700.7926793930483,-5482.923555758905,-5770.283764848046
2023-05-11 03:00:00,-2896.8585375143866,-5880.960073028776,-6189.181389456838
2023-05-11 04:00:00,-3004.8592767362097,-6100.21414670754,-6419.92657655625
2023-05-11 05:00:00,-3122.1504021276523,-6338.328785864046,-6670.520812008302
2023-05-11 06:00:00,-3190.860549840461,-6477.818384709854,-6817.321065449684
2023-05-11 07:00:00,-3180.795964823373,-6457.3861054423,-6795.817929734327
2023-05-11 08:00:00,-3216.2155620950466,-6529.292011326195,-6871.492426578758
2023-05-11 09:00:00,-3211.570369010237,-6519.861728587324,-6861.567902402439
2023-05-11 10:00:00,-3193.5702458066,-6483.319382974197,-6823.110371219203
2023-05-11 11:00:00,-3168.602332975748,-6432.631613252762,-6769.76605377149
2023-05-11 12:00:00,-3166.6668358570773,-6428.702328778232,-6765.63083536469
2023-05-11 13:00:00,-3150.795759483978,-6396.482196087088,-6731.722044428934
2023-05-11 14:00:00,-3152.924806314516,-6400.804409009071,-6736.270784676414
2023-05-11 15:00:00,-3153.892554873851,-6402.769051246335,-6738.338393879813
2023-05-11 16:00:00,-3147.698964094105,-6390.19534092784,-6725.105694978055
2023-05-11 17:00:00,-3345.7003193341143,-6792.16114267224,-7148.1385379936455
2023-05-11 18:00:00,-3283.183762401052,-6665.2452541449275,-7014.570983454021
2023-05-11 19:00:00,-3093.5050447713265,-6280.175375641005,-6609.319579587668
2023-05-11 20:00:00,-2913.5038127349544,-5914.751919509732,-6224.744267755314
2023-05-11 21:00:00,-2755.180148427694,-5593.336449493193,-5886.483402079113
2023-05-11 22:00:00,-2630.921233409037,-5341.076386228379,-5621.002380362584
2023-05-11 23:00:00,-2593.5661390186933,-5265.241195869954,-5541.192665111354
2023-05-12 00:00:00,-2583.3080042897386,-5244.415988154946,-5519.276007555316
2023-05-12 01:00:00,-2565.3078810861016,-5207.873642541818,-5480.81847637208
2023-05-12 02:00:00,-2579.2434603405304,-5236.164490758433,-5510.592048901037
2023-05-12 03:00:00,-2653.372999985617,-5386.656086132925,-5668.970913881459
2023-05-12 04:00:00,-2676.986064833399,-5434.593356722188,-5719.420578444412
2023-05-12 05:00:00,-2854.277600903632,-5794.51581458912,-6098.206584507248
2023-05-12 06:00:00,-2892.7939935651784,-5872.708575632263,-6180.4974308025585
2023-05-12 07:00:00,-2911.3747659044166,-5910.429706587749,-6220.195527507834
2023-05-12 08:00:00,-2929.568438819921,-5947.36498064833,-6259.066580531749
2023-05-12 09:00:00,-2946.4072637523554,-5981.549755576739,-6295.042980670905
2023-05-12 10:00:00,-2921.8264503452383,-5931.647842750211,-6242.525706904551
2023-05-12 11:00:00,-2885.0520050904956,-5856.991437734144,-6163.956557175361
2023-05-12 12:00:00,-2880.019712581952,-5846.775298100366,-6153.204989317682
2023-05-12 13:00:00,-2912.9231635993533,-5913.573134167374,-6223.5037022332735
2023-05-12 14:00:00,-2923.955497175776,-5935.970055672193,-6247.074447152031
2023-05-12 15:00:00,-2975.2461708205487,-6040.096094247233,-6356.657734932218
2023-05-12 16:00:00,-2992.0849957529836,-6074.280869175643,-6392.634135071374
2023-05-12 17:00:00,-3210.4090707390346,-6517.504157902606,-6859.086771358359
2023-05-12 18:00:00,-3225.5059482646657,-6548.152576803938,-6891.341474931396
2023-05-12 19:00:00,-2979.504264481624,-6048.740520091199,-6365.755215427177
2023-05-12 20:00:00,-2834.148430869457,-5753.6512560540095,-6055.200313076533
2023-05-12 21:00:00,-2706.5991707490602,-5494.711409182495,-5782.689420068445
2023-05-12 22:00:00,-2580.0176591879986,-5237.736204548245,-5512.246136263757
2023-05-12 23:00:00,-2531.823780933099,-5139.897021132452,-5409.279197934448
2023-05-13 00:00:00,-2539.3722196959143,-5155.221230583119,-5425.406549720967
2023-05-13 01:00:00,-2549.630354424869,-5176.046438298126,-5447.323207277004
2023-05-13 02:00:00,-2690.9216440878276,-5462.884204938803,-5749.194150973369
2023-05-13 03:00:00,-2998.4721362445966,-6087.247507941591,-6406.280355813812
2023-05-13 04:00:00,-3127.5697940599302,-6349.33078239273,-6682.09942354734
2023-05-13 05:00:00,-3254.3448553328585,-6606.698915474432,-6952.956229192709
2023-05-13 06:00:00,-3284.925709807855,-6668.781610172004,-7018.292680020141
2023-05-13 07:00:00,-3261.50619467194,-6621.237268030193,-6968.256537297867
2023-05-13 08:00:00,-3289.570902892665,-6678.211892910876,-7028.2172041964595
2023-05-13 09:00:00,-3221.6349540273245,-6540.294007854879,-6883.071038117797
2023-05-13 10:00:00,-3253.3771067735233,-6604.734273237168,-6950.888619989309
2023-05-13 11:00:00,-3209.4413221796995,-6515.539515665341,-6857.019162154959
2023-05-13 12:00:00,-3207.3122753491616,-6511.217302743358,-6852.47042190748
2023-05-13 13:00:00,-3192.6024972472646,-6481.3547407369315,-6821.042762015804
2023-05-13 14:00:00,-3218.7317083493185,-6534.400081143084,-6876.868210507598
2023-05-13 15:00:00,-3234.0221355868166,-6565.441428491869,-6909.536435921314
2023-05-13 16:00:00,-3184.473409348848,-6464.851745943906,-6803.674844707246
2023-05-13 17:00:00,-3392.15225018221,-6886.463970060956,-7247.383779756834
2023-05-13 18:00:00,-3345.5067696222472,-6791.768214224787,-7147.7250161529655
2023-05-13 19:00:00,-3026.9239438890554,-6145.007989717179,-6467.068066393766
2023-05-13 20:00:00,-2837.24522625933,-5759.938111213258,-6061.8166625274125
2023-05-13 21:00:00,-2660.534339324698,-5401.194438688685,-5684.271221986616
2023-05-13 22:00:00,-2583.8886534253397,-5245.594773497304,-5520.516573077356
2023-05-13 23:00:00,-2532.791529492434,-5141.8616633697175,-5411.346807137848
2023-05-14 00:00:00,-2548.0819567299327,-5172.903010718503,-5444.015032551564
2023-05-14 01:00:00,-2573.243419272651,-5223.98370888739,-5497.7728718399585
2023-05-14 02:00:00,-2723.825095105229,-5529.68204100581,-5819.4928638889605
2023-05-14 03:00:00,-2970.213878312005,-6029.879954613456,-6345.90616707454
2023-05-14 04:00:00,-3140.3440750431564,-6375.264059924627,-6709.391865032217
2023-05-14 05:00:00,-3214.280064976376,-6525.362726851666,-6867.3572081719585
2023-05-14 06:00:00,-3270.022381994091,-6638.526119718124,-6986.4514982877845
2023-05-14 07:00:00,-3240.9899252140312,-6579.586852600177,-6924.423222185792
2023-05-14 08:00:00,-3260.731995824472,-6619.665554240381,-6966.602449935147
2023-05-14 09:00:00,-3242.3447731971005,-6582.337351732348,-6927.317875070551
2023-05-14 10:00:00,-3268.667534011022,-6635.775620585953,-6983.556845403024
2023-05-14 11:00:00,-3252.215808502321,-6602.37670255245,-6948.407488945229
2023-05-14 12:00:00,-3237.699580112291,-6572.907068993476,-6917.393350894233
2023-05-14 13:00:00,-3210.6026204509017,-6517.897086350059,-6859.500293199039
2023-05-14 14:00:00,-3230.3446910613425,-6557.975787990263,-6901.679520948394
2023-05-14 15:00:00,-3232.2801881800133,-6561.905072464793,-6905.814739355194
2023-05-14 16:00:00,-3222.7962522985267,-6542.651578539597,-6885.552169161876
2023-05-14 17:00:00,-3414.991116182524,-6932.829526860408,-7296.179356957068
2023-05-14 18:00:00,-3365.635939656422,-6832.632772759897,-7190.731287583681
2023-05-14 19:00:00,-3068.537131940475,-6229.48760591957,-6555.975262139955
2023-05-14 20:00:00,-2887.3746016329005,-5861.706579103579,-6168.91881926352
2023-05-14 21:00:00,-2721.308948850957,-5524.573971188922,-5814.117079960121
2023-05-14 22:00:00,-2605.1791217307173,-5288.8169027171325,-5566.00397555215
2023-05-14 23:00:00,-2564.9207816623675,-5207.087785646912,-5479.99143269072
2023-05-15 00:00:00,-2554.0819977978117,-5185.083792589546,-5456.8342096126435
2023-05-15 01:00:00,-2581.178957459201,-5240.093775232963,-5514.727267307836
2023-05-15 02:00:00,-2682.5990064775438,-5445.988281698325,-5731.412711824131
2023-05-15 03:00:00,-2979.11716505789,-6047.954663196293,-6364.928171745817
2023-05-15 04:00:00,-3136.6666305176823,-6367.79841942302,-6701.534950059297
2023-05-15 05:00:00,-3236.9253812648226,-6571.335355203664,-6915.739263531513
2023-05-15 06:00:00,-3275.248224214502,-6649.135187799355,-6997.616587986144
2023-05-15 07:00:00,-3236.3447321292215,-6570.156569861306,-6914.498698009473
2023-05-15 08:00:00,-3229.5704922138743,-6556.404074200451,-6900.025433585674
2023-05-15 09:00:00,-3222.2156031629256,-6541.4727931972375,-6884.311603639837
2023-05-15 10:00:00,-3261.8932940956743,-6622.023124925099,-6969.083580979227
2023-05-15 11:00:00,-3202.0864331287507,-6500.608234662128,-6841.305332209122
2023-05-15 12:00:00,-3207.6993747728957,-6512.003159638264,-6853.29746558884
2023-05-15 13:00:00,-3202.473532552485,-6501.394091557034,-6842.132375890482
2023-05-15 14:00:00,-3206.9251759254275,-6510.431445848452,-6851.64337822612
2023-05-15 15:00:00,-3235.1834338580193,-6567.798999176588,-6912.017566965394
2023-05-15 16:00:00,-3204.6025793830227,-6505.716304479017,-6846.681116137961
2023-05-15 17:00:00,-3407.055577995974,-6916.719460514835,-7279.224961489191
2023-05-15 18:00:00,-3364.4746413852195,-6830.27520207518,-7188.250156539601
2023-05-15 19:00:00,-3073.182325025284,-6238.917888658442,-6565.899786316274
2023-05-15 20:00:00,-2911.5683156162836,-5910.822635035202,-6220.6090493485135
2023-05-15 21:00:00,-2721.11539913909,-5524.181042741468,-5813.703558119441
2023-05-15 22:00:00,-2619.50180040888,-5317.893607828653,-5596.604591762467
2023-05-15 23:00:00,-2551.56585154354,-5179.975722772657,-5451.458425683803
2023-05-16 00:00:00,-2569.37242503531,-5216.125139938331,-5489.502435026359
2023-05-16 01:00:00,-2593.3725893068263,-5264.848267422501,-5540.779143270674
2023-05-16 02:00:00,-2732.34128242738,-5546.970892693741,-5837.687824878879
2023-05-16 03:00:00,-2989.3752997868446,-6068.779870911301,-6386.844829301855
2023-05-16 04:00:00,-3136.279531093948,-6367.012562528114,-6700.707906377938
2023-05-16 05:00:00,-3240.0221766546956,-6577.6222103629125,-6922.355612982392
2023-05-16 06:00:00,-3283.183762401052,-6665.2452541449275,-7014.570983454021
2023-05-16 07:00:00,-3261.6997443838072,-6621.630196477646,-6968.670059138547
2023-05-16 08:00:00,-3266.732036892351,-6631.846336111424,-6979.421626996225
2023-05-16 09:00:00,-3230.5382407732095,-6558.368716437716,-6902.093042789074
2023-05-16 10:00:00,-3259.3771478414023,-6616.91505510821,-6963.707797050387
2023-05-16 11:00:00,-3277.957920180641,-6654.636186063696,-7003.405893755663
2023-05-16 12:00:00,-3272.538528248363,-6643.634189535013,-6991.827282216624
2023-05-16 13:00:00,-3251.828709078587,-6601.590845657544,-6947.5804452638695
2023-05-16 14:00:00,-3283.570861824786,-6666.031111039833,-7015.398027135381
2023-05-16 15:00:00,-3240.40927607843,-6578.408067257818,-6923.182656663752
2023-05-16 16:00:00,-3260.538446112605,-6619.272625792928,-6966.188928094467
2023-05-16 17:00:00,-3418.6685607079985,-6940.295167362015,-7304.036271929987
2023-05-16 18:00:00,-3349.9584129951895,-6800.805568516205,-7157.236018488605
2023-05-16 19:00:00,-3105.6986766189516,-6304.929867830543,-6635.371455550506
2023-05-16 20:00:00,-2889.310098751571,-5865.63586357811,-6173.054037670319
2023-05-16 21:00:00,-2721.6960482746913,-5525.359828083828,-5814.944123641481
2023-05-16 22:00:00,-2619.8888998326142,-5318.679464723559,-5597.431635443827
2023-05-16 23:00:00,-2593.1790395949592,-5264.455338975047,-5540.365621429994
2023-05-17 00:00:00,-2603.8242737476476,-5286.066403584961,-5563.109322667391
2023-05-17 01:00:00,-2593.3725893068263,-5264.848267422501,-5540.779143270674
2023-05-17 02:00:00,-2736.7929258003223,-5556.0082469851595,-5847.198827214517
2023-05-17 03:00:00,-3004.4721773124757,-6099.428289812634,-6419.09953287489
2023-05-17 04:00:00,-3133.5698351278093,-6361.511564263772,-6694.918600608418
2023-05-17 05:00:00,-3212.3445678577054,-6521.433442377136,-6863.221989765159
2023-05-17 06:00:00,-3257.0545512989975,-6612.199913738775,-6958.745534962228
2023-05-17 07:00:00,-3213.8929655526417,-6524.57686995676,-6866.5301644905985
2023-05-17 08:00:00,-3209.6348718915665,-6515.932444112794,-6857.432683995639
2023-05-17 09:00:00,-3196.473491484606,-6489.213309685992,-6829.313198829403
2023-05-17 10:00:00,-3216.9897609425147,-6530.863725116007,-6873.146513941478
2023-05-17 11:00:00,-3221.4414043154575,-6539.901079407426,-6882.657516277117
2023-05-17 12:00:00,-3188.344403586189,-6472.710314892966,-6811.945281520845
2023-05-17 13:00:00,-3158.924847382395,-6412.985190880113,-6749.089961737493
2023-05-17 14:00:00,-3216.7962112306477,-6530.470796668555,-6872.732992100798
2023-05-17 15:00:00,-3207.8929244847627,-6512.396088085718,-6853.71098742952
2023-05-17 16:00:00,-3163.7635901790713,-6422.808402066437,-6759.428007754491
2023-05-17 17:00:00,-3321.893704774465,-6743.830943635523,-7097.275351590011
2023-05-17 18:00:00,-3334.0873366220903,-6768.585435825061,-7123.327227552849
2023-05-17 19:00:00,-3118.666507314045,-6331.256073809893,-6663.077418876062
2023-05-17 20:00:00,-2908.2779705145435,-5904.142851428502,-6213.579178056954
2023-05-17 21:00:00,-2706.405621037193,-5494.318480735042,-5782.2758982277655
2023-05-17 22:00:00,-2586.0177002558776,-5249.916986419287,-5525.065313324835
2023-05-17 23:00:00,-2577.1144135099926,-5231.84227783645,-5506.043308653558
2023-05-18 00:00:00,-2551.952950967274,-5180.761579667563,-5452.285469365163
2023-05-18 01:00:00,-2553.6948983740776,-5184.29793569464,-5456.007165931283
2023-05-18 02:00:00,-2578.0821620693278,-5233.806920073715,-5508.110917856957
2023-05-18 03:00:00,-2719.7605511560205,-5521.430543609297,-5810.808905234681
2023-05-18 04:00:00,-2793.8900908011074,-5671.922138983789,-5969.187770215103
2023-05-18 05:00:00,-2993.826943159787,-6077.81722520272,-6396.355831637494
2023-05-18 06:00:00,-3084.9888574491756,-6262.886523953074,-6591.124618597751
2023-05-18 07:00:00,-3121.1826535683167,-6336.364143626782,-6668.453202804902
2023-05-18 08:00:00,-3172.860426636824,-6441.276039096728,-6778.863534266448
2023-05-18 09:00:00,-3157.5699993993253,-6410.234691747942,-6746.1953088527325
2023-05-18 10:00:00,-3106.0857760426857,-6305.715724725449,-6636.198499231866
2023-05-18 11:00:00,-3115.763261636039,-6325.362147098098,-6656.874591265863
2023-05-18 12:00:00,-3113.0535656699,-6319.8611488337565,-6651.085285496344
2023-05-18 13:00:00,-3115.1826125004377,-6324.183361755739,-6655.634025743823
2023-05-18 14:00:00,-3115.3761622123047,-6324.576290203192,-6656.047547584503
2023-05-18 15:00:00,-3104.9244777714835,-6303.358154040731,-6633.717368187786
2023-05-18 16:00:00,-3115.3761622123047,-6324.576290203192,-6656.047547584503
2023-05-18 17:00:00,-3234.796334434285,-6567.013142281681,-6911.190523284034
2023-05-18 18:00:00,-3238.6673286716264,-6574.871711230741,-6919.460960097633
2023-05-18 19:00:00,-3008.14962183795,-6106.893930314241,-6426.95644784781
2023-05-18 20:00:00,-2858.148595140973,-5802.374383538179,-6106.477021320848
2023-05-18 21:00:00,-2646.7923097821363,-5373.296518919524,-5654.91117129834
2023-05-18 22:00:00,-2584.275752849074,-5246.38063039221,-5521.343616758715
2023-05-18 23:00:00,-2493.8880374071537,-5062.8830454316685,-5328.228917161178
2023-05-19 00:00:00,-2484.2105518138005,-5043.236623059019,-5307.552825127181
2023-05-19 01:00:00,-2475.1137153560485,-5024.768986028729,-5288.117298615222
2023-05-19 02:00:00,-2526.017289577087,-5128.109167708863,-5396.87354271405
2023-05-19 03:00:00,-2613.501759341001,-5305.712825957611,-5583.785414701389
2023-05-19 04:00:00,-2701.3733285286494,-5484.102341101265,-5771.524330370086
2023-05-19 05:00:00,-2851.180805513759,-5788.228959429872,-6091.590235056369
2023-05-19 06:00:00,-2964.213837244126,-6017.699172742414,-6333.086990013461
2023-05-19 07:00:00,-2948.5363105828933,-5985.871968498722,-6299.591720918384
2023-05-19 08:00:00,-2973.117123990011,-6035.773881325251,-6352.108994684739
2023-05-19 09:00:00,-2959.762193871183,-6008.661818450994,-6323.575987677822
2023-05-19 10:00:00,-2978.3429662104218,-6046.382949406481,-6363.274084383097
2023-05-19 11:00:00,-2956.66539848131,-6002.374963291747,-6316.959638226943
2023-05-19 12:00:00,-2952.600854532102,-5994.123465895234,-6308.275679572664
2023-05-19 13:00:00,-2982.988159295231,-6055.813232145352,-6373.198608559416
2023-05-19 14:00:00,-3011.0528675159558,-6112.7878570260345,-6433.159275458009
2023-05-19 15:00:00,-3001.5689316344697,-6093.534363100839,-6412.896705264691
2023-05-19 16:00:00,-2998.6656859564637,-6087.640436389044,-6406.693877654492
2023-05-19 17:00:00,-3192.9895966709987,-6482.140597631837,-6821.869805697163
2023-05-19 18:00:00,-3258.2158495702,-6614.5574844234925,-6961.226666006308
2023-05-19 19:00:00,-2988.9882003631105,-6067.994014016395,-6386.017785620495
2023-05-19 20:00:00,-2793.69654108924,-5671.529210536337,-5968.774248374423
2023-05-19 21:00:00,-2623.7598940699554,-5326.538033672618,-5605.702072257426
2023-05-19 22:00:00,-2524.8559913058843,-5125.751597024145,-5394.39241166997
2023-05-19 23:00:00,-2492.5331894240844,-5060.132546299497,-5325.334264276418
2023-05-20 00:00:00,-2487.1137974918065,-5049.130549770814,-5313.75565273738
2023-05-20 01:00:00,-2484.2105518138005,-5043.236623059019,-5307.552825127181
2023-05-20 02:00:00,-2653.760099409351,-5387.441943027831,-5669.797957562818
2023-05-20 03:00:00,-2910.6005670569484,-5908.857992797937,-6218.541440145114
2023-05-20 04:00:00,-3030.2142889907955,-6151.68777332388,-6474.097937685325
2023-05-20 05:00:00,-3182.34436251831,-6460.529533021923,-6799.126104459767
2023-05-20 06:00:00,-3200.731585145681,-6497.857735529957,-6838.410679324362
2023-05-20 07:00:00,-3135.892431670214,-6366.226705633208,-6699.880862696578
2023-05-20 08:00:00,-3225.3123985527986,-6547.759648356486,-6890.927953090716
2023-05-20 09:00:00,-3208.0864741966298,-6512.78901653317,-6854.1245092702
2023-05-20 10:00:00,-3245.2480188751065,-6588.231278444143,-6933.520702680751
2023-05-20 11:00:00,-3245.4415685869735,-6588.624206891595,-6933.934224521431
2023-05-20 12:00:00,-3225.3123985527986,-6547.759648356486,-6890.927953090716
2023-05-20 13:00:00,-3202.860631976219,-6502.17994845194,-6842.959419571841
2023-05-20 14:00:00,-3221.4414043154575,-6539.901079407426,-6882.657516277117
2023-05-20 15:00:00,-3213.3123164170406,-6523.3980846144,-6865.2895989685585
2023-05-20 16:00:00,-3191.054099552328,-6478.211313157308,-6817.734587290364
2023-05-20 17:00:00,-3324.990500164338,-6750.117798794771,-7103.89170104089
2023-05-20 18:00:00,-3312.796868316713,-6725.363306605233,-7077.839825078054
2023-05-20 19:00:00,-3042.795020262155,-6177.2281224083235,-6500.976857329521
2023-05-20 20:00:00,-2833.95488115759,-5753.258327606557,-6054.786791235853
2023-05-20 21:00:00,-2641.760017273593,-5363.080379285746,-5644.159603440661
2023-05-20 22:00:00,-2544.791611628192,-5166.223227111802,-5436.985161260005
2023-05-20 23:00:00,-2532.597979780567,-5141.468734922264,-5410.933285297168
2023-05-21 00:00:00,-2502.791324153039,-5080.957754014506,-5347.250921832456
2023-05-21 01:00:00,-2530.8560323737634,-5137.932378895188,-5407.211588731049
2023-05-21 02:00:00,-2691.3087435115617,-5463.670061833709,-5750.021194654729
2023-05-21 03:00:00,-2910.6005670569484,-5908.857992797937,-6218.541440145114
2023-05-21 04:00:00,-3085.7630562966438,-6264.458237742886,-6592.778705960471
2023-05-21 05:00:00,-3184.473409348848,-6464.851745943906,-6803.674844707246
2023-05-21 06:00:00,-3236.3447321292215,-6570.156569861306,-6914.498698009473
2023-05-21 07:00:00,-3187.763754450588,-6471.531529550607,-6810.704715998805
2023-05-21 08:00:00,-3250.6674108073844,-6599.233274972826,-6945.099314219789
2023-05-21 09:00:00,-3250.0867616717833,-6598.054489630467,-6943.858748697749
2023-05-21 10:00:00,-3266.344937468617,-6631.060479216518,-6978.594583314865
2023-05-21 11:00:00,-3249.312562824315,-6596.482775840655,-6942.204661335029
2023-05-21 12:00:00,-3228.0220945189376,-6553.260646620827,-6896.717258860235
2023-05-21 13:00:00,-3192.21539782353,-6480.568883842026,-6820.215718334444
2023-05-21 14:00:00,-3191.054099552328,-6478.211313157308,-6817.734587290364
2023-05-21 15:00:00,-3193.376696094733,-6482.926454526743,-6822.696849378523
2023-05-21 16:00:00,-3193.763795518467,-6483.712311421649,-6823.523893059883
2023-05-21 17:00:00,-3334.8615354695585,-6770.157149614874,-7124.981314915568
2023-05-21 18:00:00,-3325.7646990118064,-6751.689512584583,-7105.5457884036105
2023-05-21 19:00:00,-3029.4400901433273,-6150.116059534068,-6472.443850322605
2023-05-21 20:00:00,-2840.9226707848043,-5767.4037517148645,-6069.673577500332
2023-05-21 21:00:00,-2644.469713239732,-5368.581377550087,-5649.94890921018
2023-05-21 22:00:00,-2566.0820799335697,-5209.44535633163,-5482.4725637348
2023-05-21 23:00:00,-2517.88820167867,-5111.606172915838,-5379.5056254054925
2023-05-22 00:00:00,-2541.694816238319,-5159.9363719525545,-5430.368811809126
2023-05-22 01:00:00,-2540.920617390851,-5158.364658162743,-5428.714724446407
2023-05-22 02:00:00,-2698.0829834269093,-5477.422557494564,-5764.494459078527
2023-05-22 03:00:00,-2957.2460476169113,-6003.553748634106,-6318.200203748983
2023-05-22 04:00:00,-3077.246868974493,-6247.169386054955,-6574.583744970552
2023-05-22 05:00:00,-3187.763754450588,-6471.531529550607,-6810.704715998805
2023-05-22 06:00:00,-3243.312521756436,-6584.301993969613,-6929.385484273951
2023-05-22 07:00:00,-3244.8609194513724,-6587.445421549237,-6932.693658999391
2023-05-22 08:00:00,-3235.3769835698863,-6568.1919276240405,-6912.431088806074
2023-05-22 09:00:00,-3246.9899662819103,-6591.76763447122,-6937.24239924687
2023-05-22 10:00:00,-3246.215767434442,-6590.195920681407,-6935.58831188415
2023-05-22 11:00:00,-3257.0545512989975,-6612.199913738775,-6958.745534962228
2023-05-22 12:00:00,-3202.279982840618,-6501.00116310958,-6841.718854049802
2023-05-22 13:00:00,-3180.602415111506,-6456.993176994847,-6795.404407893647
2023-05-22 14:00:00,-3206.5380765016935,-6509.645588953546,-6850.81633454476
2023-05-22 15:00:00,-3209.247772467832,-6515.146587217888,-6856.605640314279
2023-05-22 16:00:00,-3181.763713382709,-6459.350747679565,-6797.885538937727
2023-05-22 17:00:00,-3273.119177383964,-6644.812974877372,-6993.067847738664
2023-05-22 18:00:00,-3284.538610384121,-6667.995753277098,-7017.465636338781
2023-05-22 19:00:00,-3060.408044042058,-6212.984611126545,-6538.607344831396
2023-05-22 20:00:00,-2853.1163026324293,-5792.158243904402,-6095.725453463168
2023-05-22 21:00:00,-2670.0182752061846,-5420.447932613882,-5704.533792179935
2023-05-22 22:00:00,-2554.85619664528,-5186.655506379358,-5458.488296975363
2023-05-22 23:00:00,-2526.210839288954,-5128.502096156316,-5397.28706455473
2023-05-23 00:00:00,-2521.9527456278784,-5119.857670312351,-5388.189584059771
2023-05-23 01:00:00,-2529.307634678827,-5134.788951315563,-5403.903414005609
2023-05-23 02:00:00,-2675.6312168503296,-5431.842857590018,-5716.525925559653
2023-05-23 03:00:00,-2949.697608854096,-5988.22953918344,-6302.0728519624645
2023-05-23 04:00:00,-3072.214576465949,-6236.953246421177,-6563.832177112874
2023-05-23 05:00:00,-3203.054181688086,-6502.572876899393,-6843.372941412521
2023-05-23 06:00:00,-3218.5381586374515,-6534.007152695631,-6876.454688666918
2023-05-23 07:00:00,-3177.312070009766,-6450.313393388146,-6788.374536602088
2023-05-23 08:00:00,-3178.4733682809688,-6452.670964072864,-6790.855667646168
2023-05-23 09:00:00,-3184.860508772582,-6465.637602838812,-6804.501888388606
2023-05-23 10:00:00,-3219.6994569086537,-6536.3647233803495,-6878.935819710997
2023-05-23 11:00:00,-3203.8283805355545,-6504.144590689205,-6845.027028775241
2023-05-23 12:00:00,-3204.9896788067567,-6506.502161373923,-6847.508159819321
2023-05-23 13:00:00,-3208.473573620364,-6513.574873428076,-6854.95155295156
2023-05-23 14:00:00,-3203.054181688086,-6502.572876899393,-6843.372941412521
2023-05-23 15:00:00,-3195.6992926371377,-6487.64159589618,-6827.6591114666835
2023-05-23 16:00:00,-3153.699005161984,-6402.3761227988825,-6737.924872039133
2023-05-23 17:00:00,-3316.474312842187,-6732.82894710684,-7085.696740050973
2023-05-23 18:00:00,-3371.0553315887,-6843.634769288581,-7202.30989912272
2023-05-23 19:00:00,-3062.92419029633,-6218.092680943434,-6543.9831287602365
2023-05-23 20:00:00,-2869.955127564864,-5826.343018832811,-6131.701853602324
2023-05-23 21:00:00,-2671.373123189254,-5423.198431746052,-5707.428445064694
2023-05-23 22:00:00,-2567.8240273403735,-5212.981712358707,-5486.194260300919
2023-05-23 23:00:00,-2508.984914932785,-5093.531464333,-5360.483620734214
2023-05-24 00:00:00,-2509.7591137802533,-5095.103178122812,-5362.137708096934
2023-05-24 01:00:00,-2515.9527045599993,-5107.676888441308,-5375.3704069986925
2023-05-24 02:00:00,-2675.4376671384625,-5431.4499291425645,-5716.112403718973
2023-05-24 03:00:00,-2927.245842277516,-5942.6498392788935,-6254.10431844359
2023-05-24 04:00:00,-3081.504962635568,-6255.81381189892,-6583.6812254655115
2023-05-24 05:00:00,-3144.602168704232,-6383.908485768592,-6718.489345527176
2023-05-24 06:00:00,-3184.473409348848,-6464.851745943906,-6803.674844707246
2023-05-24 07:00:00,-3150.602209772111,-6396.089267639634,-6731.308522588254
2023-05-24 08:00:00,-3176.344321450431,-6448.348751150881,-6786.306927398688
2023-05-24 09:00:00,-3196.473491484606,-6489.213309685992,-6829.313198829403
2023-05-24 10:00:00,-3236.3447321292215,-6570.156569861306,-6914.498698009473
2023-05-24 11:00:00,-3220.8607551798564,-6538.722294065067,-6881.416950755077
2023-05-24 12:00:00,-3212.9252169933065,-6522.6122277194945,-6864.4625552871985
2023-05-24 13:00:00,-3167.053935280812,-6429.488185673138,-6766.45787904605
2023-05-24 14:00:00,-3165.311987874008,-6425.951829646061,-6762.736182479931
2023-05-24 15:00:00,-3168.215233552014,-6431.845756357856,-6768.93901009013
2023-05-24 16:00:00,-3144.602168704232,-6383.908485768592,-6718.489345527176
2023-05-24 17:00:00,-3249.506112536182,-6596.875704288108,-6942.618183175709
2023-05-24 18:00:00,-3262.0868438075413,-6622.416053372552,-6969.497102819906
2023-05-24 19:00:00,-3034.8594820756052,-6161.118056062752,-6484.022461861643
2023-05-24 20:00:00,-2862.406688802049,-5811.018809382145,-6115.574501815806
2023-05-24 21:00:00,-2687.4377492742206,-5455.81149288465,-5741.75075784113
2023-05-24 22:00:00,-2604.598472595116,-5287.638117374773,-5564.76341003011
2023-05-24 23:00:00,-2525.2430907296184,-5126.537453919051,-5395.21945535133
2023-05-25 00:00:00,-2518.8559502380053,-5113.570815153103,-5381.573234608892
2023-05-25 01:00:00,-2506.8558681022473,-5089.209251411018,-5355.934880486735
2023-05-25 02:00:00,-2590.0822442050858,-5258.1684838158,-5533.749271979114
2023-05-25 03:00:00,-2677.760263680867,-5436.165070512001,-5721.074665807132
2023-05-25 04:00:00,-2814.0192608352822,-5712.7866975189,-6012.194041645818
2023-05-25 05:00:00,-3022.4723005161127,-6135.9706354257605,-6457.557064058126
2023-05-25 06:00:00,-3079.956564940632,-6252.670384319296,-6580.373050740072
2023-05-25 07:00:00,-3116.7310101953744,-6327.326789335363,-6658.942200469262
2023-05-25 08:00:00,-3142.08602244996,-6378.800415951703,-6713.113561598337
2023-05-25 09:00:00,-3125.2471975175254,-6344.615641023294,-6677.137161459181
2023-05-25 10:00:00,-3133.5698351278093,-6361.511564263772,-6694.918600608418
2023-05-25 11:00:00,-3051.117657872439,-6194.124045648802,-6518.758296478759
2023-05-25 12:00:00,-3071.440377618481,-6235.381532631365,-6562.178089750154
2023-05-25 13:00:00,-3073.5694244490182,-6239.703745553348,-6566.726829997634
2023-05-25 14:00:00,-3063.311289720064,-6218.87853783834,-6544.8101724415965
2023-05-25 15:00:00,-3094.4727933306617,-6282.14001787827,-6611.387188791068
2023-05-25 16:00:00,-3028.0852421602576,-6147.365560401898,-6469.549197437845
2023-05-25 17:00:00,-3187.763754450588,-6471.531529550607,-6810.704715998805
2023-05-25 18:00:00,-3209.4413221796995,-6515.539515665341,-6857.019162154959
2023-05-25 19:00:00,-2999.439884803932,-6089.212150178856,-6408.347965017212
2023-05-25 20:00:00,-2848.47110954762,-5782.72796116553,-6085.80092928685
2023-05-25 21:00:00,-2642.147116697327,-5363.866236180652,-5644.986647122021
2023-05-25 22:00:00,-2526.017289577087,-5128.109167708863,-5396.87354271405
2023-05-25 23:00:00,-2500.8558270343683,-5077.028469539975,-5343.115703425657
2023-05-26 00:00:00,-2477.4363118984534,-5029.484127398165,-5293.079560703382
2023-05-26 01:00:00,-2448.790954542127,-4971.330717175123,-5231.878328282749
2023-05-26 02:00:00,-2466.7910777457646,-5007.8730627882505,-5270.335859465985
2023-05-26 03:00:00,-2586.5983493914787,-5251.095771761647,-5526.305878846875
2023-05-26 04:00:00,-2637.501923612517,-5354.435953441781,-5635.062122945702
2023-05-26 05:00:00,-2748.986557647948,-5580.762739174698,-5873.250703177355
2023-05-26 06:00:00,-2866.084133327523,-5818.484449883752,-6123.431416788725
2023-05-26 07:00:00,-2858.7292442765743,-5803.553168880539,-6107.717586842887
2023-05-26 08:00:00,-2878.8584143107496,-5844.417727415648,-6150.723858273602
2023-05-26 09:00:00,-2899.3746837686585,-5886.068142845665,-6194.557173385677
2023-05-26 10:00:00,-2894.1488415482477,-5875.459074764434,-6183.3920836873185
2023-05-26 11:00:00,-2915.8264092773593,-5919.467060879168,-6229.706529843473
2023-05-26 12:00:00,-2861.245390530846,-5808.6612386974275,-6113.093370771727
2023-05-26 13:00:00,-2897.0520872262537,-5881.353001476229,-6189.594911297518
2023-05-26 14:00:00,-2927.052292565649,-5942.256910831441,-6253.69079660291
2023-05-26 15:00:00,-2976.988118227352,-6043.63245027431,-6360.379431498338
2023-05-26 16:00:00,-2925.5038948707124,-5939.113483251817,-6250.38262187747
2023-05-26 17:00:00,-3103.5696297884137,-6300.60765490856,-6630.822715303026
2023-05-26 18:00:00,-3158.924847382395,-6412.985190880113,-6749.089961737493
2023-05-26 19:00:00,-2931.6974856504585,-5951.687193570312,-6263.615320779229
2023-05-26 20:00:00,-2726.341241359501,-5534.790110822699,-5824.868647817801
2023-05-26 21:00:00,-2602.6629754764454,-5283.708832900244,-5560.628191623311
2023-05-26 22:00:00,-2508.404265797184,-5092.352678990642,-5359.243055212174
2023-05-26 23:00:00,-2488.6621951867432,-5052.273977350437,-5317.063827462819
2023-05-27 00:00:00,-2411.8229595755174,-4896.281383711604,-5152.895656712879
2023-05-27 01:00:00,-2443.5651123217167,-4960.721649093893,-5220.713238584391
2023-05-27 02:00:00,-2619.308250697013,-5317.5006793812,-5596.191069921787
2023-05-27 03:00:00,-2859.890542547777,-5805.910739565256,-6110.198717886967
2023-05-27 04:00:00,-3052.085406431774,-6196.088687886067,-6520.825905682159
2023-05-27 05:00:00,-3158.3441982467934,-6411.806405537754,-6747.8493962154525
2023-05-27 06:00:00,-3202.279982840618,-6501.00116310958,-6841.718854049802
2023-05-27 07:00:00,-3201.8928834168837,-6500.2153062146745,-6840.891810368442
2023-05-27 08:00:00,-3232.0866384681462,-6561.51214401734,-6905.401217514514
2023-05-27 09:00:00,-3212.7316672814395,-6522.219299272042,-6864.0490334465185
2023-05-27 10:00:00,-3248.5383639768465,-6594.911062050844,-6940.55057397231
2023-05-27 11:00:00,-3231.3124396206777,-6559.940430227528,-6903.747130151794
2023-05-27 12:00:00,-3221.4414043154575,-6539.901079407426,-6882.657516277117
2023-05-27 13:00:00,-3175.3765728910957,-6446.384108913617,-6784.239318195288
2023-05-27 14:00:00,-3200.9251348575485,-6498.25066397741,-6838.824201165042
2023-05-27 15:00:00,-3176.150771738564,-6447.955822703429,-6785.8934055580075
2023-05-27 16:00:00,-3145.9570166873013,-6386.658984900763,-6721.383998411936
2023-05-27 17:00:00,-3313.183967740447,-6726.149163500139,-7078.666868759414
2023-05-27 18:00:00,-3382.28121487699,-6866.424619240854,-7226.294165882156
2023-05-27 19:00:00,-3104.343828635882,-6302.179368698372,-6632.476802665746
2023-05-27 20:00:00,-2876.5358177683447,-5839.702586046213,-6145.761596185443
2023-05-27 21:00:00,-2688.5990475454228,-5458.169063569368,-5744.23188888521
2023-05-27 22:00:00,-2571.3079221539806,-5220.0544244128605,-5493.637653433158
2023-05-27 23:00:00,-2529.11408496696,-5134.396022868111,-5403.489892164929
2023-05-28 00:00:00,-2517.114002831202,-5110.0344591260255,-5377.8515380427725
2023-05-28 01:00:00,-2534.533476899238,-5145.398019396795,-5415.068503703968
2023-05-28 02:00:00,-2684.1474041724805,-5449.131709277949,-5734.72088654957
2023-05-28 03:00:00,-2910.7941167688155,-5909.250921245391,-6218.954961985794
2023-05-28 04:00:00,-3072.79522560155,-6238.132031763536,-6565.072742634914
2023-05-28 05:00:00,-3194.925093789669,-6486.069882106367,-6826.0050241039635
2023-05-28 06:00:00,-3245.0544691632394,-6587.838349996689,-6933.107180840071
2023-05-28 07:00:00,-3206.9251759254275,-6510.431445848452,-6851.64337822612
2023-05-28 08:00:00,-3206.344526789826,-6509.252660506093,-6850.40281270408
2023-05-28 09:00:00,-3251.828709078587,-6601.590845657544,-6947.5804452638695
2023-05-28 10:00:00,-3261.119095248206,-6620.451411135287,-6967.429493616507
2023-05-28 11:00:00,-3246.022217722575,-6589.802992233955,-6935.17479004347
2023-05-28 12:00:00,-3206.150977077959,-6508.8597320586405,-6849.9892908634
2023-05-28 13:00:00,-3172.0862277893552,-6439.704325306916,-6777.209446903729
2023-05-28 14:00:00,-3203.8283805355545,-6504.144590689205,-6845.027028775241
2023-05-28 15:00:00,-3205.376778230491,-6507.288018268829,-6848.335203500681
2023-05-28 16:00:00,-3169.957180958818,-6435.382112384933,-6772.660706656249
2023-05-28 17:00:00,-3338.7325297068996,-6778.015718563933,-7133.251751729167
2023-05-28 18:00:00,-3335.6357343170266,-6771.728863404685,-7126.635402278288
2023-05-28 19:00:00,-3110.9245188393625,-6315.5389359117735,-6646.536545248864
2023-05-28 20:00:00,-2869.374478429263,-5825.164233490453,-6130.461288080284
2023-05-28 21:00:00,-2691.695842935296,-5464.455918728615,-5750.848238336089
2023-05-28 22:00:00,-2603.0500749001794,-5284.4946897951495,-5561.455235304671
2023-05-28 23:00:00,-2557.759442323286,-5192.549433091152,-5464.691124585562
2023-05-29 00:00:00,-2543.63031335699,-5163.865656427084,-5434.504030215926
2023-05-29 01:00:00,-2545.3722607637937,-5167.402012454161,-5438.225726782045
2023-05-29 02:00:00,-2688.2119481216887,-5457.383206674462,-5743.40484520385
2023-05-29 03:00:00,-2930.149087955522,-5948.543765990688,-6260.307146053789
2023-05-29 04:00:00,-3107.247074313888,-6308.073295410167,-6638.679630275945
2023-05-29 05:00:00,-3240.9899252140312,-6579.586852600177,-6924.423222185792
2023-05-29 06:00:00,-3312.0226694692446,-6723.791592815422,-7076.185737715334
2023-05-29 07:00:00,-3238.6673286716264,-6574.871711230741,-6919.460960097633
2023-05-29 08:00:00,-3280.66761614678,-6660.1371843280385,-7009.195199525182
2023-05-29 09:00:00,-3263.441691790611,-6625.166552504723,-6972.391755704666
2023-05-29 10:00:00,-3281.635364706115,-6662.101826565303,-7011.262808728582
2023-05-29 11:00:00,-3270.603031129692,-6639.704905060483,-6987.6920638098245
2023-05-29 12:00:00,-3255.312603892194,-6608.663557711698,-6955.023838396109
2023-05-29 13:00:00,-3225.6994979765327,-6548.545505251392,-6891.754996772075
2023-05-29 14:00:00,-3223.376901434128,-6543.830363881956,-6886.792734683916
2023-05-29 15:00:00,-3218.9252580611856,-6534.793009590538,-6877.281732348278
2023-05-29 16:00:00,-3193.957345230334,-6484.105239869103,-6823.937414900563
2023-05-29 17:00:00,-3368.152085910694,-6837.740842576786,-7196.10707151252
2023-05-29 18:00:00,-3380.92636689392,-6863.6741201086825,-7223.399512997397
2023-05-29 19:00:00,-3135.3117825346126,-6365.047920290849,-6698.640297174538
2023-05-29 20:00:00,-2901.5037305991964,-5890.390355767648,-6199.105913633157
2023-05-29 21:00:00,-2692.2764920708973,-5465.634704070974,-5752.088803858129
2023-05-29 22:00:00,-2577.1144135099926,-5231.84227783645,-5506.043308653558
2023-05-29 23:00:00,-2548.0819567299327,-5172.903010718503,-5444.015032551564
2023-05-30 00:00:00,-2554.469097221546,-5185.869649484452,-5457.661253294003
2023-05-30 01:00:00,-2569.1788753234428,-5215.7322114908775,-5489.088913185679
2023-05-30 02:00:00,-2708.5346678677306,-5498.640693657025,-5786.824638475245
2023-05-30 03:00:00,-2922.2135497689724,-5932.433699645117,-6243.352750585911
2023-05-30 04:00:00,-3109.76322056816,-6313.181365227056,-6644.055414204785
2023-05-30 05:00:00,-3249.506112536182,-6596.875704288108,-6942.618183175709
2023-05-30 06:00:00,-3341.8293250967727,-6784.30257372318,-7139.868101180046
2023-05-30 07:00:00,-3320.3453070795285,-6740.687516055899,-7093.967176864572
2023-05-30 08:00:00,-3364.0875419614854,-6829.489345180274,-7187.423112858241
2023-05-30 09:00:00,-3385.57155997873,-6873.104402847554,-7233.324037173716
2023-05-30 10:00:00,-3404.5394317417026,-6911.611390697946,-7273.849177560351
2023-05-30 11:00:00,-3367.3778870632254,-6836.169128786974,-7194.452984149801
2023-05-30 12:00:00,-3388.86190508047,-6879.784186454255,-7240.353908465275
2023-05-30 13:00:00,-3358.6681500292075,-6818.48734865159,-7175.844501319202
2023-05-30 14:00:00,-3338.3454302831656,-6777.229861669027,-7132.424708047807
2023-05-30 15:00:00,-3323.0550030456675,-6746.188514320242,-7099.756482634091
2023-05-30 16:00:00,-3303.5064821470937,-6706.5027411274905,-7057.990776725416
2023-05-30 17:00:00,-3396.410343843286,-6895.108395904921,-7256.481260251793
2023-05-30 18:00:00,-3476.346374844384,-7057.387844703003,-7427.265780452613
2023-05-30 19:00:00,-3194.344444654068,-6484.891096764009,-6824.7644585819235
2023-05-30 20:00:00,-2913.3102630230874,-5914.3589910622795,-6224.330745914634
2023-05-30 21:00:00,-2734.2767795460504,-5550.9001771682715,-5841.823043285678
2023-05-30 22:00:00,-2605.7597708663184,-5289.995688059492,-5567.24454107419
2023-05-30 23:00:00,-2558.14654174702,-5193.335289986058,-5465.518168266922
2023-05-31 00:00:00,-2550.017453848603,-5176.832295193033,-5448.150250958364
2023-05-31 01:00:00,-2560.856237713159,-5198.8362882504,-5471.307474036442
2023-05-31 02:00:00,-2703.1152759354527,-5487.638697128341,-5775.246026936206
2023-05-31 03:00:00,-2957.6331470406453,-6004.339605529012,-6319.027247430343
2023-05-31 04:00:00,-3118.0858581784437,-6330.077288467533,-6661.836853354022
2023-05-31 05:00:00,-3233.6350361630825,-6564.6555715969635,-6908.709392239954
2023-05-31 06:00:00,-3259.5706975532694,-6617.307983555664,-6964.121318891067
2023-05-31 07:00:00,-3261.8932940956743,-6622.023124925099,-6969.083580979227
2023-05-31 08:00:00,-3321.3130556388637,-6742.652158293165,-7096.034786067972
2023-05-31 09:00:00,-3322.4743539100664,-6745.009728977882,-7098.515917112051
2023-05-31 10:00:00,-3319.7646579439274,-6739.508730713541,-7092.726611342532
2023-05-31 11:00:00,-3317.6356111133896,-6735.186517791558,-7088.177871095053
2023-05-31 12:00:00,-3300.990335892822,-6701.394671310602,-7052.614992796577
2023-05-31 13:00:00,-3279.8934172993113,-6658.565470538227,-7007.541112162462
2023-05-31 14:00:00,-3285.119259519722,-6669.174538619457,-7018.706201860821
2023-05-31 15:00:00,-3257.635200434599,-6613.378699081133,-6959.986100484268
2023-05-31 16:00:00,-3198.2154388914096,-6492.749665713068,-6833.034895395523
2023-05-31 17:00:00,-3287.635405773994,-6674.282608436346,-7024.08198578966
2023-05-31 18:00:00,-3351.8939101138603,-6804.734852990736,-7161.371236895404
2023-05-31 19:00:00,-3119.0536067377793,-6332.041930704799,-6663.904462557422
2023-05-31 20:00:00,-2899.9553329042596,-5887.246928188023,-6195.797738907717
2023-05-31 21:00:00,-2739.3090720545943,-5561.1163168020485,-5852.574611143357
2023-05-31 22:00:00,-2625.114742053025,-5329.28853280479,-5608.596725142185
2023-05-31 23:00:00,-2552.727149814742,-5182.333293457375,-5453.939556727883
2023-06-01 00:00:00,-2510.5333126277214,-5096.674891912625,-5363.791795459654
2023-06-01 01:00:00,-2547.307757882464,-5171.331296928691,-5442.360945188845
2023-06-01 02:00:00,-2583.5015540016057,-5244.808916602398,-5519.689529395996
2023-06-01 03:00:00,-2694.792638325169,-5470.742773887863,-5757.464587786968
2023-06-01 04:00:00,-2846.535612428949,-5778.798676691001,-6081.66571088005
2023-06-01 05:00:00,-3001.9560310582037,-6094.320219995745,-6413.723748946051
2023-06-01 06:00:00,-3095.634091601864,-6284.497588562988,-6613.868319835148
2023-06-01 07:00:00,-3095.634091601864,-6284.497588562988,-6613.868319835148
2023-06-01 08:00:00,-3095.634091601864,-6284.497588562988,-6613.868319835148
2023-06-01 09:00:00,-3095.634091601864,-6284.497588562988,-6613.868319835148
2023-06-01 10:00:00,-3095.634091601864,-6284.497588562988,-6613.868319835148
2023-06-01 11:00:00,-3095.634091601864,-6284.497588562988,-6613.868319835148
2023-06-01 12:00:00,-3095.634091601864,-6284.497588562988,-6613.868319835148
2023-06-01 13:00:00,-3095.634091601864,-6284.497588562988,-6613.868319835148
2023-06-01 14:00:00,-3095.634091601864,-6284.497588562988,-6613.868319835148
2023-06-01 15:00:00,-3095.634091601864,-6284.497588562988,-6613.868319835148
2023-06-01 16:00:00,-3095.634091601864,-6284.497588562988,-6613.868319835148
2023-06-01 17:00:00,-3095.634091601864,-6284.497588562988,-6613.868319835148
2023-06-01 18:00:00,-3095.634091601864,-6284.497588562988,-6613.868319835148
2023-06-01 19:00:00,-3095.634091601864,-6284.497588562988,-6613.868319835148
2023-06-01 20:00:00,-3095.634091601864,-6284.497588562988,-6613.868319835148
2023-06-01 21:00:00,-3095.634091601864,-6284.497588562988,-6613.868319835148
2023-06-01 22:00:00,-3095.634091601864,-6284.497588562988,-6613.868319835148
2023-06-01 23:00:00,-3095.634091601864,-6284.497588562988,-6613.868319835148
2023-06-02 00:00:00,-3095.634091601864,-6284.497588562988,-6613.868319835148
2023-06-02 01:00:00,-3095.634091601864,-6284.497588562988,-6613.868319835148
2023-06-02 02:00:00,-3095.634091601864,-6284.497588562988,-6613.868319835148
2023-06-02 03:00:00,-3095.634091601864,-6284.497588562988,-6613.868319835148
2023-06-02 04:00:00,-3095.634091601864,-6284.497588562988,-6613.868319835148
2023-06-02 05:00:00,-3095.634091601864,-6284.497588562988,-6613.868319835148
2023-06-02 06:00:00,-3095.634091601864,-6284.497588562988,-6613.868319835148
2023-06-02 07:00:00,-3095.634091601864,-6284.497588562988,-6613.868319835148
2023-06-02 08:00:00,-3095.634091601864,-6284.497588562988,-6613.868319835148
2023-06-02 09:00:00,-3095.634091601864,-6284.497588562988,-6613.868319835148
2023-06-02 10:00:00,-3095.634091601864,-6284.497588562988,-6613.868319835148
2023-06-02 11:00:00,-3095.634091601864,-6284.497588562988,-6613.868319835148
2023-06-02 12:00:00,-3095.634091601864,-6284.497588562988,-6613.868319835148
2023-06-02 13:00:00,-3095.634091601864,-6284.497588562988,-6613.868319835148
2023-06-02 14:00:00,-3095.634091601864,-6284.497588562988,-6613.868319835148
2023-06-02 15:00:00,-3095.634091601864,-6284.497588562988,-6613.868319835148
2023-06-02 16:00:00,-3095.634091601864,-6284.497588562988,-6613.868319835148
2023-06-02 17:00:00,-3095.634091601864,-6284.497588562988,-6613.868319835148
2023-06-02 18:00:00,-3095.634091601864,-6284.497588562988,-6613.868319835148
2023-06-02 19:00:00,-3095.634091601864,-6284.497588562988,-6613.868319835148
2023-06-02 20:00:00,-3095.634091601864,-6284.497588562988,-6613.868319835148
2023-06-02 21:00:00,-3095.634091601864,-6284.497588562988,-6613.868319835148
2023-06-02 22:00:00,-3095.634091601864,-6284.497588562988,-6613.868319835148
2023-06-02 23:00:00,-3095.634091601864,-6284.497588562988,-6613.868319835148
2023-06-03 00:00:00,-3095.634091601864,-6284.497588562988,-6613.868319835148
2023-06-03 01:00:00,-3095.634091601864,-6284.497588562988,-6613.868319835148
2023-06-03 02:00:00,-3095.634091601864,-6284.497588562988,-6613.868319835148
2023-06-03 03:00:00,-3095.634091601864,-6284.497588562988,-6613.868319835148
2023-06-03 04:00:00,-3095.634091601864,-6284.497588562988,-6613.868319835148
2023-06-03 05:00:00,-3095.634091601864,-6284.497588562988,-6613.868319835148
2023-06-03 06:00:00,-3095.634091601864,-6284.497588562988,-6613.868319835148
2023-06-03 07:00:00,-3095.634091601864,-6284.497588562988,-6613.868319835148
2023-06-03 08:00:00,-3095.634091601864,-6284.497588562988,-6613.868319835148
2023-06-03 09:00:00,-3095.634091601864,-6284.497588562988,-6613.868319835148
2023-06-03 10:00:00,-3095.634091601864,-6284.497588562988,-6613.868319835148
2023-06-03 11:00:00,-3095.634091601864,-6284.497588562988,-6613.868319835148
2023-06-03 12:00:00,-3095.634091601864,-6284.497588562988,-6613.868319835148
2023-06-03 13:00:00,-3095.634091601864,-6284.497588562988,-6613.868319835148
2023-06-03 14:00:00,-3095.634091601864,-6284.497588562988,-6613.868319835148
2023-06-03 15:00:00,-3095.634091601864,-6284.497588562988,-6613.868319835148
2023-06-03 16:00:00,-3095.634091601864,-6284.497588562988,-6613.868319835148
2023-06-03 17:00:00,-3095.634091601864,-6284.497588562988,-6613.868319835148
2023-06-03 18:00:00,-3095.634091601864,-6284.497588562988,-6613.868319835148
2023-06-03 19:00:00,-3095.634091601864,-6284.497588562988,-6613.868319835148
2023-06-03 20:00:00,-3095.634091601864,-6284.497588562988,-6613.868319835148
2023-06-03 21:00:00,-3095.634091601864,-6284.497588562988,-6613.868319835148
2023-06-03 22:00:00,-3095.634091601864,-6284.497588562988,-6613.868319835148
2023-06-03 23:00:00,-3095.634091601864,-6284.497588562988,-6613.868319835148
2023-06-04 00:00:00,-3095.634091601864,-6284.497588562988,-6613.868319835148
2023-06-04 01:00:00,-3095.634091601864,-6284.497588562988,-6613.868319835148
2023-06-04 02:00:00,-3095.634091601864,-6284.497588562988,-6613.868319835148
2023-06-04 03:00:00,-3095.634091601864,-6284.497588562988,-6613.868319835148
2023-06-04 04:00:00,-3095.634091601864,-6284.497588562988,-6613.868319835148
2023-06-04 05:00:00,-3095.634091601864,-6284.497588562988,-6613.868319835148
2023-06-04 06:00:00,-3095.634091601864,-6284.497588562988,-6613.868319835148
2023-06-04 07:00:00,-3095.634091601864,-6284.497588562988,-6613.868319835148
2023-06-04 08:00:00,-3095.634091601864,-6284.497588562988,-6613.868319835148
2023-06-04 09:00:00,-3095.634091601864,-6284.497588562988,-6613.868319835148
2023-06-04 10:00:00,-3095.634091601864,-6284.497588562988,-6613.868319835148
2023-06-04 11:00:00,-3095.634091601864,-6284.497588562988,-6613.868319835148
2023-06-04 12:00:00,-3095.634091601864,-6284.497588562988,-6613.868319835148
2023-06-04 13:00:00,-3095.634091601864,-6284.497588562988,-6613.868319835148
2023-06-04 14:00:00,-3095.634091601864,-6284.497588562988,-6613.868319835148
2023-06-04 15:00:00,-3095.634091601864,-6284.497588562988,-6613.868319835148
2023-06-04 16:00:00,-3095.634091601864,-6284.497588562988,-6613.868319835148
2023-06-04 17:00:00,-3095.634091601864,-6284.497588562988,-6613.868319835148
2023-06-04 18:00:00,-3095.634091601864,-6284.497588562988,-6613.868319835148
2023-06-04 19:00:00,-3095.634091601864,-6284.497588562988,-6613.868319835148
2023-06-04 20:00:00,-3095.634091601864,-6284.497588562988,-6613.868319835148
2023-06-04 21:00:00,-3095.634091601864,-6284.497588562988,-6613.868319835148
2023-06-04 22:00:00,-3095.634091601864,-6284.497588562988,-6613.868319835148
2023-06-04 23:00:00,-3095.634091601864,-6284.497588562988,-6613.868319835148
2023-06-05 00:00:00,-3095.634091601864,-6284.497588562988,-6613.868319835148
2023-06-05 01:00:00,-3095.634091601864,-6284.497588562988,-6613.868319835148
2023-06-05 02:00:00,-2680.276409935139,-5441.273140328889,-5726.450449735971
2023-06-05 03:00:00,-2680.276409935139,-5441.273140328889,-5726.450449735971
2023-06-05 04:00:00,-2680.276409935139,-5441.273140328889,-5726.450449735971
2023-06-05 05:00:00,-2680.276409935139,-5441.273140328889,-5726.450449735971
2023-06-05 06:00:00,-2680.276409935139,-5441.273140328889,-5726.450449735971
2023-06-05 07:00:00,-2680.276409935139,-5441.273140328889,-5726.450449735971
2023-06-05 08:00:00,-2680.276409935139,-5441.273140328889,-5726.450449735971
2023-06-05 09:00:00,-2680.276409935139,-5441.273140328889,-5726.450449735971
2023-06-05 10:00:00,-2680.276409935139,-5441.273140328889,-5726.450449735971
2023-06-05 11:00:00,-2680.276409935139,-5441.273140328889,-5726.450449735971
2023-06-05 12:00:00,-2680.276409935139,-5441.273140328889,-5726.450449735971
2023-06-05 13:00:00,-2680.276409935139,-5441.273140328889,-5726.450449735971
2023-06-05 14:00:00,-2680.276409935139,-5441.273140328889,-5726.450449735971
2023-06-05 15:00:00,-2680.276409935139,-5441.273140328889,-5726.450449735971
2023-06-05 16:00:00,-2680.276409935139,-5441.273140328889,-5726.450449735971
2023-06-05 17:00:00,-2680.276409935139,-5441.273140328889,-5726.450449735971
2023-06-05 18:00:00,-2680.276409935139,-5441.273140328889,-5726.450449735971
2023-06-05 19:00:00,-2680.276409935139,-5441.273140328889,-5726.450449735971
2023-06-05 20:00:00,-2680.276409935139,-5441.273140328889,-5726.450449735971
2023-06-05 21:00:00,-2680.276409935139,-5441.273140328889,-5726.450449735971
2023-06-05 22:00:00,-2680.276409935139,-5441.273140328889,-5726.450449735971
2023-06-05 23:00:00,-2680.276409935139,-5441.273140328889,-5726.450449735971
2023-06-06 00:00:00,-2680.276409935139,-5441.273140328889,-5726.450449735971
2023-06-06 01:00:00,-2680.276409935139,-5441.273140328889,-5726.450449735971
2023-06-06 02:00:00,-2680.276409935139,-5441.273140328889,-5726.450449735971
2023-06-06 03:00:00,-2680.276409935139,-5441.273140328889,-5726.450449735971
2023-06-06 04:00:00,-2680.276409935139,-5441.273140328889,-5726.450449735971
2023-06-06 05:00:00,-2680.276409935139,-5441.273140328889,-5726.450449735971
2023-06-06 06:00:00,-2680.276409935139,-5441.273140328889,-5726.450449735971
2023-06-06 07:00:00,-2680.276409935139,-5441.273140328889,-5726.450449735971
2023-06-06 08:00:00,-2680.276409935139,-5441.273140328889,-5726.450449735971
2023-06-06 09:00:00,-2680.276409935139,-5441.273140328889,-5726.450449735971
2023-06-06 10:00:00,-2680.276409935139,-5441.273140328889,-5726.450449735971
2023-06-06 11:00:00,-2680.276409935139,-5441.273140328889,-5726.450449735971
2023-06-06 12:00:00,-2680.276409935139,-5441.273140328889,-5726.450449735971
2023-06-06 13:00:00,-2680.276409935139,-5441.273140328889,-5726.450449735971
2023-06-06 14:00:00,-2680.276409935139,-5441.273140328889,-5726.450449735971
2023-06-06 15:00:00,-2680.276409935139,-5441.273140328889,-5726.450449735971
2023-06-06 16:00:00,-2680.276409935139,-5441.273140328889,-5726.450449735971
2023-06-06 17:00:00,-2680.276409935139,-5441.273140328889,-5726.450449735971
2023-06-06 18:00:00,-2680.276409935139,-5441.273140328889,-5726.450449735971
2023-06-06 19:00:00,-2680.276409935139,-5441.273140328889,-5726.450449735971
2023-06-06 20:00:00,-2680.276409935139,-5441.273140328889,-5726.450449735971
2023-06-06 21:00:00,-2680.276409935139,-5441.273140328889,-5726.450449735971
2023-06-06 22:00:00,-2680.276409935139,-5441.273140328889,-5726.450449735971
2023-06-06 23:00:00,-2680.276409935139,-5441.273140328889,-5726.450449735971
2023-06-07 00:00:00,-2680.276409935139,-5441.273140328889,-5726.450449735971
2023-06-07 01:00:00,-2680.276409935139,-5441.273140328889,-5726.450449735971
2023-06-07 02:00:00,-2680.276409935139,-5441.273140328889,-5726.450449735971
2023-06-07 03:00:00,-2680.276409935139,-5441.273140328889,-5726.450449735971
2023-06-07 04:00:00,-2680.276409935139,-5441.273140328889,-5726.450449735971
2023-06-07 05:00:00,-2680.276409935139,-5441.273140328889,-5726.450449735971
2023-06-07 06:00:00,-2680.276409935139,-5441.273140328889,-5726.450449735971
2023-06-07 07:00:00,-2680.276409935139,-5441.273140328889,-5726.450449735971
2023-06-07 08:00:00,-2680.276409935139,-5441.273140328889,-5726.450449735971
2023-06-07 09:00:00,-2680.276409935139,-5441.273140328889,-5726.450449735971
2023-06-07 10:00:00,-2680.276409935139,-5441.273140328889,-5726.450449735971
2023-06-07 11:00:00,-2680.276409935139,-5441.273140328889,-5726.450449735971
2023-06-07 12:00:00,-2680.276409935139,-5441.273140328889,-5726.450449735971
2023-06-07 13:00:00,-2680.276409935139,-5441.273140328889,-5726.450449735971
2023-06-07 14:00:00,-2680.276409935139,-5441.273140328889,-5726.450449735971
2023-06-07 15:00:00,-2680.276409935139,-5441.273140328889,-5726.450449735971
2023-06-07 16:00:00,-2680.276409935139,-5441.273140328889,-5726.450449735971
2023-06-07 17:00:00,-2680.276409935139,-5441.273140328889,-5726.450449735971
2023-06-07 18:00:00,-2680.276409935139,-5441.273140328889,-5726.450449735971
2023-06-07 19:00:00,-2680.276409935139,-5441.273140328889,-5726.450449735971
2023-06-07 20:00:00,-2680.276409935139,-5441.273140328889,-5726.450449735971
2023-06-07 21:00:00,-2680.276409935139,-5441.273140328889,-5726.450449735971
2023-06-07 22:00:00,-2680.276409935139,-5441.273140328889,-5726.450449735971
2023-06-07 23:00:00,-2680.276409935139,-5441.273140328889,-5726.450449735971
2023-06-08 00:00:00,-2680.276409935139,-5441.273140328889,-5726.450449735971
2023-06-08 01:00:00,-2680.276409935139,-5441.273140328889,-5726.450449735971
2023-06-08 02:00:00,-2680.276409935139,-5441.273140328889,-5726.450449735971
2023-06-08 03:00:00,-2680.276409935139,-5441.273140328889,-5726.450449735971
2023-06-08 04:00:00,-2680.276409935139,-5441.273140328889,-5726.450449735971
2023-06-08 05:00:00,-2680.276409935139,-5441.273140328889,-5726.450449735971
2023-06-08 06:00:00,-2680.276409935139,-5441.273140328889,-5726.450449735971
2023-06-08 07:00:00,-2680.276409935139,-5441.273140328889,-5726.450449735971
2023-06-08 08:00:00,-2680.276409935139,-5441.273140328889,-5726.450449735971
2023-06-08 09:00:00,-2680.276409935139,-5441.273140328889,-5726.450449735971
2023-06-08 10:00:00,-2680.276409935139,-5441.273140328889,-5726.450449735971
2023-06-08 11:00:00,-2680.276409935139,-5441.273140328889,-5726.450449735971
2023-06-08 12:00:00,-2680.276409935139,-5441.273140328889,-5726.450449735971
2023-06-08 13:00:00,-2680.276409935139,-5441.273140328889,-5726.450449735971
2023-06-08 14:00:00,-2680.276409935139,-5441.273140328889,-5726.450449735971
2023-06-08 15:00:00,-2680.276409935139,-5441.273140328889,-5726.450449735971
2023-06-08 16:00:00,-2680.276409935139,-5441.273140328889,-5726.450449735971
2023-06-08 17:00:00,-2680.276409935139,-5441.273140328889,-5726.450449735971
2023-06-08 18:00:00,-2680.276409935139,-5441.273140328889,-5726.450449735971
2023-06-08 19:00:00,-2680.276409935139,-5441.273140328889,-5726.450449735971
2023-06-08 20:00:00,-2680.276409935139,-5441.273140328889,-5726.450449735971
2023-06-08 21:00:00,-2680.276409935139,-5441.273140328889,-5726.450449735971
2023-06-08 22:00:00,-2564.533682238633,-5206.3019287520065,-5479.16438900936
2023-06-08 23:00:00,-2513.0494588819934,-5101.782961729513,-5369.167579388493
2023-06-09 00:00:00,-2492.9202888478185,-5060.918403194403,-5326.161307957778
2023-06-09 01:00:00,-2490.7912420172806,-5056.59619027242,-5321.612567710299
2023-06-09 02:00:00,-2531.243131797498,-5138.718235790094,-5408.038632412409
2023-06-09 03:00:00,-2606.7275194256536,-5291.960330296756,-5569.31215027759
2023-06-09 04:00:00,-2688.0183984098217,-5456.990278227008,-5742.99132336317
2023-06-09 05:00:00,-2822.148348733699,-5729.289692311925,-6029.561958954377
2023-06-09 06:00:00,-2945.2459654811532,-5979.192184892021,-6292.561849626825
2023-06-09 07:00:00,-3008.343171549817,-6107.286858761693,-6427.36996968849
2023-06-09 08:00:00,-3065.0532371268673,-6222.414893865417,-6548.531869007716
2023-06-09 09:00:00,-3065.246786838735,-6222.80782231287,-6548.945390848396
2023-06-09 10:00:00,-3070.279079347278,-6233.023961946647,-6559.696958706074
2023-06-09 11:00:00,-3015.6980606007655,-6122.2181397649065,-6443.083799634328
2023-06-09 12:00:00,-3025.1819964822516,-6141.471633690103,-6463.3463698276455
2023-06-09 13:00:00,-3072.214576465949,-6236.953246421177,-6563.832177112874
2023-06-09 14:00:00,-3092.730845923858,-6278.6036618511935,-6607.665492224949
2023-06-09 15:00:00,-3097.956688144269,-6289.212729932424,-6618.830581923307
2023-06-09 16:00:00,-3020.3432536855753,-6131.648422503778,-6453.008323810647
2023-06-09 17:00:00,-3140.9247241787575,-6376.442845266985,-6710.632430554257
2023-06-09 18:00:00,-3279.119218451843,-6656.993756748415,-7005.887024799742
2023-06-09 19:00:00,-3050.7305584487044,-6193.338188753896,-6517.931252797399
2023-06-09 20:00:00,-2854.471150615499,-5794.908743036573,-6098.620106347928
2023-06-09 21:00:00,-2682.5990064775438,-5445.988281698325,-5731.412711824131
2023-06-09 22:00:00,-2552.533600102875,-5181.940365009921,-5453.526034887203
2023-06-09 23:00:00,-2530.2753832381622,-5136.7535935528285,-5405.971023209009
2023-06-10 00:00:00,-2485.1783003731357,-5045.201265296284,-5309.62043433058
2023-06-10 01:00:00,-2525.2430907296184,-5126.537453919051,-5395.21945535133
2023-06-10 02:00:00,-2626.0824906123603,-5331.253175042055,-5610.664334345585
2023-06-10 03:00:00,-2882.1487594124897,-5851.097511022349,-6157.753729565161
2023-06-10 04:00:00,-3030.0207392789284,-6151.294844876427,-6473.684415844645
2023-06-10 05:00:00,-3179.634666552171,-6455.028534757582,-6793.336798690247
2023-06-10 06:00:00,-3289.764452604532,-6678.604821358328,-7028.6307260371395
2023-06-10 07:00:00,-3342.216424520507,-6785.088430618086,-7140.695144861406
2023-06-10 08:00:00,-3369.5069338937633,-6840.4913417089565,-7199.00172439728
2023-06-10 09:00:00,-3395.44259528395,-6893.143753667657,-7254.413651048393
2023-06-10 10:00:00,-3430.8621925556236,-6965.049659551552,-7330.088147892824
2023-06-10 11:00:00,-3392.732899317811,-6887.642755403314,-7248.624345278874
2023-06-10 12:00:00,-3373.377928131105,-6848.349910658017,-7207.272161210879
2023-06-10 13:00:00,-3368.345635622561,-6838.133771024239,-7196.5205933532
2023-06-10 14:00:00,-3321.700155062598,-6743.4380151880705,-7096.861829749331
2023-06-10 15:00:00,-3312.99041802858,-6725.756235052686,-7078.253346918734
2023-06-10 16:00:00,-3227.8285448070706,-6552.867718173375,-6896.303737019555
2023-06-10 17:00:00,-3298.667739350417,-6696.679529941166,-7047.652730708417
2023-06-10 18:00:00,-3459.1204504882153,-7022.417212879687,-7390.4623366320975
2023-06-10 19:00:00,-3215.0542638238444,-6526.9344406414775,-6869.0112955346785
2023-06-10 20:00:00,-2981.0526621765607,-6051.883947670823,-6369.063390152616
2023-06-10 21:00:00,-2776.8577161568055,-5637.344435607927,-5932.797848235267
2023-06-10 22:00:00,-2632.2760813921063,-5343.82688536055,-5623.897033247344
2023-06-10 23:00:00,-2595.5016361373637,-5269.170480344484,-5545.327883518153
2023-06-11 00:00:00,-2569.759524459044,-5216.910996833237,-5490.329478707719
2023-06-11 01:00:00,-2567.630477628506,-5212.588783911254,-5485.78073846024
2023-06-11 02:00:00,-2694.2119891895677,-5469.563988545504,-5756.224022264928
2023-06-11 03:00:00,-2912.3425144637517,-5912.394348825014,-6222.2631367112335
2023-06-11 04:00:00,-3108.4083725850905,-6310.430866094885,-6641.160761320025
2023-06-11 05:00:00,-3281.054715570514,-6660.923041222944,-7010.022243206542
2023-06-11 06:00:00,-3331.5711903678184,-6763.477366008173,-7117.951443624009
2023-06-11 07:00:00,-3329.0550441135465,-6758.369296191284,-7112.57565969517
2023-06-11 08:00:00,-3380.732817182053,-6863.28119166123,-7222.985991156717
2023-06-11 09:00:00,-3382.087665165123,-6866.0316907934,-7225.880644041476
2023-06-11 10:00:00,-3407.6362271315757,-6917.8982458571945,-7280.46552701123
2023-06-11 11:00:00,-3410.9265722333157,-6924.578029463895,-7287.495398302789
2023-06-11 12:00:00,-3405.894279724772,-6914.361889830117,-7276.743830445111
2023-06-11 13:00:00,-3414.410467046923,-6931.650741518049,-7294.938791435028
2023-06-11 14:00:00,-3393.700647877147,-6889.60739764058,-7250.691954482274
2023-06-11 15:00:00,-3359.82944830041,-6820.844919336308,-7178.325632363282
2023-06-11 16:00:00,-3290.151552028266,-6679.390678253234,-7029.4577697185
2023-06-11 17:00:00,-3355.1842552156004,-6811.414636597437,-7168.401108186963
2023-06-11 18:00:00,-3488.346456980142,-7081.749408445087,-7452.90413457477
2023-06-11 19:00:00,-3261.6997443838072,-6621.630196477646,-6968.670059138547
2023-06-11 20:00:00,-3024.9884467703846,-6141.078705242649,-6462.9328479869655
2023-06-11 21:00:00,-2807.2450209199346,-5699.034201858045,-5997.72077722202
2023-06-11 22:00:00,-2662.663386155236,-5405.516651610668,-5688.819962234096
2023-06-11 23:00:00,-2625.308291764892,-5329.681461252242,-5609.010246982865
2023-06-12 00:00:00,-2609.8243148155266,-5298.247185456004,-5575.928499728469
2023-06-12 01:00:00,-2598.5984315272367,-5275.457335503731,-5551.944232969032
2023-06-12 02:00:00,-2743.954265139404,-5570.54659954092,-5862.499135319676
2023-06-12 03:00:00,-2966.1493343627963,-6021.628457216943,-6337.22220842026
2023-06-12 04:00:00,-3135.3117825346126,-6365.047920290849,-6698.640297174538
2023-06-12 05:00:00,-3320.5388567913956,-6741.080444503353,-7094.380698705252
2023-06-12 06:00:00,-3442.0880758439134,-6987.839509503825,-7354.072414652262
2023-06-12 07:00:00,-3417.313712724929,-6937.544668229843,-7301.141619045228
2023-06-12 08:00:00,-3443.2493741151156,-6990.197080188543,-7356.553545696342
2023-06-12 09:00:00,-3476.346374844384,-7057.387844703003,-7427.265780452613
2023-06-12 10:00:00,-3511.9595218279246,-7129.686679034351,-7503.353799137724
2023-06-12 11:00:00,-3513.895018946595,-7133.615963508882,-7507.489017544523
2023-06-12 12:00:00,-3501.314287675236,-7108.075614424437,-7480.610097900327
2023-06-12 13:00:00,-3446.92681864059,-6997.662720690149,-7364.410460669261
2023-06-12 14:00:00,-3463.5720938611576,-7031.454567171106,-7399.973338967737
2023-06-12 15:00:00,-3420.604057826669,-6944.224451836544,-7308.171490336787
2023-06-12 16:00:00,-3343.5712725035764,-6787.838929750257,-7143.589797746166
2023-06-12 17:00:00,-3409.9588236739805,-6922.61338722663,-7285.42778909939
2023-06-12 18:00:00,-3532.8628907095676,-7172.122951359273,-7548.014157931159
2023-06-12 19:00:00,-3302.9258330114926,-6705.323955785131,-7056.750211203376
2023-06-12 20:00:00,-3046.085365363895,-6183.907906015024,-6508.006728621081
2023-06-12 21:00:00,-2830.2774366321155,-5745.79268710495,-6046.929876262934
2023-06-12 22:00:00,-2743.180066291936,-5568.974885751109,-5860.845047956956
2023-06-12 23:00:00,-2691.889392647163,-5464.848847176068,-5751.261760176769
2023-06-13 00:00:00,-2661.5020878840337,-5403.159080925951,-5686.338831190016
2023-06-13 01:00:00,-2675.8247665621966,-5432.2357860374705,-5716.939447400333
2023-06-13 02:00:00,-2780.3416109704126,-5644.41714766208,-5940.2412413675065
2023-06-13 03:00:00,-3033.8917335162696,-6159.1534138254865,-6481.954852658243
2023-06-13 04:00:00,-3191.441198976062,-6478.997170052214,-6818.561630971724
2023-06-13 05:00:00,-3355.9584540630685,-6812.986350387248,-7170.055195549683
2023-06-13 06:00:00,-3513.120820099127,-7132.044249719069,-7505.834930181804
2023-06-13 07:00:00,-3520.8628085738096,-7147.761387617188,-7522.375803809002
2023-06-13 08:00:00,-3586.476160896745,-7280.964131303749,-7662.559707799505
2023-06-13 09:00:00,-3588.605207727283,-7285.286344225732,-7667.108448046985
2023-06-13 10:00:00,-3588.992307151017,-7286.072201120638,-7667.935491728345
2023-06-13 11:00:00,-3566.153441150703,-7239.706644321186,-7619.139914528111
2023-06-13 12:00:00,-3541.7661774554526,-7190.1976599421105,-7567.036162602437
2023-06-13 13:00:00,-3454.6688071152726,-7013.379858588269,-7380.951334296458
2023-06-13 14:00:00,-3455.636555674608,-7015.344500825534,-7383.018943499858
2023-06-13 15:00:00,-3411.894320792651,-6926.54267170116,-7289.563007506189
2023-06-13 16:00:00,-3329.0550441135465,-6758.369296191284,-7112.57565969517
2023-06-13 17:00:00,-3403.765232894234,-6910.039676908134,-7272.1950901976315
2023-06-13 18:00:00,-3503.056235082039,-7111.611970451514,-7484.331794466447
2023-06-13 19:00:00,-3311.0549209099095,-6721.826950578156,-7074.118128511935
2023-06-13 20:00:00,-3067.182283957405,-6226.737106787399,-6553.080609255195
2023-06-13 21:00:00,-2855.8259985985683,-5797.659242168744,-6101.5147592326875
2023-06-13 22:00:00,-2725.7605922238995,-5533.61132548034,-5823.628082295761
2023-06-13 23:00:00,-2669.244076358716,-5418.87621882407,-5702.879704817215
2023-06-14 00:00:00,-2667.5021289519127,-5415.339862796993,-5699.1580082510945
2023-06-14 01:00:00,-2677.9538133927344,-5436.5579989594535,-5721.488187647812
2023-06-14 02:00:00,-2777.0512658686725,-5637.737364055381,-5933.211370075947
2023-06-14 03:00:00,-3009.1173703972854,-6108.858572551505,-6429.02405705121
2023-06-14 04:00:00,-3165.118438162141,-6425.5589011986085,-6762.322660639251
2023-06-14 05:00:00,-3342.216424520507,-6785.088430618086,-7140.695144861406
2023-06-14 06:00:00,-3419.4427595554666,-6941.866881151826,-7305.690359292707
2023-06-14 07:00:00,-3420.797607538536,-6944.617380283997,-7308.5850121774665
2023-06-14 08:00:00,-3463.3785441492905,-7031.061638723653,-7399.559817127057
2023-06-14 09:00:00,-3511.57242240419,-7128.900822139445,-7502.526755456364
2023-06-14 10:00:00,-3500.3465391159,-7106.110972187173,-7478.542488696927
2023-06-14 11:00:00,-3514.475668082196,-7134.79474885124,-7508.7295830665635
2023-06-14 12:00:00,-3515.6369663533987,-7137.152319535958,-7511.2107141106435
2023-06-14 13:00:00,-3485.249661590269,-7075.46255328584,-7446.287785123891
2023-06-14 14:00:00,-3468.2172869459673,-7040.884849909978,-7409.897863144055
2023-06-14 15:00:00,-3422.5395549453397,-6948.153736311074,-7312.306708743587
2023-06-14 16:00:00,-3324.0227516050027,-6748.153156557506,-7101.824091837491
2023-06-14 17:00:00,-3435.313835928566,-6974.087013842971,-7339.599150228463
2023-06-14 18:00:00,-3502.282036234571,-7110.040256661702,-7482.677707103727
2023-06-14 19:00:00,-3306.6032775369667,-6712.789596286738,-7064.607126176295
2023-06-14 20:00:00,-3068.343582228608,-6229.094677472118,-6555.561740299275
2023-06-14 21:00:00,-2862.213139090182,-5810.625880934692,-6115.160979975126
2023-06-14 22:00:00,-2737.954224071525,-5558.365817669878,-5849.679958258597
2023-06-14 23:00:00,-2663.8246844264386,-5407.874222295386,-5691.301093278175
2023-06-15 00:00:00,-2657.437543934825,-5394.907583529438,-5677.654872535737
2023-06-15 01:00:00,-2626.6631397479614,-5332.431960384413,-5611.904899867625
2023-06-15 02:00:00,-2712.018562681338,-5505.713405711178,-5794.268031607484
2023-06-15 03:00:00,-2836.664577123729,-5758.7593258708985,-6060.5760970053725
2023-06-15 04:00:00,-2936.149129023401,-5960.7245478617315,-6273.126323114868
2023-06-15 05:00:00,-3090.7953488051876,-6274.674377376663,-6603.530273818149
2023-06-15 06:00:00,-3226.2801471121343,-6549.72429059375,-6892.995562294115
2023-06-15 07:00:00,-3290.925750875734,-6680.962392043047,-7031.11185708122
2023-06-15 08:00:00,-3326.9259972830087,-6754.047083269301,-7108.0269194476905
2023-06-15 09:00:00,-3358.0875008936064,-6817.3085633092305,-7174.603935797162
2023-06-15 10:00:00,-3395.8296947076847,-6893.929610562563,-7255.240694729753
2023-06-15 11:00:00,-3366.4101385038903,-6834.204486549709,-7192.385374946401
2023-06-15 12:00:00,-3330.603441808483,-6761.5127237709075,-7115.88383442061
2023-06-15 13:00:00,-3349.5713135714554,-6800.019711621299,-7156.408974807245
2023-06-15 14:00:00,-3363.8939922496183,-6829.09641673282,-7187.009591017561
2023-06-15 15:00:00,-3353.442307808797,-6807.8782805703595,-7164.679411620844
2023-06-15 16:00:00,-3252.215808502321,-6602.37670255245,-6948.407488945229
2023-06-15 17:00:00,-3291.3128502994687,-6681.748248937953,-7031.93890076258
2023-06-15 18:00:00,-3429.507344572554,-6962.299160419381,-7327.193495008065
2023-06-15 19:00:00,-3263.828791214345,-6625.952409399629,-6973.218799386026
2023-06-15 20:00:00,-3056.1499503809823,-6204.34018528258,-6529.509864336438
2023-06-15 21:00:00,-2828.535489225312,-5742.256331077873,-6043.208179696815
2023-06-15 22:00:00,-2711.4379135457366,-5504.53462036882,-5793.027466085444
2023-06-15 23:00:00,-2611.9533616460644,-5302.5693983779865,-5580.477239975949
2023-06-16 00:00:00,-2601.5016772052427,-5281.351262215526,-5558.147060579231
2023-06-16 01:00:00,-2577.5015129337266,-5232.628134731356,-5506.870352334918
2023-06-16 02:00:00,-2606.9210691375206,-5292.35325874421,-5569.72567211827
2023-06-16 03:00:00,-2687.6312989860876,-5456.204421332102,-5742.16427968181
2023-06-16 04:00:00,-2751.3091541903523,-5585.477880544134,-5878.212965265514
2023-06-16 05:00:00,-2900.729531751728,-5888.818641977836,-6197.451826270437
2023-06-16 06:00:00,-2974.8590713968147,-6039.310237352327,-6355.830691250858
2023-06-16 07:00:00,-3005.8270252955454,-6102.178788944804,-6421.9941857596505
2023-06-16 08:00:00,-3052.278956143641,-6196.48161633352,-6521.239427522839
2023-06-16 09:00:00,-3070.6661787710123,-6233.809818841553,-6560.524002387434
2023-06-16 10:00:00,-3045.3111665164265,-6182.3361922252125,-6506.352641258361
2023-06-16 11:00:00,-3073.375874737151,-6239.310817105895,-6566.313308156954
2023-06-16 12:00:00,-3033.3110843806685,-6157.974628483128,-6480.714287136204
2023-06-16 13:00:00,-3089.827600245852,-6272.709735139399,-6601.46266461475
2023-06-16 14:00:00,-3069.311330787943,-6231.059319709382,-6557.629349502675
2023-06-16 15:00:00,-3089.634050533985,-6272.316806691945,-6601.04914277407
2023-06-16 16:00:00,-3042.2143711265535,-6176.049337065965,-6499.736291807481
2023-06-16 17:00:00,-3086.150155720378,-6265.244094637792,-6593.605749641831
2023-06-16 18:00:00,-3196.667041196473,-6489.606238133444,-6829.726720670083
2023-06-16 19:00:00,-3035.4401312112063,-6162.29684140511,-6485.263027383683
2023-06-16 20:00:00,-2841.6968696322724,-5768.975465504676,-6071.327664863052
2023-06-16 21:00:00,-2699.2442816981115,-5479.780128179282,-5766.975590122607
2023-06-16 22:00:00,-2644.082613815998,-5367.7955206551815,-5649.12186552882
2023-06-16 23:00:00,-2594.1467881542944,-5266.419981212312,-5542.433230633393
2023-06-17 00:00:00,-2523.888242746549,-5123.78695478688,-5392.324802466571
2023-06-17 01:00:00,-2530.8560323737634,-5137.932378895188,-5407.211588731049
2023-06-17 02:00:00,-2600.7274783577745,-5279.779548425714,-5556.492973216511
2023-06-17 03:00:00,-2658.985941629762,-5398.051011109062,-5680.963047261177
2023-06-17 04:00:00,-2757.1156455463647,-5597.2657339677235,-5890.618620485912
2023-06-17 05:00:00,-2954.923451074507,-5998.83860726467,-6313.237941660823
2023-06-17 06:00:00,-3062.92419029633,-6218.092680943434,-6543.9831287602365
2023-06-17 07:00:00,-3119.2471564496464,-6332.434859152251,-6664.317984398102
2023-06-17 08:00:00,-3223.5704511459953,-6544.223292329409,-6887.206256524596
2023-06-17 09:00:00,-3230.3446910613425,-6557.975787990263,-6901.679520948394
2023-06-17 10:00:00,-3272.925627672097,-6644.420046429919,-6992.654325897984
2023-06-17 11:00:00,-3216.4091118069136,-6529.684939773649,-6871.905948419438
2023-06-17 12:00:00,-3196.2799417727388,-6488.820381238538,-6828.899676988723
2023-06-17 13:00:00,-3219.5059071967867,-6535.971794932896,-6878.522297870317
2023-06-17 14:00:00,-3244.6673697395054,-6587.0524931017835,-6932.280137158711
2023-06-17 15:00:00,-3266.925586604218,-6632.239264558877,-6979.835148836905
2023-06-17 16:00:00,-3165.118438162141,-6425.5589011986085,-6762.322660639251
2023-06-17 17:00:00,-3252.9900073497893,-6603.948416342262,-6950.061576307949
2023-06-17 18:00:00,-3330.79699152035,-6761.905652218361,-7116.29735626129
2023-06-17 19:00:00,-3146.9247652466365,-6388.623627138028,-6723.451607615335
2023-06-17 20:00:00,-2929.955538243655,-5948.150837543236,-6259.893624213109
2023-06-17 21:00:00,-2771.4383242245276,-5626.342439079243,-5921.219236696229
2023-06-17 22:00:00,-2660.727889036565,-5401.587367136138,-5684.684743827296
2023-06-17 23:00:00,-2623.1792449343543,-5325.35924833026,-5604.461506735386
2023-06-18 00:00:00,-2588.5338465101495,-5255.025056236176,-5530.441097253674
2023-06-18 01:00:00,-2604.9855720188502,-5288.423974269679,-5565.59045371147
2023-06-18 02:00:00,-2733.8896801223163,-5550.114320273366,-5840.995999604318
2023-06-18 03:00:00,-2900.3424323279937,-5888.03278508293,-6196.624782589077
2023-06-18 04:00:00,-3098.730886991737,-6290.784443722236,-6620.484669286027
2023-06-18 05:00:00,-3278.538569316242,-6655.8149714060555,-7004.646459277703
2023-06-18 06:00:00,-3381.700565741389,-6865.245833898494,-7225.053600360116
2023-06-18 07:00:00,-3385.378010266863,-6872.711474400101,-7232.910515333036
2023-06-18 08:00:00,-3436.6686839116355,-6976.837512975141,-7342.493803113223
2023-06-18 09:00:00,-3453.3139591322033,-7010.6293594560975,-7378.056681411699
2023-06-18 10:00:00,-3478.862521098656,-7062.495914519892,-7432.641564381453
2023-06-18 11:00:00,-3514.8627675059306,-7135.580605746146,-7509.5566267479235
2023-06-18 12:00:00,-3511.185322980456,-7128.114965244539,-7501.699711775004
2023-06-18 13:00:00,-3469.572134929037,-7043.635349042148,-7412.792516028815
2023-06-18 14:00:00,-3474.4108777257134,-7053.458560228473,-7423.130562045813
2023-06-18 15:00:00,-3425.0557011996116,-6953.261806127963,-7317.682492672426
2023-06-18 16:00:00,-3332.5389389271536,-6765.442008245437,-7120.019052827409
2023-06-18 17:00:00,-3372.7972789955033,-6847.171125315657,-7206.031595688839
2023-06-18 18:00:00,-3491.6368020818823,-7088.429192051788,-7459.934005866329
2023-06-18 19:00:00,-3307.571026096302,-6714.754238524003,-7066.674735379695
2023-06-18 20:00:00,-3065.827435974336,-6223.986607655229,-6550.185956370436
2023-06-18 21:00:00,-2834.729080005058,-5754.830041396369,-6056.440878598573
2023-06-18 22:00:00,-2732.34128242738,-5546.970892693741,-5837.687824878879
2023-06-18 23:00:00,-2667.1150295281786,-5414.554005902087,-5698.3309645697345
2023-06-19 00:00:00,-2653.372999985617,-5386.656086132925,-5668.970913881459
2023-06-19 01:00:00,-2657.824643358559,-5395.693440424344,-5678.481916217097
2023-06-19 02:00:00,-2766.986680851585,-5617.305084787825,-5911.70823436059
2023-06-19 03:00:00,-2986.4720541088386,-6062.885944199506,-6380.642001691655
2023-06-19 04:00:00,-3183.505660789512,-6462.887103706642,-6801.607235503846
2023-06-19 05:00:00,-3359.82944830041,-6820.844919336308,-7178.325632363282
2023-06-19 06:00:00,-3516.798264624601,-7139.5098902206755,-7513.691845154723
2023-06-19 07:00:00,-3523.1854051162145,-7152.4765289866245,-7527.338065897162
2023-06-19 08:00:00,-3584.1535643543402,-7276.248989934314,-7657.597445711346
2023-06-19 09:00:00,-3576.0244764559234,-7259.745995141288,-7640.229528402789
2023-06-19 10:00:00,-3603.702085252914,-7315.934763127065,-7699.363151620021
2023-06-19 11:00:00,-3593.831049947694,-7295.8954123069625,-7678.273537745344
2023-06-19 12:00:00,-3588.024558591682,-7284.107558883373,-7665.867882524945
2023-06-19 13:00:00,-3530.5402941671628,-7167.407809989838,-7543.051895842999
2023-06-19 14:00:00,-3507.701428166849,-7121.042253190386,-7494.256318642765
2023-06-19 15:00:00,-3511.9595218279246,-7129.686679034351,-7503.353799137724
2023-06-19 16:00:00,-3400.668437504361,-6903.752821748887,-7265.578740746752
2023-06-19 17:00:00,-3470.152784064638,-7044.814134384507,-7414.033081550855
2023-06-19 18:00:00,-3582.0245175238024,-7271.926777012331,-7653.048705463867
2023-06-19 19:00:00,-3358.0875008936064,-6817.3085633092305,-7174.603935797162
2023-06-19 20:00:00,-3099.5050858392055,-6292.3561575120475,-6622.138756648747
2023-06-19 21:00:00,-2879.2455137344837,-5845.203584310554,-6151.550901954962
2023-06-19 22:00:00,-2752.276902749688,-5587.442522781398,-5880.280574468914
2023-06-19 23:00:00,-2688.5990475454228,-5458.169063569368,-5744.23188888521
2023-06-20 00:00:00,-2665.760181545109,-5411.803506769916,-5695.436311684975
2023-06-20 01:00:00,-2655.5020468161547,-5390.978299054907,-5673.519654128938
2023-06-20 02:00:00,-2756.341446698896,-5595.694020177911,-5888.964533123192
2023-06-20 03:00:00,-2956.66539848131,-6002.374963291747,-6316.959638226943
2023-06-20 04:00:00,-3112.0858171105647,-6317.896506596491,-6649.017676292944
2023-06-20 05:00:00,-3309.1194237912387,-6717.897666103627,-7069.982910105135
2023-06-20 06:00:00,-3436.8622336235026,-6977.230441422595,-7342.907324953903
2023-06-20 07:00:00,-3467.055988674765,-7038.52727922526,-7407.416732099976
2023-06-20 08:00:00,-3513.507919522861,-7132.830106613975,-7506.661973863163
2023-06-20 09:00:00,-3532.6693409977006,-7171.73002291182,-7547.600636090479
2023-06-20 10:00:00,-3554.5404584386793,-7216.130937474008,-7594.328604087314
2023-06-20 11:00:00,-3554.7340081505463,-7216.52386592146,-7594.742125927994
2023-06-20 12:00:00,-3573.7018799135185,-7255.030853771853,-7635.267266314629
2023-06-20 13:00:00,-3529.9596450315616,-7166.229024647479,-7541.811330320959
2023-06-20 14:00:00,-3508.28207730245,-7122.221038532744,-7495.496884164805
2023-06-20 15:00:00,-3457.5720527932785,-7019.2737853000635,-7387.1541619066575
2023-06-20 16:00:00,-3395.055495860216,-6892.357896772751,-7253.586607367033
2023-06-20 17:00:00,-3451.1849123016655,-7006.307146534115,-7373.507941164219
2023-06-20 18:00:00,-3552.0243121844073,-7211.022867657119,-7588.952820158474
2023-06-20 19:00:00,-3347.6358164527846,-6796.09042714677,-7152.273756400446
2023-06-20 20:00:00,-3092.730845923858,-6278.6036618511935,-6607.665492224949
2023-06-20 21:00:00,-2875.568069209009,-5837.737943808947,-6143.693986982043
2023-06-20 22:00:00,-2740.470370325797,-5563.473887486766,-5855.055742187436
2023-06-20 23:00:00,-2728.6638379019055,-5539.505252192134,-5829.83090990596
2023-06-21 00:00:00,-2677.179614545266,-5434.986285169642,-5719.834100285092
2023-06-21 01:00:00,-2670.4053746299187,-5421.233789508788,-5705.360835861294
2023-06-21 02:00:00,-2811.3095648691433,-5707.285699254558,-6006.404735876299
2023-06-21 03:00:00,-2996.343089414059,-6082.925295019609,-6401.731615566333
2023-06-21 04:00:00,-3155.634502280655,-6406.305407273412,-6742.060090445933
2023-06-21 05:00:00,-3347.0551673171835,-6794.911641804411,-7151.033190878406
2023-06-21 06:00:00,-3465.8946904035624,-7036.169708540541,-7404.935601055896
2023-06-21 07:00:00,-3491.6368020818823,-7088.429192051788,-7459.934005866329
2023-06-21 08:00:00,-3569.4437862524433,-7246.386427927887,-7626.16978581967
2023-06-21 09:00:00,-3586.863260320479,-7281.749988198655,-7663.386751480865
2023-06-21 10:00:00,-3602.1536875579777,-7312.791335547441,-7696.054976894582
2023-06-21 11:00:00,-3596.7342956257,-7301.789339018757,-7684.476365355543
2023-06-21 12:00:00,-3619.1860622022796,-7347.369038923303,-7732.444898874417
2023-06-21 13:00:00,-3585.50841233741,-7278.999489066485,-7660.492098596106
2023-06-21 14:00:00,-3539.830680336782,-7186.268375467581,-7562.900944195637
2023-06-21 15:00:00,-3469.37858521717,-7043.242420594695,-7412.378994188135
2023-06-21 16:00:00,-3379.958618334585,-6861.709477871418,-7221.331903793997
2023-06-21 17:00:00,-3438.023531894705,-6979.588012107312,-7345.388455997982
2023-06-21 18:00:00,-3483.8948136072,-7072.712054153669,-7443.393132239131
2023-06-21 19:00:00,-3305.4419792657645,-6710.43202560202,-7062.125995132215
2023-06-21 20:00:00,-3108.0212731613565,-6309.645009199979,-6640.333717638665
2023-06-21 21:00:00,-2886.793952497299,-5860.527793761221,-6167.67825374148
2023-06-21 22:00:00,-2779.9545115466785,-5643.6312907671745,-5939.4141976861465
2023-06-21 23:00:00,-2733.3090309867152,-5548.935534931006,-5839.755434082278
2023-06-22 00:00:00,-2682.4054567656767,-5445.595353250872,-5730.999189983451
2023-06-22 01:00:00,-2672.7279711723236,-5425.948930878223,-5710.323097949454
2023-06-22 02:00:00,-2722.0831476984254,-5526.145684978734,-5815.771167322841
2023-06-22 03:00:00,-2852.342103784961,-5790.58653011459,-6094.071366100448
2023-06-22 04:00:00,-2986.4720541088386,-6062.885944199506,-6380.642001691655
2023-06-22 05:00:00,-3154.4732040094523,-6403.947836588694,-6739.578959401853
2023-06-22 06:00:00,-3333.8937869102233,-6768.192507377608,-7122.913705712169
2023-06-22 07:00:00,-3370.861781876833,-6843.241840841128,-7201.89637728204
2023-06-22 08:00:00,-3442.8622746913816,-6989.411223293637,-7355.726502014982
2023-06-22 09:00:00,-3437.4428827591037,-6978.409226764953,-7344.147890475942
2023-06-22 10:00:00,-3437.8299821828377,-6979.195083659859,-7344.974934157302
2023-06-22 11:00:00,-3433.7654382336295,-6970.943586263346,-7336.290975503024
2023-06-22 12:00:00,-3441.5074267083123,-6986.660724161466,-7352.831849130222
2023-06-22 13:00:00,-3421.5718063860045,-6946.1890940738085,-7310.2390995401865
2023-06-22 14:00:00,-3454.8623568271396,-7013.772787035722,-7381.364856137138
2023-06-22 15:00:00,-3382.087665165123,-6866.0316907934,-7225.880644041476
2023-06-22 16:00:00,-3306.0226284013656,-6711.6108109443785,-7063.366560654255
2023-06-22 17:00:00,-3353.829407232531,-6808.664137465265,-7165.506455302204
2023-06-22 18:00:00,-3420.991157250403,-6945.01030873145,-7308.9985340181465
2023-06-22 19:00:00,-3237.699580112291,-6572.907068993476,-6917.393350894233
2023-06-22 20:00:00,-3072.214576465949,-6236.953246421177,-6563.832177112874
2023-06-22 21:00:00,-2852.9227529205623,-5791.765315456949,-6095.311931622488
2023-06-22 22:00:00,-2754.4059495802258,-5591.764735703381,-5884.829314716393
2023-06-22 23:00:00,-2696.5345857319726,-5474.279129914939,-5761.186284353088
2023-06-23 00:00:00,-2668.276327799381,-5416.911576586805,-5700.812095613815
2023-06-23 01:00:00,-2626.8566894598284,-5332.824888831867,-5612.318421708305
2023-06-23 02:00:00,-2658.7923919178947,-5397.658082661608,-5680.549525420497
2023-06-23 03:00:00,-2783.6319560721527,-5651.096931268781,-5947.271112659066
2023-06-23 04:00:00,-2853.890501479898,-5793.729957694214,-6097.379540825888
2023-06-23 05:00:00,-3016.8593588719677,-6124.575710449624,-6445.564930678408
2023-06-23 06:00:00,-3150.215110348377,-6395.303410744728,-6730.481478906894
2023-06-23 07:00:00,-3201.8928834168837,-6500.2153062146745,-6840.891810368442
2023-06-23 08:00:00,-3242.9254223327016,-6583.516137074707,-6928.558440592591
2023-06-23 09:00:00,-3250.6674108073844,-6599.233274972826,-6945.099314219789
2023-06-23 10:00:00,-3246.9899662819103,-6591.76763447122,-6937.24239924687
2023-06-23 11:00:00,-3243.312521756436,-6584.301993969613,-6929.385484273951
2023-06-23 12:00:00,-3262.6674929431424,-6623.594838714911,-6970.737668341946
2023-06-23 13:00:00,-3250.0867616717833,-6598.054489630467,-6943.858748697749
2023-06-23 14:00:00,-3223.9575505697294,-6545.009149224315,-6888.033300205956
2023-06-23 15:00:00,-3248.7319136887136,-6595.303990498296,-6940.96409581299
2023-06-23 16:00:00,-3172.2797775012223,-6440.0972537543685,-6777.622968744409
2023-06-23 17:00:00,-3245.2480188751065,-6588.231278444143,-6933.520702680751
2023-06-23 18:00:00,-3324.603400740604,-6749.331941899865,-7103.064657359531
2023-06-23 19:00:00,-3137.4408293651504,-6369.370133212832,-6703.1890374220175
2023-06-23 20:00:00,-2965.568685227195,-6020.449671874584,-6335.98164289822
2023-06-23 21:00:00,-2771.8254236482617,-5627.128295974149,-5922.046280377589
2023-06-23 22:00:00,-2675.8247665621966,-5432.2357860374705,-5716.939447400333
2023-06-23 23:00:00,-2610.0178645273936,-5298.640113903457,-5576.342021569149
2023-06-24 00:00:00,-2587.17899852708,-5252.274557104005,-5527.546444368915
2023-06-24 01:00:00,-2610.9856130867292,-5300.604756140722,-5578.409630772549
2023-06-24 02:00:00,-2731.3735338680444,-5545.006250456477,-5835.620215675479
2023-06-24 03:00:00,-2924.34259659951,-5936.7559125671,-6247.901490833391
2023-06-24 04:00:00,-3088.4727522627827,-6269.959236007227,-6598.56801172999
2023-06-24 05:00:00,-3336.4099331644948,-6773.300577194497,-7128.289489641008
2023-06-24 06:00:00,-3429.313794860687,-6961.906231971928,-7326.779973167385
2023-06-24 07:00:00,-3455.636555674608,-7015.344500825534,-7383.018943499858
2023-06-24 08:00:00,-3506.1530304719126,-7117.898825610762,-7490.948143917326
2023-06-24 09:00:00,-3520.4757091500755,-7146.975530722282,-7521.548760127642
2023-06-24 10:00:00,-3539.0564814893137,-7184.696661677769,-7561.246856832918
2023-06-24 11:00:00,-3556.6695052692166,-7220.45315039599,-7598.877344334793
2023-06-24 12:00:00,-3526.8628496416886,-7159.942169488231,-7535.19498087008
2023-06-24 13:00:00,-3486.410959861472,-7077.820123970558,-7448.768916167971
2023-06-24 14:00:00,-3469.1850355053025,-7042.849492147242,-7411.965472347455
2023-06-24 15:00:00,-3429.8944439962884,-6963.085017314287,-7328.020538689425
2023-06-24 16:00:00,-3361.7649454190805,-6824.774203810837,-7182.460850770081
2023-06-24 17:00:00,-3393.894197589014,-6890.000326088032,-7251.105476322954
2023-06-24 18:00:00,-3504.217533353242,-7113.969541136232,-7486.812925510526
2023-06-24 19:00:00,-3295.377394248677,-6689.999746334465,-7040.622859416858
2023-06-24 20:00:00,-3070.472629059145,-6233.4168903941,-6560.110480546754
2023-06-24 21:00:00,-2886.987502209166,-5860.920722208673,-6168.09177558216
2023-06-24 22:00:00,-2789.8255468518987,-5663.670641587277,-5960.503811560824
2023-06-24 23:00:00,-2687.8248486979546,-5456.597349779556,-5742.57780152249
2023-06-25 00:00:00,-2637.114824188783,-5353.650096546874,-5634.235079264342
2023-06-25 01:00:00,-2650.276204595744,-5380.369230973677,-5662.35456443058
2023-06-25 02:00:00,-2762.535037478642,-5608.267730496406,-5902.1972320249515
2023-06-25 03:00:00,-2878.6648645988826,-5844.024798968196,-6150.310336432922
2023-06-25 04:00:00,-3108.0212731613565,-6309.645009199979,-6640.333717638665
2023-06-25 05:00:00,-3280.280516723046,-6659.351327433133,-7008.368155843822
2023-06-25 06:00:00,-3393.700647877147,-6889.60739764058,-7250.691954482274
2023-06-25 07:00:00,-3414.797566470657,-6932.4365984129545,-7295.765835116388
2023-06-25 08:00:00,-3422.5395549453397,-6948.153736311074,-7312.306708743587
2023-06-25 09:00:00,-3468.7979360815684,-7042.063635252336,-7411.138428666095
2023-06-25 10:00:00,-3489.894854675079,-7084.892836024712,-7456.21230930021
2023-06-25 11:00:00,-3487.572258132674,-7080.177694655275,-7451.25004721205
2023-06-25 12:00:00,-3415.7653150299925,-6934.40124065022,-7297.833444319788
2023-06-25 13:00:00,-3385.57155997873,-6873.104402847554,-7233.324037173716
2023-06-25 14:00:00,-3404.5394317417026,-6911.611390697946,-7273.849177560351
2023-06-25 15:00:00,-3384.2167119956603,-6870.353903715383,-7230.4293842889565
2023-06-25 16:00:00,-3320.3453070795285,-6740.687516055899,-7093.967176864572
2023-06-25 17:00:00,-3409.765273962113,-6922.220458779177,-7285.01426725871
2023-06-25 18:00:00,-3525.8951010823534,-7157.977527250966,-7533.127371666681
2023-06-25 19:00:00,-3287.441856062127,-6673.889679988893,-7023.66846394898
2023-06-25 20:00:00,-3007.9560721260827,-6106.501001866787,-6426.54292600713
2023-06-25 21:00:00,-2816.728956801421,-5718.287695783241,-6017.983347415337
2023-06-25 22:00:00,-2724.018644817096,-5530.074969453263,-5819.9063857296405
2023-06-25 23:00:00,-2660.534339324698,-5401.194438688685,-5684.271221986616
2023-06-26 00:00:00,-2636.534175053182,-5352.471311204516,-5632.994513742303
2023-06-26 01:00:00,-2629.3728357141003,-5337.932958648756,-5617.6942056371445
2023-06-26 02:00:00,-2741.438118885132,-5565.4385297240315,-5857.123351390836
2023-06-26 03:00:00,-2953.955702515171,-5996.873965027406,-6311.170332457424
2023-06-26 04:00:00,-3120.4084547208486,-6334.79242983697,-6666.799115442182
2023-06-26 05:00:00,-3299.441938197885,-6698.251243730978,-7049.306818071137
2023-06-26 06:00:00,-3380.732817182053,-6863.28119166123,-7222.985991156717
2023-06-26 07:00:00,-3397.958741538222,-6898.251823484545,-7259.789434977232
2023-06-26 08:00:00,-3422.9266543690737,-6948.93959320598,-7313.133752424947
2023-06-26 09:00:00,-3419.0556601317326,-6941.0810242569205,-7304.863315611347
2023-06-26 10:00:00,-3458.733351064481,-7021.631355984781,-7389.6352929507375
2023-06-26 11:00:00,-3446.733268928723,-6997.269792242697,-7363.996938828581
2023-06-26 12:00:00,-3458.346251640747,-7020.845499089875,-7388.8082492693775
2023-06-26 13:00:00,-3411.1201219451827,-6924.970957911348,-7287.908920143469
2023-06-26 14:00:00,-3448.0881169117924,-7000.020291374867,-7366.89159171334
2023-06-26 15:00:00,-3408.603975690911,-6919.862888094459,-7282.53313621463
2023-06-26 16:00:00,-3348.9906644358543,-6798.840926278941,-7155.168409285205
2023-06-26 17:00:00,-3420.410508114802,-6943.831523389091,-7307.757968496107
2023-06-26 18:00:00,-3540.0242300486493,-7186.661303915033,-7563.314466036317
2023-06-26 19:00:00,-3332.9260383508877,-6766.227865140343,-7120.846096508769
2023-06-26 20:00:00,-3044.5369676689584,-6180.764478435401,-6504.6985538956405
2023-06-26 21:00:00,-2860.471191683378,-5807.089524907616,-6111.439283409007
2023-06-26 22:00:00,-2717.2444049017486,-5516.322473792409,-5805.433121305842
2023-06-26 23:00:00,-2679.889310511405,-5440.487283433983,-5725.623406054612
2023-06-27 00:00:00,-2655.308497104287,-5390.585370607455,-5673.106132288258
2023-06-27 01:00:00,-2667.5021289519127,-5415.339862796993,-5699.1580082510945
2023-06-27 02:00:00,-2777.4383652924066,-5638.5232209502865,-5934.038413757307
2023-06-27 03:00:00,-2953.181503667703,-5995.302251237594,-6309.516245094704
2023-06-27 04:00:00,-3150.602209772111,-6396.089267639634,-6731.308522588254
2023-06-27 05:00:00,-3329.8292429610146,-6759.941009981096,-7114.22974705789
2023-06-27 06:00:00,-3414.60401675879,-6932.043669965502,-7295.352313275708
2023-06-27 07:00:00,-3450.9913625897984,-7005.914218086662,-7373.094419323539
2023-06-27 08:00:00,-3474.0237783019793,-7052.672703333567,-7422.303518364453
2023-06-27 09:00:00,-3444.6042220981853,-6992.947579320714,-7359.448198581101
2023-06-27 10:00:00,-3454.2817076915385,-7012.594001693363,-7380.124290615098
2023-06-27 11:00:00,-3446.733268928723,-6997.269792242697,-7363.996938828581
2023-06-27 12:00:00,-3406.281379148506,-6915.147746725023,-7277.570874126471
2023-06-27 13:00:00,-3386.152209114331,-6874.283188189913,-7234.564602695756
2023-06-27 14:00:00,-3336.4099331644948,-6773.300577194497,-7128.289489641008
2023-06-27 15:00:00,-3288.216054909595,-6675.461393778704,-7025.3225513117
2023-06-27 16:00:00,-3266.925586604218,-6632.239264558877,-6979.835148836905
2023-06-27 17:00:00,-3299.8290376216196,-6699.037100625884,-7050.133861752497
2023-06-27 18:00:00,-3356.926202622404,-6814.950992624513,-7172.122804753083
2023-06-27 19:00:00,-3166.6668358570773,-6428.702328778232,-6765.63083536469
2023-06-27 20:00:00,-2941.762070667546,-5972.119472837868,-6285.118456494586
2023-06-27 21:00:00,-2786.7287514620257,-5657.383786428029,-5953.887462109945
2023-06-27 22:00:00,-2680.276409935139,-5441.273140328889,-5726.450449735971
2023-06-27 23:00:00,-2620.8566483919494,-5320.644106960824,-5599.499244647226
2023-06-28 00:00:00,-2586.2112499677446,-5250.309914866741,-5525.478835165515
2023-06-28 01:00:00,-2582.9209048660045,-5243.63013126004,-5518.448963873956
2023-06-28 02:00:00,-2648.340707477073,-5376.4399464991475,-5658.2193460237795
2023-06-28 03:00:00,-2761.954388343041,-5607.088945154048,-5900.9566665029115
2023-06-28 04:00:00,-2820.5999510387624,-5726.1462647323015,-6026.253784228937
2023-06-28 05:00:00,-2978.3429662104218,-6046.382949406481,-6363.274084383097
2023-06-28 06:00:00,-3063.117740008197,-6218.485609390887,-6544.3966506009165
2023-06-28 07:00:00,-3130.8601391616703,-6356.010565999431,-6689.129294838899
2023-06-28 08:00:00,-3142.4731218736943,-6379.586272846609,-6713.940605279697
2023-06-28 09:00:00,-3091.5695476526557,-6276.246091166476,-6605.184361180869
2023-06-28 10:00:00,-3109.956770280027,-6313.574293674508,-6644.468936045464
2023-06-28 11:00:00,-3107.6341737376224,-6308.859152305073,-6639.506673957305
2023-06-28 12:00:00,-3085.3759568729097,-6263.67238084798,-6591.951662279111
2023-06-28 13:00:00,-3075.311371855822,-6243.240101580424,-6570.448526563753
2023-06-28 14:00:00,-3068.537131940475,-6229.48760591957,-6555.975262139955
2023-06-28 15:00:00,-3083.827559177973,-6260.528953268356,-6588.643487553671
2023-06-28 16:00:00,-2988.214001515642,-6066.4223002265835,-6384.363698257775
2023-06-28 17:00:00,-3091.95664707639,-6277.031948061382,-6606.011404862229
2023-06-28 18:00:00,-3174.602374043627,-6444.812395123804,-6782.585230832568
2023-06-28 19:00:00,-3028.665891295859,-6148.544345744256,-6470.789762959885
2023-06-28 20:00:00,-2848.858208971354,-5783.513818060436,-6086.627972968209
2023-06-28 21:00:00,-2690.7280943759606,-5462.491276491351,-5748.780629132689
2023-06-28 22:00:00,-2587.9531973745484,-5253.846270893817,-5529.200531731634
2023-06-28 23:00:00,-2513.6301080175945,-5102.961747071872,-5370.408144910533
2023-06-29 00:00:00,-2483.4363529663324,-5041.664909269207,-5305.898737764461
2023-06-29 01:00:00,-2499.1138796275645,-5073.492113512899,-5339.394006859537
2023-06-29 02:00:00,-2546.533559034996,-5169.759583138879,-5440.706857826125
2023-06-29 03:00:00,-2657.631093646692,-5395.30051197689,-5678.068394376417
2023-06-29 04:00:00,-2737.373574935924,-5557.187032327519,-5848.439392736557
2023-06-29 05:00:00,-2920.4716023621686,-5928.8973436180395,-6239.631054019792
2023-06-29 06:00:00,-2996.343089414059,-6082.925295019609,-6401.731615566333
2023-06-29 07:00:00,-3015.1174114651644,-6121.039354422547,-6441.843234112288
2023-06-29 08:00:00,-3038.5369266010794,-6168.583696564358,-6491.879376834562
2023-06-29 09:00:00,-3040.278874007883,-6172.1200525914355,-6495.601073400682
2023-06-29 10:00:00,-3088.6663019746497,-6270.352164454681,-6598.98153357067
2023-06-29 11:00:00,-3030.2142889907955,-6151.68777332388,-6474.097937685325
2023-06-29 12:00:00,-3013.3754640583606,-6117.502998395471,-6438.121537546169
2023-06-29 13:00:00,-3019.7626045499737,-6130.469637161419,-6451.767758288607
2023-06-29 14:00:00,-3049.569260177502,-6190.9806180691785,-6515.45012175332
2023-06-29 15:00:00,-3030.4078387026625,-6152.080701771333,-6474.511459526005
2023-06-29 16:00:00,-2997.117288261527,-6084.497008809421,-6403.385702929053
2023-06-29 17:00:00,-3077.827518110094,-6248.348171397313,-6575.824310492592
2023-06-29 18:00:00,-3178.0862688572342,-6451.885107177958,-6790.028623964808
2023-06-29 19:00:00,-3013.5690137702277,-6117.8959268429235,-6438.535059386849
2023-06-29 20:00:00,-2807.2450209199346,-5699.034201858045,-5997.72077722202
2023-06-29 21:00:00,-2618.1469524258105,-5315.143108696482,-5593.709938877707
2023-06-29 22:00:00,-2538.598020848446,-5153.649516793307,-5423.752462358247
2023-06-29 23:00:00,-2467.7588263051,-5009.837705025516,-5272.403468669385
2023-06-30 00:00:00,-2482.855703830731,-5040.486123926848,-5304.658172242421
2023-06-30 01:00:00,-2445.30705972852,-4964.25800512097,-5224.43493515051
2023-06-30 02:00:00,-2488.2750957630087,-5051.488120455531,-5316.23678378146
2023-06-30 03:00:00,-2552.920699526609,-5182.726221904827,-5454.353078568563
2023-06-30 04:00:00,-2638.469672171853,-5356.400595679045,-5637.129732149102
2023-06-30 05:00:00,-2780.5351606822796,-5644.810076109534,-5940.6547632081865
2023-06-30 06:00:00,-2856.600197446037,-5799.230955958556,-6103.168846595408
2023-06-30 07:00:00,-2879.2455137344837,-5845.203584310554,-6151.550901954962
2023-06-30 08:00:00,-2908.0844208026765,-5903.749922981048,-6213.165656216275
2023-06-30 09:00:00,-2892.406894141444,-5871.922718737357,-6179.6703871211985
2023-06-30 10:00:00,-2894.1488415482477,-5875.459074764434,-6183.3920836873185
2023-06-30 11:00:00,-2879.4390634463507,-5845.5965127580075,-6151.964423795642
2023-06-30 12:00:00,-2923.1812983283075,-5934.398341882381,-6245.420359789311
2023-06-30 13:00:00,-2943.3104683624824,-5975.262900417491,-6288.426631220026
2023-06-30 14:00:00,-2971.9558257188087,-6033.416310640533,-6349.627863640659
2023-06-30 15:00:00,-2969.826778888271,-6029.09409771855,-6345.0791233931795
2023-06-30 16:00:00,-2994.6011420072555,-6079.388938992532,-6398.009919000213
2023-06-30 17:00:00,-3053.0531549911093,-6198.053330123332,-6522.893514885559
2023-06-30 18:00:00,-3164.924888450274,-6425.165972751155,-6761.909138798571
2023-06-30 19:00:00,-2998.4721362445966,-6087.247507941591,-6406.280355813812
2023-06-30 20:00:00,-2780.1480612585456,-5644.024219214628,-5939.8277195268265
2023-06-30 21:00:00,-2620.2759992563483,-5319.465321618465,-5598.258679125187
2023-06-30 22:00:00,-2486.7266980680724,-5048.344692875908,-5312.92860905602
2023-06-30 23:00:00,-2487.8879963392747,-5050.702263560625,-5315.4097401001
2023-07-01 00:00:00,-2466.0168788982965,-5006.301348998439,-5268.681772103265
2023-07-01 01:00:00,-2475.5008147797826,-5025.554842923635,-5288.944342296582
2023-07-01 02:00:00,-2607.1146188493876,-5292.746187191662,-5570.13919395895
2023-07-01 03:00:00,-2800.6643307164545,-5685.674634644644,-5983.661034638902
2023-07-01 04:00:00,-2970.407428023872,-6030.2728830609085,-6346.31968891522
2023-07-01 05:00:00,-3158.3441982467934,-6411.806405537754,-6747.8493962154525
2023-07-01 06:00:00,-3261.50619467194,-6621.237268030193,-6968.256537297867
2023-07-01 07:00:00,-3321.893704774465,-6743.830943635523,-7097.275351590011
2023-07-01 08:00:00,-3306.4097278250997,-6712.396667839284,-7064.193604335615
2023-07-01 09:00:00,-3363.5068928258843,-6828.310559837914,-7186.182547336201
2023-07-01 10:00:00,-3394.281297012748,-6890.786182982939,-7251.932520004314
2023-07-01 11:00:00,-3416.5395138774606,-6935.972954440032,-7299.487531682508
2023-07-01 12:00:00,-3399.700688945026,-6901.788179511622,-7263.511131543352
2023-07-01 13:00:00,-3405.1200808773037,-6912.790176040306,-7275.089743082391
2023-07-01 14:00:00,-3384.990910843129,-6871.925617505195,-7232.083471651676
2023-07-01 15:00:00,-3341.0551262493045,-6782.730859933368,-7138.214013817327
2023-07-01 16:00:00,-3332.1518395034195,-6764.656151350531,-7119.192009146049
2023-07-01 17:00:00,-3369.5069338937633,-6840.4913417089565,-7199.00172439728
2023-07-01 18:00:00,-3471.5076320477074,-7047.564633516678,-7416.927734435614
2023-07-01 19:00:00,-3247.3770657056443,-6592.553491366126,-6938.06944292823
2023-07-01 20:00:00,-2993.2462940241858,-6076.63843986036,-6395.115266115454
2023-07-01 21:00:00,-2794.6642896485755,-5673.493852773601,-5970.841857577823
2023-07-01 22:00:00,-2622.017946663152,-5323.001677645542,-5601.980375691306
2023-07-01 23:00:00,-2591.6306419000225,-5261.3119113954235,-5537.0574467045535
2023-07-02 00:00:00,-2559.3078400182226,-5195.692860670776,-5467.999299311002
2023-07-02 01:00:00,-2560.856237713159,-5198.8362882504,-5471.307474036442
2023-07-02 02:00:00,-2671.953772324855,-5424.377217088411,-5708.669010586734
2023-07-02 03:00:00,-2872.471273819136,-5831.4510886497,-6137.077637531163
2023-07-02 04:00:00,-3053.0531549911093,-6198.053330123332,-6522.893514885559
2023-07-02 05:00:00,-3249.506112536182,-6596.875704288108,-6942.618183175709
2023-07-02 06:00:00,-3351.313260978259,-6803.5560676483765,-7160.130671373365
2023-07-02 07:00:00,-3342.7970736561083,-6786.267215960445,-7141.935710383446
2023-07-02 08:00:00,-3411.31367165705,-6925.363886358801,-7288.322441984149
2023-07-02 09:00:00,-3409.571724250246,-6921.827530331724,-7284.60074541803
2023-07-02 10:00:00,-3418.4750109961315,-6939.902238914561,-7303.622750089307
2023-07-02 11:00:00,-3415.184665894391,-6933.22245530786,-7296.592878797748
2023-07-02 12:00:00,-3435.120286216699,-6973.6940853955175,-7339.185628387783
2023-07-02 13:00:00,-3389.249004504204,-6880.570043349161,-7241.180952146635
2023-07-02 14:00:00,-3405.894279724772,-6914.361889830117,-7276.743830445111
2023-07-02 15:00:00,-3323.0550030456675,-6746.188514320242,-7099.756482634091
2023-07-02 16:00:00,-3205.763877654225,-6508.073875163735,-6849.162247182041
2023-07-02 17:00:00,-3257.441650722732,-6612.985770633681,-6959.572578643588
2023-07-02 18:00:00,-3330.79699152035,-6761.905652218361,-7116.29735626129
2023-07-02 19:00:00,-3127.5697940599302,-6349.33078239273,-6682.09942354734
2023-07-02 20:00:00,-2870.5357767004657,-5827.5218041751705,-6132.942419124364
2023-07-02 21:00:00,-2670.2118249180517,-5420.840861061334,-5704.947314020614
2023-07-02 22:00:00,-2535.307675746706,-5146.969733186606,-5416.7225910666875
2023-07-02 23:00:00,-2540.533517967117,-5157.578801267837,-5427.887680765047
2023-07-03 00:00:00,-2511.694610898924,-5099.032462597343,-5366.272926503733
2023-07-03 01:00:00,-2526.985038136422,-5130.073809946128,-5398.94115191745
2023-07-03 02:00:00,-2652.7923508500157,-5385.477300790566,-5667.730348359419
2023-07-03 03:00:00,-2849.438858106955,-5784.692603402796,-6087.868538490249
2023-07-03 04:00:00,-2987.826902091908,-6065.636443331677,-6383.536654576415
2023-07-03 05:00:00,-3197.054140620207,-6490.39209502835,-6830.553764351443
2023-07-03 06:00:00,-3304.087131282695,-6707.681526469849,-7059.231342247456
2023-07-03 07:00:00,-3300.6032364690877,-6700.608814415696,-7051.787949115217
2023-07-03 08:00:00,-3293.635446841873,-6686.463390307388,-7036.901162850739
2023-07-03 09:00:00,-3309.7000729268398,-6719.076451445985,-7071.223475627175
2023-07-03 10:00:00,-3325.5711492999394,-6751.29658413713,-7105.13226656293
2023-07-03 11:00:00,-3329.8292429610146,-6759.941009981096,-7114.22974705789
2023-07-03 12:00:00,-3323.0550030456675,-6746.188514320242,-7099.756482634091
2023-07-03 13:00:00,-3308.151675231903,-6715.9330238663615,-7067.9153009017355
2023-07-03 14:00:00,-3299.635487909752,-6698.64417217843,-7049.720339911817
2023-07-03 15:00:00,-3259.5706975532694,-6617.307983555664,-6964.121318891067
2023-07-03 16:00:00,-3215.2478135357114,-6527.327369088931,-6869.4248173753585
2023-07-03 17:00:00,-3256.6674518752634,-6611.414056843869,-6957.918491280868
2023-07-03 18:00:00,-3354.9907055037334,-6811.021708149983,-7167.987586346283
2023-07-03 19:00:00,-3149.0538120771744,-6392.945840060011,-6728.000347862815
2023-07-03 20:00:00,-2910.6005670569484,-5908.857992797937,-6218.541440145114
2023-07-03 21:00:00,-2735.050978393519,-5552.471890958083,-5843.477130648398
2023-07-03 22:00:00,-2617.9534027139434,-5314.75018024903,-5593.296417037027
2023-07-03 23:00:00,-2603.4371743239135,-5285.280546690055,-5562.282278986031
2023-07-04 00:00:00,-2589.3080453576176,-5256.596770025988,-5532.095184616394
2023-07-04 01:00:00,-2608.6630165443244,-5295.889614771286,-5573.447368684389
2023-07-04 02:00:00,-2695.5668371726374,-5472.314487677675,-5759.118675149688
2023-07-04 03:00:00,-2869.761577852997,-5825.950090385359,-6131.288331761644
2023-07-04 04:00:00,-2999.246335092065,-6088.819221731403,-6407.934443176532
2023-07-04 05:00:00,-3168.215233552014,-6431.845756357856,-6768.93901009013
2023-07-04 06:00:00,-3210.6026204509017,-6517.897086350059,-6859.500293199039
2023-07-04 07:00:00,-3208.473573620364,-6513.574873428076,-6854.95155295156
2023-07-04 08:00:00,-3193.763795518467,-6483.712311421649,-6823.523893059883
2023-07-04 09:00:00,-3192.6024972472646,-6481.3547407369315,-6821.042762015804
2023-07-04 10:00:00,-3217.183310654382,-6531.2566535634605,-6873.560035782158
2023-07-04 11:00:00,-3217.7639597899833,-6532.435438905819,-6874.800601304198
2023-07-04 12:00:00,-3234.2156852986836,-6565.834356939323,-6909.949957761994
2023-07-04 13:00:00,-3224.9252991290646,-6546.97379146158,-6890.100909409356
2023-07-04 14:00:00,-3215.8284626713125,-6528.506154431289,-6870.665382897398
2023-07-04 15:00:00,-3183.312111077645,-6462.4941752591885,-6801.193713663166
2023-07-04 16:00:00,-3156.60225083999,-6408.270049510677,-6744.1276996493325
2023-07-04 17:00:00,-3258.7964987058012,-6615.736269765852,-6962.467231528347
2023-07-04 18:00:00,-3330.79699152035,-6761.905652218361,-7116.29735626129
2023-07-04 19:00:00,-3148.4731629415733,-6391.767054717652,-6726.759782340775
2023-07-04 20:00:00,-2912.5360641756192,-5912.787277272468,-6222.6766585519135
2023-07-04 21:00:00,-2713.7605100881415,-5509.249761738255,-5797.989728173603
2023-07-04 22:00:00,-2622.405046086886,-5323.787534540448,-5602.807419372666
2023-07-04 23:00:00,-2554.469097221546,-5185.869649484452,-5457.661253294003
2023-07-05 00:00:00,-2563.1788342555637,-5203.551429619835,-5476.269736124601
2023-07-05 01:00:00,-2565.8885302217027,-5209.052427884178,-5482.05904189412
2023-07-05 02:00:00,-2682.792556189411,-5446.381210145778,-5731.826233664811
2023-07-05 03:00:00,-2868.600279581795,-5823.592519700641,-6128.807200717564
2023-07-05 04:00:00,-2975.439720532416,-6040.489022694686,-6357.071256772898
2023-07-05 05:00:00,-3147.311864670371,-6389.409484032934,-6724.278651296695
2023-07-05 06:00:00,-3236.1511824173544,-6569.763641413852,-6914.085176168793
2023-07-05 07:00:00,-3213.3123164170406,-6523.3980846144,-6865.2895989685585
2023-07-05 08:00:00,-3239.8286269428286,-6577.229281915459,-6921.942091141712
2023-07-05 09:00:00,-3246.602866858176,-6590.981777576313,-6936.41535556551
2023-07-05 10:00:00,-3227.4414453833365,-6552.081861278469,-6895.476693338195
2023-07-05 11:00:00,-3253.5706564853904,-6605.127201684621,-6951.302141829989
2023-07-05 12:00:00,-3254.538405044726,-6607.091843921886,-6953.369751033389
2023-07-05 13:00:00,-3253.7642061972574,-6605.520130132074,-6951.715663670669
2023-07-05 14:00:00,-3246.9899662819103,-6591.76763447122,-6937.24239924687
2023-07-05 15:00:00,-3184.2798596369807,-6464.458817496454,-6803.261322866566
2023-07-05 16:00:00,-3162.215192484135,-6419.664974486814,-6756.119833029052
2023-07-05 17:00:00,-3260.538446112605,-6619.272625792928,-6966.188928094467
2023-07-05 18:00:00,-3307.764575808169,-6715.147166971456,-7067.088257220375
2023-07-05 19:00:00,-3123.6987998225886,-6341.472213443671,-6673.828986733741
2023-07-05 20:00:00,-2862.98733793765,-5812.197594724504,-6116.815067337846
2023-07-05 21:00:00,-2702.7281765117186,-5486.852840233435,-5774.418983254846
2023-07-05 22:00:00,-2567.049828492905,-5211.409998568895,-5484.5401729382
2023-07-05 23:00:00,-2546.92065845873,-5170.545440033785,-5441.533901507485
2023-07-06 00:00:00,-2534.146377475504,-5144.612162501889,-5414.241460022608
2023-07-06 01:00:00,-2511.501061187057,-5098.639534149889,-5365.859404663053
2023-07-06 02:00:00,-2635.566426493847,-5350.50666896725,-5630.926904538903
2023-07-06 03:00:00,-2682.0183573419426,-5444.809496355966,-5730.172146302091
2023-07-06 04:00:00,-2798.7288335977837,-5681.745350170114,-5979.525816232102
2023-07-06 05:00:00,-2928.6006902605855,-5945.400338411065,-6256.998971328349
2023-07-06 06:00:00,-3070.472629059145,-6233.4168903941,-6560.110480546754
2023-07-06 07:00:00,-3107.053524602021,-6307.680366962713,-6638.266108435265
2023-07-06 08:00:00,-3112.666466246166,-6319.075291938851,-6650.258241814984
2023-07-06 09:00:00,-3130.4730397379362,-6355.224709104525,-6688.302251157539
2023-07-06 10:00:00,-3127.1826946361957,-6348.544925497824,-6681.27237986598
2023-07-06 11:00:00,-3081.504962635568,-6255.81381189892,-6583.6812254655115
2023-07-06 12:00:00,-3066.408085109937,-6225.165392997587,-6551.426521892476
2023-07-06 13:00:00,-3096.7953898730666,-6286.855159247706,-6616.349450879227
2023-07-06 14:00:00,-3065.633886262469,-6223.5936792077755,-6549.772434529756
2023-07-06 15:00:00,-3082.4727111949037,-6257.778454136185,-6585.7488346689115
2023-07-06 16:00:00,-3048.4079619063,-6188.623047384461,-6512.96899070924
2023-07-06 17:00:00,-3106.2793257545527,-6306.1086531729015,-6636.612021072546
2023-07-06 18:00:00,-3224.1511002815964,-6545.402077671768,-6888.446822046636
2023-07-06 19:00:00,-3052.085406431774,-6196.088687886067,-6520.825905682159
2023-07-06 20:00:00,-2850.2130569544233,-5786.264317192607,-6089.522625852969
2023-07-06 21:00:00,-2674.27636886726,-5429.092358457847,-5713.631272674893
2023-07-06 22:00:00,-2542.0819156620532,-5160.72222884746,-5431.195855490486
2023-07-06 23:00:00,-2477.8234113221874,-5030.269984293071,-5293.906604384742
2023-07-07 00:00:00,-2465.629779474562,-5005.515492103533,-5267.854728421905
2023-07-07 01:00:00,-2448.210305406526,-4970.151931832765,-5230.63776276071
2023-07-07 02:00:00,-2466.2104286101635,-5006.694277445892,-5269.095293943945
2023-07-07 03:00:00,-2542.2754653739207,-5161.115157294914,-5431.609377331166
2023-07-07 04:00:00,-2642.147116697327,-5363.866236180652,-5644.986647122021
2023-07-07 05:00:00,-2821.3741498862305,-5727.717978522113,-6027.907871591657
2023-07-07 06:00:00,-2940.4072226844764,-5969.368973705697,-6282.223803609827
2023-07-07 07:00:00,-3031.9562363975992,-6155.224129350957,-6477.819634251444
2023-07-07 08:00:00,-3002.1495807700708,-6094.7131484431975,-6414.137270786731
2023-07-07 09:00:00,-2967.8912817696,-6025.16481324402,-6340.9439049863795
2023-07-07 10:00:00,-2994.6011420072555,-6079.388938992532,-6398.009919000213
2023-07-07 11:00:00,-2982.601059871497,-6055.027375250446,-6372.371564878056
2023-07-07 12:00:00,-2966.729983498398,-6022.807242559302,-6338.4627739423
2023-07-07 13:00:00,-2990.536598058047,-6071.137441596019,-6389.325960345935
2023-07-07 14:00:00,-2998.6656859564637,-6087.640436389044,-6406.693877654492
2023-07-07 15:00:00,-3031.1820375501306,-6153.652415561145,-6476.165546888724
2023-07-07 16:00:00,-3037.569178041744,-6166.619054327093,-6489.811767631162
2023-07-07 17:00:00,-3118.0858581784437,-6330.077288467533,-6661.836853354022
2023-07-07 18:00:00,-3190.667000128594,-6477.425456262402,-6816.907543609004
2023-07-07 19:00:00,-2991.6978963292495,-6073.495012280737,-6391.807091390014
2023-07-07 20:00:00,-2787.502950309494,-5658.955500217841,-5955.541549472665
2023-07-07 21:00:00,-2649.308456036408,-5378.404588736413,-5660.2869552271795
2023-07-07 22:00:00,-2528.726985543226,-5133.610165973205,-5402.662848483569
2023-07-07 23:00:00,-2481.6944055595286,-5038.12855324213,-5302.177041198341
2023-07-08 00:00:00,-2451.500650508266,-4976.831715439465,-5237.667634052269
2023-07-08 01:00:00,-2481.5008558476616,-5037.735624794677,-5301.763519357662
2023-07-08 02:00:00,-2572.856319848917,-5223.197851992484,-5496.9458281585985
2023-07-08 03:00:00,-2802.9869272588594,-5690.38977601408,-5988.623296727061
2023-07-08 04:00:00,-2987.439802668174,-6064.850586436771,-6382.709610895055
2023-07-08 05:00:00,-3195.3121932134036,-6486.855739001274,-6826.8320677853235
2023-07-08 06:00:00,-3281.054715570514,-6660.923041222944,-7010.022243206542
2023-07-08 07:00:00,-3300.0225873334866,-6699.430029073336,-7050.547383593177
2023-07-08 08:00:00,-3281.441814994248,-6661.70889811785,-7010.849286887902
2023-07-08 09:00:00,-3294.2160959774747,-6687.642175649747,-7038.141728372779
2023-07-08 10:00:00,-3290.151552028266,-6679.390678253234,-7029.4577697185
2023-07-08 11:00:00,-3249.312562824315,-6596.482775840655,-6942.204661335029
2023-07-08 12:00:00,-3225.8930476883997,-6548.938433698844,-6892.168518612755
2023-07-08 13:00:00,-3171.505578653754,-6438.525539964557,-6775.968881381689
2023-07-08 14:00:00,-3178.4733682809688,-6452.670964072864,-6790.855667646168
2023-07-08 15:00:00,-3159.89259594173,-6414.949833117378,-6751.157570940892
2023-07-08 16:00:00,-3110.150319991894,-6313.967222121962,-6644.882457886144
2023-07-08 17:00:00,-3180.9895145352402,-6457.779033889753,-6796.231451575007
2023-07-08 18:00:00,-3252.215808502321,-6602.37670255245,-6948.407488945229
2023-07-08 19:00:00,-3039.698224872282,-6170.941267249076,-6494.360507878642
2023-07-08 20:00:00,-2819.43865276756,-5723.788694047583,-6023.772653184857
2023-07-08 21:00:00,-2627.630888307297,-5334.3966026216785,-5613.972509071024
2023-07-08 22:00:00,-2530.4689329500293,-5137.146522000282,-5406.384545049689
2023-07-08 23:00:00,-2458.6619898473477,-4991.370067995225,-5252.9679421574265
2023-07-09 00:00:00,-2473.3717679492447,-5021.232630001652,-5284.395602049103
2023-07-09 01:00:00,-2496.5977333732926,-5068.38404369601,-5334.018222930697
2023-07-09 02:00:00,-2568.5982261878416,-5214.553426148519,-5487.848347663639
2023-07-09 03:00:00,-2767.373780275319,-5618.090941682731,-5912.53527804195
2023-07-09 04:00:00,-2937.8910764302045,-5964.260903888808,-6276.848019680988
2023-07-09 05:00:00,-3074.15007358462,-6240.882530895707,-6567.967395519673
2023-07-09 06:00:00,-3115.763261636039,-6325.362147098098,-6656.874591265863
2023-07-09 07:00:00,-3145.182817839833,-6385.087271110951,-6719.729911049216
2023-07-09 08:00:00,-3143.0537710092954,-6380.765058188968,-6715.181170801736
2023-07-09 09:00:00,-3160.4732450773313,-6416.128618459737,-6752.398136462932
2023-07-09 10:00:00,-3132.989185992208,-6360.332778921414,-6693.678035086379
2023-07-09 11:00:00,-3142.08602244996,-6378.800415951703,-6713.113561598337
2023-07-09 12:00:00,-3138.4085779244856,-6371.3347754500965,-6705.2566466254175
2023-07-09 13:00:00,-3114.9890627885707,-6323.790433308286,-6655.220503903143
2023-07-09 14:00:00,-3126.9891449243287,-6348.1519970503705,-6680.8588580253
2023-07-09 15:00:00,-3114.2148639411025,-6322.218719518474,-6653.566416540423
2023-07-09 16:00:00,-3123.1181506869875,-6340.293428101311,-6672.588421211702
2023-07-09 17:00:00,-3206.344526789826,-6509.252660506093,-6850.40281270408
2023-07-09 18:00:00,-3287.635405773994,-6674.282608436346,-7024.08198578966
2023-07-09 19:00:00,-3072.988775313417,-6238.524960210989,-6565.486264475594
2023-07-09 20:00:00,-2820.7935007506294,-5726.539193179754,-6026.667306069617
2023-07-09 21:00:00,-2603.6307240357805,-5285.673475137509,-5562.695800826711
2023-07-09 22:00:00,-2523.888242746549,-5123.78695478688,-5392.324802466571
2023-07-09 23:00:00,-2480.9202067120605,-5036.556839452318,-5300.522953835622
2023-07-10 00:00:00,-2486.7266980680724,-5048.344692875908,-5312.92860905602
2023-07-10 01:00:00,-2477.8234113221874,-5030.269984293071,-5293.906604384742
2023-07-10 02:00:00,-2571.3079221539806,-5220.0544244128605,-5493.637653433158
2023-07-10 03:00:00,-2788.4706988688295,-5660.920142455106,-5957.609158676065
2023-07-10 04:00:00,-2932.858783921661,-5954.044764255031,-6266.096451823309
2023-07-10 05:00:00,-3121.7633027039183,-6337.54292896914,-6669.693768326942
2023-07-10 06:00:00,-3174.602374043627,-6444.812395123804,-6782.585230832568
2023-07-10 07:00:00,-3231.3124396206777,-6559.940430227528,-6903.747130151794
2023-07-10 08:00:00,-3197.054140620207,-6490.39209502835,-6830.553764351443
2023-07-10 09:00:00,-3180.215315687772,-6456.207320099941,-6794.577364212287
2023-07-10 10:00:00,-3196.2799417727388,-6488.820381238538,-6828.899676988723
2023-07-10 11:00:00,-3178.2798185691017,-6452.278035625411,-6790.442145805488
2023-07-10 12:00:00,-3167.441034704546,-6430.274042568044,-6767.28492272741
2023-07-10 13:00:00,-3129.3117414667336,-6352.867138419807,-6685.82112011346
2023-07-10 14:00:00,-3127.9568934836643,-6350.116639287636,-6682.9264672287
2023-07-10 15:00:00,-3120.2149050089815,-6334.399501389516,-6666.385593601502
2023-07-10 16:00:00,-3100.2792846866737,-6293.927871301859,-6623.7928440114665
2023-07-10 17:00:00,-3186.215356755651,-6468.388101970983,-6807.396541273365
2023-07-10 18:00:00,-3264.022340926212,-6626.345337847082,-6973.632321226706
2023-07-10 19:00:00,-3029.0529907195933,-6149.330202639162,-6471.616806641245
2023-07-10 20:00:00,-2783.4384063602856,-5650.704002821329,-5946.857590818386
2023-07-10 21:00:00,-2613.695309052868,-5306.105754405064,-5584.198936542069
2023-07-10 22:00:00,-2522.3398450516124,-5120.643527207257,-5389.016627741131
2023-07-10 23:00:00,-2470.6620719831058,-5015.731631737311,-5278.606296279584
2023-07-11 00:00:00,-2468.339475440701,-5011.016490367874,-5273.644034191425
2023-07-11 01:00:00,-2472.9846685255106,-5020.446773106746,-5283.568558367743
2023-07-11 02:00:00,-2574.5982672557207,-5226.734208019561,-5500.667524724718
2023-07-11 03:00:00,-2753.825300444624,-5590.585950361023,-5883.588749194353
2023-07-11 04:00:00,-2951.052456837165,-5990.980038315611,-6304.9675048472245
2023-07-11 05:00:00,-3123.8923495344557,-6341.865141891123,-6674.242508574421
2023-07-11 06:00:00,-3205.763877654225,-6508.073875163735,-6849.162247182041
2023-07-11 07:00:00,-3222.6027025866597,-6542.258650092143,-6885.138647321196
2023-07-11 08:00:00,-3219.3123574849196,-6535.5788664854435,-6878.108776029637
2023-07-11 09:00:00,-3237.1189309766896,-6571.728283651118,-6916.152785372193
2023-07-11 10:00:00,-3220.0865563323878,-6537.150580275255,-6879.762863392357
2023-07-11 11:00:00,-3180.021765975905,-6455.814391652488,-6794.163842371607
2023-07-11 12:00:00,-3168.215233552014,-6431.845756357856,-6768.93901009013
2023-07-11 13:00:00,-3123.8923495344557,-6341.865141891123,-6674.242508574421
2023-07-11 14:00:00,-3139.5698761956883,-6373.692346134815,-6707.7377776694975
2023-07-11 15:00:00,-3123.3117003988546,-6340.686356548764,-6673.001943052381
2023-07-11 16:00:00,-3107.440624025755,-6308.46622385762,-6639.093152116625
2023-07-11 17:00:00,-3203.8283805355545,-6504.144590689205,-6845.027028775241
2023-07-11 18:00:00,-3290.732201163867,-6680.569463595593,-7030.69833524054
2023-07-11 19:00:00,-3091.5695476526557,-6276.246091166476,-6605.184361180869
2023-07-11 20:00:00,-2835.5032788525264,-5756.401755186181,-6058.0949659612925
2023-07-11 21:00:00,-2660.727889036565,-5401.587367136138,-5684.684743827296
2023-07-11 22:00:00,-2509.9526634921203,-5095.4961065702655,-5362.551229937614
2023-07-11 23:00:00,-2478.9847095933897,-5032.627554977788,-5296.3877354288215
2023-07-12 00:00:00,-2456.920042440544,-4987.833711968148,-5249.246245591307
2023-07-12 01:00:00,-2483.2428032544653,-5041.271980821754,-5305.485215923781
2023-07-12 02:00:00,-2585.6306008321435,-5249.131129524381,-5524.238269643475
2023-07-12 03:00:00,-2739.6961714783283,-5561.902173696954,-5853.401654824716
2023-07-12 04:00:00,-2895.8907889550514,-5878.99543079151,-6187.113780253438
2023-07-12 05:00:00,-3052.085406431774,-6196.088687886067,-6520.825905682159
2023-07-12 06:00:00,-3121.9568524157853,-6337.9358574165935,-6670.107290167622
2023-07-12 07:00:00,-3073.182325025284,-6238.917888658442,-6565.899786316274
2023-07-12 08:00:00,-3089.440500822118,-6271.923878244493,-6600.63562093339
2023-07-12 09:00:00,-3117.3116593309755,-6328.505574677722,-6660.182765991302
2023-07-12 10:00:00,-3117.1181096191085,-6328.112646230269,-6659.769244150622
2023-07-12 11:00:00,-3096.9889395849336,-6287.248087695159,-6616.762972719907
2023-07-12 12:00:00,-3057.311248652185,-6206.697755967298,-6531.990995380517
2023-07-12 13:00:00,-3049.569260177502,-6190.9806180691785,-6515.45012175332
2023-07-12 14:00:00,-3032.7304352450674,-6156.795843140769,-6479.473721614164
2023-07-12 15:00:00,-3019.3755051262397,-6129.683780266513,-6450.940714607247
2023-07-12 16:00:00,-3000.4076333632675,-6091.176792416121,-6410.415574220612
2023-07-12 17:00:00,-3096.021191025598,-6285.283445457894,-6614.695363516508
2023-07-12 18:00:00,-3169.763631246951,-6434.9891839374795,-6772.247184815569
2023-07-12 19:00:00,-2983.9559078545667,-6057.7778743826175,-6375.266217762816
2023-07-12 20:00:00,-2783.8255057840197,-5651.489859716235,-5947.684634499746
2023-07-12 21:00:00,-2618.727601561412,-5316.3218940388415,-5594.950504399747
2023-07-12 22:00:00,-2517.114002831202,-5110.0344591260255,-5377.8515380427725
2023-07-12 23:00:00,-2492.3396397122174,-5059.739617852044,-5324.920742435738
2023-07-13 00:00:00,-2452.6619487794687,-4979.189286124183,-5240.148765096348
2023-07-13 01:00:00,-2450.145802525197,-4974.081216307294,-5234.772981167509
2023-07-13 02:00:00,-2477.8234113221874,-5030.269984293071,-5293.906604384742
2023-07-13 03:00:00,-2587.7596476626813,-5253.453342446364,-5528.787009890954
2023-07-13 04:00:00,-2754.599499292093,-5592.1576641508345,-5885.242836557073
2023-07-13 05:00:00,-2928.9877896843195,-5946.186195305971,-6257.826015009709
2023-07-13 06:00:00,-3006.6012241430135,-6103.750502734616,-6423.6482731223705
2023-07-13 07:00:00,-3037.569178041744,-6166.619054327093,-6489.811767631162
2023-07-13 08:00:00,-3034.665932363738,-6160.725127615298,-6483.608940020963
2023-07-13 09:00:00,-3053.6338041267104,-6199.232115465691,-6524.134080407599
2023-07-13 10:00:00,-3038.5369266010794,-6168.583696564358,-6491.879376834562
2023-07-13 11:00:00,-3022.4723005161127,-6135.9706354257605,-6457.557064058126
2023-07-13 12:00:00,-3012.0206160752914,-6114.7524992633,-6435.226884661409
2023-07-13 13:00:00,-3025.3755461941187,-6141.864562137555,-6463.7598916683255
2023-07-13 14:00:00,-3013.7625634820947,-6118.288855290377,-6438.948581227529
2023-07-13 15:00:00,-3027.1174936009224,-6145.4009181646325,-6467.481588234446
2023-07-13 16:00:00,-3005.0528264480768,-6100.607075154992,-6420.34009839693
2023-07-13 17:00:00,-3087.505003703447,-6267.994593769963,-6596.50040252659
2023-07-13 18:00:00,-3167.247484992679,-6429.8811141205915,-6766.87140088673
2023-07-13 19:00:00,-2979.891363905358,-6049.526376986105,-6366.582259108537
2023-07-13 20:00:00,-2785.7610029026905,-5655.419144190764,-5951.819852906546
2023-07-13 21:00:00,-2610.9856130867292,-5300.604756140722,-5578.409630772549
2023-07-13 22:00:00,-2448.984504253994,-4971.723645622576,-5232.291850123429
2023-07-13 23:00:00,-2423.4359422875414,-4919.857090558783,-5177.706967153676
2023-07-14 00:00:00,-2407.371316202575,-4887.244029420185,-5143.38465437724
2023-07-14 01:00:00,-2414.1455561179223,-4900.996525081039,-5157.857918801038
2023-07-14 02:00:00,-2459.049089271082,-4992.155924890131,-5253.7949858387865
2023-07-14 03:00:00,-2507.4365172378484,-5090.388036753377,-5357.175446008775
2023-07-14 04:00:00,-2645.437461799067,-5370.546019787353,-5652.01651841358
2023-07-14 05:00:00,-2800.2772312927204,-5684.8887777497375,-5982.833990957542
2023-07-14 06:00:00,-2942.5362695150143,-5973.69118662768,-6286.772543857306
2023-07-14 07:00:00,-2975.2461708205487,-6040.096094247233,-6356.657734932218
2023-07-14 08:00:00,-2996.730188837793,-6083.711151914515,-6402.558659247693
2023-07-14 09:00:00,-2957.4395973287783,-6003.946677081559,-6318.613725589663
2023-07-14 10:00:00,-2967.117082922132,-6023.593099454208,-6339.28981762366
2023-07-14 11:00:00,-2938.471725565806,-5965.439689231167,-6278.088585203027
2023-07-14 12:00:00,-2948.9234100066274,-5986.657825393628,-6300.4187645997445
2023-07-14 13:00:00,-2955.117000786374,-5999.231535712123,-6313.651463501503
2023-07-14 14:00:00,-2974.8590713968147,-6039.310237352327,-6355.830691250858
2023-07-14 15:00:00,-2951.6331059727663,-5992.158823657969,-6306.208070369264
2023-07-14 16:00:00,-2965.762234939062,-6020.8426003220375,-6336.3951647389
2023-07-14 17:00:00,-3088.6663019746497,-6270.352164454681,-6598.98153357067
2023-07-14 18:00:00,-3123.1181506869875,-6340.293428101311,-6672.588421211702
2023-07-14 19:00:00,-2913.3102630230874,-5914.3589910622795,-6224.330745914634
2023-07-14 20:00:00,-2713.3734106644074,-5508.463904843349,-5797.162684492243
2023-07-14 21:00:00,-2446.081258575988,-4965.829718910782,-5226.08902251323
2023-07-14 22:00:00,-2336.725671371096,-4743.825146099847,-4992.449182529057
2023-07-14 23:00:00,-2320.080396150528,-4710.033299618891,-4956.886304230581
2023-07-15 00:00:00,-2316.983600760655,-4703.746444459643,-4950.269954779702
2023-07-15 01:00:00,-2307.886764302903,-4685.278807429353,-4930.834428267744
2023-07-15 02:00:00,-2422.081094304472,-4917.106591426612,-5174.812314268916
2023-07-15 03:00:00,-2640.018069866789,-5359.544023258669,-5640.437906874542
2023-07-15 04:00:00,-2796.406237055379,-5677.030208800678,-5974.563554143942
2023-07-15 05:00:00,-2993.439843736053,-6077.031368307814,-6395.528787956134
2023-07-15 06:00:00,-3067.7629330930063,-6227.9158921297585,-6554.321174777235
2023-07-15 07:00:00,-3102.4083315172115,-6298.250084223842,-6628.341584258947
2023-07-15 08:00:00,-3105.6986766189516,-6304.929867830543,-6635.371455550506
2023-07-15 09:00:00,-3114.6019633648366,-6323.00457641338,-6654.393460221783
2023-07-15 10:00:00,-3114.0213142292355,-6321.825791071021,-6653.152894699743
2023-07-15 11:00:00,-3126.9891449243287,-6348.1519970503705,-6680.8588580253
2023-07-15 12:00:00,-3057.698348075919,-6207.483612862204,-6532.818039061877
2023-07-15 13:00:00,-3025.569095905986,-6142.257490585009,-6464.1734135090055
2023-07-15 14:00:00,-3062.343541160729,-6216.913895601075,-6542.742563238196
2023-07-15 15:00:00,-3025.1819964822516,-6141.471633690103,-6463.3463698276455
2023-07-15 16:00:00,-3015.6980606007655,-6122.2181397649065,-6443.083799634328
2023-07-15 17:00:00,-3102.7954309409456,-6299.035941118748,-6629.168627940307
2023-07-15 18:00:00,-3165.699087297742,-6426.737686540967,-6763.563226161291
2023-07-15 19:00:00,-2921.4393509215042,-5930.861985855305,-6241.698663223192
2023-07-15 20:00:00,-2689.7603458166254,-5460.526634254085,-5746.71301992929
2023-07-15 21:00:00,-2547.694857306198,-5172.117153823597,-5443.187988870205
2023-07-15 22:00:00,-2436.790872406369,-4946.969153433039,-5206.239974160592
2023-07-15 23:00:00,-2413.177807558587,-4899.031882843775,-5155.790309597638
2023-07-16 00:00:00,-2396.5325323380193,-4865.2400363628185,-5120.227431299162
2023-07-16 01:00:00,-2411.8229595755174,-4896.281383711604,-5152.895656712879
2023-07-16 02:00:00,-2488.2750957630087,-5051.488120455531,-5316.23678378146
2023-07-16 03:00:00,-2679.889310511405,-5440.487283433983,-5725.623406054612
2023-07-16 04:00:00,-2849.438858106955,-5784.692603402796,-6087.868538490249
2023-07-16 05:00:00,-3004.8592767362097,-6100.21414670754,-6419.92657655625
2023-07-16 06:00:00,-3081.504962635568,-6255.81381189892,-6583.6812254655115
2023-07-16 07:00:00,-3074.15007358462,-6240.882530895707,-6567.967395519673
2023-07-16 08:00:00,-3034.085283228137,-6159.54634227294,-6482.368374498923
2023-07-16 09:00:00,-3053.4402544148434,-6198.839187018238,-6523.720558566919
2023-07-16 10:00:00,-3058.8596463471213,-6209.8411835469215,-6535.299170105957
2023-07-16 11:00:00,-3053.0531549911093,-6198.053330123332,-6522.893514885559
2023-07-16 12:00:00,-3036.4078797705415,-6164.261483642375,-6487.330636587083
2023-07-16 13:00:00,-3029.8271895670614,-6150.901916428974,-6473.270894003965
2023-07-16 14:00:00,-3042.601470550288,-6176.835193960871,-6500.563335488841
2023-07-16 15:00:00,-3000.020533939533,-6090.390935521215,-6409.588530539252
2023-07-16 16:00:00,-2984.1494575664337,-6058.170802830071,-6375.679739603496
2023-07-16 17:00:00,-3123.3117003988546,-6340.686356548764,-6673.001943052381
2023-07-16 18:00:00,-3175.570122602963,-6446.777037361069,-6784.652840035968
2023-07-16 19:00:00,-2963.2460886847903,-6015.7345305051485,-6331.019380810061
2023-07-16 20:00:00,-2714.5347089356096,-5510.821475528067,-5799.643815536323
2023-07-16 21:00:00,-2529.501184390694,-5135.181879763017,-5404.316935846289
2023-07-16 22:00:00,-2459.049089271082,-4992.155924890131,-5253.7949858387865
2023-07-16 23:00:00,-2427.50048623675,-4928.108587955296,-5186.390925807955
2023-07-17 00:00:00,-2412.0165092873845,-4896.674312159057,-5153.309178553559
2023-07-17 01:00:00,-2431.9521296096923,-4937.145942246714,-5195.901928143594
2023-07-17 02:00:00,-2506.275218966646,-5088.030466068659,-5354.694314964695
2023-07-17 03:00:00,-2716.4702060542804,-5514.7507600025965,-5803.779033943122
2023-07-17 04:00:00,-2872.084174395402,-5830.665231754794,-6136.250593849803
2023-07-17 05:00:00,-3015.1174114651644,-6121.039354422547,-6441.843234112288
2023-07-17 06:00:00,-3105.3115771952175,-6304.144010935637,-6634.544411869146
2023-07-17 07:00:00,-3107.6341737376224,-6308.859152305073,-6639.506673957305
2023-07-17 08:00:00,-3071.633927330348,-6235.774461078819,-6562.591611590834
2023-07-17 09:00:00,-3101.053483534142,-6295.499585091671,-6625.4469313741865
2023-07-17 10:00:00,-3086.730804855979,-6266.42287998015,-6594.846315163871
2023-07-17 11:00:00,-3058.27899721152,-6208.662398204562,-6534.058604583917
2023-07-17 12:00:00,-3061.182242889526,-6214.556324916357,-6540.261432194116
2023-07-17 13:00:00,-3057.311248652185,-6206.697755967298,-6531.990995380517
2023-07-17 14:00:00,-3042.601470550288,-6176.835193960871,-6500.563335488841
2023-07-17 15:00:00,-3054.601552686046,-6201.196757702955,-6526.201689610998
2023-07-17 16:00:00,-3053.6338041267104,-6199.232115465691,-6524.134080407599
2023-07-17 17:00:00,-3144.408618992365,-6383.51555732114,-6718.075823686496
2023-07-17 18:00:00,-3181.1830642471077,-6458.1719623372055,-6796.644973415687
2023-07-17 19:00:00,-2962.278340125455,-6013.769888267883,-6328.951771606661
2023-07-17 20:00:00,-2749.180107359815,-5581.155667622151,-5873.664225018035
2023-07-17 21:00:00,-2589.6951447813517,-5257.382626920894,-5532.922228297754
2023-07-17 22:00:00,-2432.726328457161,-4938.717656036526,-5197.556015506313
2023-07-17 23:00:00,-2415.500404100992,-4903.74702421321,-5160.752571685798
2023-07-18 00:00:00,-2392.4679883888107,-4856.988538966306,-5111.543472644883
2023-07-18 01:00:00,-2406.5971173551065,-4885.672315630373,-5141.73056701452
2023-07-18 02:00:00,-2509.9526634921203,-5095.4961065702655,-5362.551229937614
2023-07-18 03:00:00,-2700.9862291049153,-5483.316484206358,-5770.697286688726
2023-07-18 04:00:00,-2856.793747157904,-5799.623884406009,-6103.582368436088
2023-07-18 05:00:00,-3025.569095905986,-6142.257490585009,-6464.1734135090055
2023-07-18 06:00:00,-3093.8921441950606,-6280.961232535911,-6610.146623269028
2023-07-18 07:00:00,-3064.8596874150003,-6222.021965417964,-6548.118347167036
2023-07-18 08:00:00,-3032.3433358213333,-6156.009986245863,-6478.646677932804
2023-07-18 09:00:00,-3072.214576465949,-6236.953246421177,-6563.832177112874
2023-07-18 10:00:00,-3106.0857760426857,-6305.715724725449,-6636.198499231866
2023-07-18 11:00:00,-3079.956564940632,-6252.670384319296,-6580.373050740072
2023-07-18 12:00:00,-3057.891897787786,-6207.876541309656,-6533.231560902557
2023-07-18 13:00:00,-3041.4401722790853,-6174.477623276153,-6498.082204444761
2023-07-18 14:00:00,-3044.9240670926924,-6181.550335330307,-6505.525597577001
2023-07-18 15:00:00,-3053.2467047029763,-6198.446258570785,-6523.307036726239
2023-07-18 16:00:00,-3023.6335987873153,-6138.328206110478,-6460.038195102206
2023-07-18 17:00:00,-3128.3439929073984,-6350.902496182542,-6683.75351091006
2023-07-18 18:00:00,-3211.957468433971,-6520.64758548223,-6862.394946083799
2023-07-18 19:00:00,-2985.504305549503,-6060.921301962241,-6378.574392488255
2023-07-18 20:00:00,-2784.793254343355,-5653.4545019535,-5949.752243703146
2023-07-18 21:00:00,-2588.1467470864154,-5254.23919934127,-5529.614053572314
2023-07-18 22:00:00,-2461.7587852372208,-4997.656923154473,-5259.584291608307
2023-07-18 23:00:00,-2399.0486785922913,-4870.348106179707,-5125.603215228001
2023-07-19 00:00:00,-2413.758456694188,-4900.210668186133,-5157.030875119678
2023-07-19 01:00:00,-2418.210100067131,-4909.248022477553,-5166.541877455317
2023-07-19 02:00:00,-2541.694816238319,-5159.9363719525545,-5430.368811809126
2023-07-19 03:00:00,-2694.2119891895677,-5469.563988545504,-5756.224022264928
2023-07-19 04:00:00,-2867.6325310224597,-5821.627877463376,-6126.739591514165
2023-07-19 05:00:00,-3069.311330787943,-6231.059319709382,-6557.629349502675
2023-07-19 06:00:00,-3117.5052090428426,-6328.898503125175,-6660.596287831982
2023-07-19 07:00:00,-3116.5374604835074,-6326.93386088791,-6658.528678628583
2023-07-19 08:00:00,-3124.2794489581897,-6342.650998786029,-6675.069552255781
2023-07-19 09:00:00,-3112.4729165342987,-6318.682363491397,-6649.844719974304
2023-07-19 10:00:00,-3131.2472385854044,-6356.7964228943365,-6689.956338520259
2023-07-19 11:00:00,-3129.1181917548665,-6352.4742099723535,-6685.40759827278
2023-07-19 12:00:00,-3074.924272432088,-6242.4542446855185,-6569.621482882393
2023-07-19 13:00:00,-3081.892062059302,-6256.599668793826,-6584.5082691468715
2023-07-19 14:00:00,-3116.7310101953744,-6327.326789335363,-6658.942200469262
2023-07-19 15:00:00,-3035.4401312112063,-6162.29684140511,-6485.263027383683
2023-07-19 16:00:00,-3015.3109611770315,-6121.432282870001,-6442.256755952968
2023-07-19 17:00:00,-3118.4729576021778,-6330.863145362439,-6662.663897035382
2023-07-19 18:00:00,-3187.3766550268538,-6470.745672655701,-6809.877672317445
2023-07-19 19:00:00,-3006.0205750074124,-6102.571717392258,-6422.4077076003305
2023-07-19 20:00:00,-2759.438242088769,-5601.980875337159,-5895.580882574071
2023-07-19 21:00:00,-2593.9532384424274,-5266.02705276486,-5542.019708792714
2023-07-19 22:00:00,-2466.7910777457646,-5007.8730627882505,-5270.335859465985
2023-07-19 23:00:00,-2434.468275863964,-4942.254012063603,-5201.277712072433
2023-07-20 00:00:00,-2419.5649480502,-4911.998521609723,-5169.436530340076
2023-07-20 01:00:00,-2416.661702372194,-4906.104594897928,-5163.233702729877
2023-07-20 02:00:00,-2457.113592152411,-4988.226640415602,-5249.659767431987
2023-07-20 03:00:00,-2566.662729069171,-5210.6241416739895,-5483.71312925684
2023-07-20 04:00:00,-2689.9538955284925,-5460.919562701539,-5747.12654176997
2023-07-20 05:00:00,-2872.85837324287,-5832.236945544606,-6137.904681212523
2023-07-20 06:00:00,-2968.859030328935,-6027.129455481285,-6343.0115141897795
2023-07-20 07:00:00,-3024.6013473466505,-6140.2928483477435,-6462.1058043056055
2023-07-20 08:00:00,-3001.9560310582037,-6094.320219995745,-6413.723748946051
2023-07-20 09:00:00,-3015.5045108888985,-6121.825211317453,-6442.670277793648
2023-07-20 10:00:00,-3003.8915281768745,-6098.249504470275,-6417.858967352851
2023-07-20 11:00:00,-3008.14962183795,-6106.893930314241,-6426.95644784781
2023-07-20 12:00:00,-3017.6335577194363,-6126.147424239436,-6447.219018041127
2023-07-20 13:00:00,-3034.278832940004,-6159.939270720392,-6482.781896339603
2023-07-20 14:00:00,-3030.4078387026625,-6152.080701771333,-6474.511459526005
2023-07-20 15:00:00,-3015.1174114651644,-6121.039354422547,-6441.843234112288
2023-07-20 16:00:00,-3004.0850778887416,-6098.642432917728,-6418.272489193531
2023-07-20 17:00:00,-3099.6986355510726,-6292.749085959501,-6622.552278489427
2023-07-20 18:00:00,-3117.1181096191085,-6328.112646230269,-6659.769244150622
2023-07-20 19:00:00,-2928.0200411249843,-5944.221553068705,-6255.75840580631
2023-07-20 20:00:00,-2736.9864755121894,-5556.401175432613,-5847.612349055197
2023-07-20 21:00:00,-2575.1789163913218,-5227.912993361921,-5501.908090246758
2023-07-20 22:00:00,-2425.7585388299462,-4924.572231928219,-5182.669229241835
2023-07-20 23:00:00,-2396.9196317617534,-4866.025893257724,-5121.054474980522
2023-07-21 00:00:00,-2370.7904206596995,-4812.980552851572,-5065.229026488729
2023-07-21 01:00:00,-2365.1774790155546,-4801.585627875435,-5053.23689310901
2023-07-21 02:00:00,-2415.693953812859,-4904.139952660664,-5161.166093526477
2023-07-21 03:00:00,-2500.8558270343683,-5077.028469539975,-5343.115703425657
2023-07-21 04:00:00,-2592.7919401712247,-5263.669482080141,-5539.5385777486335
2023-07-21 05:00:00,-2745.6962125462073,-5574.0829555679975,-5866.220831885796
2023-07-21 06:00:00,-2856.600197446037,-5799.230955958556,-6103.168846595408
2023-07-21 07:00:00,-2878.8584143107496,-5844.417727415648,-6150.723858273602
2023-07-21 08:00:00,-2891.6326952939758,-5870.351004947545,-6178.016299758479
2023-07-21 09:00:00,-2876.3422680564777,-5839.30965759876,-6145.348074344763
2023-07-21 10:00:00,-2864.7292853444537,-5815.733950751581,-6120.536763903966
2023-07-21 11:00:00,-2849.245308395088,-5784.299674955342,-6087.455016649569
2023-07-21 12:00:00,-2863.955086496985,-5814.162236961769,-6118.882676541246
2023-07-21 13:00:00,-2898.213385497456,-5883.710572160947,-6192.076042341598
2023-07-21 14:00:00,-2922.4070994808394,-5932.826628092569,-6243.766272426591
2023-07-21 15:00:00,-2917.1812572604285,-5922.217560011339,-6232.601182728233
2023-07-21 16:00:00,-2915.6328595654923,-5919.074132431715,-6229.293008002793
2023-07-21 17:00:00,-3016.8593588719677,-6124.575710449624,-6445.564930678408
2023-07-21 18:00:00,-3090.408249381453,-6273.888520481757,-6602.703230136789
2023-07-21 19:00:00,-2873.8261218022058,-5834.201587781871,-6139.972290415923
2023-07-21 20:00:00,-2724.5992939526973,-5531.253754795622,-5821.146951251681
2023-07-21 21:00:00,-2539.5657694077818,-5155.6141590305715,-5425.820071561647
2023-07-21 22:00:00,-2417.6294509315294,-4908.069237135193,-5165.301311933277
2023-07-21 23:00:00,-2390.9195906938744,-4853.845111386682,-5108.235297919444
2023-07-22 00:00:00,-2386.4679473209317,-4844.807757095264,-5098.724295583805
2023-07-22 01:00:00,-2387.0485964565332,-4845.986542437622,-5099.964861105845
2023-07-22 02:00:00,-2505.3074704073106,-5086.065823831394,-5352.626705761295
2023-07-22 03:00:00,-2692.8571412064985,-5466.813489413333,-5753.329369380169
2023-07-22 04:00:00,-2878.471314887015,-5843.631870520742,-6149.896814592243
2023-07-22 05:00:00,-3127.1826946361957,-6348.544925497824,-6681.27237986598
2023-07-22 06:00:00,-3255.312603892194,-6608.663557711698,-6955.023838396109
2023-07-22 07:00:00,-3249.506112536182,-6596.875704288108,-6942.618183175709
2023-07-22 08:00:00,-3232.2801881800133,-6561.905072464793,-6905.814739355194
2023-07-22 09:00:00,-3274.861124790768,-6648.349330904449,-6996.789544304784
2023-07-22 10:00:00,-3265.5707386211484,-6629.488765426706,-6976.940495952145
2023-07-22 11:00:00,-3247.1835159937773,-6592.160562918672,-6937.65592108755
2023-07-22 12:00:00,-3227.0543459596024,-6551.296004383563,-6894.649649656835
2023-07-22 13:00:00,-3222.0220534510586,-6541.079864749785,-6883.898081799157
2023-07-22 14:00:00,-3185.054058484449,-6466.030531286266,-6804.915410229286
2023-07-22 15:00:00,-3142.6666715855613,-6379.9792012940625,-6714.354127120377
2023-07-22 16:00:00,-3131.8278877210055,-6357.975208236696,-6691.196904042299
2023-07-22 17:00:00,-3218.1510592137174,-6533.221295800725,-6875.627644985558
2023-07-22 18:00:00,-3263.635241502478,-6625.559480952176,-6972.805277545346
2023-07-22 19:00:00,-2931.5039359385914,-5951.2942651228595,-6263.201798938549
2023-07-22 20:00:00,-2790.793295411234,-5665.635283824542,-5962.571420764224
2023-07-22 21:00:00,-2606.7275194256536,-5291.960330296756,-5569.31215027759
2023-07-22 22:00:00,-2476.2750136272507,-5027.126556713447,-5290.598429659302
2023-07-22 23:00:00,-2457.6942412880126,-4989.40542575796,-5250.900332954027
2023-07-23 00:00:00,-2444.532860881052,-4962.686291331158,-5222.780847787791
2023-07-23 01:00:00,-2484.5976512375346,-5044.022479953925,-5308.379868808541
2023-07-23 02:00:00,-2557.1787931876847,-5191.370647748793,-5463.450559063523
2023-07-23 03:00:00,-2734.857428681652,-5552.07896251063,-5843.063608807718
2023-07-23 04:00:00,-2929.1813393961866,-5946.579123753424,-6258.239536850389
2023-07-23 05:00:00,-3110.5374194156284,-6314.753079016868,-6645.709501567504
2023-07-23 06:00:00,-3247.5706154175114,-6592.946419813578,-6938.48296476891
2023-07-23 07:00:00,-3184.0863099251137,-6464.065889049,-6802.847801025886
2023-07-23 08:00:00,-3217.7639597899833,-6532.435438905819,-6874.800601304198
2023-07-23 09:00:00,-3220.473655756122,-6537.936437170161,-6880.589907073717
2023-07-23 10:00:00,-3222.2156031629256,-6541.4727931972375,-6884.311603639837
2023-07-23 11:00:00,-3198.7960880270107,-6493.928451055427,-6834.275460917563
2023-07-23 12:00:00,-3192.21539782353,-6480.568883842026,-6820.215718334444
2023-07-23 13:00:00,-3160.086145653597,-6415.342761564831,-6751.571092781572
2023-07-23 14:00:00,-3148.2796132297062,-6391.374126270199,-6726.346260500095
2023-07-23 15:00:00,-3109.76322056816,-6313.181365227056,-6644.055414204785
2023-07-23 16:00:00,-3111.5051679749636,-6316.717721254133,-6647.777110770904
2023-07-23 17:00:00,-3203.247731399953,-6502.965805346846,-6843.786463253201
2023-07-23 18:00:00,-3203.247731399953,-6502.965805346846,-6843.786463253201
2023-07-23 19:00:00,-3203.247731399953,-6502.965805346846,-6843.786463253201
2023-07-23 20:00:00,-3203.247731399953,-6502.965805346846,-6843.786463253201
2023-07-23 21:00:00,-3203.247731399953,-6502.965805346846,-6843.786463253201
2023-07-23 22:00:00,-3203.247731399953,-6502.965805346846,-6843.786463253201
2023-07-23 23:00:00,-3203.247731399953,-6502.965805346846,-6843.786463253201
2023-07-24 00:00:00,-3203.247731399953,-6502.965805346846,-6843.786463253201
2023-07-24 01:00:00,-3203.247731399953,-6502.965805346846,-6843.786463253201
2023-07-24 02:00:00,-3203.247731399953,-6502.965805346846,-6843.786463253201
2023-07-24 03:00:00,-3203.247731399953,-6502.965805346846,-6843.786463253201
2023-07-24 04:00:00,-3203.247731399953,-6502.965805346846,-6843.786463253201
2023-07-24 05:00:00,-3203.247731399953,-6502.965805346846,-6843.786463253201
2023-07-24 06:00:00,-3203.247731399953,-6502.965805346846,-6843.786463253201
2023-07-24 07:00:00,-2630.147034561569,-5339.5046724385675,-5619.3482929998645
2023-07-24 08:00:00,-2630.147034561569,-5339.5046724385675,-5619.3482929998645
2023-07-24 09:00:00,-2630.147034561569,-5339.5046724385675,-5619.3482929998645
2023-07-24 10:00:00,-2630.147034561569,-5339.5046724385675,-5619.3482929998645
2023-07-24 11:00:00,-2630.147034561569,-5339.5046724385675,-5619.3482929998645
2023-07-24 12:00:00,-2630.147034561569,-5339.5046724385675,-5619.3482929998645
2023-07-24 13:00:00,-2630.147034561569,-5339.5046724385675,-5619.3482929998645
2023-07-24 14:00:00,-2630.147034561569,-5339.5046724385675,-5619.3482929998645
2023-07-24 15:00:00,-2630.147034561569,-5339.5046724385675,-5619.3482929998645
2023-07-24 16:00:00,-2630.147034561569,-5339.5046724385675,-5619.3482929998645
2023-07-24 17:00:00,-2630.147034561569,-5339.5046724385675,-5619.3482929998645
2023-07-24 18:00:00,-2630.147034561569,-5339.5046724385675,-5619.3482929998645
2023-07-24 19:00:00,-2630.147034561569,-5339.5046724385675,-5619.3482929998645
2023-07-24 20:00:00,-2630.147034561569,-5339.5046724385675,-5619.3482929998645
2023-07-24 21:00:00,-2630.147034561569,-5339.5046724385675,-5619.3482929998645
2023-07-24 22:00:00,-2514.404306865063,-5104.533460861684,-5372.062232273253
2023-07-24 23:00:00,-2474.7266159323144,-5023.983129133823,-5287.290254933863
2023-07-25 00:00:00,-2436.597322694502,-4946.576224985585,-5205.826452319912
2023-07-25 01:00:00,-2483.6299026781994,-5042.05783771666,-5306.312259605141
2023-07-25 02:00:00,-2572.275670713316,-5222.019066650126,-5495.7052626365585
2023-07-25 03:00:00,-2751.889803325954,-5586.656665886492,-5879.453530787554
2023-07-25 04:00:00,-2904.7940757009364,-5897.070139374348,-6206.135784924716
2023-07-25 05:00:00,-3074.924272432088,-6242.4542446855185,-6569.621482882393
2023-07-25 06:00:00,-3154.4732040094523,-6403.947836588694,-6739.578959401853
2023-07-25 07:00:00,-3156.60225083999,-6408.270049510677,-6744.1276996493325
2023-07-25 08:00:00,-3156.021601704389,-6407.091264168318,-6742.887134127293
2023-07-25 09:00:00,-3164.53778902654,-6424.380115856249,-6761.082095117211
2023-07-25 10:00:00,-3248.3448142649795,-6594.51813360339,-6940.13705213163
2023-07-25 11:00:00,-3211.763918722104,-6520.254657034777,-6861.981424243119
2023-07-25 12:00:00,-3198.6025383151436,-6493.535522607974,-6833.861939076883
2023-07-25 13:00:00,-3155.828051992522,-6406.6983357208655,-6742.473612286613
2023-07-25 14:00:00,-3145.3763675517002,-6385.480199558404,-6720.143432889896
2023-07-25 15:00:00,-3136.085981382081,-6366.619634080661,-6700.294384537258
2023-07-25 16:00:00,-3106.6664251782868,-6306.8945100678075,-6637.439064753905
2023-07-25 17:00:00,-3217.7639597899833,-6532.435438905819,-6874.800601304198
2023-07-25 18:00:00,-3267.119136316085,-6632.6321930063295,-6980.248670677585
2023-07-25 19:00:00,-3001.1818322107356,-6092.748506205933,-6412.069661583331
2023-07-25 20:00:00,-2773.760920766932,-5631.05758044868,-5926.181498784388
2023-07-25 21:00:00,-2644.856812663466,-5369.367234444993,-5650.77595289154
2023-07-25 22:00:00,-2529.694734102561,-5135.574808210469,-5404.730457686969
2023-07-25 23:00:00,-2477.242762186586,-5029.091198950711,-5292.666038862702
2023-07-26 00:00:00,-2451.694200220133,-4977.224643886918,-5238.081155892949
2023-07-26 01:00:00,-2491.7589905766163,-5058.5608325096855,-5323.680176913698
2023-07-26 02:00:00,-2586.0177002558776,-5249.916986419287,-5525.065313324835
2023-07-26 03:00:00,-2732.534832139247,-5547.363821141194,-5838.101346719559
2023-07-26 04:00:00,-2917.7619063960296,-5923.396345353698,-6233.841748250273
2023-07-26 05:00:00,-3099.8921852629396,-6293.142014406953,-6622.965800330107
2023-07-26 06:00:00,-3180.795964823373,-6457.3861054423,-6795.817929734327
2023-07-26 07:00:00,-3153.118356026383,-6401.197337456523,-6736.684306517093
2023-07-26 08:00:00,-3121.1826535683167,-6336.364143626782,-6668.453202804902
2023-07-26 09:00:00,-3145.5699172635673,-6385.873128005857,-6720.556954730576
2023-07-26 10:00:00,-3153.118356026383,-6401.197337456523,-6736.684306517093
2023-07-26 11:00:00,-3183.699210501379,-6463.280032154094,-6802.020757344526
2023-07-26 12:00:00,-3178.2798185691017,-6452.278035625411,-6790.442145805488
2023-07-26 13:00:00,-3155.0538531450534,-6405.126621931053,-6740.819524923893
2023-07-26 14:00:00,-3151.182858907712,-6397.268052981994,-6732.549088110294
2023-07-26 15:00:00,-3100.6663841104078,-6294.713728196765,-6624.6198876928265
2023-07-26 16:00:00,-3068.150032516741,-6228.701749024664,-6555.148218458595
2023-07-26 17:00:00,-3195.6992926371377,-6487.64159589618,-6827.6591114666835
2023-07-26 18:00:00,-3218.3446089255845,-6533.614224248178,-6876.041166826238
2023-07-26 19:00:00,-2932.2781347860596,-5952.865978912671,-6264.855886301269
2023-07-26 20:00:00,-2761.760838631174,-5606.6960167065945,-5900.5431446622315
2023-07-26 21:00:00,-2604.792022306983,-5288.031045822227,-5565.17693187079
2023-07-26 22:00:00,-2496.9848327970267,-5069.169900590916,-5334.8452666120575
2023-07-26 23:00:00,-2441.048966067445,-4955.613579277004,-5215.3374546555515
2023-07-27 00:00:00,-2456.726492728677,-4987.440783520696,-5248.832723750627
2023-07-27 01:00:00,-2434.08117644023,-4941.468155168696,-5200.450668391073
2023-07-27 02:00:00,-2471.436270830574,-5017.3033455271225,-5280.260383642304
2023-07-27 03:00:00,-2577.1144135099926,-5231.84227783645,-5506.043308653558
2023-07-27 04:00:00,-2711.2443638338696,-5504.141691921366,-5792.613944244764
2023-07-27 05:00:00,-2912.3425144637517,-5912.394348825014,-6222.2631367112335
2023-07-27 06:00:00,-3018.7948559906386,-6128.504994924154,-6449.700149085207
2023-07-27 07:00:00,-3005.633475583678,-6101.785860497352,-6421.5806639189705
2023-07-27 08:00:00,-3021.5045519567775,-6134.005993188496,-6455.489454854726
2023-07-27 09:00:00,-3050.1499093131033,-6192.159403411537,-6516.69068727536
2023-07-27 10:00:00,-3045.3111665164265,-6182.3361922252125,-6506.352641258361
2023-07-27 11:00:00,-3041.6337219909524,-6174.870551723606,-6498.495726285441
2023-07-27 12:00:00,-3028.0852421602576,-6147.365560401898,-6469.549197437845
2023-07-27 13:00:00,-3025.569095905986,-6142.257490585009,-6464.1734135090055
2023-07-27 14:00:00,-3054.214453262312,-6200.4109008080495,-6525.374645929638
2023-07-27 15:00:00,-3039.3111254485475,-6170.15541035417,-6493.533464197282
2023-07-27 16:00:00,-3025.1819964822516,-6141.471633690103,-6463.3463698276455
2023-07-27 17:00:00,-3146.1505663991684,-6387.051913348216,-6721.797520252616
2023-07-27 18:00:00,-3178.666917992836,-6453.063892520317,-6791.269189486848
2023-07-27 19:00:00,-2995.3753408547236,-6080.9606527823435,-6399.664006362933
2023-07-27 20:00:00,-2756.922095834497,-5596.87280552027,-5890.205098645232
2023-07-27 21:00:00,-2611.1791627985963,-5300.997684588175,-5578.823152613229
2023-07-27 22:00:00,-2479.3718090171237,-5033.413411872694,-5297.214779110182
2023-07-27 23:00:00,-2434.6618255758312,-4942.646940511056,-5201.691233913113
2023-07-28 00:00:00,-2419.7584977620672,-4912.391450057176,-5169.850052180756
2023-07-28 01:00:00,-2435.823123847034,-4945.004511195773,-5204.172364957192
2023-07-28 02:00:00,-2444.145761457318,-4961.900434436252,-5221.953804106431
2023-07-28 03:00:00,-2549.049705289268,-5174.867652955768,-5446.082641754964
2023-07-28 04:00:00,-2618.921151273279,-5316.714822486294,-5595.364026240427
2023-07-28 05:00:00,-2776.470616733071,-5636.558578713021,-5931.970804553907
2023-07-28 06:00:00,-2878.084215463281,-5842.846013625836,-6149.069770910883
2023-07-28 07:00:00,-2875.568069209009,-5837.737943808947,-6143.693986982043
2023-07-28 08:00:00,-2926.0845440063135,-5940.292268594176,-6251.62318739951
2023-07-28 09:00:00,-2951.052456837165,-5990.980038315611,-6304.9675048472245
2023-07-28 10:00:00,-2939.8265735488753,-5968.190188363337,-6280.983238087787
2023-07-28 11:00:00,-2948.149211159159,-5985.086111603816,-6298.764677237024
2023-07-28 12:00:00,-2958.213796176247,-6005.518390871371,-6320.267812952382
2023-07-28 13:00:00,-2998.0850368208626,-6086.461651046685,-6405.453312132452
2023-07-28 14:00:00,-3032.5368855332003,-6156.402914693316,-6479.060199773484
2023-07-28 15:00:00,-3031.1820375501306,-6153.652415561145,-6476.165546888724
2023-07-28 16:00:00,-3016.0851600244996,-6123.003996659812,-6443.910843315688
2023-07-28 17:00:00,-3154.4732040094523,-6403.947836588694,-6739.578959401853
2023-07-28 18:00:00,-3187.3766550268538,-6470.745672655701,-6809.877672317445
2023-07-28 19:00:00,-2959.375094447449,-6007.875961556088,-6322.748943996462
2023-07-28 20:00:00,-2762.7285871905096,-5608.66065894386,-5902.6107538656315
2023-07-28 21:00:00,-2585.0499516965424,-5247.952344182022,-5522.997704121435
2023-07-28 22:00:00,-2498.5332304919634,-5072.3133281705395,-5338.153441337497
2023-07-28 23:00:00,-2417.2423515077953,-4907.283380240287,-5164.474268251917
2023-07-29 00:00:00,-2413.564906982321,-4899.817739738681,-5156.617353278998
2023-07-29 01:00:00,-2456.145843593076,-4986.261998178336,-5247.592158228587
2023-07-29 02:00:00,-2539.952868831516,-5156.400015925477,-5426.647115243007
2023-07-29 03:00:00,-2727.8896390544373,-5537.9335384023225,-5828.17682254324
2023-07-29 04:00:00,-2944.858866057419,-5978.406327997115,-6291.734805945465
2023-07-29 05:00:00,-3170.537830094419,-6436.560897727291,-6773.901272178289
2023-07-29 06:00:00,-3314.1517162997825,-6728.113805737404,-7080.734477962814
2023-07-29 07:00:00,-3339.5067285543682,-6779.587432353745,-7134.905839091887
2023-07-29 08:00:00,-3343.7648222154435,-6788.231858197711,-7144.003319586846
2023-07-29 09:00:00,-3332.3453892152866,-6765.049079797985,-7119.605530986729
2023-07-29 10:00:00,-3369.119834470029,-6839.705484814051,-7198.17468071592
2023-07-29 11:00:00,-3359.635898588543,-6820.451990888855,-7177.912110522602
2023-07-29 12:00:00,-3332.9260383508877,-6766.227865140343,-7120.846096508769
2023-07-29 13:00:00,-3302.151634164024,-6703.752241995319,-7055.096123840656
2023-07-29 14:00:00,-3282.022464129849,-6662.887683460209,-7012.089852409941
2023-07-29 15:00:00,-3258.9900484176683,-6616.129198213304,-6962.880753369027
2023-07-29 16:00:00,-3209.8284216034335,-6516.325372560247,-6857.846205836319
2023-07-29 17:00:00,-3330.9905412322173,-6762.2985806658135,-7116.71087810197
2023-07-29 18:00:00,-3334.4744360458244,-6769.371292719968,-7124.154271234209
2023-07-29 19:00:00,-3075.892020991423,-6244.418886922784,-6571.689092085793
2023-07-29 20:00:00,-2836.471027411862,-5758.366397423445,-6060.1625751646925
2023-07-29 21:00:00,-2681.0506087826075,-5442.844854118701,-5728.104537098691
2023-07-29 22:00:00,-2564.9207816623675,-5207.087785646912,-5479.99143269072
2023-07-29 23:00:00,-2510.5333126277214,-5096.674891912625,-5363.791795459654
2023-07-30 00:00:00,-2504.9203709835765,-5085.279966936488,-5351.799662079935
2023-07-30 01:00:00,-2534.920576322972,-5146.1838762917005,-5415.8955473853275
2023-07-30 02:00:00,-2620.0824495444813,-5319.072393171012,-5597.845157284507
2023-07-30 03:00:00,-2797.7610850384485,-5679.7807079328495,-5977.458207028702
2023-07-30 04:00:00,-3000.7947327870015,-6091.962649311027,-6411.242617901972
2023-07-30 05:00:00,-3219.1188077730526,-6535.18593803799,-6877.695254188957
2023-07-30 06:00:00,-3219.1188077730526,-6535.18593803799,-6877.695254188957
2023-07-30 07:00:00,-3219.1188077730526,-6535.18593803799,-6877.695254188957
2023-07-30 08:00:00,-3219.1188077730526,-6535.18593803799,-6877.695254188957
2023-07-30 09:00:00,-3219.1188077730526,-6535.18593803799,-6877.695254188957
2023-07-30 10:00:00,-3219.1188077730526,-6535.18593803799,-6877.695254188957
2023-07-30 11:00:00,-3219.1188077730526,-6535.18593803799,-6877.695254188957
2023-07-30 12:00:00,-3219.1188077730526,-6535.18593803799,-6877.695254188957
2023-07-30 13:00:00,-3219.1188077730526,-6535.18593803799,-6877.695254188957
2023-07-30 14:00:00,-3219.1188077730526,-6535.18593803799,-6877.695254188957
2023-07-30 15:00:00,-3219.1188077730526,-6535.18593803799,-6877.695254188957
2023-07-30 16:00:00,-3219.1188077730526,-6535.18593803799,-6877.695254188957
2023-07-30 17:00:00,-3219.1188077730526,-6535.18593803799,-6877.695254188957
2023-07-30 18:00:00,-3219.1188077730526,-6535.18593803799,-6877.695254188957
2023-07-30 19:00:00,-3219.1188077730526,-6535.18593803799,-6877.695254188957
2023-07-30 20:00:00,-3219.1188077730526,-6535.18593803799,-6877.695254188957
2023-07-30 21:00:00,-3219.1188077730526,-6535.18593803799,-6877.695254188957
2023-07-30 22:00:00,-3219.1188077730526,-6535.18593803799,-6877.695254188957
2023-07-30 23:00:00,-3219.1188077730526,-6535.18593803799,-6877.695254188957
2023-07-31 00:00:00,-3219.1188077730526,-6535.18593803799,-6877.695254188957
2023-07-31 01:00:00,-2594.3403378661615,-5266.812909659766,-5542.846752474073
2023-07-31 02:00:00,-2594.3403378661615,-5266.812909659766,-5542.846752474073
2023-07-31 03:00:00,-2594.3403378661615,-5266.812909659766,-5542.846752474073
2023-07-31 04:00:00,-2594.3403378661615,-5266.812909659766,-5542.846752474073
2023-07-31 05:00:00,-2594.3403378661615,-5266.812909659766,-5542.846752474073
2023-07-31 06:00:00,-2594.3403378661615,-5266.812909659766,-5542.846752474073
2023-07-31 07:00:00,-2594.3403378661615,-5266.812909659766,-5542.846752474073
2023-07-31 08:00:00,-2594.3403378661615,-5266.812909659766,-5542.846752474073
2023-07-31 09:00:00,-2594.3403378661615,-5266.812909659766,-5542.846752474073
2023-07-31 10:00:00,-2594.3403378661615,-5266.812909659766,-5542.846752474073
2023-07-31 11:00:00,-2594.3403378661615,-5266.812909659766,-5542.846752474073
2023-07-31 12:00:00,-2594.3403378661615,-5266.812909659766,-5542.846752474073
2023-07-31 13:00:00,-2594.3403378661615,-5266.812909659766,-5542.846752474073
2023-07-31 14:00:00,-2594.3403378661615,-5266.812909659766,-5542.846752474073
2023-07-31 15:00:00,-2594.3403378661615,-5266.812909659766,-5542.846752474073
2023-07-31 16:00:00,-2594.3403378661615,-5266.812909659766,-5542.846752474073
2023-07-31 17:00:00,-2594.3403378661615,-5266.812909659766,-5542.846752474073
2023-07-31 18:00:00,-2594.3403378661615,-5266.812909659766,-5542.846752474073
2023-07-31 19:00:00,-2594.3403378661615,-5266.812909659766,-5542.846752474073
2023-07-31 20:00:00,-2594.3403378661615,-5266.812909659766,-5542.846752474073
2023-07-31 21:00:00,-2594.3403378661615,-5266.812909659766,-5542.846752474073
2023-07-31 22:00:00,-2484.0170021019335,-5042.843694611566,-5307.139303286501
2023-07-31 23:00:00,-2426.919837101149,-4926.929802612936,-5185.150360285915
2023-08-01 00:00:00,-2428.6617845079522,-4930.466158640013,-5188.872056852035
2023-08-01 01:00:00,-2444.339311169185,-4962.2933628837045,-5222.367325947111
2023-08-01 02:00:00,-2534.146377475504,-5144.612162501889,-5414.241460022608
2023-08-01 03:00:00,-2733.5025806985823,-5549.32846337846,-5840.168955922958
2023-08-01 04:00:00,-2845.954963293348,-5777.619891348641,-6080.42514535801
2023-08-01 05:00:00,-2988.214001515642,-6066.4223002265835,-6384.363698257775
2023-08-01 06:00:00,-3032.9239849569344,-6157.188771588222,-6479.887243454844
2023-08-01 07:00:00,-3048.988611041901,-6189.801832726819,-6514.20955623128
2023-08-01 08:00:00,-3040.278874007883,-6172.1200525914355,-6495.601073400682
2023-08-01 09:00:00,-3070.279079347278,-6233.023961946647,-6559.696958706074
2023-08-01 10:00:00,-3092.537296211991,-6278.21073340374,-6607.251970384269
2023-08-01 11:00:00,-3103.1825303646797,-6299.821798013654,-6629.995671621667
2023-08-01 12:00:00,-3130.4730397379362,-6355.224709104525,-6688.302251157539
2023-08-01 13:00:00,-3123.1181506869875,-6340.293428101311,-6672.588421211702
2023-08-01 14:00:00,-3114.6019633648366,-6323.00457641338,-6654.393460221783
2023-08-01 15:00:00,-3105.3115771952175,-6304.144010935637,-6634.544411869146
2023-08-01 16:00:00,-3104.150278924015,-6301.786440250919,-6632.063280825066
2023-08-01 17:00:00,-3222.4091528747927,-6541.865721644691,-6884.725125480516
2023-08-01 18:00:00,-3181.3766139589748,-6458.564890784659,-6797.058495256367
2023-08-01 19:00:00,-2951.4395562608993,-5991.765895210517,-6305.794548528584
2023-08-01 20:00:00,-2735.63162752912,-5553.650676300442,-5844.717696170438
2023-08-01 21:00:00,-2572.0821210014487,-5221.626138202672,-5495.2917407958785
2023-08-01 22:00:00,-2475.1137153560485,-5024.768986028729,-5288.117298615222
2023-08-01 23:00:00,-2431.177930762224,-4935.574228456902,-5194.247840780874
2023-08-02 00:00:00,-2423.0488428638073,-4919.071233663877,-5176.879923472316
2023-08-02 01:00:00,-2448.790954542127,-4971.330717175123,-5231.878328282749
2023-08-02 02:00:00,-2533.5657283399023,-5143.433377159529,-5413.000894500568
2023-08-02 03:00:00,-2699.8249308337126,-5480.95891352164,-5768.216155644647
2023-08-02 04:00:00,-2875.180969785275,-5836.9520869140415,-6142.866943300683
2023-08-02 05:00:00,-3058.8596463471213,-6209.8411835469215,-6535.299170105957
2023-08-02 06:00:00,-3101.634132669743,-6296.6783704340305,-6626.687496896227
2023-08-02 07:00:00,-3101.247033246009,-6295.892513539125,-6625.8604532148665
2023-08-02 08:00:00,-3081.117863211834,-6255.027955004014,-6582.8541817841515
2023-08-02 09:00:00,-3091.3759979407887,-6275.853162719022,-6604.770839340189
2023-08-02 10:00:00,-3070.6661787710123,-6233.809818841553,-6560.524002387434
2023-08-02 11:00:00,-3074.15007358462,-6240.882530895707,-6567.967395519673
2023-08-02 12:00:00,-3041.4401722790853,-6174.477623276153,-6498.082204444761
2023-08-02 13:00:00,-3041.0530728553513,-6173.691766381247,-6497.255160763401
2023-08-02 14:00:00,-3034.472382651871,-6160.332199167846,-6483.195418180283
2023-08-02 15:00:00,-3019.956154261841,-6130.8625656088725,-6452.181280129287
2023-08-02 16:00:00,-3011.4399669396903,-6113.5737139209405,-6433.986319139369
2023-08-02 17:00:00,-3135.5053322464796,-6365.4408487383025,-6699.053819015218
2023-08-02 18:00:00,-3125.6342969412594,-6345.4014979182,-6677.964205140541
2023-08-02 19:00:00,-2900.729531751728,-5888.818641977836,-6197.451826270437
2023-08-02 20:00:00,-2709.115317003332,-5499.819478999384,-5788.065203997285
2023-08-02 21:00:00,-2549.243255001135,-5175.26058140322,-5446.496163595644
2023-08-02 22:00:00,-2455.1780950337406,-4984.297355941072,-5245.524549025188
2023-08-02 23:00:00,-2391.8873392532096,-4855.809753623947,-5110.302907122844
2023-08-03 00:00:00,-2399.2422283041583,-4870.74103462716,-5126.016737068681
2023-08-03 01:00:00,-2394.4034855074815,-4860.9178234408355,-5115.678691051683
2023-08-03 02:00:00,-2439.113468948774,-4951.684294802474,-5211.202236248751
2023-08-03 03:00:00,-2526.017289577087,-5128.109167708863,-5396.87354271405
2023-08-03 04:00:00,-2653.760099409351,-5387.441943027831,-5669.797957562818
2023-08-03 05:00:00,-2839.761372513602,-5765.046181030146,-6067.192446456252
2023-08-03 06:00:00,-2964.407386955993,-6018.092101189866,-6333.500511854141
2023-08-03 07:00:00,-2994.214042583521,-6078.603082097626,-6397.182875318853
2023-08-03 08:00:00,-2961.504141277987,-6012.198174478071,-6327.297684243941
2023-08-03 09:00:00,-3009.5044698210195,-6109.644429446411,-6429.85110073257
2023-08-03 10:00:00,-3000.020533939533,-6090.390935521215,-6409.588530539252
2023-08-03 11:00:00,-2972.923574278144,-6035.380952877797,-6351.695472844059
2023-08-03 12:00:00,-2983.9559078545667,-6057.7778743826175,-6375.266217762816
2023-08-03 13:00:00,-2996.536639125926,-6083.318223467061,-6402.145137407013
2023-08-03 14:00:00,-2962.278340125455,-6013.769888267883,-6328.951771606661
2023-08-03 15:00:00,-2956.471848769443,-6001.9820348442945,-6316.546116386263
2023-08-03 16:00:00,-2957.2460476169113,-6003.553748634106,-6318.200203748983
2023-08-03 17:00:00,-3097.1824892968007,-6287.641016142612,-6617.176494560587
2023-08-03 18:00:00,-3070.472629059145,-6233.4168903941,-6560.110480546754
2023-08-03 19:00:00,-2831.438734903318,-5748.150257789668,-6049.411007307014
2023-08-03 20:00:00,-2667.3085792400457,-5414.946934349539,-5698.7444864104145
2023-08-03 21:00:00,-2499.3074293394316,-5073.885041960351,-5339.807528700217
2023-08-03 22:00:00,-2377.3711108631796,-4826.340120064973,-5079.288769071847
2023-08-03 23:00:00,-2345.435408405114,-4761.506926235231,-5011.057665359655
2023-08-04 00:00:00,-2353.3709465916636,-4777.6169925808035,-5028.012060827533
2023-08-04 01:00:00,-2338.274069066032,-4746.968573679471,-4995.757357254497
2023-08-04 02:00:00,-2373.6936663377055,-4818.874479563367,-5071.431854098928
2023-08-04 03:00:00,-2459.629738406683,-4993.334710232491,-5255.0355513608265
2023-08-04 04:00:00,-2559.114290306355,-5195.299932223323,-5467.585777470322
2023-08-04 05:00:00,-2705.8249719015917,-5493.139695392683,-5781.0353327057255
2023-08-04 06:00:00,-2796.7933364791133,-5677.816065695584,-5975.390597825302
2023-08-04 07:00:00,-2810.922465445409,-5706.499842359652,-6005.577692194939
2023-08-04 08:00:00,-2822.9225475811672,-5730.861406101737,-6031.216046317096
2023-08-04 09:00:00,-2831.245185191451,-5747.757329342215,-6048.997485466334
2023-08-04 10:00:00,-2808.4063191911373,-5701.391772542763,-6000.2019082661
2023-08-04 11:00:00,-2749.567206783549,-5581.941524517057,-5874.491268699394
2023-08-04 12:00:00,-2772.59962249573,-5628.700009763961,-5923.700367740309
2023-08-04 13:00:00,-2783.8255057840197,-5651.489859716235,-5947.684634499746
2023-08-04 14:00:00,-2789.2448977162976,-5662.491856244918,-5959.263246038784
2023-08-04 15:00:00,-2808.0192197674032,-5700.605915647857,-5999.37486458474
2023-08-04 16:00:00,-2844.0194661746773,-5773.690606874112,-6076.289926951211
2023-08-04 17:00:00,-2980.6655627528266,-6051.098090775917,-6368.236346471257
2023-08-04 18:00:00,-2971.568726295074,-6032.630453745626,-6348.800819959299
2023-08-04 19:00:00,-2770.664125377059,-5624.7707252894315,-5919.565149333509
2023-08-04 20:00:00,-2578.856360916796,-5235.378633863527,-5509.765005219677
2023-08-04 21:00:00,-2432.726328457161,-4938.717656036526,-5197.556015506313
2023-08-04 22:00:00,-2339.0482679135007,-4748.540287469283,-4997.411444617217
2023-08-04 23:00:00,-2289.6930913873985,-4648.343533368772,-4891.963375243829
2023-08-05 00:00:00,-2274.0155647261663,-4616.516329125081,-4858.468106148753
2023-08-05 01:00:00,-2311.951308252111,-4693.530304825866,-4939.518386922024
2023-08-05 02:00:00,-2370.9839703715666,-4813.373481299025,-5065.642548329409
2023-08-05 03:00:00,-2611.1791627985963,-5300.997684588175,-5578.823152613229
2023-08-05 04:00:00,-2767.567329987186,-5618.483870130184,-5912.94879988263
2023-08-05 05:00:00,-2919.8909532265675,-5927.71855827568,-6238.390488497752
2023-08-05 06:00:00,-3025.9561953297202,-6143.043347479915,-6465.0004571903655
2023-08-05 07:00:00,-3037.569178041744,-6166.619054327093,-6489.811767631162
2023-08-05 08:00:00,-3003.3108790412734,-6097.070719127915,-6416.618401830811
2023-08-05 09:00:00,-3025.762645617853,-6142.650419032461,-6464.5869353496855
2023-08-05 10:00:00,-3086.150155720378,-6265.244094637792,-6593.605749641831
2023-08-05 11:00:00,-3082.085611771169,-6256.992597241279,-6584.9217909875515
2023-08-05 12:00:00,-3073.9565238727528,-6240.489602448254,-6567.553873678993
2023-08-05 13:00:00,-3017.8271074313034,-6126.5403526868895,-6447.632539881807
2023-08-05 14:00:00,-3001.7624813463367,-6093.927291548292,-6413.310227105371
2023-08-05 15:00:00,-2990.536598058047,-6071.137441596019,-6389.325960345935
2023-08-05 16:00:00,-2998.0850368208626,-6086.461651046685,-6405.453312132452
2023-08-05 17:00:00,-3169.1829821113492,-6433.810398595121,-6771.00661929353
2023-08-05 18:00:00,-3143.2473207211624,-6381.157986636422,-6715.594692642416
2023-08-05 19:00:00,-2868.600279581795,-5823.592519700641,-6128.807200717564
2023-08-05 20:00:00,-2640.211619578656,-5359.936951706122,-5640.851428715222
2023-08-05 21:00:00,-2504.5332715598424,-5084.494110041582,-5350.972618398576
2023-08-05 22:00:00,-2400.4035265753605,-4873.098605311878,-5128.497868112761
2023-08-05 23:00:00,-2374.0807657614396,-4819.6603364582725,-5072.258897780288
2023-08-06 00:00:00,-2372.9194674902374,-4817.302765773555,-5069.777766736208
2023-08-06 01:00:00,-2297.4350798620812,-4664.060671266891,-4908.504248871027
2023-08-06 02:00:00,-2473.1782182373777,-5020.839701554199,-5283.982080208423
2023-08-06 03:00:00,-2623.7598940699554,-5326.538033672618,-5605.702072257426
2023-08-06 04:00:00,-2804.5353249537957,-5693.533203593704,-5991.931471452501
2023-08-06 05:00:00,-2959.181544735582,-6007.483033108636,-6322.335422155782
2023-08-06 06:00:00,-3019.7626045499737,-6130.469637161419,-6451.767758288607
2023-08-06 07:00:00,-2989.9559489224457,-6069.95865625366,-6388.085394823895
2023-08-06 08:00:00,-2988.020451803775,-6066.02937177913,-6383.950176417095
2023-08-06 09:00:00,-2982.988159295231,-6055.813232145352,-6373.198608559416
2023-08-06 10:00:00,-2989.7623992105787,-6069.565727806207,-6387.671872983215
2023-08-06 11:00:00,-3016.0851600244996,-6123.003996659812,-6443.910843315688
2023-08-06 12:00:00,-2994.9882414309895,-6080.1747958874375,-6398.836962681573
2023-08-06 13:00:00,-3021.8916513805116,-6134.791850083402,-6456.316498536086
2023-08-06 14:00:00,-3007.1818732786146,-6104.929288076975,-6424.8888386444105
2023-08-06 15:00:00,-3008.14962183795,-6106.893930314241,-6426.95644784781
2023-08-06 16:00:00,-3013.3754640583606,-6117.502998395471,-6438.121537546169
2023-08-06 17:00:00,-3220.6672054679893,-6538.329365617614,-6881.003428914397
2023-08-06 18:00:00,-3187.1831053149867,-6470.352744208249,-6809.464150476765
2023-08-06 19:00:00,-2906.9231225314743,-5901.3923522963305,-6210.684525172195
2023-08-06 20:00:00,-2663.244035290837,-5406.695436953027,-5690.060527756136
2023-08-06 21:00:00,-2531.436681509365,-5139.111164237546,-5408.452154253088
2023-08-06 22:00:00,-2416.8552520840612,-4906.4975233453815,-5163.647224570557
2023-08-06 23:00:00,-2386.2743976090646,-4844.41482864781,-5098.310773743125
2023-08-07 00:00:00,-2371.7581692190347,-4814.945195088837,-5067.296635692129
2023-08-07 01:00:00,-2389.758292422672,-4851.487540701964,-5105.754166875364
2023-08-07 02:00:00,-2502.2106750174376,-5079.778968672146,-5346.010356310416
2023-08-07 03:00:00,-2678.9215619520696,-5438.522641196719,-5723.555796851212
2023-08-07 04:00:00,-2846.148513005215,-5778.012819796095,-6080.83866719869
2023-08-07 05:00:00,-3027.6981427365236,-6146.579703506991,-6468.722153756485
2023-08-07 06:00:00,-3083.053360330505,-6258.957239478544,-6586.9894001909515
2023-08-07 07:00:00,-3094.6663430425288,-6282.532946325723,-6611.800710631748
2023-08-07 08:00:00,-3059.4402954827224,-6211.01996888928,-6536.539735627997
2023-08-07 09:00:00,-3088.2792025509157,-6269.566307559775,-6598.15448988931
2023-08-07 10:00:00,-3127.376244348063,-6348.937853945277,-6681.68590170666
2023-08-07 11:00:00,-3130.4730397379362,-6355.224709104525,-6688.302251157539
2023-08-07 12:00:00,-3120.0213552971145,-6334.006572942064,-6665.972071760822
2023-08-07 13:00:00,-3145.9570166873013,-6386.658984900763,-6721.383998411936
2023-08-07 14:00:00,-3141.1182738906246,-6376.835773714439,-6711.045952394937
2023-08-07 15:00:00,-3126.6020455005946,-6347.366140155465,-6680.03181434394
2023-08-07 16:00:00,-3118.2794078903107,-6330.470216914987,-6662.250375194702
2023-08-07 17:00:00,-3293.248347418139,-6685.677533412482,-7036.074119169379
2023-08-07 18:00:00,-3228.2156442308046,-6553.653575068281,-6897.130780700915
2023-08-07 19:00:00,-2946.4072637523554,-5981.549755576739,-6295.042980670905
2023-08-07 20:00:00,-2746.663961105543,-5576.047597805262,-5868.288441089195
2023-08-07 21:00:00,-2566.2756296454368,-5209.838284779084,-5482.88608557548
2023-08-07 22:00:00,-2486.3395986443384,-5047.558835981002,-5312.10156537466
2023-08-07 23:00:00,-2426.532737677415,-4926.14394571803,-5184.323316604555
2023-08-08 00:00:00,-2446.8554574234568,-4967.401432700593,-5227.74310987595
2023-08-08 01:00:00,-2462.145884660955,-4998.4427800493795,-5260.411335289666
2023-08-08 02:00:00,-2555.049746357147,-5187.04843482681,-5458.901818816043
2023-08-08 03:00:00,-2713.9540598000085,-5509.6426901857085,-5798.403250014283
2023-08-08 04:00:00,-2920.4716023621686,-5928.8973436180395,-6239.631054019792
2023-08-08 05:00:00,-3106.0857760426857,-6305.715724725449,-6636.198499231866
2023-08-08 06:00:00,-3169.5700815350833,-6434.596255490027,-6771.833662974889
2023-08-08 07:00:00,-3168.795882687615,-6433.024541700215,-6770.17957561217
2023-08-08 08:00:00,-3194.731544077802,-6485.6769536589145,-6825.5915022632835
2023-08-08 09:00:00,-3160.2796953654642,-6415.735690012284,-6751.984614622252
2023-08-08 10:00:00,-3238.6673286716264,-6574.871711230741,-6919.460960097633
2023-08-08 11:00:00,-3184.860508772582,-6465.637602838812,-6804.501888388606
2023-08-08 12:00:00,-3138.6021276363526,-6371.72770389755,-6705.6701684660975
2023-08-08 13:00:00,-3136.6666305176823,-6367.79841942302,-6701.534950059297
2023-08-08 14:00:00,-3114.2148639411025,-6322.218719518474,-6653.566416540423
2023-08-08 15:00:00,-3121.1826535683167,-6336.364143626782,-6668.453202804902
2023-08-08 16:00:00,-3106.4728754664197,-6306.501581620355,-6637.025542913226
2023-08-08 17:00:00,-3264.602990061813,-6627.524123189441,-6974.872886748746
2023-08-08 18:00:00,-3221.8285037391915,-6540.686936302332,-6883.484559958477
2023-08-08 19:00:00,-2981.0526621765607,-6051.883947670823,-6369.063390152616
2023-08-08 20:00:00,-2750.341405631017,-5583.5132383068685,-5876.145356062114
2023-08-08 21:00:00,-2579.0499106286634,-5235.77156231098,-5510.178527060357
2023-08-08 22:00:00,-2497.7590316444953,-5070.741614380728,-5336.4993539747775
2023-08-08 23:00:00,-2460.4039372541515,-4994.906424022302,-5256.6896387235465
2023-08-09 00:00:00,-2456.53294301681,-4987.047855073242,-5248.419201909947
2023-08-09 01:00:00,-2470.2749725593717,-5014.945774842405,-5277.779252598224
2023-08-09 02:00:00,-2539.1786699840472,-5154.828302135666,-5424.993027880287
2023-08-09 03:00:00,-2724.7928436645643,-5531.646683243075,-5821.560473092361
2023-08-09 04:00:00,-2926.4716434300476,-5941.078125489082,-6252.45023108087
2023-08-09 05:00:00,-3107.247074313888,-6308.073295410167,-6638.679630275945
2023-08-09 06:00:00,-3211.570369010237,-6519.861728587324,-6861.567902402439
2023-08-09 07:00:00,-3153.31190573825,-6401.590265903977,-6737.097828357773
2023-08-09 08:00:00,-3151.5699583314463,-6398.0539098768995,-6733.376131791654
2023-08-09 09:00:00,-3174.989473467361,-6445.59825201871,-6783.412274513928
2023-08-09 10:00:00,-3208.280023908497,-6513.1819449806235,-6854.53803111088
2023-08-09 11:00:00,-3188.150853874322,-6472.317386445513,-6811.531759680165
2023-08-09 12:00:00,-3169.3765318232163,-6434.203327042574,-6771.42014113421
2023-08-09 13:00:00,-3128.3439929073984,-6350.902496182542,-6683.75351091006
2023-08-09 14:00:00,-3100.859933822275,-6295.106656644219,-6625.0334095335065
2023-08-09 15:00:00,-3083.440459754239,-6259.74309637345,-6587.8164438723115
2023-08-09 16:00:00,-3076.08557070329,-6244.811815370237,-6572.102613926473
2023-08-09 17:00:00,-3228.0220945189376,-6553.260646620827,-6896.717258860235
2023-08-09 18:00:00,-3185.247608196316,-6466.423459733718,-6805.328932069966
2023-08-09 19:00:00,-2961.504141277987,-6012.198174478071,-6327.297684243941
2023-08-09 20:00:00,-2729.631586461241,-5541.4698944294,-5831.89851910936
2023-08-09 21:00:00,-2586.2112499677446,-5250.309914866741,-5525.478835165515
2023-08-09 22:00:00,-2459.049089271082,-4992.155924890131,-5253.7949858387865
2023-08-09 23:00:00,-2443.3715626098497,-4960.32872064644,-5220.299716743711
2023-08-10 00:00:00,-2411.2423104399163,-4895.102598369245,-5151.655091190839
2023-08-10 01:00:00,-2424.790790270611,-4922.607589690953,-5180.601620038436
2023-08-10 02:00:00,-2460.016837830417,-4994.1205671273965,-5255.8625950421865
2023-08-10 03:00:00,-2577.5015129337266,-5232.628134731356,-5506.870352334918
2023-08-10 04:00:00,-2689.7603458166254,-5460.526634254085,-5746.71301992929
2023-08-10 05:00:00,-2888.7294496159698,-5864.4570782357505,-6171.813472148279
2023-08-10 06:00:00,-2968.859030328935,-6027.129455481285,-6343.0115141897795
2023-08-10 07:00:00,-2981.0526621765607,-6051.883947670823,-6369.063390152616
2023-08-10 08:00:00,-2990.730147769914,-6071.5303700434715,-6389.739482186615
2023-08-10 09:00:00,-3005.633475583678,-6101.785860497352,-6421.5806639189705
2023-08-10 10:00:00,-2970.988077159473,-6031.451668403268,-6347.56025443726
2023-08-10 11:00:00,-2954.5363516507723,-5998.052750369764,-6312.410897979463
2023-08-10 12:00:00,-2956.471848769443,-6001.9820348442945,-6316.546116386263
2023-08-10 13:00:00,-2961.697690989854,-6012.591102925525,-6327.711206084621
2023-08-10 14:00:00,-2996.1495397021918,-6082.532366572155,-6401.318093725653
2023-08-10 15:00:00,-3000.9882824988686,-6092.35557775848,-6411.656139742651
2023-08-10 16:00:00,-3014.3432126176963,-6119.467640632735,-6440.189146749568
2023-08-10 17:00:00,-3188.537953298056,-6473.103243340419,-6812.358803361525
2023-08-10 18:00:00,-3146.9247652466365,-6388.623627138028,-6723.451607615335
2023-08-10 19:00:00,-2853.890501479898,-5793.729957694214,-6097.379540825888
2023-08-10 20:00:00,-2682.4054567656767,-5445.595353250872,-5730.999189983451
2023-08-10 21:00:00,-2535.307675746706,-5146.969733186606,-5416.7225910666875
2023-08-10 22:00:00,-2409.69391274498,-4891.959170789621,-5148.346916465399
2023-08-10 23:00:00,-2381.2421051005213,-4834.198689014032,-5087.559205885446
2023-08-11 00:00:00,-2366.725876710491,-4804.729055455059,-5056.54506783445
2023-08-11 01:00:00,-2362.2742333375486,-4795.691701163641,-5047.034065498811
2023-08-11 02:00:00,-2387.6292455921343,-4847.165327779981,-5101.205426627885
2023-08-11 03:00:00,-2479.3718090171237,-5033.413411872694,-5297.214779110182
2023-08-11 04:00:00,-2570.5337233065125,-5218.482710623049,-5491.983566070439
2023-08-11 05:00:00,-2727.5025396307033,-5537.147681507417,-5827.34977886188
2023-08-11 06:00:00,-2832.4064834626533,-5750.114900026932,-6051.478616510413
2023-08-11 07:00:00,-2887.7617010566346,-5862.492435998485,-6169.74586294488
2023-08-11 08:00:00,-2883.890706819293,-5854.633867049426,-6161.475426131281
2023-08-11 09:00:00,-2849.438858106955,-5784.692603402796,-6087.868538490249
2023-08-11 10:00:00,-2896.4714380906526,-5880.17421613387,-6188.354345775478
2023-08-11 11:00:00,-2865.503484191922,-5817.305664541393,-6122.190851266685
2023-08-11 12:00:00,-2872.471273819136,-5831.4510886497,-6137.077637531163
2023-08-11 13:00:00,-2872.85837324287,-5832.236945544606,-6137.904681212523
2023-08-11 14:00:00,-2902.2779294466645,-5891.9620695574595,-6200.760000995876
2023-08-11 15:00:00,-2909.632818497613,-5906.893350560673,-6216.473830941714
2023-08-11 16:00:00,-2938.85882498954,-5966.225546126073,-6278.915628884387
2023-08-11 17:00:00,-3145.7634669754343,-6386.26605645331,-6720.970476571256
2023-08-11 18:00:00,-3093.117945347592,-6279.389518746099,-6608.492535906309
2023-08-11 19:00:00,-2861.051840818979,-5808.268310249974,-6112.679848931047
2023-08-11 20:00:00,-2668.663427223115,-5417.6974334817105,-5701.639139295175
2023-08-11 21:00:00,-2506.4687686785132,-5088.423394516112,-5355.107836805375
2023-08-11 22:00:00,-2445.694159152254,-4965.043862015876,-5225.26197883187
2023-08-11 23:00:00,-2374.6614148970407,-4820.839121800632,-5073.499463302328
2023-08-12 00:00:00,-2368.6613738291617,-4808.658339929589,-5060.68028624125
2023-08-12 01:00:00,-2387.6292455921343,-4847.165327779981,-5101.205426627885
2023-08-12 02:00:00,-2450.145802525197,-4974.081216307294,-5234.772981167509
2023-08-12 03:00:00,-2667.1150295281786,-5414.554005902087,-5698.3309645697345
2023-08-12 04:00:00,-2865.503484191922,-5817.305664541393,-6122.190851266685
2023-08-12 05:00:00,-3106.2793257545527,-6306.1086531729015,-6636.612021072546
2023-08-12 06:00:00,-3201.6993337050167,-6499.822377767222,-6840.478288527762
2023-08-12 07:00:00,-3218.1510592137174,-6533.221295800725,-6875.627644985558
2023-08-12 08:00:00,-3165.892637009609,-6427.13061498842,-6763.976748001971
2023-08-12 09:00:00,-3221.8285037391915,-6540.686936302332,-6883.484559958477
2023-08-12 10:00:00,-3234.9898841461522,-6567.406070729135,-6911.604045124714
2023-08-12 11:00:00,-3212.5381175695725,-6521.826370824589,-6863.6355116058385
2023-08-12 12:00:00,-3221.2478546035904,-6539.508150959973,-6882.243994436437
2023-08-12 13:00:00,-3202.279982840618,-6501.00116310958,-6841.718854049802
2023-08-12 14:00:00,-3211.183269586503,-6519.075871692418,-6860.740858721079
2023-08-12 15:00:00,-3222.0220534510586,-6541.079864749785,-6883.898081799157
2023-08-12 16:00:00,-3188.344403586189,-6472.710314892966,-6811.945281520845
2023-08-12 17:00:00,-3393.700647877147,-6889.60739764058,-7250.691954482274
2023-08-12 18:00:00,-3324.2163013168697,-6748.546085004959,-7102.237613678171
2023-08-12 19:00:00,-3029.2465404314603,-6149.7231310866155,-6472.030328481925
2023-08-12 20:00:00,-2787.890049733228,-5659.741357112747,-5956.368593154025
2023-08-12 21:00:00,-2622.598595798753,-5324.180462987901,-5603.220941213346
2023-08-12 22:00:00,-2530.6624826618963,-5137.539450447734,-5406.798066890369
2023-08-12 23:00:00,-2481.3073061357945,-5037.342696347224,-5301.349997516982
2023-08-13 00:00:00,-2524.4688918821503,-5124.965740129239,-5393.565367988611
2023-08-13 01:00:00,-2531.049582085631,-5138.32530734264,-5407.625110571729
2023-08-13 02:00:00,-2586.5983493914787,-5251.095771761647,-5526.305878846875
2023-08-13 03:00:00,-2805.6966232249983,-5695.890774278421,-5994.412602496581
2023-08-13 04:00:00,-2990.730147769914,-6071.5303700434715,-6389.739482186615
2023-08-13 05:00:00,-3206.5380765016935,-6509.645588953546,-6850.81633454476
2023-08-13 06:00:00,-3272.925627672097,-6644.420046429919,-6992.654325897984
2023-08-13 07:00:00,-3339.5067285543682,-6779.587432353745,-7134.905839091887
2023-08-13 08:00:00,-3330.79699152035,-6761.905652218361,-7116.29735626129
2023-08-13 09:00:00,-3358.6681500292075,-6818.48734865159,-7175.844501319202
2023-08-13 10:00:00,-3385.958659402464,-6873.89025974246,-7234.151080855076
2023-08-13 11:00:00,-3403.765232894234,-6910.039676908134,-7272.1950901976315
2023-08-13 12:00:00,-3399.3135895212918,-6901.002322616716,-7262.684087861992
2023-08-13 13:00:00,-3364.2810916733524,-6829.882273627726,-7187.836634698921
2023-08-13 14:00:00,-3344.5390210629116,-6789.803571987522,-7145.657406949566
2023-08-13 15:00:00,-3315.893663706586,-6731.650161764481,-7084.456174528933
2023-08-13 16:00:00,-3283.570861824786,-6666.031111039833,-7015.398027135381
2023-08-13 17:00:00,-3472.66893031891,-7049.922204201396,-7419.408865479694
2023-08-13 18:00:00,-3373.765027554839,-6849.1357675529225,-7208.099204892239
2023-08-13 19:00:00,-3082.4727111949037,-6257.778454136185,-6585.7488346689115
2023-08-13 20:00:00,-2833.95488115759,-5753.258327606557,-6054.786791235853
2023-08-13 21:00:00,-2676.0183162740636,-5432.628714484924,-5717.352969241013
2023-08-13 22:00:00,-2575.95311523879,-5229.484707151732,-5503.562177609478
2023-08-13 23:00:00,-2542.662564797655,-5161.90101418982,-5432.436421012526
2023-08-14 00:00:00,-2508.404265797184,-5092.352678990642,-5359.243055212174
2023-08-14 01:00:00,-2536.081874594174,-5148.541446976418,-5418.376678429408
2023-08-14 02:00:00,-2623.1792449343543,-5325.35924833026,-5604.461506735386
2023-08-14 03:00:00,-2815.7612082420856,-5716.323053545976,-6015.915738211937
2023-08-14 04:00:00,-3031.762686685732,-6154.831200903504,-6477.406112410764
2023-08-14 05:00:00,-3213.3123164170406,-6523.3980846144,-6865.2895989685585
2023-08-14 06:00:00,-3306.4097278250997,-6712.396667839284,-7064.193604335615
2023-08-14 07:00:00,-3294.990294824943,-6689.213889439559,-7039.795815735499
2023-08-14 08:00:00,-3296.538692519879,-6692.357317019183,-7043.103990460938
2023-08-14 09:00:00,-3331.9582897915525,-6764.263222903079,-7118.778487305369
2023-08-14 10:00:00,-3419.2492098435996,-6941.473952704373,-7305.276837452027
2023-08-14 11:00:00,-3402.797484334899,-6908.07503467087,-7270.1274809942315
2023-08-14 12:00:00,-3387.700606809268,-6877.426615769537,-7237.872777421196
2023-08-14 13:00:00,-3372.023080148035,-6845.599411525845,-7204.377508326119
2023-08-14 14:00:00,-3336.7970325882293,-6774.086434089403,-7129.116533322368
2023-08-14 15:00:00,-3332.9260383508877,-6766.227865140343,-7120.846096508769
2023-08-14 16:00:00,-3285.6999086553237,-6670.3533239618155,-7019.94676738286
2023-08-14 17:00:00,-3444.4106723863183,-6992.5546508732605,-7359.034676740421
2023-08-14 18:00:00,-3317.0549619777885,-6734.007732449199,-7086.937305573013
2023-08-14 19:00:00,-3038.9240260248134,-6169.369553459264,-6492.706420515922
2023-08-14 20:00:00,-2848.277559835753,-5782.335032718077,-6085.38740744617
2023-08-14 21:00:00,-2660.340789612831,-5400.801510241232,-5683.857700145936
2023-08-14 22:00:00,-2574.2111678319866,-5225.948351124655,-5499.8404810433585
2023-08-14 23:00:00,-2529.694734102561,-5135.574808210469,-5404.730457686969
2023-08-15 00:00:00,-2518.6624005261383,-5113.17788670565,-5381.159712768212
2023-08-15 01:00:00,-2550.7916526960717,-5178.404008982845,-5449.804338321084
2023-08-15 02:00:00,-2606.9210691375206,-5292.35325874421,-5569.72567211827
2023-08-15 03:00:00,-2823.1160972930343,-5731.2543345491895,-6031.629568157776
2023-08-15 04:00:00,-3022.859399939847,-6136.756492320666,-6458.384107739486
2023-08-15 05:00:00,-3226.086597400267,-6549.331362146298,-6892.582040453435
2023-08-15 06:00:00,-3310.280722062441,-6720.2552367883445,-7072.464041149215
2023-08-15 07:00:00,-3314.1517162997825,-6728.113805737404,-7080.734477962814
2023-08-15 08:00:00,-3317.0549619777885,-6734.007732449199,-7086.937305573013
2023-08-15 09:00:00,-3337.7647811475645,-6776.0510763266675,-7131.184142525768
2023-08-15 10:00:00,-3356.1520037749356,-6813.379278834701,-7170.468717390363
2023-08-15 11:00:00,-3358.6681500292075,-6818.48734865159,-7175.844501319202
2023-08-15 12:00:00,-3341.2486759611716,-6783.123788380822,-7138.627535658007
2023-08-15 13:00:00,-3255.312603892194,-6608.663557711698,-6955.023838396109
2023-08-15 14:00:00,-3236.9253812648226,-6571.335355203664,-6915.739263531513
2023-08-15 15:00:00,-3208.860673044098,-6514.360730322982,-6855.77859663292
2023-08-15 16:00:00,-3244.2802703157713,-6586.266636206878,-6931.453093477351
2023-08-15 17:00:00,-3376.474723520978,-6854.636765817264,-7213.888510661758
2023-08-15 18:00:00,-3261.50619467194,-6621.237268030193,-6968.256537297867
2023-08-15 19:00:00,-3036.4078797705415,-6164.261483642375,-6487.330636587083
2023-08-15 20:00:00,-2792.9223422417717,-5669.957496746525,-5967.120161011703
2023-08-15 21:00:00,-2625.695391188626,-5330.467318147149,-5609.837290664225
2023-08-15 22:00:00,-2550.017453848603,-5176.832295193033,-5448.150250958364
2023-08-15 23:00:00,-2490.4041425935466,-5055.810333377514,-5320.785524028939
2023-08-16 00:00:00,-2470.0814228475047,-5014.552846394951,-5277.365730757544
2023-08-16 01:00:00,-2518.4688508142713,-5112.784958258197,-5380.746190927532
2023-08-16 02:00:00,-2583.8886534253397,-5245.594773497304,-5520.516573077356
2023-08-16 03:00:00,-2799.5030324452523,-5683.317063959926,-5981.179903594822
2023-08-16 04:00:00,-2985.504305549503,-6060.921301962241,-6378.574392488255
2023-08-16 05:00:00,-3123.8923495344557,-6341.865141891123,-6674.242508574421
2023-08-16 06:00:00,-3174.795923755494,-6445.205323571257,-6782.998752673248
2023-08-16 07:00:00,-3160.8603445010654,-6416.9144753546425,-6753.225180144292
2023-08-16 08:00:00,-3140.1505253312894,-6374.871131477174,-6708.978343191537
2023-08-16 09:00:00,-3137.2472796532834,-6368.977204765379,-6702.7755155813375
2023-08-16 10:00:00,-3174.40882433176,-6444.4194666763515,-6782.171708991888
2023-08-16 11:00:00,-3184.666959060715,-6465.24467439136,-6804.088366547926
2023-08-16 12:00:00,-3159.505496517996,-6414.163976222472,-6750.330527259533
2023-08-16 13:00:00,-3144.989268127966,-6384.694342663498,-6719.316389208536
2023-08-16 14:00:00,-3150.795759483978,-6396.482196087088,-6731.722044428934
2023-08-16 15:00:00,-3120.6020044327156,-6335.185358284422,-6667.212637282862
2023-08-16 16:00:00,-3155.0538531450534,-6405.126621931053,-6740.819524923893
2023-08-16 17:00:00,-3353.0552083850625,-6807.092423675454,-7163.852367939484
2023-08-16 18:00:00,-3240.40927607843,-6578.408067257818,-6923.182656663752
2023-08-16 19:00:00,-2959.375094447449,-6007.875961556088,-6322.748943996462
2023-08-16 20:00:00,-2805.1159740893972,-5694.711988936063,-5993.172036974541
2023-08-16 21:00:00,-2624.921192341158,-5328.895604357336,-5608.183203301505
2023-08-16 22:00:00,-2523.501143322815,-5123.0010978919745,-5391.497758785211
2023-08-16 23:00:00,-2480.5331072883264,-5035.770982557412,-5299.695910154262
2023-08-17 00:00:00,-2471.04917140684,-5016.517488632217,-5279.433339960944
2023-08-17 01:00:00,-2469.1136742881695,-5012.588204157686,-5275.298121554144
2023-08-17 02:00:00,-2517.307552543069,-5110.427387573479,-5378.2650598834525
2023-08-17 03:00:00,-2607.308168561255,-5293.1391156391155,-5570.55271579963
2023-08-17 04:00:00,-2735.63162752912,-5553.650676300442,-5844.717696170438
2023-08-17 05:00:00,-2872.664823531003,-5831.8440170971535,-6137.491159371843
2023-08-17 06:00:00,-2955.504100210108,-6000.017392607029,-6314.478507182863
2023-08-17 07:00:00,-2950.858907125298,-5990.587109868157,-6304.5539830065445
2023-08-17 08:00:00,-2974.084872549346,-6037.738523562515,-6354.176603888139
2023-08-17 09:00:00,-2987.633352380041,-6065.243514884224,-6383.1231327357345
2023-08-17 10:00:00,-2998.6656859564637,-6087.640436389044,-6406.693877654492
2023-08-17 11:00:00,-2986.4720541088386,-6062.885944199506,-6380.642001691655
2023-08-17 12:00:00,-2935.955579311534,-5960.331619414278,-6272.712801274188
2023-08-17 13:00:00,-2973.504223413745,-6036.559738220157,-6352.936038366099
2023-08-17 14:00:00,-2969.2461297526697,-6027.915312376191,-6343.8385578711395
2023-08-17 15:00:00,-2986.0849546851045,-6062.1000873046005,-6379.814958010295
2023-08-17 16:00:00,-3012.2141657871584,-6115.145427710753,-6435.640406502089
2023-08-17 17:00:00,-3202.667082264352,-6501.787020004486,-6842.545897731161
2023-08-17 18:00:00,-3113.2471153817673,-6320.254077281209,-6651.498807337024
2023-08-17 19:00:00,-2864.7292853444537,-5815.733950751581,-6120.536763903966
2023-08-17 20:00:00,-2701.3733285286494,-5484.102341101265,-5771.524330370086
2023-08-17 21:00:00,-2531.630231221232,-5139.504092685,-5408.865676093768
2023-08-17 22:00:00,-2450.532901948931,-4974.8670732022,-5235.600024848869
2023-08-17 23:00:00,-2393.8228363718804,-4859.739038098476,-5114.438125529643
2023-08-18 00:00:00,-2352.209648320461,-4775.259421896086,-5025.530929783454
2023-08-18 01:00:00,-2389.5647427108047,-4851.094612254511,-5105.340645034684
2023-08-18 02:00:00,-2430.597281626623,-4934.395443114543,-5193.007275258834
2023-08-18 03:00:00,-2495.6299848139574,-5066.419401458745,-5331.950613727297
2023-08-18 04:00:00,-2566.662729069171,-5210.6241416739895,-5483.71312925684
2023-08-18 05:00:00,-2703.502375359187,-5488.424554023247,-5776.0730706175655
2023-08-18 06:00:00,-2789.4384474281646,-5662.884784692371,-5959.676767879464
2023-08-18 07:00:00,-2815.7612082420856,-5716.323053545976,-6015.915738211937
2023-08-18 08:00:00,-2807.6321203436687,-5699.820058752951,-5998.54782090338
2023-08-18 09:00:00,-2827.1806412422425,-5739.505831945702,-6040.313526812055
2023-08-18 10:00:00,-2838.6000742423994,-5762.688610345428,-6064.711315412173
2023-08-18 11:00:00,-2827.761290377844,-5740.684617288061,-6041.554092334095
2023-08-18 12:00:00,-2832.2129337507863,-5749.72197157948,-6051.065094669733
2023-08-18 13:00:00,-2869.56802814113,-5825.557161937905,-6130.874809920964
2023-08-18 14:00:00,-2896.8585375143866,-5880.960073028776,-6189.181389456838
2023-08-18 15:00:00,-2916.9877075485615,-5921.824631563886,-6232.187660887553
2023-08-18 16:00:00,-2963.2460886847903,-6015.7345305051485,-6331.019380810061
2023-08-18 17:00:00,-3161.2474439248,-6417.700332249548,-6754.052223825652
2023-08-18 18:00:00,-3087.505003703447,-6267.994593769963,-6596.50040252659
2023-08-18 19:00:00,-2826.9870915303754,-5739.11290349825,-6039.900004971375
2023-08-18 20:00:00,-2645.050362375333,-5369.760162892447,-5651.18947473222
2023-08-18 21:00:00,-2506.6623183903803,-5088.816322963565,-5355.521358646055
2023-08-18 22:00:00,-2394.7905849312156,-4861.703680335741,-5116.505734733043
2023-08-18 23:00:00,-2378.5324091343823,-4828.697690749691,-5081.769900115927
2023-08-19 00:00:00,-2350.6612506255246,-4772.115994316462,-5022.222755058014
2023-08-19 01:00:00,-2393.6292866600133,-4859.346109651024,-5114.024603688963
2023-08-19 02:00:00,-2497.7590316444953,-5070.741614380728,-5336.4993539747775
2023-08-19 03:00:00,-2672.7279711723236,-5425.948930878223,-5710.323097949454
2023-08-19 04:00:00,-2867.051881886858,-5820.449092121016,-6125.499025992125
2023-08-19 05:00:00,-3041.8272717028194,-6175.263480171059,-6498.909248126121
2023-08-19 06:00:00,-3055.182201821647,-6202.375543045315,-6527.442255133038
2023-08-19 07:00:00,-3013.5690137702277,-6117.8959268429235,-6438.535059386849
2023-08-19 08:00:00,-3039.5046751604145,-6170.548338801623,-6493.946986037962
2023-08-19 09:00:00,-3060.020944618324,-6212.198754231639,-6537.780301150037
2023-08-19 10:00:00,-3072.601675889683,-6237.739103316083,-6564.659220794234
2023-08-19 11:00:00,-3076.4726701270247,-6245.597672265143,-6572.929657607833
2023-08-19 12:00:00,-3092.343746500124,-6277.817804956288,-6606.838448543589
2023-08-19 13:00:00,-3094.6663430425288,-6282.532946325723,-6611.800710631748
2023-08-19 14:00:00,-3085.1824071610426,-6263.279452400527,-6591.538140438431
2023-08-19 15:00:00,-3093.117945347592,-6279.389518746099,-6608.492535906309
2023-08-19 16:00:00,-3105.1180274833505,-6303.751082488184,-6634.130890028466
2023-08-19 17:00:00,-3296.732242231746,-6692.7502454666355,-7043.517512301618
2023-08-19 18:00:00,-3179.05401741657,-6453.8497494152225,-6792.096233168208
2023-08-19 19:00:00,-2895.6972392431844,-5878.602502344058,-6186.700258412758
2023-08-19 20:00:00,-2722.2766974102924,-5526.538613426186,-5816.184689163521
2023-08-19 21:00:00,-2560.2755885775578,-5197.65750290804,-5470.066908514402
2023-08-19 22:00:00,-2439.113468948774,-4951.684294802474,-5211.202236248751
2023-08-19 23:00:00,-2436.790872406369,-4946.969153433039,-5206.239974160592
2023-08-20 00:00:00,-2404.661620236436,-4881.743031155844,-5137.595348607721
2023-08-20 01:00:00,-2444.919960304786,-4963.472148226064,-5223.607891469151
2023-08-20 02:00:00,-2523.114043899081,-5122.215240997069,-5390.670715103851
2023-08-20 03:00:00,-2737.760674359658,-5557.972889222425,-5849.266436417917
2023-08-20 04:00:00,-2949.891158565963,-5988.622467630893,-6302.4863738031445
2023-08-20 05:00:00,-3125.8278466531265,-6345.794426365653,-6678.377726981221
2023-08-20 06:00:00,-3205.376778230491,-6507.288018268829,-6848.335203500681
2023-08-20 07:00:00,-3166.2797364333433,-6427.916471883326,-6764.80379168333
2023-08-20 08:00:00,-3159.118397094262,-6413.378119327565,-6749.503483578173
2023-08-20 09:00:00,-3191.054099552328,-6478.211313157308,-6817.734587290364
2023-08-20 10:00:00,-3271.3772299771604,-6641.276618850296,-6989.3461511725445
2023-08-20 11:00:00,-3274.0869259432993,-6646.777617114637,-6995.135456942064
2023-08-20 12:00:00,-3279.506317875577,-6657.779613643321,-7006.714068481102
2023-08-20 13:00:00,-3263.441691790611,-6625.166552504723,-6972.391755704666
2023-08-20 14:00:00,-3275.248224214502,-6649.135187799355,-6997.616587986144
2023-08-20 15:00:00,-3228.9898430782728,-6555.225288858092,-6898.784868063634
2023-08-20 16:00:00,-3240.2157263665626,-6578.015138810365,-6922.769134823072
2023-08-20 17:00:00,-3441.3138769964453,-6986.267795714013,-7352.418327289542
2023-08-20 18:00:00,-3268.4739842991544,-6635.382692138501,-6983.143323562345
2023-08-20 19:00:00,-2997.6979373971285,-6085.675794151779,-6404.626268451092
2023-08-20 20:00:00,-2769.3092773939898,-5622.020226157261,-5916.67049644875
2023-08-20 21:00:00,-2626.6631397479614,-5332.431960384413,-5611.904899867625
2023-08-20 22:00:00,-2526.597938712688,-5129.287953051222,-5398.11410823609
2023-08-20 23:00:00,-2459.049089271082,-4992.155924890131,-5253.7949858387865
2023-08-21 00:00:00,-2455.952293881209,-4985.869069730884,-5247.178636387907
2023-08-21 01:00:00,-2490.2105928816795,-5055.417404930062,-5320.372002188259
2023-08-21 02:00:00,-2592.0177413237566,-5262.097768290329,-5537.8844903859135
2023-08-21 03:00:00,-2782.47065780095,-5648.739360584063,-5944.789981614987
2023-08-21 04:00:00,-2986.2785043969716,-6062.493015752053,-6380.228479850975
2023-08-21 05:00:00,-3195.8928423490047,-6488.034524343632,-6828.0726333073635
2023-08-21 06:00:00,-3249.312562824315,-6596.482775840655,-6942.204661335029
2023-08-21 07:00:00,-3258.7964987058012,-6615.736269765852,-6962.467231528347
2023-08-21 08:00:00,-3235.9576327054874,-6569.3707129664,-6913.671654328113
2023-08-21 09:00:00,-3268.861083722889,-6636.168549033407,-6983.9703672437045
2023-08-21 10:00:00,-3322.8614533338005,-6745.795585872788,-7099.342960793411
2023-08-21 11:00:00,-3314.1517162997825,-6728.113805737404,-7080.734477962814
2023-08-21 12:00:00,-3341.4422256730386,-6783.516716828274,-7139.041057498686
2023-08-21 13:00:00,-3327.893745842344,-6756.011725506566,-7110.0945286510905
2023-08-21 14:00:00,-3319.9582076557945,-6739.901659160993,-7093.140133183212
2023-08-21 15:00:00,-3269.635282570357,-6637.7402628232185,-6985.6244546064245
2023-08-21 16:00:00,-3272.344978536496,-6643.24126108756,-6991.413760375944
2023-08-21 17:00:00,-3475.572175996916,-7055.816130913191,-7425.611693089893
2023-08-21 18:00:00,-3314.9259151472506,-6729.6855195272165,-7082.388565325534
2023-08-21 19:00:00,-3007.3754229904816,-6105.322216524428,-6425.3023604850905
2023-08-21 20:00:00,-2786.3416520382916,-5656.5979295331235,-5953.060418428585
2023-08-21 21:00:00,-2630.147034561569,-5339.5046724385675,-5619.3482929998645
2023-08-21 22:00:00,-2537.243172865377,-5150.899017661136,-5420.857809473488
2023-08-21 23:00:00,-2478.7911598815226,-5032.234626530336,-5295.9742135881415
2023-08-22 00:00:00,-2472.0169199661755,-5018.482130869481,-5281.500949164343
2023-08-22 01:00:00,-2525.2430907296184,-5126.537453919051,-5395.21945535133
2023-08-22 02:00:00,-2624.534092917424,-5328.10974746243,-5607.356159620145
2023-08-22 03:00:00,-2803.7611261063275,-5691.961489803892,-5990.277384089781
2023-08-22 04:00:00,-2992.6656448885847,-6075.459654518002,-6393.874700593414
2023-08-22 05:00:00,-3190.2799007048598,-6476.639599367496,-6816.080499927644
2023-08-22 06:00:00,-3255.699703315928,-6609.449414606604,-6955.850882077468
2023-08-22 07:00:00,-3279.506317875577,-6657.779613643321,-7006.714068481102
2023-08-22 08:00:00,-3250.4738610955173,-6598.840346525373,-6944.685792379109
2023-08-22 09:00:00,-3264.215890638079,-6626.738266294535,-6974.045843067386
2023-08-22 10:00:00,-3280.280516723046,-6659.351327433133,-7008.368155843822
2023-08-22 11:00:00,-3267.312686027952,-6633.025121453783,-6980.662192518265
2023-08-22 12:00:00,-3272.151428824629,-6642.848332640107,-6991.000238535264
2023-08-22 13:00:00,-3257.441650722732,-6612.985770633681,-6959.572578643588
2023-08-22 14:00:00,-3244.4738200276383,-6586.659564654331,-6931.866615318031
2023-08-22 15:00:00,-3232.4737378918803,-6562.298000912246,-6906.2282611958735
2023-08-22 16:00:00,-3262.6674929431424,-6623.594838714911,-6970.737668341946
2023-08-22 17:00:00,-3443.2493741151156,-6990.197080188543,-7356.553545696342
2023-08-22 18:00:00,-3292.861247994405,-6684.891676517576,-7035.247075488019
2023-08-22 19:00:00,-2998.8592356683307,-6088.033364836497,-6407.107399495172
2023-08-22 20:00:00,-2798.7288335977837,-5681.745350170114,-5979.525816232102
2023-08-22 21:00:00,-2617.9534027139434,-5314.75018024903,-5593.296417037027
2023-08-22 22:00:00,-2512.6623594582593,-5100.997104834607,-5368.340535707133
2023-08-22 23:00:00,-2474.5330662204474,-5023.59020068637,-5286.876733093183
2023-08-23 00:00:00,-2473.952417084846,-5022.411415344011,-5285.636167571143
2023-08-23 01:00:00,-2481.5008558476616,-5037.735624794677,-5301.763519357662
2023-08-23 02:00:00,-2555.243296069014,-5187.4413632742635,-5459.315340656723
2023-08-23 03:00:00,-2761.567288919307,-5606.303088259142,-5900.1296228215515
2023-08-23 04:00:00,-2963.826737820392,-6016.913315847507,-6332.259946332101
2023-08-23 05:00:00,-3114.9890627885707,-6323.790433308286,-6655.220503903143
2023-08-23 06:00:00,-3193.376696094733,-6482.926454526743,-6822.696849378523
2023-08-23 07:00:00,-3188.344403586189,-6472.710314892966,-6811.945281520845
2023-08-23 08:00:00,-3204.7961290948897,-6506.109232926469,-6847.094637978641
2023-08-23 09:00:00,-3232.4737378918803,-6562.298000912246,-6906.2282611958735
2023-08-23 10:00:00,-3230.5382407732095,-6558.368716437716,-6902.093042789074
2023-08-23 11:00:00,-3208.0864741966298,-6512.78901653317,-6854.1245092702
2023-08-23 12:00:00,-3219.1188077730526,-6535.18593803799,-6877.695254188957
2023-08-23 13:00:00,-3214.280064976376,-6525.362726851666,-6867.3572081719585
2023-08-23 14:00:00,-3193.5702458066,-6483.319382974197,-6823.110371219203
2023-08-23 15:00:00,-3180.795964823373,-6457.3861054423,-6795.817929734327
2023-08-23 16:00:00,-3206.5380765016935,-6509.645588953546,-6850.81633454476
2023-08-23 17:00:00,-3353.2487580969296,-6807.485352122906,-7164.265889780164
2023-08-23 18:00:00,-3225.3123985527986,-6547.759648356486,-6890.927953090716
2023-08-23 19:00:00,-2953.955702515171,-5996.873965027406,-6311.170332457424
2023-08-23 20:00:00,-2780.3416109704126,-5644.41714766208,-5940.2412413675065
2023-08-23 21:00:00,-2636.727724765049,-5352.864239651968,-5633.408035582983
2023-08-23 22:00:00,-2499.5009790512986,-5074.277970407805,-5340.221050540897
2023-08-23 23:00:00,-2466.4039783220305,-5007.087205893345,-5269.508815784625
2023-08-24 00:00:00,-2424.016591423143,-4921.0358759011415,-5178.947532675716
2023-08-24 01:00:00,-2448.790954542127,-4971.330717175123,-5231.878328282749
2023-08-24 02:00:00,-2472.5975691017766,-5019.66091621184,-5282.741514686383
2023-08-24 03:00:00,-2577.8886123574607,-5233.413991626262,-5507.697396016277
2023-08-24 04:00:00,-2685.5022521555497,-5451.88220841012,-5737.6155394343305
2023-08-24 05:00:00,-2842.083969056007,-5769.761322399582,-6072.154708544412
2023-08-24 06:00:00,-2920.8587017859027,-5929.683200512945,-6240.458097701152
2023-08-24 07:00:00,-2949.504059142229,-5987.836610735987,-6301.6593301217845
2023-08-24 08:00:00,-2974.084872549346,-6037.738523562515,-6354.176603888139
2023-08-24 09:00:00,-2989.3752997868446,-6068.779870911301,-6386.844829301855
2023-08-24 10:00:00,-2973.117123990011,-6035.773881325251,-6352.108994684739
2023-08-24 11:00:00,-2986.0849546851045,-6062.1000873046005,-6379.814958010295
2023-08-24 12:00:00,-3006.9883235667476,-6104.536359629522,-6424.4753168037305
2023-08-24 13:00:00,-3025.9561953297202,-6143.043347479915,-6465.0004571903655
2023-08-24 14:00:00,-3040.665973431617,-6172.905909486341,-6496.428117082041
2023-08-24 15:00:00,-3043.76276882149,-6179.192764645589,-6503.044466532921
2023-08-24 16:00:00,-3074.343623296487,-6241.27545934316,-6568.380917360353
2023-08-24 17:00:00,-3243.506071468303,-6584.694922417066,-6929.799006114631
2023-08-24 18:00:00,-3128.3439929073984,-6350.902496182542,-6683.75351091006
2023-08-24 19:00:00,-2887.7617010566346,-5862.492435998485,-6169.74586294488
2023-08-24 20:00:00,-2712.405662105072,-5506.499262606084,-5795.095075288844
2023-08-24 21:00:00,-2566.469179357304,-5210.231213226536,-5483.29960741616
2023-08-24 22:00:00,-2452.2748493557347,-4978.403429229277,-5239.321721414988
2023-08-24 23:00:00,-2418.403649778998,-4909.640950925005,-5166.955399295997
2023-08-25 00:00:00,-2402.5325734058983,-4877.420818233861,-5133.0466083602405
2023-08-25 01:00:00,-2397.5002808973545,-4867.204678600083,-5122.295040502562
2023-08-25 02:00:00,-2434.8553752876983,-4943.039868958509,-5202.104755753793
2023-08-25 03:00:00,-2504.9203709835765,-5085.279966936488,-5351.799662079935
2023-08-25 04:00:00,-2589.5015950694847,-5256.989698473441,-5532.508706457074
2023-08-25 05:00:00,-2745.889762258075,-5574.47588401545,-5866.634353726476
2023-08-25 06:00:00,-2863.567987073251,-5813.376380066863,-6118.055632859886
2023-08-25 07:00:00,-2856.0195483104358,-5798.052170616196,-6101.9282810733675
2023-08-25 08:00:00,-2874.21322122594,-5834.987444676777,-6140.7993340972835
2023-08-25 09:00:00,-2915.6328595654923,-5919.074132431715,-6229.293008002793
2023-08-25 10:00:00,-2884.08425653116,-5855.026795496879,-6161.888947971961
2023-08-25 11:00:00,-2897.6327363618548,-5882.5317868185875,-6190.835476819558
2023-08-25 12:00:00,-2892.213344429577,-5871.529790289904,-6179.2568652805185
2023-08-25 13:00:00,-2959.762193871183,-6008.661818450994,-6323.575987677822
2023-08-25 14:00:00,-2966.923533210265,-6023.200171006755,-6338.87629578298
2023-08-25 15:00:00,-2983.7623581426997,-6057.384945935164,-6374.852695922136
2023-08-25 16:00:00,-3060.020944618324,-6212.198754231639,-6537.780301150037
2023-08-25 17:00:00,-3204.7961290948897,-6506.109232926469,-6847.094637978641
2023-08-25 18:00:00,-3054.601552686046,-6201.196757702955,-6526.201689610998
2023-08-25 19:00:00,-2818.8580036319586,-5722.609908705224,-6022.5320876628175
2023-08-25 20:00:00,-2638.66322188372,-5356.793524126499,-5637.543253989782
2023-08-25 21:00:00,-2524.6624415940173,-5125.358668576692,-5393.97888982929
2023-08-25 22:00:00,-2408.5326144737774,-4889.601600104903,-5145.86578542132
2023-08-25 23:00:00,-2390.3389415582733,-4852.666326044323,-5106.994732397404
2023-08-26 00:00:00,-2366.532326998624,-4804.336127007607,-5056.13154599377
2023-08-26 01:00:00,-2378.7259588462493,-4829.090619197144,-5082.183421956607
2023-08-26 02:00:00,-2432.532778745294,-4938.324727589073,-5197.142493665633
2023-08-26 03:00:00,-2547.501307594331,-5171.724225376144,-5442.774467029525
2023-08-26 04:00:00,-2681.0506087826075,-5442.844854118701,-5728.104537098691
2023-08-26 05:00:00,-2876.922917192079,-5840.488442941119,-6146.588639866803
2023-08-26 06:00:00,-3018.9884057025056,-6128.897923371607,-6450.113670925887
2023-08-26 07:00:00,-3028.2787918721247,-6147.75848884935,-6469.962719278525
2023-08-26 08:00:00,-3049.9563596012363,-6191.766474964084,-6516.27716543468
2023-08-26 09:00:00,-3030.4078387026625,-6152.080701771333,-6474.511459526005
2023-08-26 10:00:00,-3052.278956143641,-6196.48161633352,-6521.239427522839
2023-08-26 11:00:00,-3079.3759158050307,-6251.491598976937,-6579.132485218032
2023-08-26 12:00:00,-3083.053360330505,-6258.957239478544,-6586.9894001909515
2023-08-26 13:00:00,-3123.6987998225886,-6341.472213443671,-6673.828986733741
2023-08-26 14:00:00,-3147.505414382238,-6389.802412480387,-6724.692173137375
2023-08-26 15:00:00,-3121.7633027039183,-6337.54292896914,-6669.693768326942
2023-08-26 16:00:00,-3175.570122602963,-6446.777037361069,-6784.652840035968
2023-08-26 17:00:00,-3355.1842552156004,-6811.414636597437,-7168.401108186963
2023-08-26 18:00:00,-3187.3766550268538,-6470.745672655701,-6809.877672317445
2023-08-26 19:00:00,-2902.0843797347975,-5891.569141110006,-6200.346479155196
2023-08-26 20:00:00,-2695.7603868845044,-5472.707416125128,-5759.532196990368
2023-08-26 21:00:00,-2528.920535255093,-5134.003094420657,-5403.076370324249
2023-08-26 22:00:00,-2430.984381050357,-4935.181300009449,-5193.834318940194
2023-08-26 23:00:00,-2399.8228774397594,-4871.919819969519,-5127.257302590721
2023-08-27 00:00:00,-2382.4034033717235,-4836.556259698751,-5090.040336929526
2023-08-27 01:00:00,-2422.468193728206,-4917.892448321518,-5175.639357950276
2023-08-27 02:00:00,-2504.7268212717095,-5084.887038489035,-5351.386140239256
2023-08-27 03:00:00,-2719.9541008678875,-5521.823472056751,-5811.222427075361
2023-08-27 04:00:00,-2898.019835785589,-5883.317643713493,-6191.662520500918
2023-08-27 05:00:00,-3075.311371855822,-6243.240101580424,-6570.448526563753
2023-08-27 06:00:00,-3176.344321450431,-6448.348751150881,-6786.306927398688
2023-08-27 07:00:00,-3179.05401741657,-6453.8497494152225,-6792.096233168208
2023-08-27 08:00:00,-3181.763713382709,-6459.350747679565,-6797.885538937727
2023-08-27 09:00:00,-3206.7316262135605,-6510.038517400999,-6851.22985638544
2023-08-27 10:00:00,-3243.506071468303,-6584.694922417066,-6929.799006114631
2023-08-27 11:00:00,-3247.9577148412454,-6593.732276708484,-6939.31000845027
2023-08-27 12:00:00,-3262.4739432312754,-6623.201910267458,-6970.324146501266
2023-08-27 13:00:00,-3224.9252991290646,-6546.97379146158,-6890.100909409356
2023-08-27 14:00:00,-3232.4737378918803,-6562.298000912246,-6906.2282611958735
2023-08-27 15:00:00,-3207.1187256372946,-6510.824374295906,-6852.0569000668
2023-08-27 16:00:00,-3266.344937468617,-6631.060479216518,-6978.594583314865
2023-08-27 17:00:00,-3422.3460052334726,-6947.760807863621,-7311.893186902907
2023-08-27 18:00:00,-3242.1512234852335,-6581.944423284895,-6926.904353229872
2023-08-27 19:00:00,-2972.1493754306757,-6033.809239087986,-6350.041385481339
2023-08-27 20:00:00,-2727.5025396307033,-5537.147681507417,-5827.34977886188
2023-08-27 21:00:00,-2598.4048818153697,-5275.0644070562785,-5551.530711128352
2023-08-27 22:00:00,-2475.3072650679155,-5025.161914476182,-5288.530820455902
2023-08-27 23:00:00,-2473.5653176611117,-5021.625558449105,-5284.809123889783
2023-08-28 00:00:00,-2469.1136742881695,-5012.588204157686,-5275.298121554144
2023-08-28 01:00:00,-2468.9201245763024,-5012.195275710234,-5274.884599713464
2023-08-28 02:00:00,-2564.9207816623675,-5207.087785646912,-5479.99143269072
2023-08-28 03:00:00,-2746.276861681809,-5575.261740910356,-5867.461397407835
2023-08-28 04:00:00,-2890.4713970227735,-5867.993434262828,-6175.535168714399
2023-08-28 05:00:00,-3061.375792601393,-6214.94925336381,-6540.674954034796
2023-08-28 06:00:00,-3132.6020865684736,-6359.546922026508,-6692.850991405019
2023-08-28 07:00:00,-3114.2148639411025,-6322.218719518474,-6653.566416540423
2023-08-28 08:00:00,-3098.150237856136,-6289.605658379876,-6619.244103763987
2023-08-28 09:00:00,-3132.2149871447396,-6358.761065131602,-6692.023947723659
2023-08-28 10:00:00,-3175.957222026697,-6447.562894255975,-6785.479883717328
2023-08-28 11:00:00,-3171.312028941887,-6438.132611517104,-6775.555359541009
2023-08-28 12:00:00,-3171.11847923002,-6437.739683069651,-6775.141837700329
2023-08-28 13:00:00,-3163.1829410434702,-6421.629616724079,-6758.187442232451
2023-08-28 14:00:00,-3159.89259594173,-6414.949833117378,-6751.157570940892
2023-08-28 15:00:00,-3116.3439107716404,-6326.540932440457,-6658.115156787903
2023-08-28 16:00:00,-3199.376737162612,-6495.107236397786,-6835.516026439602
2023-08-28 17:00:00,-3337.7647811475645,-6776.0510763266675,-7131.184142525768
2023-08-28 18:00:00,-3193.763795518467,-6483.712311421649,-6823.523893059883
2023-08-28 19:00:00,-2941.374971243812,-5971.333615942962,-6284.291412813226
2023-08-28 20:00:00,-2688.0183984098217,-5456.990278227008,-5742.99132336317
2023-08-28 21:00:00,-2547.694857306198,-5172.117153823597,-5443.187988870205
2023-08-28 22:00:00,-2481.8879552713956,-5038.521481689583,-5302.590563039021
2023-08-28 23:00:00,-2432.532778745294,-4938.324727589073,-5197.142493665633
2023-08-29 00:00:00,-2423.823041711276,-4920.642947453689,-5178.534010835036
2023-08-29 01:00:00,-2454.016796762538,-4981.939785256353,-5243.043417981108
2023-08-29 02:00:00,-2546.92065845873,-5170.545440033785,-5441.533901507485
2023-08-29 03:00:00,-2759.051142665035,-5601.195018442253,-5894.753838892712
2023-08-29 04:00:00,-2944.278216921818,-5977.227542654757,-6290.494240423426
2023-08-29 05:00:00,-3107.053524602021,-6307.680366962713,-6638.266108435265
2023-08-29 06:00:00,-3155.4409525687875,-6405.91247882596,-6741.646568605253
2023-08-29 07:00:00,-3156.021601704389,-6407.091264168318,-6742.887134127293
2023-08-29 08:00:00,-3151.5699583314463,-6398.0539098768995,-6733.376131791654
2023-08-29 09:00:00,-3137.8279287888845,-6370.155990107738,-6704.0160811033775
2023-08-29 10:00:00,-3199.1831874507448,-6494.714307950333,-6835.102504598923
2023-08-29 11:00:00,-3198.9896377388777,-6494.32137950288,-6834.688982758243
2023-08-29 12:00:00,-3218.5381586374515,-6534.007152695631,-6876.454688666918
2023-08-29 13:00:00,-3184.2798596369807,-6464.458817496454,-6803.261322866566
2023-08-29 14:00:00,-3220.473655756122,-6537.936437170161,-6880.589907073717
2023-08-29 15:00:00,-3181.763713382709,-6459.350747679565,-6797.885538937727
2023-08-29 16:00:00,-3257.635200434599,-6613.378699081133,-6959.986100484268
2023-08-29 17:00:00,-3396.0232444195517,-6894.322539010015,-7255.654216570433
2023-08-29 18:00:00,-3213.3123164170406,-6523.3980846144,-6865.2895989685585
2023-08-29 19:00:00,-2929.955538243655,-5948.150837543236,-6259.893624213109
2023-08-29 20:00:00,-2749.373657071682,-5581.548596069604,-5874.077746858715
2023-08-29 21:00:00,-2599.7597297984394,-5277.814906188449,-5554.425364013112
2023-08-29 22:00:00,-2498.1461310682294,-5071.527471275634,-5337.3263976561375
2023-08-29 23:00:00,-2464.0813817796256,-5002.372064523909,-5264.546553696466
2023-08-30 00:00:00,-2439.113468948774,-4951.684294802474,-5211.202236248751
2023-08-30 01:00:00,-2466.9846274576316,-5008.265991235704,-5270.749381306665
2023-08-30 02:00:00,-2563.953033103032,-5205.123143409647,-5477.923823487321
2023-08-30 03:00:00,-2767.180230563452,-5617.698013235278,-5912.12175620127
2023-08-30 04:00:00,-2932.2781347860596,-5952.865978912671,-6264.855886301269
2023-08-30 05:00:00,-3100.859933822275,-6295.106656644219,-6625.0334095335065
2023-08-30 06:00:00,-3134.5375836871444,-6363.476206501037,-6696.986209811818
2023-08-30 07:00:00,-3120.2149050089815,-6334.399501389516,-6666.385593601502
2023-08-30 08:00:00,-3108.9890217206917,-6311.609651437244,-6642.401326842065
2023-08-30 09:00:00,-3160.6667947891983,-6416.52154690719,-6752.811658303612
2023-08-30 10:00:00,-3186.215356755651,-6468.388101970983,-6807.396541273365
2023-08-30 11:00:00,-3207.5058250610286,-6511.610231190812,-6852.88394374816
2023-08-30 12:00:00,-3162.215192484135,-6419.664974486814,-6756.119833029052
2023-08-30 13:00:00,-3144.2150692804976,-6383.122628873686,-6717.662301845816
2023-08-30 14:00:00,-3186.021807043784,-6467.99517352353,-6806.983019432685
2023-08-30 15:00:00,-3164.924888450274,-6425.165972751155,-6761.909138798571
2023-08-30 16:00:00,-3224.3446499934635,-6545.7950061192205,-6888.860343887316
2023-08-30 17:00:00,-3354.022956944398,-6809.057065912718,-7165.919977142884
2023-08-30 18:00:00,-3140.3440750431564,-6375.264059924627,-6709.391865032217
2023-08-30 19:00:00,-2885.2455548023627,-5857.384366181597,-6164.37007901604
2023-08-30 20:00:00,-2696.1474863082385,-5473.4932730200335,-5760.359240671728
2023-08-30 21:00:00,-2564.533682238633,-5206.3019287520065,-5479.16438900936
2023-08-30 22:00:00,-2456.339393304943,-4986.65492662579,-5248.005680069267
2023-08-30 23:00:00,-2431.371480474091,-4935.967156904355,-5194.661362621554
2023-08-31 00:00:00,-2409.3068133212455,-4891.173313894715,-5147.519872784039
2023-08-31 01:00:00,-2425.7585388299462,-4924.572231928219,-5182.669229241835
2023-08-31 02:00:00,-2467.5652765932327,-5009.444776578062,-5271.989946828705
2023-08-31 03:00:00,-2568.7917758997087,-5214.946354595972,-5488.261869504319
2023-08-31 04:00:00,-2691.5022932234288,-5464.0629902811625,-5750.434716495409
2023-08-31 05:00:00,-2876.7293674802117,-5840.095514493666,-6146.175118026123
2023-08-31 06:00:00,-2972.730024566277,-6034.988024430345,-6351.281951003379
2023-08-31 07:00:00,-2991.504346617382,-6073.102083833283,-6391.393569549334
2023-08-31 08:00:00,-3035.4401312112063,-6162.29684140511,-6485.263027383683
2023-08-31 09:00:00,-3018.0206571431704,-6126.933281134342,-6448.046061722487
2023-08-31 10:00:00,-3026.3432947534543,-6143.829204374821,-6465.8275008717255
2023-08-31 11:00:00,-3014.3432126176963,-6119.467640632735,-6440.189146749568
2023-08-31 12:00:00,-3038.5369266010794,-6168.583696564358,-6491.879376834562
2023-08-31 13:00:00,-3033.1175346688015,-6157.581700035675,-6480.300765295524
2023-08-31 14:00:00,-3068.343582228608,-6229.094677472118,-6555.561740299275
2023-08-31 15:00:00,-3057.504798364052,-6207.09068441475,-6532.404517221197
2023-08-31 16:00:00,-3143.4408704330294,-6381.550915083874,-6716.008214483096
2023-08-31 17:00:00,-3249.699662248049,-6597.268632735561,-6943.031705016389
2023-08-31 18:00:00,-3094.4727933306617,-6282.14001787827,-6611.387188791068
2023-08-31 19:00:00,-2826.5999921066414,-5738.327046603344,-6039.072961290015
2023-08-31 20:00:00,-2661.8891873077678,-5403.9449378208565,-5687.165874871376
2023-08-31 21:00:00,-2518.8559502380053,-5113.570815153103,-5381.573234608892
2023-08-31 22:00:00,-2423.823041711276,-4920.642947453689,-5178.534010835036
2023-08-31 23:00:00,-2366.919426422358,-4805.1219839025125,-5056.95858967513
2023-09-01 00:00:00,-2343.69346099831,-4757.970570208155,-5007.335968793535
2023-09-01 01:00:00,-2368.2742744054276,-4807.872483034683,-5059.85324255989
2023-09-01 02:00:00,-2399.0486785922913,-4870.348106179707,-5125.603215228001
2023-09-01 03:00:00,-2472.0169199661755,-5018.482130869481,-5281.500949164343
2023-09-01 04:00:00,-2596.4693846966993,-5271.135122581748,-5547.395492721553
2023-09-01 05:00:00,-2721.5024985628243,-5524.966899636374,-5814.530601800801
2023-09-01 06:00:00,-2815.9547579539526,-5716.7159819934295,-6016.329260052617
2023-09-01 07:00:00,-2838.9871736661335,-5763.474467240334,-6065.538359093532
2023-09-01 08:00:00,-2842.083969056007,-5769.761322399582,-6072.154708544412
2023-09-01 09:00:00,-2897.4391866499877,-5882.138858371135,-6190.421954978878
2023-09-01 10:00:00,-2874.019671514073,-5834.594516229324,-6140.3858122566035
2023-09-01 11:00:00,-2865.890583615656,-5818.0915214362985,-6123.017894948045
2023-09-01 12:00:00,-2922.7941989045735,-5933.612484987475,-6244.593316107951
2023-09-01 13:00:00,-2955.891199633842,-6000.803249501935,-6315.305550864223
2023-09-01 14:00:00,-2979.504264481624,-6048.740520091199,-6365.755215427177
2023-09-01 15:00:00,-2976.601018803618,-6042.846593379404,-6359.552387816978
2023-09-01 16:00:00,-3133.376285415942,-6361.1186358163195,-6694.505078767738
2023-09-01 17:00:00,-3285.8934583671908,-6670.746252409269,-7020.36028922354
2023-09-01 18:00:00,-3096.214740737465,-6285.676373905347,-6615.108885357188
2023-09-01 19:00:00,-2822.535448157433,-5730.075549206831,-6030.389002635736
2023-09-01 20:00:00,-2633.050280239575,-5345.398599150361,-5625.551120610064
2023-09-01 21:00:00,-2463.3071829321575,-5000.800350734097,-5262.892466333746
2023-09-01 22:00:00,-2350.2741512017906,-4771.330137421555,-5021.395711376654
2023-09-01 23:00:00,-2348.3386540831198,-4767.400852947026,-5017.260492969855
2023-09-02 00:00:00,-2334.790174252425,-4739.895861625318,-4988.313964122258
2023-09-02 01:00:00,-2391.1131404057414,-4854.238039834135,-5108.648819760124
2023-09-02 02:00:00,-2503.178423576773,-5081.7436109094115,-5348.077965513816
2023-09-02 03:00:00,-2845.567863869614,-5776.8340344537355,-6079.59810167665
2023-09-02 04:00:00,-2955.310550498241,-5999.624464159576,-6314.064985342183
2023-09-02 05:00:00,-3028.0852421602576,-6147.365560401898,-6469.549197437845
2023-09-02 06:00:00,-3058.27899721152,-6208.662398204562,-6534.058604583917
2023-09-02 07:00:00,-3093.8921441950606,-6280.961232535911,-6610.146623269028
2023-09-02 08:00:00,-3084.408208313574,-6261.707738610715,-6589.884053075711
2023-09-02 09:00:00,-3115.763261636039,-6325.362147098098,-6656.874591265863
2023-09-02 10:00:00,-3204.6025793830227,-6505.716304479017,-6846.681116137961
2023-09-02 11:00:00,-3194.150894942201,-6484.498168316555,-6824.3509367412435
2023-09-02 12:00:00,-3229.3769425020073,-6556.011145752998,-6899.611911744994
2023-09-02 13:00:00,-3200.15093601008,-6496.678950187598,-6837.170113802322
2023-09-02 14:00:00,-3182.150812806443,-6460.136604574471,-6798.712582619087
2023-09-02 15:00:00,-3156.215151416256,-6407.4841926157715,-6743.300655967973
2023-09-02 16:00:00,-3287.054756638393,-6673.103823093987,-7022.84142026762
2023-09-02 17:00:00,-3384.4102617075273,-6870.746832162837,-7230.842906129636
2023-09-02 18:00:00,-3168.989432399482,-6433.417470147668,-6770.59309745285
2023-09-02 19:00:00,-2856.40664773417,-5798.838027511103,-6102.755324754728
2023-09-02 20:00:00,-2664.985982697641,-5410.231792980104,-5693.782224322255
2023-09-02 21:00:00,-2499.5009790512986,-5074.277970407805,-5340.221050540897
2023-09-02 22:00:00,-2447.436106559058,-4968.580218042953,-5228.98367539799
2023-09-02 23:00:00,-2406.0164682195054,-4884.493530288014,-5140.49000149248
2023-09-03 00:00:00,-2370.9839703715666,-4813.373481299025,-5065.642548329409
2023-09-03 01:00:00,-2410.081012168714,-4892.745027684527,-5149.173960146759
2023-09-03 02:00:00,-2496.9848327970267,-5069.169900590916,-5334.8452666120575
2023-09-03 03:00:00,-2809.9547168860736,-5704.535200122387,-6003.510082991539
2023-09-03 04:00:00,-2938.278175853939,-5965.046760783714,-6277.675063362347
2023-09-03 05:00:00,-3128.5375426192654,-6351.295424629995,-6684.16703275074
2023-09-03 06:00:00,-3178.666917992836,-6453.063892520317,-6791.269189486848
2023-09-03 07:00:00,-3152.3441571789144,-6399.625623666711,-6735.030219154374
2023-09-03 08:00:00,-3132.989185992208,-6360.332778921414,-6693.678035086379
2023-09-03 09:00:00,-3163.9571398909384,-6423.201330513891,-6759.841529595171
2023-09-03 10:00:00,-3223.5704511459953,-6544.223292329409,-6887.206256524596
2023-09-03 11:00:00,-3222.2156031629256,-6541.4727931972375,-6884.311603639837
2023-09-03 12:00:00,-3266.925586604218,-6632.239264558877,-6979.835148836905
2023-09-03 13:00:00,-3228.9898430782728,-6555.225288858092,-6898.784868063634
2023-09-03 14:00:00,-3210.9897198746357,-6518.682943244965,-6860.327336880399
2023-09-03 15:00:00,-3205.1832285186238,-6506.895089821375,-6847.921681660001
2023-09-03 16:00:00,-3323.4421024694016,-6746.974371215148,-7100.583526315451
2023-09-03 17:00:00,-3374.152126978573,-6849.921624447828,-7208.926248573599
2023-09-03 18:00:00,-3156.989350263724,-6409.055906405583,-6744.9547433306925
2023-09-03 19:00:00,-2912.9231635993533,-5913.573134167374,-6223.5037022332735
2023-09-03 20:00:00,-2681.6312579182086,-5444.02363946106,-5729.345102620731
2023-09-03 21:00:00,-2522.53339476348,-5121.036455654709,-5389.430149581811
2023-09-03 22:00:00,-2416.8552520840612,-4906.4975233453815,-5163.647224570557
2023-09-03 23:00:00,-2372.9194674902374,-4817.302765773555,-5069.777766736208
2023-09-04 00:00:00,-2369.0484732528957,-4809.444196824495,-5061.50732992261
2023-09-04 01:00:00,-2397.6938306092215,-4867.597607047536,-5122.708562343242
2023-09-04 02:00:00,-2532.985079204301,-5142.25459181717,-5411.760328978528
2023-09-04 03:00:00,-2809.3740677504725,-5703.356414780028,-6002.269517469499
2023-09-04 04:00:00,-3008.536721261684,-6107.6797872091465,-6427.78349152917
2023-09-04 05:00:00,-3125.0536478056583,-6344.222712575841,-6676.723639618501
2023-09-04 06:00:00,-3152.1506074670474,-6399.232695219259,-6734.616697313694
2023-09-04 07:00:00,-3130.8601391616703,-6356.010565999431,-6689.129294838899
2023-09-04 08:00:00,-3105.6986766189516,-6304.929867830543,-6635.371455550506
2023-09-04 09:00:00,-3112.666466246166,-6319.075291938851,-6650.258241814984
2023-09-04 10:00:00,-3127.7633437717973,-6349.723710840183,-6682.51294538802
2023-09-04 11:00:00,-3089.053401398384,-6271.138021349587,-6599.80857725203
2023-09-04 12:00:00,-3144.989268127966,-6384.694342663498,-6719.316389208536
2023-09-04 13:00:00,-3094.6663430425288,-6282.532946325723,-6611.800710631748
2023-09-04 14:00:00,-3088.4727522627827,-6269.959236007227,-6598.56801172999
2023-09-04 15:00:00,-3102.6018812290786,-6298.643012671295,-6628.755106099627
2023-09-04 16:00:00,-3219.6994569086537,-6536.3647233803495,-6878.935819710997
2023-09-04 17:00:00,-3315.893663706586,-6731.650161764481,-7084.456174528933
2023-09-04 18:00:00,-3099.6986355510726,-6292.749085959501,-6622.552278489427
2023-09-04 19:00:00,-2834.341980581324,-5754.044184501463,-6055.613834917213
2023-09-04 20:00:00,-2646.018110934668,-5371.724805129712,-5653.25708393562
2023-09-04 21:00:00,-2494.0815871190207,-5063.275973879121,-5328.642439001858
2023-09-04 22:00:00,-2413.177807558587,-4899.031882843775,-5155.790309597638
2023-09-04 23:00:00,-2381.0485553886538,-4833.80576056658,-5087.145684044766
2023-09-05 00:00:00,-2390.9195906938744,-4853.845111386682,-5108.235297919444
2023-09-05 01:00:00,-2413.9520064060553,-4900.603596633587,-5157.444396960358
2023-09-05 02:00:00,-2561.243337136893,-5199.622145145306,-5472.134517717801
2023-09-05 03:00:00,-2838.4065245305324,-5762.295681897976,-6064.297793571493
2023-09-05 04:00:00,-3002.536680193805,-6095.499005338103,-6414.964314468091
2023-09-05 05:00:00,-3105.3115771952175,-6304.144010935637,-6634.544411869146
2023-09-05 06:00:00,-3107.247074313888,-6308.073295410167,-6638.679630275945
2023-09-05 07:00:00,-3062.1499914488613,-6216.520967153622,-6542.329041397516
2023-09-05 08:00:00,-3007.7625224142157,-6106.108073419334,-6426.12940416645
2023-09-05 09:00:00,-3015.8916103126326,-6122.61106821236,-6443.497321475008
2023-09-05 10:00:00,-3044.5369676689584,-6180.764478435401,-6504.6985538956405
2023-09-05 11:00:00,-3036.4078797705415,-6164.261483642375,-6487.330636587083
2023-09-05 12:00:00,-3023.4400490754483,-6137.935277663026,-6459.624673261526
2023-09-05 13:00:00,-3040.47242371975,-6172.512981038888,-6496.014595241362
2023-09-05 14:00:00,-3066.795184533671,-6225.951249892493,-6552.253565573836
2023-09-05 15:00:00,-3082.6662609067707,-6258.171382583638,-6586.1623565095915
2023-09-05 16:00:00,-3256.8610015871304,-6611.806985291321,-6958.332013121548
2023-09-05 17:00:00,-3312.796868316713,-6725.363306605233,-7077.839825078054
2023-09-05 18:00:00,-3075.504921567689,-6243.633030027878,-6570.862048404433
2023-09-05 19:00:00,-2857.374396293505,-5800.802669748367,-6104.822933958128
2023-09-05 20:00:00,-2634.01802879891,-5347.363241387627,-5627.618729813463
2023-09-05 21:00:00,-2464.4684812033597,-5003.157921418815,-5265.373597377826
2023-09-05 22:00:00,-2434.6618255758312,-4942.646940511056,-5201.691233913113
2023-09-05 23:00:00,-2375.435613744509,-4822.410835590444,-5075.153550665048
2023-09-06 00:00:00,-2394.7905849312156,-4861.703680335741,-5116.505734733043
2023-09-06 01:00:00,-2429.242433643554,-4931.644943982372,-5190.112622374074
2023-09-06 02:00:00,-2528.533435831359,-5133.217237525751,-5402.249326642889
2023-09-06 03:00:00,-2816.1483076658196,-5717.108910440882,-6016.742781893297
2023-09-06 04:00:00,-3001.9560310582037,-6094.320219995745,-6413.723748946051
2023-09-06 05:00:00,-3083.440459754239,-6259.74309637345,-6587.8164438723115
2023-09-06 06:00:00,-3077.44041868636,-6247.562314502407,-6574.997266811232
2023-09-06 07:00:00,-3039.1175757366805,-6169.762481906717,-6493.119942356602
2023-09-06 08:00:00,-2994.6011420072555,-6079.388938992532,-6398.009919000213
2023-09-06 09:00:00,-2998.4721362445966,-6087.247507941591,-6406.280355813812
2023-09-06 10:00:00,-3060.601593753925,-6213.377539573999,-6539.020866672076
2023-09-06 11:00:00,-3055.375751533514,-6202.768471492767,-6527.855776973718
2023-09-06 12:00:00,-3047.8273127706984,-6187.444262042101,-6511.7284251872
2023-09-06 13:00:00,-3048.4079619063,-6188.623047384461,-6512.96899070924
2023-09-06 14:00:00,-3076.6662198388917,-6245.990600712596,-6573.343179448513
2023-09-06 15:00:00,-3100.859933822275,-6295.106656644219,-6625.0334095335065
2023-09-06 16:00:00,-3235.5705332817533,-6568.584856071494,-6912.844610646754
2023-09-06 17:00:00,-3267.6997854516862,-6633.810978348689,-6981.489236199625
2023-09-06 18:00:00,-3089.634050533985,-6272.316806691945,-6601.04914277407
2023-09-06 19:00:00,-2851.76145464936,-5789.407744772231,-6092.830800578409
2023-09-06 20:00:00,-2672.147322036722,-5424.770145535864,-5709.082532427414
2023-09-06 21:00:00,-2537.243172865377,-5150.899017661136,-5420.857809473488
2023-09-06 22:00:00,-2419.7584977620672,-4912.391450057176,-5169.850052180756
2023-09-06 23:00:00,-2389.758292422672,-4851.487540701964,-5105.754166875364
2023-09-07 00:00:00,-2378.7259588462493,-4829.090619197144,-5082.183421956607
2023-09-07 01:00:00,-2392.855087812545,-4857.774395861212,-5112.370516326243
2023-09-07 02:00:00,-2470.0814228475047,-5014.552846394951,-5277.365730757544
2023-09-07 03:00:00,-2556.4045943402166,-5189.798933958981,-5461.796471700803
2023-09-07 04:00:00,-2684.5345035962146,-5449.917566172855,-5735.54793023093
2023-09-07 05:00:00,-2880.79391142942,-5848.347011890179,-6154.859076680402
2023-09-07 06:00:00,-2947.762111735425,-5984.30025470891,-6297.937633555665
2023-09-07 07:00:00,-2947.955661447292,-5984.6931831563625,-6298.351155396344
2023-09-07 08:00:00,-2951.052456837165,-5990.980038315611,-6304.9675048472245
2023-09-07 09:00:00,-2970.213878312005,-6029.879954613456,-6345.90616707454
2023-09-07 10:00:00,-2938.85882498954,-5966.225546126073,-6278.915628884387
2023-09-07 11:00:00,-2945.4395151930203,-5979.585113339474,-6292.975371467505
2023-09-07 12:00:00,-2977.375217651086,-6044.418307169216,-6361.206475179698
2023-09-07 13:00:00,-3013.7625634820947,-6118.288855290377,-6438.948581227529
2023-09-07 14:00:00,-3043.182119685889,-6178.0139793032295,-6501.803901010881
2023-09-07 15:00:00,-3048.0208624825655,-6187.837190489555,-6512.14194702788
2023-09-07 16:00:00,-3179.634666552171,-6455.028534757582,-6793.336798690247
2023-09-07 17:00:00,-3237.893129824158,-6573.2999974409295,-6917.806872734913
2023-09-07 18:00:00,-3037.762727753611,-6167.011982774547,-6490.225289471842
2023-09-07 19:00:00,-2813.2450619878136,-5711.214983729088,-6010.539954283098
2023-09-07 20:00:00,-2627.43733859543,-5334.003674174225,-5613.558987230344
2023-09-07 21:00:00,-2465.242680050828,-5004.729635208627,-5267.027684740545
2023-09-07 22:00:00,-2377.9517599987807,-4827.518905407332,-5080.529334593887
2023-09-07 23:00:00,-2345.628958116981,-4761.899854682684,-5011.471187200335
2023-09-08 00:00:00,-2342.919262150842,-4756.398856418343,-5005.681881430815
2023-09-08 01:00:00,-2383.3711519310586,-4838.520901936015,-5092.1079461329255
2023-09-08 02:00:00,-2393.4357369481463,-4858.95318120357,-5113.611081848283
2023-09-08 03:00:00,-2457.113592152411,-4988.226640415602,-5249.659767431987
2023-09-08 04:00:00,-2585.6306008321435,-5249.131129524381,-5524.238269643475
2023-09-08 05:00:00,-2749.180107359815,-5581.155667622151,-5873.664225018035
2023-09-08 06:00:00,-2809.7611671742065,-5704.142271674934,-6003.096561150859
2023-09-08 07:00:00,-2838.7936239542664,-5763.0815387928815,-6065.124837252853
2023-09-08 08:00:00,-2828.148389801578,-5741.470474182967,-6042.381136015455
2023-09-08 09:00:00,-2846.148513005215,-5778.012819796095,-6080.83866719869
2023-09-08 10:00:00,-2833.567781733856,-5752.472470711651,-6053.959747554493
2023-09-08 11:00:00,-2818.8580036319586,-5722.609908705224,-6022.5320876628175
2023-09-08 12:00:00,-2852.7292032086953,-5791.372387009496,-6094.898409781808
2023-09-08 13:00:00,-2882.3423091243567,-5851.490439469802,-6158.167251405841
2023-09-08 14:00:00,-2917.9554561078967,-5923.789273801151,-6234.255270090953
2023-09-08 15:00:00,-2948.149211159159,-5985.086111603816,-6298.764677237024
2023-09-08 16:00:00,-3165.311987874008,-6425.951829646061,-6762.736182479931
2023-09-08 17:00:00,-3196.86059090834,-6489.9991665808975,-6830.140242510763
2023-09-08 18:00:00,-2993.826943159787,-6077.81722520272,-6396.355831637494
2023-09-08 19:00:00,-2745.6962125462073,-5574.0829555679975,-5866.220831885796
2023-09-08 20:00:00,-2596.4693846966993,-5271.135122581748,-5547.395492721553
2023-09-08 21:00:00,-2440.468316931843,-4954.434793934645,-5214.0968891335115
2023-09-08 22:00:00,-2389.951842134539,-4851.880469149417,-5106.167688716044
2023-09-08 23:00:00,-2327.048185777742,-4724.178723727198,-4971.7730904950595
2023-09-09 00:00:00,-2309.4351619978393,-4688.422235008977,-4934.1426029931845
2023-09-09 01:00:00,-2351.62899918486,-4774.080636553726,-5024.290364261414
2023-09-09 02:00:00,-2474.33951650858,-5023.197272238917,-5286.463211252503
2023-09-09 03:00:00,-2774.3415699025336,-5632.236365791038,-5927.422064306428
2023-09-09 04:00:00,-2932.665234209794,-5953.651835807577,-6265.682929982629
2023-09-09 05:00:00,-3042.795020262155,-6177.2281224083235,-6500.976857329521
2023-09-09 06:00:00,-3071.053278194747,-6234.595675736459,-6561.351046068794
2023-09-09 07:00:00,-3058.6660966352542,-6209.448255099468,-6534.885648265277
2023-09-09 08:00:00,-3009.5044698210195,-6109.644429446411,-6429.85110073257
2023-09-09 09:00:00,-3037.569178041744,-6166.619054327093,-6489.811767631162
2023-09-09 10:00:00,-3058.472546923387,-6209.0553266520155,-6534.472126424597
2023-09-09 11:00:00,-3069.698430211677,-6231.845176604288,-6558.456393184035
2023-09-09 12:00:00,-3093.5050447713265,-6280.175375641005,-6609.319579587668
2023-09-09 13:00:00,-3072.601675889683,-6237.739103316083,-6564.659220794234
2023-09-09 14:00:00,-3086.343705432245,-6265.637023085244,-6594.019271482511
2023-09-09 15:00:00,-3097.956688144269,-6289.212729932424,-6618.830581923307
2023-09-09 16:00:00,-3293.635446841873,-6686.463390307388,-7036.901162850739
2023-09-09 17:00:00,-3306.0226284013656,-6711.6108109443785,-7063.366560654255
2023-09-09 18:00:00,-3102.0212320934775,-6297.464227328936,-6627.514540577587
2023-09-09 19:00:00,-2812.4708631403455,-5709.643269939275,-6008.885866920378
2023-09-09 20:00:00,-2627.824438019164,-5334.789531069131,-5614.386030911704
2023-09-09 21:00:00,-2491.1783414410147,-5057.382047167326,-5322.439611391659
2023-09-09 22:00:00,-2417.0488017959283,-4906.890451792834,-5164.060746411237
2023-09-09 23:00:00,-2400.0164271516264,-4872.312748416972,-5127.670824431401
2023-09-10 00:00:00,-2378.145309710648,-4827.911833854785,-5080.942856434567
2023-09-10 01:00:00,-2453.24259791507,-4980.368071466542,-5241.389330618388
2023-09-10 02:00:00,-2564.146582814899,-5205.5160718571005,-5478.337345328001
2023-09-10 03:00:00,-2849.438858106955,-5784.692603402796,-6087.868538490249
2023-09-10 04:00:00,-2997.6979373971285,-6085.675794151779,-6404.626268451092
2023-09-10 05:00:00,-3054.795102397913,-6201.589686150409,-6526.615211451678
2023-09-10 06:00:00,-3078.601716957562,-6249.919885187125,-6577.478397855312
2023-09-10 07:00:00,-3066.988734245538,-6226.344178339947,-6552.667087414515
2023-09-10 08:00:00,-3021.3110022449105,-6133.613064741043,-6455.075933014046
2023-09-10 09:00:00,-3027.8916924483906,-6146.972631954444,-6469.135675597165
2023-09-10 10:00:00,-3061.9564417369943,-6216.128038706169,-6541.915519556836
2023-09-10 11:00:00,-3088.6663019746497,-6270.352164454681,-6598.98153357067
2023-09-10 12:00:00,-3090.6017990933206,-6274.2814489292105,-6603.116751977469
2023-09-10 13:00:00,-3112.0858171105647,-6317.896506596491,-6649.017676292944
2023-09-10 14:00:00,-3146.7312155347695,-6388.230698690575,-6723.038085774655
2023-09-10 15:00:00,-3139.182776771954,-6372.906489239908,-6706.9107339881375
2023-09-10 16:00:00,-3345.7003193341143,-6792.16114267224,-7148.1385379936455
2023-09-10 17:00:00,-3346.8616176053165,-6794.518713356958,-7150.6196690377255
2023-09-10 18:00:00,-3139.5698761956883,-6373.692346134815,-6707.7377776694975
2023-09-10 19:00:00,-2852.7292032086953,-5791.372387009496,-6094.898409781808
2023-09-10 20:00:00,-2654.534298256819,-5389.013656817643,-5671.452044925538
2023-09-10 21:00:00,-2506.6623183903803,-5088.816322963565,-5355.521358646055
2023-09-10 22:00:00,-2406.0164682195054,-4884.493530288014,-5140.49000149248
2023-09-10 23:00:00,-2351.822548896727,-4774.47356500118,-5024.703886102094
2023-09-11 00:00:00,-2342.725712438975,-4756.005927970889,-5005.268359590136
2023-09-11 01:00:00,-2387.8227953040014,-4847.558256227434,-5101.618948468565
2023-09-11 02:00:00,-2535.114126034839,-5146.576804739153,-5416.3090692260075
2023-09-11 03:00:00,-2807.4385706318017,-5699.427130305498,-5998.1342990627
2023-09-11 04:00:00,-2940.794322108211,-5970.1548306006025,-6283.050847291187
2023-09-11 05:00:00,-3004.8592767362097,-6100.21414670754,-6419.92657655625
2023-09-11 06:00:00,-3013.5690137702277,-6117.8959268429235,-6438.535059386849
2023-09-11 07:00:00,-2962.084790413588,-6013.376959820431,-6328.538249765981
2023-09-11 08:00:00,-2928.9877896843195,-5946.186195305971,-6257.826015009709
2023-09-11 09:00:00,-2946.987912887957,-5982.728540919098,-6296.283546192945
2023-09-11 10:00:00,-3006.0205750074124,-6102.571717392258,-6422.4077076003305
2023-09-11 11:00:00,-3000.020533939533,-6090.390935521215,-6409.588530539252
2023-09-11 12:00:00,-2988.9882003631105,-6067.994014016395,-6386.017785620495
2023-09-11 13:00:00,-2996.730188837793,-6083.711151914515,-6402.558659247693
2023-09-11 14:00:00,-3031.762686685732,-6154.831200903504,-6477.406112410764
2023-09-11 15:00:00,-3052.085406431774,-6196.088687886067,-6520.825905682159
2023-09-11 16:00:00,-3246.9899662819103,-6591.76763447122,-6937.24239924687
2023-09-11 17:00:00,-3266.15138775675,-6630.667550769064,-6978.181061474185
2023-09-11 18:00:00,-3092.730845923858,-6278.6036618511935,-6607.665492224949
2023-09-11 19:00:00,-2813.0515122759466,-5710.822055281635,-6010.126432442418
2023-09-11 20:00:00,-2613.695309052868,-5306.105754405064,-5584.198936542069
2023-09-11 21:00:00,-2499.3074293394316,-5073.885041960351,-5339.807528700217
2023-09-11 22:00:00,-2417.0488017959283,-4906.890451792834,-5164.060746411237
2023-09-11 23:00:00,-2389.1776432870706,-4850.308755359605,-5104.513601353324
2023-09-12 00:00:00,-2380.8550056767867,-4833.4128321191265,-5086.732162204086
2023-09-12 01:00:00,-2409.69391274498,-4891.959170789621,-5148.346916465399
2023-09-12 02:00:00,-2552.920699526609,-5182.726221904827,-5454.353078568563
2023-09-12 03:00:00,-2831.632284615185,-5748.543186237121,-6049.824529147694
2023-09-12 04:00:00,-2979.504264481624,-6048.740520091199,-6365.755215427177
2023-09-12 05:00:00,-3086.924354567846,-6266.815808427604,-6595.25983700455
2023-09-12 06:00:00,-3092.537296211991,-6278.21073340374,-6607.251970384269
2023-09-12 07:00:00,-3079.5694655168977,-6251.88452742439,-6579.546007058712
2023-09-12 08:00:00,-3047.4402133469644,-6186.6584051471955,-6510.90138150584
2023-09-12 09:00:00,-3056.730599516584,-6205.518970624938,-6530.750429858478
2023-09-12 10:00:00,-3083.634009466106,-6260.136024820903,-6588.229965712991
2023-09-12 11:00:00,-3122.3439518395194,-6338.721714311499,-6670.934333848982
2023-09-12 12:00:00,-3120.0213552971145,-6334.006572942064,-6665.972071760822
2023-09-12 13:00:00,-3103.1825303646797,-6299.821798013654,-6629.995671621667
2023-09-12 14:00:00,-3114.4084136529696,-6322.611647965927,-6653.979938381103
2023-09-12 15:00:00,-3153.31190573825,-6401.590265903977,-6737.097828357773
2023-09-12 16:00:00,-3328.0872955542113,-6756.404653954019,-7110.5080504917705
2023-09-12 17:00:00,-3333.5066874864888,-6767.406650482702,-7122.086662030809
2023-09-12 18:00:00,-3124.8600980937913,-6343.829784128388,-6676.310117777821
2023-09-12 19:00:00,-2860.471191683378,-5807.089524907616,-6111.439283409007
2023-09-12 20:00:00,-2677.566713969,-5435.772142064548,-5720.661143966452
2023-09-12 21:00:00,-2504.1461721361084,-5083.708253146676,-5350.145574717216
2023-09-12 22:00:00,-2442.984463186115,-4959.542863751534,-5219.472673062351
2023-09-12 23:00:00,-2390.1453918464063,-4852.2733975968695,-5106.581210556724
2023-09-13 00:00:00,-2379.3066079818504,-4830.269404539503,-5083.423987478646
2023-09-13 01:00:00,-2427.50048623675,-4928.108587955296,-5186.390925807955
2023-09-13 02:00:00,-2551.1787521198057,-5179.189865877751,-5450.631382002443
2023-09-13 03:00:00,-2820.9870504624964,-5726.932121627207,-6027.080827910297
2023-09-13 04:00:00,-3005.633475583678,-6101.785860497352,-6421.5806639189705
2023-09-13 05:00:00,-3064.085488567532,-6220.450251628152,-6546.464259804316
2023-09-13 06:00:00,-3049.9563596012363,-6191.766474964084,-6516.27716543468
2023-09-13 07:00:00,-3060.214494330191,-6212.591682679093,-6538.193822990717
2023-09-13 08:00:00,-3029.4400901433273,-6150.116059534068,-6472.443850322605
2023-09-13 09:00:00,-3034.8594820756052,-6161.118056062752,-6484.022461861643
2023-09-13 10:00:00,-3080.343664364366,-6253.456241214202,-6581.2000944214315
2023-09-13 11:00:00,-3080.924313499967,-6254.635026556562,-6582.4406599434715
2023-09-13 12:00:00,-3090.021149957719,-6273.102663586851,-6601.87618645543
2023-09-13 13:00:00,-3081.504962635568,-6255.81381189892,-6583.6812254655115
2023-09-13 14:00:00,-3106.4728754664197,-6306.501581620355,-6637.025542913226
2023-09-13 15:00:00,-3134.9246831108785,-6364.262063395943,-6697.813253493178
2023-09-13 16:00:00,-3294.4096456893417,-6688.0351040972,-7038.555250213459
2023-09-13 17:00:00,-3286.280557790925,-6671.532109304175,-7021.1873329049
2023-09-13 18:00:00,-3086.924354567846,-6266.815808427604,-6595.25983700455
2023-09-13 19:00:00,-2849.438858106955,-5784.692603402796,-6087.868538490249
2023-09-13 20:00:00,-2686.082901291151,-5453.060993752479,-5738.8561049563705
2023-09-13 21:00:00,-2511.30751147519,-5098.246605702437,-5365.445882822374
2023-09-13 22:00:00,-2430.210182202889,-4933.609586219637,-5192.180231577474
2023-09-13 23:00:00,-2392.855087812545,-4857.774395861212,-5112.370516326243
2023-09-14 00:00:00,-2416.661702372194,-4906.104594897928,-5163.233702729877
2023-09-14 01:00:00,-2396.3389826261523,-4864.847107915365,-5119.813909458482
2023-09-14 02:00:00,-2464.6620309152268,-5003.5508498662675,-5265.787119218506
2023-09-14 03:00:00,-2566.856278781038,-5211.017070121442,-5484.12665109752
2023-09-14 04:00:00,-2720.921849427223,-5523.788114294015,-5813.290036278761
2023-09-14 05:00:00,-2900.3424323279937,-5888.03278508293,-6196.624782589077
2023-09-14 06:00:00,-3003.8915281768745,-6098.249504470275,-6417.858967352851
2023-09-14 07:00:00,-2969.633229176404,-6028.701169271097,-6344.6656015524995
2023-09-14 08:00:00,-2934.7942810403315,-5957.97404872956,-6270.231670230108
2023-09-14 09:00:00,-2911.5683156162836,-5910.822635035202,-6220.6090493485135
2023-09-14 10:00:00,-2893.7617421245136,-5874.673217869528,-6182.5650400059585
2023-09-14 11:00:00,-2898.4069352093234,-5884.103500608399,-6192.489564182277
2023-09-14 12:00:00,-2919.3103040909664,-5926.539772933322,-6237.149922975712
2023-09-14 13:00:00,-2909.8263682094803,-5907.286279008125,-6216.887352782394
2023-09-14 14:00:00,-2939.052374701407,-5966.618474573525,-6279.329150725067
2023-09-14 15:00:00,-3005.246376159944,-6101.000003602446,-6420.75362023761
2023-09-14 16:00:00,-3167.247484992679,-6429.8811141205915,-6766.87140088673
2023-09-14 17:00:00,-3145.7634669754343,-6386.26605645331,-6720.970476571256
2023-09-14 18:00:00,-2971.9558257188087,-6033.416310640533,-6349.627863640659
2023-09-14 19:00:00,-2744.147814851271,-5570.939527988373,-5862.912657160356
2023-09-14 20:00:00,-2578.275711781195,-5234.199848521168,-5508.524439697637
2023-09-14 21:00:00,-2426.532737677415,-4926.14394571803,-5184.323316604555
2023-09-14 22:00:00,-2352.790297456062,-4776.438207238444,-5026.771495305493
2023-09-14 23:00:00,-2310.790009980909,-4691.172734141148,-4937.037255877944
2023-09-15 00:00:00,-2306.7254660317003,-4682.921236744635,-4928.353297223664
2023-09-15 01:00:00,-2303.048021506226,-4675.455596243029,-4920.496382250746
2023-09-15 02:00:00,-2370.5968709478325,-4812.587624404119,-5064.815504648049
2023-09-15 03:00:00,-2413.371357270454,-4899.424811291227,-5156.203831438318
2023-09-15 04:00:00,-2537.04962315351,-5150.506089213683,-5420.444287632808
2023-09-15 05:00:00,-2644.469713239732,-5368.581377550087,-5649.94890921018
2023-09-15 06:00:00,-2712.7927615288063,-5507.28511950099,-5795.922118970204
2023-09-15 07:00:00,-2693.8248897658336,-5468.778131650598,-5755.396978583568
2023-09-15 08:00:00,-2686.8571001386194,-5454.6327075422905,-5740.51019231909
2023-09-15 09:00:00,-2675.8247665621966,-5432.2357860374705,-5716.939447400333
2023-09-15 10:00:00,-2659.953690189097,-5400.015653346326,-5683.030656464577
2023-09-15 11:00:00,-2662.276286731502,-5404.730794715762,-5687.992918552736
2023-09-15 12:00:00,-2689.3732463928914,-5459.740777359179,-5745.88597624793
2023-09-15 13:00:00,-2745.5026628343403,-5573.690027120544,-5865.807310045116
2023-09-15 14:00:00,-2827.1806412422425,-5739.505831945702,-6040.313526812055
2023-09-15 15:00:00,-2911.5683156162836,-5910.822635035202,-6220.6090493485135
2023-09-15 16:00:00,-3142.6666715855613,-6379.9792012940625,-6714.354127120377
2023-09-15 17:00:00,-3144.0215195686305,-6382.729700426234,-6717.248780005136
2023-09-15 18:00:00,-2945.6330649048873,-5979.978041786927,-6293.388893308185
2023-09-15 19:00:00,-2687.2441995623535,-5455.418564437196,-5741.33723600045
2023-09-15 20:00:00,-2497.9525813563623,-5071.134542828181,-5336.9128758154575
2023-09-15 21:00:00,-2360.919385354479,-4792.941202031469,-5044.139412614051
2023-09-15 22:00:00,-2280.0156057940453,-4628.697110996123,-4871.287283209831
2023-09-15 23:00:00,-2274.9833132855015,-4618.480971362346,-4860.535715352153
2023-09-16 00:00:00,-2281.5640034889816,-4631.840538575747,-4874.595457935271
2023-09-16 01:00:00,-2315.8223024894523,-4701.388873774925,-4947.788823735623
2023-09-16 02:00:00,-2476.6621130509848,-5027.912413608353,-5291.425473340662
2023-09-16 03:00:00,-2771.6318739363946,-5626.735367526697,-5921.632758536909
2023-09-16 04:00:00,-2915.2457601417577,-5918.288275536809,-6228.465964321433
2023-09-16 05:00:00,-3002.1495807700708,-6094.7131484431975,-6414.137270786731
2023-09-16 06:00:00,-3025.9561953297202,-6143.043347479915,-6465.0004571903655
2023-09-16 07:00:00,-2970.600977735739,-6030.665811508362,-6346.7332107559
2023-09-16 08:00:00,-2919.6974035147005,-5927.325629828228,-6237.976966657072
2023-09-16 09:00:00,-2940.2136729726094,-5968.976045258244,-6281.810281769147
2023-09-16 10:00:00,-2974.278422261213,-6038.131452009969,-6354.590125728819
2023-09-16 11:00:00,-2966.729983498398,-6022.807242559302,-6338.4627739423
2023-09-16 12:00:00,-2999.633434515799,-6089.605078626309,-6408.761486857892
2023-09-16 13:00:00,-3009.5044698210195,-6109.644429446411,-6429.85110073257
2023-09-16 14:00:00,-3030.9884878382636,-6153.259487113692,-6475.752025048044
2023-09-16 15:00:00,-3112.4729165342987,-6318.682363491397,-6649.844719974304
2023-09-16 16:00:00,-3312.6033186048458,-6724.97037815778,-7077.426303237374
2023-09-16 17:00:00,-3291.6999497232027,-6682.534105832859,-7032.76594444394
2023-09-16 18:00:00,-3040.8595231434842,-6173.298837933794,-6496.841638922721
2023-09-16 19:00:00,-2803.1804769707264,-5690.782704461532,-5989.036818567741
2023-09-16 20:00:00,-2608.2759171205903,-5295.10375787638,-5572.620325003029
2023-09-16 21:00:00,-2472.2104696780425,-5018.875059316934,-5281.914471005023
2023-09-16 22:00:00,-2374.8549646089077,-4821.232050248084,-5073.912985143008
2023-09-16 23:00:00,-2360.725835642612,-4792.548273584017,-5043.725890773371
2023-09-17 00:00:00,-2347.177355811917,-4765.043282262308,-5014.7793619257745
2023-09-17 01:00:00,-2401.564824846563,-4875.456175996595,-5130.978999156841
2023-09-17 02:00:00,-2529.307634678827,-5134.788951315563,-5403.903414005609
2023-09-17 03:00:00,-2813.632161411548,-5712.000840623994,-6011.366997964458
2023-09-17 04:00:00,-2994.6011420072555,-6079.388938992532,-6398.009919000213
2023-09-17 05:00:00,-3137.4408293651504,-6369.370133212832,-6703.1890374220175
2023-09-17 06:00:00,-3165.892637009609,-6427.13061498842,-6763.976748001971
2023-09-17 07:00:00,-3101.440582957876,-6296.285441986577,-6626.2739750555465
2023-09-17 08:00:00,-3061.375792601393,-6214.94925336381,-6540.674954034796
2023-09-17 09:00:00,-3055.7628509572482,-6203.554328387674,-6528.682820655078
2023-09-17 10:00:00,-3066.21453539807,-6224.772464550135,-6551.013000051796
2023-09-17 11:00:00,-3026.7303941771884,-6144.6150612697265,-6466.6545445530855
2023-09-17 12:00:00,-3003.1173293294064,-6096.677790680463,-6416.204879990131
2023-09-17 13:00:00,-2998.4721362445966,-6087.247507941591,-6406.280355813812
2023-09-17 14:00:00,-3065.633886262469,-6223.5936792077755,-6549.772434529756
2023-09-17 15:00:00,-3132.989185992208,-6360.332778921414,-6693.678035086379
2023-09-17 16:00:00,-3324.2163013168697,-6748.546085004959,-7102.237613678171
2023-09-17 17:00:00,-3306.990376960701,-6713.575453181644,-7065.434169857655
2023-09-17 18:00:00,-3106.0857760426857,-6305.715724725449,-6636.198499231866
2023-09-17 19:00:00,-2840.9226707848043,-5767.4037517148645,-6069.673577500332
2023-09-17 20:00:00,-2653.372999985617,-5386.656086132925,-5668.970913881459
2023-09-17 21:00:00,-2508.0171663734495,-5091.566822095736,-5358.416011530815
2023-09-17 22:00:00,-2385.6937484734635,-4843.236043305451,-5097.0702082210855
2023-09-17 23:00:00,-2348.725753506854,-4768.186709841932,-5018.087536651215
2023-09-18 00:00:00,-2381.8227542361224,-4835.377474356392,-5088.799771407486
2023-09-18 01:00:00,-2412.98425784672,-4898.638954396321,-5155.376787756958
2023-09-18 02:00:00,-2527.3721375601563,-5130.859666841034,-5399.76819559881
2023-09-18 03:00:00,-2848.858208971354,-5783.513818060436,-6086.627972968209
2023-09-18 04:00:00,-3042.601470550288,-6176.835193960871,-6500.563335488841
2023-09-18 05:00:00,-3141.3118236024916,-6377.228702161891,-6711.459474235617
2023-09-18 06:00:00,-3153.118356026383,-6401.197337456523,-6736.684306517093
2023-09-18 07:00:00,-3088.6663019746497,-6270.352164454681,-6598.98153357067
2023-09-18 08:00:00,-3018.4077565669045,-6127.719138029248,-6448.873105403847
2023-09-18 09:00:00,-3031.1820375501306,-6153.652415561145,-6476.165546888724
2023-09-18 10:00:00,-3027.5045930246565,-6146.186775059538,-6468.308631915805
2023-09-18 11:00:00,-3089.634050533985,-6272.316806691945,-6601.04914277407
2023-09-18 12:00:00,-3040.278874007883,-6172.1200525914355,-6495.601073400682
2023-09-18 13:00:00,-3044.1498682452243,-6179.978621540495,-6503.8715102142805
2023-09-18 14:00:00,-3091.3759979407887,-6275.853162719022,-6604.770839340189
2023-09-18 15:00:00,-3158.924847382395,-6412.985190880113,-6749.089961737493
2023-09-18 16:00:00,-3351.5068106901263,-6803.94899609583,-7160.544193214044
2023-09-18 17:00:00,-3314.9259151472506,-6729.6855195272165,-7082.388565325534
2023-09-18 18:00:00,-3110.7309691274954,-6315.14600746432,-6646.123023408184
2023-09-18 19:00:00,-2871.890624683535,-5830.272303307341,-6135.837072009123
2023-09-18 20:00:00,-2666.9214798163116,-5414.161077454633,-5697.9174427290545
2023-09-18 21:00:00,-2524.2753421702832,-5124.572811681786,-5393.151846147931
2023-09-18 22:00:00,-2460.016837830417,-4994.1205671273965,-5255.8625950421865
2023-09-18 23:00:00,-2393.2421872362793,-4858.560252756118,-5113.197560007603
2023-09-19 00:00:00,-2381.6292045242553,-4834.984545908938,-5088.386249566806
2023-09-19 01:00:00,-2430.403731914756,-4934.0025146670905,-5192.593753418154
2023-09-19 02:00:00,-2571.6950215777147,-5220.840281307766,-5494.4646971145185
2023-09-19 03:00:00,-2869.955127564864,-5826.343018832811,-6131.701853602324
2023-09-19 04:00:00,-3001.7624813463367,-6093.927291548292,-6413.310227105371
2023-09-19 05:00:00,-3102.9889806528126,-6299.428869566201,-6629.582149780987
2023-09-19 06:00:00,-3082.085611771169,-6256.992597241279,-6584.9217909875515
2023-09-19 07:00:00,-3037.375628329877,-6166.226125879641,-6489.398245790482
2023-09-19 08:00:00,-2976.988118227352,-6043.63245027431,-6360.379431498338
2023-09-19 09:00:00,-3000.2140836514004,-6090.783863968668,-6410.002052379932
2023-09-19 10:00:00,-3056.924149228451,-6205.911899072392,-6531.163951699158
2023-09-19 11:00:00,-3020.3432536855753,-6131.648422503778,-6453.008323810647
2023-09-19 12:00:00,-3045.3111665164265,-6182.3361922252125,-6506.352641258361
2023-09-19 13:00:00,-3013.5690137702277,-6117.8959268429235,-6438.535059386849
2023-09-19 14:00:00,-3096.9889395849336,-6287.248087695159,-6616.762972719907
2023-09-19 15:00:00,-3217.183310654382,-6531.2566535634605,-6873.560035782158
2023-09-19 16:00:00,-3405.1200808773037,-6912.790176040306,-7275.089743082391
2023-09-19 17:00:00,-3352.4745592494614,-6805.913638333094,-7162.611802417444
2023-09-19 18:00:00,-3163.7635901790713,-6422.808402066437,-6759.428007754491
2023-09-19 19:00:00,-2925.6974445825795,-5939.50641169927,-6250.79614371815
2023-09-19 20:00:00,-2716.0831066305464,-5513.964903107691,-5802.951990261763
2023-09-19 21:00:00,-2528.533435831359,-5133.217237525751,-5402.249326642889
2023-09-19 22:00:00,-2465.629779474562,-5005.515492103533,-5267.854728421905
2023-09-19 23:00:00,-2449.3716036777287,-4972.509502517482,-5233.118893804789
2023-09-20 00:00:00,-2454.016796762538,-4981.939785256353,-5243.043417981108
2023-09-20 01:00:00,-2502.2106750174376,-5079.778968672146,-5346.010356310416
2023-09-20 02:00:00,-2644.082613815998,-5367.7955206551815,-5649.12186552882
2023-09-20 03:00:00,-2912.1489647518847,-5912.001420377561,-6221.8496148705535
2023-09-20 04:00:00,-3120.0213552971145,-6334.006572942064,-6665.972071760822
2023-09-20 05:00:00,-3160.4732450773313,-6416.128618459737,-6752.398136462932
2023-09-20 06:00:00,-3180.408865399639,-6456.600248547394,-6794.990886052967
2023-09-20 07:00:00,-3147.698964094105,-6390.19534092784,-6725.105694978055
2023-09-20 08:00:00,-3105.3115771952175,-6304.144010935637,-6634.544411869146
2023-09-20 09:00:00,-3183.8927602132467,-6463.672960601548,-6802.434279185206
2023-09-20 10:00:00,-3134.7311333990115,-6363.86913494849,-6697.399731652498
2023-09-20 11:00:00,-3137.2472796532834,-6368.977204765379,-6702.7755155813375
2023-09-20 12:00:00,-3159.699046229863,-6414.556904669925,-6750.744049100212
2023-09-20 13:00:00,-3139.182776771954,-6372.906489239908,-6706.9107339881375
2023-09-20 14:00:00,-3205.376778230491,-6507.288018268829,-6848.335203500681
2023-09-20 15:00:00,-3301.183885604689,-6701.787599758054,-7053.028514637257
2023-09-20 16:00:00,-3465.1204915560943,-7034.597994750729,-7403.281513693176
2023-09-20 17:00:00,-3414.60401675879,-6932.043669965502,-7295.352313275708
2023-09-20 18:00:00,-3243.312521756436,-6584.301993969613,-6929.385484273951
2023-09-20 19:00:00,-2998.0850368208626,-6086.461651046685,-6405.453312132452
2023-09-20 20:00:00,-2838.9871736661335,-5763.474467240334,-6065.538359093532
2023-09-20 21:00:00,-2638.856771595587,-5357.186452573951,-5637.956775830462
2023-09-20 22:00:00,-2568.5982261878416,-5214.553426148519,-5487.848347663639
2023-09-20 23:00:00,-2502.0171253055705,-5079.386040224694,-5345.596834469736
2023-09-21 00:00:00,-2486.9202477799395,-5048.737621323361,-5313.3421308967
2023-09-21 01:00:00,-2507.2429675259814,-5089.995108305924,-5356.761924168095
2023-09-21 02:00:00,-2533.3721786280353,-5143.040448712076,-5412.587372659888
2023-09-21 03:00:00,-2655.308497104287,-5390.585370607455,-5673.106132288258
2023-09-21 04:00:00,-2788.2771491569624,-5660.527214007653,-5957.195636835385
2023-09-21 05:00:00,-2946.0201643286214,-5980.763898681833,-6294.215936989545
2023-09-21 06:00:00,-2980.084913617225,-6049.919305433558,-6366.995780949217
2023-09-21 07:00:00,-2973.310673701878,-6036.166809772703,-6352.522516525419
2023-09-21 08:00:00,-2933.4394330572622,-5955.223549597389,-6267.337017345349
2023-09-21 09:00:00,-2932.471684497927,-5953.258907360125,-6265.269408141949
2023-09-21 10:00:00,-2940.2136729726094,-5968.976045258244,-6281.810281769147
2023-09-21 11:00:00,-2941.762070667546,-5972.119472837868,-6285.118456494586
2023-09-21 12:00:00,-2943.1169186506154,-5974.869971970038,-6288.013109379346
2023-09-21 13:00:00,-3013.1819143464936,-6117.110069948018,-6437.708015705489
2023-09-21 14:00:00,-3072.408126177816,-6237.34617486863,-6564.245698953554
2023-09-21 15:00:00,-3160.086145653597,-6415.342761564831,-6751.571092781572
2023-09-21 16:00:00,-3293.054797706272,-6685.284604965029,-7035.660597328699
2023-09-21 17:00:00,-3272.344978536496,-6643.24126108756,-6991.413760375944
2023-09-21 18:00:00,-3093.311495059459,-6279.782447193552,-6608.906057746989
2023-09-21 19:00:00,-2908.6650699382776,-5904.928708323408,-6214.406221738314
2023-09-21 20:00:00,-2740.27682061393,-5563.080959039314,-5854.642220346756
2023-09-21 21:00:00,-2585.2435014084094,-5248.345272629475,-5523.411225962115
2023-09-21 22:00:00,-2506.8558681022473,-5089.209251411018,-5355.934880486735
2023-09-21 23:00:00,-2438.532819813173,-4950.505509460116,-5209.961670726712
2023-09-22 00:00:00,-2410.274561880581,-4893.13795613198,-5149.587481987439
2023-09-22 01:00:00,-2433.694077016496,-4940.68229827379,-5199.623624709713
2023-09-22 02:00:00,-2490.2105928816795,-5055.417404930062,-5320.372002188259
2023-09-22 03:00:00,-2580.0176591879986,-5237.736204548245,-5512.246136263757
2023-09-22 04:00:00,-2706.5991707490602,-5494.711409182495,-5782.689420068445
2023-09-22 05:00:00,-2881.374560565021,-5849.525797232537,-6156.099642202442
2023-09-22 06:00:00,-2955.117000786374,-5999.231535712123,-6313.651463501503
2023-09-22 07:00:00,-2980.4720130409596,-6050.705162328464,-6367.822824630577
2023-09-22 08:00:00,-2898.213385497456,-5883.710572160947,-6192.076042341598
2023-09-22 09:00:00,-2875.374519497142,-5837.345015361495,-6143.280465141363
2023-09-22 10:00:00,-2869.56802814113,-5825.557161937905,-6130.874809920964
2023-09-22 11:00:00,-2844.0194661746773,-5773.690606874112,-6076.289926951211
2023-09-22 12:00:00,-2867.051881886858,-5820.449092121016,-6125.499025992125
2023-09-22 13:00:00,-2922.6006491927064,-5933.2195565400225,-6244.179794267271
2023-09-22 14:00:00,-2996.92373854966,-6084.104080361967,-6402.972181088373
2023-09-22 15:00:00,-3123.6987998225886,-6341.472213443671,-6673.828986733741
2023-09-22 16:00:00,-3371.442431012434,-6844.420626183487,-7203.136942804079
2023-09-22 17:00:00,-3347.829366164652,-6796.483355594223,-7152.687278241126
2023-09-22 18:00:00,-3158.1506485349264,-6411.413477090301,-6747.4358743747725
2023-09-22 19:00:00,-2867.8260807343268,-5822.020805910828,-6127.153113354845
2023-09-22 20:00:00,-2684.3409538843475,-5449.524637725402,-5735.13440839025
2023-09-22 21:00:00,-2529.694734102561,-5135.574808210469,-5404.730457686969
2023-09-22 22:00:00,-2456.726492728677,-4987.440783520696,-5248.832723750627
2023-09-22 23:00:00,-2392.661538100678,-4857.381467413758,-5111.956994485563
2023-09-23 00:00:00,-2402.3390236940313,-4877.027889786408,-5132.6330865195605
2023-09-23 01:00:00,-2454.9845453218736,-4983.904427493619,-5245.111027184508
2023-09-23 02:00:00,-2614.4695079003363,-5307.6774681948755,-5585.853023904788
2023-09-23 03:00:00,-2960.3428430067843,-6009.840603793354,-6324.816553199862
2023-09-23 04:00:00,-3158.1506485349264,-6411.413477090301,-6747.4358743747725
2023-09-23 05:00:00,-3259.9577969770035,-6618.09384045057,-6964.948362572427
2023-09-23 06:00:00,-3269.44173285849,-6637.347334375765,-6985.2109327657445
2023-09-23 07:00:00,-3244.2802703157713,-6586.266636206878,-6931.453093477351
2023-09-23 08:00:00,-3155.0538531450534,-6405.126621931053,-6740.819524923893
2023-09-23 09:00:00,-3125.2471975175254,-6344.615641023294,-6677.137161459181
2023-09-23 10:00:00,-3147.505414382238,-6389.802412480387,-6724.692173137375
2023-09-23 11:00:00,-3167.247484992679,-6429.8811141205915,-6766.87140088673
2023-09-23 12:00:00,-3161.634543348534,-6418.486189144454,-6754.879267507012
2023-09-23 13:00:00,-3157.5699993993253,-6410.234691747942,-6746.1953088527325
2023-09-23 14:00:00,-3238.0866795360253,-6573.692925888382,-6918.220394575593
2023-09-23 15:00:00,-3392.345799894077,-6886.856898508408,-7247.797301597514
2023-09-23 16:00:00,-3577.185774727126,-7262.103565826006,-7642.710659446868
2023-09-23 17:00:00,-3555.8953064217485,-7218.881436606178,-7597.223256972074
2023-09-23 18:00:00,-3326.7324475711416,-6753.654154821848,-7107.6133976070105
2023-09-23 19:00:00,-3043.182119685889,-6178.0139793032295,-6501.803901010881
2023-09-23 20:00:00,-2805.8901729368654,-5696.283702725875,-5994.82612433726
2023-09-23 21:00:00,-2615.0501570359374,-5308.856253537235,-5587.093589426828
2023-09-23 22:00:00,-2535.69477517044,-5147.755590081512,-5417.5496347480475
2023-09-23 23:00:00,-2500.6622773225013,-5076.6355410925225,-5342.702181584977
2023-09-24 00:00:00,-2506.6623183903803,-5088.816322963565,-5355.521358646055
2023-09-24 01:00:00,-2549.436804713002,-5175.653509850674,-5446.909685436324
2023-09-24 02:00:00,-2724.4057442408302,-5530.860826348169,-5820.7334294110005
2023-09-24 03:00:00,-2996.92373854966,-6084.104080361967,-6402.972181088373
2023-09-24 04:00:00,-3195.6992926371377,-6487.64159589618,-6827.6591114666835
2023-09-24 05:00:00,-3295.764493672411,-6690.785603229371,-7041.449903098218
2023-09-24 06:00:00,-3269.054633434756,-6636.561477480859,-6984.3838890843845
2023-09-24 07:00:00,-3213.1187667051736,-6523.005156166948,-6864.8760771278785
2023-09-24 08:00:00,-3113.0535656699,-6319.8611488337565,-6651.085285496344
2023-09-24 09:00:00,-3079.3759158050307,-6251.491598976937,-6579.132485218032
2023-09-24 10:00:00,-3086.343705432245,-6265.637023085244,-6594.019271482511
2023-09-24 11:00:00,-3079.5694655168977,-6251.88452742439,-6579.546007058712
2023-09-24 12:00:00,-3114.9890627885707,-6323.790433308286,-6655.220503903143
2023-09-24 13:00:00,-3147.892513805972,-6390.588269375293,-6725.519216818735
2023-09-24 14:00:00,-3216.0220123831796,-6528.899082878743,-6871.078904738078
2023-09-24 15:00:00,-3413.4427184875876,-6929.686099280783,-7292.871182231629
2023-09-24 16:00:00,-3573.5083302016515,-7254.6379253243995,-7634.853744473949
2023-09-24 17:00:00,-3561.7017977777605,-7230.669290029768,-7609.628912192472
2023-09-24 18:00:00,-3321.893704774465,-6743.830943635523,-7097.275351590011
2023-09-24 19:00:00,-3047.8273127706984,-6187.444262042101,-6511.7284251872
2023-09-24 20:00:00,-2819.632202479427,-5724.181622495036,-6024.186175025537
2023-09-24 21:00:00,-2652.5988011381487,-5385.084372343113,-5667.316826518739
2023-09-24 22:00:00,-2555.630395492748,-5188.227220169169,-5460.142384338083
2023-09-24 23:00:00,-2486.9202477799395,-5048.737621323361,-5313.3421308967
2023-09-25 00:00:00,-2530.6624826618963,-5137.539450447734,-5406.798066890369
2023-09-25 01:00:00,-2570.146623882778,-5217.696853728143,-5491.156522389079
2023-09-25 02:00:00,-2709.5024164270662,-5500.60533589429,-5788.892247678645
2023-09-25 03:00:00,-3025.3755461941187,-6141.864562137555,-6463.7598916683255
2023-09-25 04:00:00,-3240.40927607843,-6578.408067257818,-6923.182656663752
2023-09-25 05:00:00,-3322.8614533338005,-6745.795585872788,-7099.342960793411
2023-09-25 06:00:00,-3267.119136316085,-6632.6321930063295,-6980.248670677585
2023-09-25 07:00:00,-3174.989473467361,-6445.59825201871,-6783.412274513928
2023-09-25 08:00:00,-3125.6342969412594,-6345.4014979182,-6677.964205140541
2023-09-25 09:00:00,-3118.4729576021778,-6330.863145362439,-6662.663897035382
2023-09-25 10:00:00,-3130.279490026069,-6354.831780657071,-6687.888729316859
2023-09-25 11:00:00,-3151.182858907712,-6397.268052981994,-6732.549088110294
2023-09-25 12:00:00,-3184.666959060715,-6465.24467439136,-6804.088366547926
2023-09-25 13:00:00,-3194.925093789669,-6486.069882106367,-6826.0050241039635
2023-09-25 14:00:00,-3247.3770657056443,-6592.553491366126,-6938.06944292823
2023-09-25 15:00:00,-3421.5718063860045,-6946.1890940738085,-7310.2390995401865
2023-09-25 16:00:00,-3567.5082891337725,-7242.457143453357,-7622.03456741287
2023-09-25 17:00:00,-3510.411124132988,-7126.543251454727,-7500.045624412284
2023-09-25 18:00:00,-3351.7003604019933,-6804.341924543282,-7160.957715054724
2023-09-25 19:00:00,-3041.4401722790853,-6174.477623276153,-6498.082204444761
2023-09-25 20:00:00,-2819.632202479427,-5724.181622495036,-6024.186175025537
2023-09-25 21:00:00,-2660.921438748432,-5401.980295583591,-5685.098265667976
2023-09-25 22:00:00,-2551.3723018316728,-5179.582794325203,-5451.044903843123
2023-09-25 23:00:00,-2493.1138385596855,-5061.311331641856,-5326.574829798458
2023-09-26 00:00:00,-2595.6951858492307,-5269.563408791936,-5545.741405358833
2023-09-26 01:00:00,-2532.017330644966,-5140.289949579906,-5409.692719775128
2023-09-26 02:00:00,-2675.4376671384625,-5431.4499291425645,-5716.112403718973
2023-09-26 03:00:00,-2981.2462118884278,-6052.276876118276,-6369.476911993296
2023-09-26 04:00:00,-3232.2801881800133,-6561.905072464793,-6905.814739355194
2023-09-26 05:00:00,-3364.2810916733524,-6829.882273627726,-7187.836634698921
2023-09-26 06:00:00,-3390.797402199141,-6883.713470928785,-7244.489126872075
2023-09-26 07:00:00,-3335.0550851814255,-6770.550078062326,-7125.394836756248
2023-09-26 08:00:00,-3257.0545512989975,-6612.199913738775,-6958.745534962228
2023-09-26 09:00:00,-3252.409358214188,-6602.769630999903,-6948.821010785909
2023-09-26 10:00:00,-3262.2803935194083,-6622.808981820005,-6969.910624660586
2023-09-26 11:00:00,-3246.602866858176,-6590.981777576313,-6936.41535556551
2023-09-26 12:00:00,-3271.3772299771604,-6641.276618850296,-6989.3461511725445
2023-09-26 13:00:00,-3289.958002316399,-6678.9977498057815,-7029.0442478778195
2023-09-26 14:00:00,-3321.893704774465,-6743.830943635523,-7097.275351590011
2023-09-26 15:00:00,-3493.959398624287,-7093.1443334212245,-7464.896267954488
2023-09-26 16:00:00,-3611.444073727597,-7331.651901025184,-7715.90402524722
2023-09-26 17:00:00,-3548.1533179470657,-7203.164298708059,-7580.682383344875
2023-09-26 18:00:00,-3327.5066464186098,-6755.22586861166,-7109.2674849697305
2023-09-26 19:00:00,-3076.4726701270247,-6245.597672265143,-6572.929657607833
2023-09-26 20:00:00,-2858.34214485284,-5802.767311985633,-6106.890543161528
2023-09-26 21:00:00,-2682.4054567656767,-5445.595353250872,-5730.999189983451
2023-09-26 22:00:00,-2560.469138289425,-5198.050431355494,-5470.480430355082
2023-09-26 23:00:00,-2544.210962492591,-5165.044441769443,-5435.744595737966
2023-09-27 00:00:00,-2548.856155577401,-5174.4747245083145,-5445.669119914284
2023-09-27 01:00:00,-2597.6306829679015,-5273.492693266467,-5549.876623765632
2023-09-27 02:00:00,-2718.212153461084,-5518.287116029674,-5807.500730509242
2023-09-27 03:00:00,-3029.4400901433273,-6150.116059534068,-6472.443850322605
2023-09-27 04:00:00,-3229.7640419257414,-6556.797002647904,-6900.438955426354
2023-09-27 05:00:00,-3337.1841320119634,-6774.872290984309,-7129.943577003728
2023-09-27 06:00:00,-3336.9905823000963,-6774.479362536856,-7129.530055163048
2023-09-27 07:00:00,-3318.0227105371237,-6735.972374686464,-7089.004914776413
2023-09-27 08:00:00,-3237.1189309766896,-6571.728283651118,-6916.152785372193
2023-09-27 09:00:00,-3234.2156852986836,-6565.834356939323,-6909.949957761994
2023-09-27 10:00:00,-3241.9576737733664,-6581.551494837442,-6926.490831389192
2023-09-27 11:00:00,-3244.6673697395054,-6587.0524931017835,-6932.280137158711
2023-09-27 12:00:00,-3201.1186845694156,-6498.643592424863,-6839.237723005722
2023-09-27 13:00:00,-3213.5058661289077,-6523.791013061854,-6865.7031208092385
2023-09-27 14:00:00,-3275.054674502635,-6648.742259351902,-6997.203066145464
2023-09-27 15:00:00,-3409.184624826512,-6921.041673436818,-7283.77370173667
2023-09-27 16:00:00,-3483.507714183466,-7071.926197258763,-7442.566088557772
2023-09-27 17:00:00,-3423.1202040809408,-6949.332521653433,-7313.547274265627
2023-09-27 18:00:00,-3252.7964576379222,-6603.555487894809,-6949.648054467269
2023-09-27 19:00:00,-3024.6013473466505,-6140.2928483477435,-6462.1058043056055
2023-09-27 20:00:00,-2840.53557136107,-5766.617894819959,-6068.846533818972
2023-09-27 21:00:00,-2675.8247665621966,-5432.2357860374705,-5716.939447400333
2023-09-27 22:00:00,-2580.7918580354667,-5239.307918338057,-5513.900223626477
2023-09-27 23:00:00,-2562.4046354080956,-5201.979715830023,-5474.615648761881
2023-09-28 00:00:00,-2516.7269034074675,-5109.24860223112,-5377.0244943614125
2023-09-28 01:00:00,-2531.630231221232,-5139.504092685,-5408.865676093768
2023-09-28 02:00:00,-2637.6954733243842,-5354.828881889233,-5635.475644786382
2023-09-28 03:00:00,-2727.5025396307033,-5537.147681507417,-5827.34977886188
2023-09-28 04:00:00,-2886.987502209166,-5860.920722208673,-6168.09177558216
2023-09-28 05:00:00,-3084.408208313574,-6261.707738610715,-6589.884053075711
2023-09-28 06:00:00,-3138.0214785007515,-6370.5489185551905,-6704.4296029440575
2023-09-28 07:00:00,-3128.7310923311325,-6351.688353077448,-6684.58055459142
2023-09-28 08:00:00,-3043.569219109623,-6178.799836198135,-6502.630944692241
2023-09-28 09:00:00,-2963.633188108525,-6016.5203874000545,-6331.846424491421
2023-09-28 10:00:00,-2975.633270244283,-6040.881951142139,-6357.484778613578
2023-09-28 11:00:00,-2978.3429662104218,-6046.382949406481,-6363.274084383097
2023-09-28 12:00:00,-3014.5367623295633,-6119.860569080189,-6440.602668590248
2023-09-28 13:00:00,-3028.2787918721247,-6147.75848884935,-6469.962719278525
2023-09-28 14:00:00,-3132.989185992208,-6360.332778921414,-6693.678035086379
2023-09-28 15:00:00,-3305.4419792657645,-6710.43202560202,-7062.125995132215
2023-09-28 16:00:00,-3410.1523733858476,-6923.006315674083,-7285.84131094007
2023-09-28 17:00:00,-3348.9906644358543,-6798.840926278941,-7155.168409285205
2023-09-28 18:00:00,-3182.34436251831,-6460.529533021923,-6799.126104459767
2023-09-28 19:00:00,-2968.084831481467,-6025.557741691473,-6341.3574268270595
2023-09-28 20:00:00,-2790.1158714196995,-5664.2600342584565,-5961.1240943218445
2023-09-28 21:00:00,-2612.1469113579315,-5302.96232682544,-5580.890761816629
2023-09-28 22:00:00,-2530.4689329500293,-5137.146522000282,-5406.384545049689
2023-09-28 23:00:00,-2471.8233702543084,-5018.089202422028,-5281.087427323663
2023-09-29 00:00:00,-2456.726492728677,-4987.440783520696,-5248.832723750627
2023-09-29 01:00:00,-2485.9524992206043,-5046.772979086096,-5311.2745216933
2023-09-29 02:00:00,-2549.436804713002,-5175.653509850674,-5446.909685436324
2023-09-29 03:00:00,-2583.3080042897386,-5244.415988154946,-5519.276007555316
2023-09-29 04:00:00,-2708.3411181558636,-5498.247765209571,-5786.411116634565
2023-09-29 05:00:00,-2885.826203937964,-5858.563151523956,-6165.61064453808
2023-09-29 06:00:00,-2970.988077159473,-6031.451668403268,-6347.56025443726
2023-09-29 07:00:00,-2977.181667939219,-6044.025378721763,-6360.792953339018
2023-09-29 08:00:00,-2973.117123990011,-6035.773881325251,-6352.108994684739
2023-09-29 09:00:00,-2939.245924413274,-5967.011403020979,-6279.742672565747
2023-09-29 10:00:00,-2929.3748891080536,-5946.9720522008765,-6258.653058691069
2023-09-29 11:00:00,-2934.2136319047304,-5956.795263387201,-6268.991104708069
2023-09-29 12:00:00,-2942.3427198031472,-5973.298258180226,-6286.359022016626
2023-09-29 13:00:00,-2965.762234939062,-6020.8426003220375,-6336.3951647389
2023-09-29 14:00:00,-3078.408167245695,-6249.526956739673,-6577.064876014632
2023-09-29 15:00:00,-3255.8932530277953,-6609.842343054057,-6956.264403918148
2023-09-29 16:00:00,-3381.5070160295213,-6864.852905451042,-7224.640078519436
2023-09-29 17:00:00,-3335.6357343170266,-6771.728863404685,-7126.635402278288
2023-09-29 18:00:00,-3174.021724908026,-6443.633609781446,-6781.344665310528
2023-09-29 19:00:00,-2910.2134676332143,-5908.072135903031,-6217.714396463754
2023-09-29 20:00:00,-2734.663878969785,-5551.686034063177,-5842.650086967038
2023-09-29 21:00:00,-2559.114290306355,-5195.299932223323,-5467.585777470322
2023-09-29 22:00:00,-2445.887708864121,-4965.436790463328,-5225.67550067255
2023-09-29 23:00:00,-2466.9846274576316,-5008.265991235704,-5270.749381306665
2023-09-30 00:00:00,-2454.210346474405,-4982.332713703807,-5243.456939821788
2023-09-30 01:00:00,-2515.178505712531,-5106.105174651496,-5373.7163196359725
2023-09-30 02:00:00,-2664.7924329857738,-5409.83886453265,-5693.368702481575
2023-09-30 03:00:00,-2972.730024566277,-6034.988024430345,-6351.281951003379
2023-09-30 04:00:00,-3099.1179864154715,-6291.570300617142,-6621.311712967387
2023-09-30 05:00:00,-3206.7316262135605,-6510.038517400999,-6851.22985638544
2023-09-30 06:00:00,-3237.5060304004237,-6572.514140546024,-6916.979829053553
2023-09-30 07:00:00,-3191.054099552328,-6478.211313157308,-6817.734587290364
2023-09-30 08:00:00,-3104.537378347749,-6302.572297145825,-6632.890324506426
2023-09-30 09:00:00,-3090.214699669586,-6273.4955920343045,-6602.289708296109
2023-09-30 10:00:00,-3098.343787568003,-6289.99858682733,-6619.657625604667
2023-09-30 11:00:00,-3083.634009466106,-6260.136024820903,-6588.229965712991
2023-09-30 12:00:00,-3088.859851686517,-6270.745092902133,-6599.39505541135
2023-09-30 13:00:00,-3126.2149460768605,-6346.580283260559,-6679.204770662581
2023-09-30 14:00:00,-3203.6348308236875,-6503.751662241752,-6844.613506934561
2023-09-30 15:00:00,-3392.926449029678,-6888.035683850768,-7249.037867119554
2023-09-30 16:00:00,-3471.7011817595744,-7047.957561964131,-7417.341256276294
2023-09-30 17:00:00,-3414.991116182524,-6932.829526860408,-7296.179356957068
2023-09-30 18:00:00,-3209.6348718915665,-6515.932444112794,-6857.432683995639
2023-09-30 19:00:00,-2972.1493754306757,-6033.809239087986,-6350.041385481339
2023-09-30 20:00:00,-2755.373698139561,-5593.729377940646,-5886.896923919793
2023-09-30 21:00:00,-2584.0822031372068,-5245.987701944758,-5520.930094918036
2023-09-30 22:00:00,-2502.984873864906,-5081.350682461958,-5347.664443673136
2023-09-30 23:00:00,-2466.5975280338976,-5007.480134340798,-5269.922337625305
2023-10-01 00:00:00,-2442.984463186115,-4959.542863751534,-5219.472673062351
2023-10-01 01:00:00,-2494.6622362546223,-5064.45475922148,-5329.883004523898
2023-10-01 02:00:00,-2663.244035290837,-5406.695436953027,-5690.060527756136
2023-10-01 03:00:00,-2972.1493754306757,-6033.809239087986,-6350.041385481339
2023-10-01 04:00:00,-3104.150278924015,-6301.786440250919,-6632.063280825066
2023-10-01 05:00:00,-3189.5057018573916,-6475.067885577684,-6814.426412564924
2023-10-01 06:00:00,-3180.215315687772,-6456.207320099941,-6794.577364212287
2023-10-01 07:00:00,-3150.215110348377,-6395.303410744728,-6730.481478906894
2023-10-01 08:00:00,-3078.601716957562,-6249.919885187125,-6577.478397855312
2023-10-01 09:00:00,-3047.8273127706984,-6187.444262042101,-6511.7284251872
2023-10-01 10:00:00,-3037.762727753611,-6167.011982774547,-6490.225289471842
2023-10-01 11:00:00,-2995.3753408547236,-6080.9606527823435,-6399.664006362933
2023-10-01 12:00:00,-3036.988528906143,-6165.440268984735,-6488.571202109123
2023-10-01 13:00:00,-3043.9563185333573,-6179.585693093042,-6503.4579883736005
2023-10-01 14:00:00,-3140.3440750431564,-6375.264059924627,-6709.391865032217
2023-10-01 15:00:00,-3312.4097688929787,-6724.5774497103275,-7077.012781396694
2023-10-01 16:00:00,-3467.636637810366,-7039.706064567618,-7408.657297622015
2023-10-01 17:00:00,-3409.184624826512,-6921.041673436818,-7283.77370173667
2023-10-01 18:00:00,-3232.4737378918803,-6562.298000912246,-6906.2282611958735
2023-10-01 19:00:00,-2968.859030328935,-6027.129455481285,-6343.0115141897795
2023-10-01 20:00:00,-2747.244610241144,-5577.226383147621,-5869.529006611235
2023-10-01 21:00:00,-2553.6948983740776,-5184.29793569464,-5456.007165931283
2023-10-01 22:00:00,-2447.436106559058,-4968.580218042953,-5228.98367539799
2023-10-01 23:00:00,-2424.21014113501,-4921.428804348595,-5179.361054516396
2023-10-02 00:00:00,-2412.0165092873845,-4896.674312159057,-5153.309178553559
2023-10-02 01:00:00,-2440.8554163555777,-4955.220650829551,-5214.9239328148715
2023-10-02 02:00:00,-2627.824438019164,-5334.789531069131,-5614.386030911704
2023-10-02 03:00:00,-2941.181421531945,-5970.940687495508,-6283.877890972547
2023-10-02 04:00:00,-3075.892020991423,-6244.418886922784,-6571.689092085793
2023-10-02 05:00:00,-3131.6343380091384,-6357.582279789242,-6690.783382201619
2023-10-02 06:00:00,-3047.0531139232303,-6185.87254825229,-6510.074337824481
2023-10-02 07:00:00,-2995.3753408547236,-6080.9606527823435,-6399.664006362933
2023-10-02 08:00:00,-2896.8585375143866,-5880.960073028776,-6189.181389456838
2023-10-02 09:00:00,-2874.21322122594,-5834.987444676777,-6140.7993340972835
2023-10-02 10:00:00,-2898.019835785589,-5883.317643713493,-6191.662520500918
2023-10-02 11:00:00,-2890.2778473109065,-5867.600505815374,-6175.121646873719
2023-10-02 12:00:00,-2931.1168365148574,-5950.508408227954,-6262.3747552571895
2023-10-02 13:00:00,-3006.9883235667476,-6104.536359629522,-6424.4753168037305
2023-10-02 14:00:00,-3088.6663019746497,-6270.352164454681,-6598.98153357067
2023-10-02 15:00:00,-3287.441856062127,-6673.889679988893,-7023.66846394898
2023-10-02 16:00:00,-3421.9589058097386,-6946.974950968714,-7311.066143221547
2023-10-02 17:00:00,-3345.8938690459813,-6792.554071119693,-7148.5520598343255
2023-10-02 18:00:00,-3186.021807043784,-6467.99517352353,-6806.983019432685
2023-10-02 19:00:00,-2926.0845440063135,-5940.292268594176,-6251.62318739951
2023-10-02 20:00:00,-2737.954224071525,-5558.365817669878,-5849.679958258597
2023-10-02 21:00:00,-2535.888324882307,-5148.148518528965,-5417.9631565887275
2023-10-02 22:00:00,-2472.4040193899095,-5019.267987764387,-5282.327992845703
2023-10-02 23:00:00,-2440.8554163555777,-4955.220650829551,-5214.9239328148715
2023-10-03 00:00:00,-2444.726410592919,-4963.07921977861,-5223.194369628471
2023-10-03 01:00:00,-2458.6619898473477,-4991.370067995225,-5252.9679421574265
2023-10-03 02:00:00,-2645.824561222801,-5371.331876682259,-5652.84356209494
2023-10-03 03:00:00,-2954.1492522270382,-5997.266893474858,-6311.583854298104
2023-10-03 04:00:00,-3118.4729576021778,-6330.863145362439,-6662.663897035382
2023-10-03 05:00:00,-3196.2799417727388,-6488.820381238538,-6828.899676988723
2023-10-03 06:00:00,-3235.9576327054874,-6569.3707129664,-6913.671654328113
2023-10-03 07:00:00,-3176.344321450431,-6448.348751150881,-6786.306927398688
2023-10-03 08:00:00,-3102.4083315172115,-6298.250084223842,-6628.341584258947
2023-10-03 09:00:00,-3099.3115361273385,-6291.963229064594,-6621.725234808067
2023-10-03 10:00:00,-3134.5375836871444,-6363.476206501037,-6696.986209811818
2023-10-03 11:00:00,-3160.4732450773313,-6416.128618459737,-6752.398136462932
2023-10-03 12:00:00,-3150.602209772111,-6396.089267639634,-6731.308522588254
2023-10-03 13:00:00,-3152.1506074670474,-6399.232695219259,-6734.616697313694
2023-10-03 14:00:00,-3222.6027025866597,-6542.258650092143,-6885.138647321196
2023-10-03 15:00:00,-3412.281420216385,-6927.328528596066,-7290.390051187549
2023-10-03 16:00:00,-3484.281913030934,-7073.497911048575,-7444.220175920491
2023-10-03 17:00:00,-3383.248963436325,-6868.389261478119,-7228.3617750855565
2023-10-03 18:00:00,-3192.6024972472646,-6481.3547407369315,-6821.042762015804
2023-10-03 19:00:00,-2944.084667209951,-5976.834614207303,-6290.080718582746
2023-10-03 20:00:00,-2781.309359529748,-5646.381789899346,-5942.3088505709065
2023-10-03 21:00:00,-2625.501841476759,-5330.0743896996955,-5609.423768823545
2023-10-03 22:00:00,-2508.2107160853166,-5091.959750543188,-5358.829533371494
2023-10-03 23:00:00,-2490.4041425935466,-5055.810333377514,-5320.785524028939
2023-10-04 00:00:00,-2500.6622773225013,-5076.6355410925225,-5342.702181584977
2023-10-04 01:00:00,-2501.8235755937035,-5078.99311177724,-5345.183312629056
2023-10-04 02:00:00,-2663.631134714571,-5407.481293847933,-5690.887571437495
2023-10-04 03:00:00,-2970.988077159473,-6031.451668403268,-6347.56025443726
2023-10-04 04:00:00,-3165.892637009609,-6427.13061498842,-6763.976748001971
2023-10-04 05:00:00,-3333.7002371983563,-6767.799578930155,-7122.500183871489
2023-10-04 06:00:00,-3388.474805656736,-6878.998329559349,-7239.526864783915
2023-10-04 07:00:00,-3313.377517452314,-6726.542091947592,-7079.080390600094
2023-10-04 08:00:00,-3283.377312112919,-6665.63818259238,-7014.984505294701
2023-10-04 09:00:00,-3294.4096456893417,-6688.0351040972,-7038.555250213459
2023-10-04 10:00:00,-3319.377558520193,-6738.722873818635,-7091.899567661172
2023-10-04 11:00:00,-3293.054797706272,-6685.284604965029,-7035.660597328699
2023-10-04 12:00:00,-3276.6030721975712,-6651.885686931526,-7000.511240870903
2023-10-04 13:00:00,-3250.0867616717833,-6598.054489630467,-6943.858748697749
2023-10-04 14:00:00,-3283.764411536653,-6666.424039487286,-7015.811548976061
2023-10-04 15:00:00,-3429.8944439962884,-6963.085017314287,-7328.020538689425
2023-10-04 16:00:00,-3465.7011406916954,-7035.776780093089,-7404.522079215216
2023-10-04 17:00:00,-3379.184419487117,-6860.137764081606,-7219.677816431277
2023-10-04 18:00:00,-3187.3766550268538,-6470.745672655701,-6809.877672317445
2023-10-04 19:00:00,-2950.278257989697,-5989.408324525799,-6303.3134174845045
2023-10-04 20:00:00,-2819.0515533438256,-5723.002837152677,-6022.945609503497
2023-10-04 21:00:00,-2658.4052924941607,-5396.872225766702,-5679.722481739137
2023-10-04 22:00:00,-2565.8885302217027,-5209.052427884178,-5482.05904189412
2023-10-04 23:00:00,-2536.662523729776,-5149.720232318777,-5419.617243951448
2023-10-05 00:00:00,-2482.4686044069967,-5039.7002670319425,-5303.831128561061
2023-10-05 01:00:00,-2518.081751390537,-5111.999101363291,-5379.919147246172
2023-10-05 02:00:00,-2592.7919401712247,-5263.669482080141,-5539.5385777486335
2023-10-05 03:00:00,-2688.79259725729,-5458.56199201682,-5744.64541072589
2023-10-05 04:00:00,-2869.56802814113,-5825.557161937905,-6130.874809920964
2023-10-05 05:00:00,-3112.666466246166,-6319.075291938851,-6650.258241814984
2023-10-05 06:00:00,-3212.5381175695725,-6521.826370824589,-6863.6355116058385
2023-10-05 07:00:00,-3223.376901434128,-6543.830363881956,-6886.792734683916
2023-10-05 08:00:00,-3170.537830094419,-6436.560897727291,-6773.901272178289
2023-10-05 09:00:00,-3170.924929518153,-6437.346754622197,-6774.728315859649
2023-10-05 10:00:00,-3179.05401741657,-6453.8497494152225,-6792.096233168208
2023-10-05 11:00:00,-3176.150771738564,-6447.955822703429,-6785.8934055580075
2023-10-05 12:00:00,-3184.666959060715,-6465.24467439136,-6804.088366547926
2023-10-05 13:00:00,-3209.247772467832,-6515.146587217888,-6856.605640314279
2023-10-05 14:00:00,-3290.732201163867,-6680.569463595593,-7030.69833524054
2023-10-05 15:00:00,-3433.5718885217625,-6970.550657815894,-7335.877453662344
2023-10-05 16:00:00,-3456.6043042339434,-7017.309143062798,-7385.086552703258
2023-10-05 17:00:00,-3365.829489368289,-6833.02570120735,-7191.144809424361
2023-10-05 18:00:00,-3224.1511002815964,-6545.402077671768,-6888.446822046636
2023-10-05 19:00:00,-3009.5044698210195,-6109.644429446411,-6429.85110073257
2023-10-05 20:00:00,-2837.632325683064,-5760.723968108164,-6062.6437062087725
2023-10-05 21:00:00,-2673.3086203079247,-5427.127716220582,-5711.563663471494
2023-10-05 22:00:00,-2589.1144956457506,-5256.203841578535,-5531.681662775714
2023-10-05 23:00:00,-2529.11408496696,-5134.396022868111,-5403.489892164929
2023-10-06 00:00:00,-2500.275177898767,-5075.849684197617,-5341.875137903617
2023-10-06 01:00:00,-2542.4690150857878,-5161.508085742366,-5432.022899171846
2023-10-06 02:00:00,-2608.0823674087233,-5294.710829428927,-5572.206803162349
2023-10-06 03:00:00,-2666.534380392577,-5413.3752205597275,-5697.090399047695
2023-10-06 04:00:00,-2778.986762987343,-5641.66664852991,-5937.346588482747
2023-10-06 05:00:00,-2973.697773125612,-6036.952666667609,-6353.349560206779
2023-10-06 06:00:00,-3088.0856528390486,-6269.1733791123215,-6597.74096804863
2023-10-06 07:00:00,-3093.5050447713265,-6280.175375641005,-6609.319579587668
2023-10-06 08:00:00,-3087.8921031271816,-6268.780450664869,-6597.32744620795
2023-10-06 09:00:00,-3020.5368033974423,-6132.041350951231,-6453.421845651327
2023-10-06 10:00:00,-3070.6661787710123,-6233.809818841553,-6560.524002387434
2023-10-06 11:00:00,-3083.053360330505,-6258.957239478544,-6586.9894001909515
2023-10-06 12:00:00,-3095.053442466263,-6283.318803220629,-6612.627754313108
2023-10-06 13:00:00,-3182.150812806443,-6460.136604574471,-6798.712582619087
2023-10-06 14:00:00,-3271.764329400895,-6642.0624757452015,-6990.1731948539045
2023-10-06 15:00:00,-3431.8299411149587,-6967.014301788817,-7332.155757096224
2023-10-06 16:00:00,-3548.7339670826673,-7204.343084050418,-7581.922948866915
2023-10-06 17:00:00,-3438.2170816065723,-6979.980940554766,-7345.801977838662
2023-10-06 18:00:00,-3299.8290376216196,-6699.037100625884,-7050.133861752497
2023-10-06 19:00:00,-3064.6661377031332,-6221.629036970511,-6547.704825326356
2023-10-06 20:00:00,-2835.8903782762604,-5757.187612081087,-6058.9220096426525
2023-10-06 21:00:00,-2708.1475684439965,-5497.854836762119,-5785.997594793885
2023-10-06 22:00:00,-2565.3078810861016,-5207.873642541818,-5480.81847637208
2023-10-06 23:00:00,-2561.630436560627,-5200.408002040212,-5472.961561399161
2023-10-07 00:00:00,-2562.4046354080956,-5201.979715830023,-5474.615648761881
2023-10-07 01:00:00,-2580.9854077473337,-5239.700846785509,-5514.313745467156
2023-10-07 02:00:00,-2770.857675088926,-5625.163653736885,-5919.978671174189
2023-10-07 03:00:00,-3119.2471564496464,-6332.434859152251,-6664.317984398102
2023-10-07 04:00:00,-3327.3130967067427,-6754.832940164207,-7108.8539631290505
2023-10-07 05:00:00,-3494.7335974717557,-7094.716047211036,-7466.550355317208
2023-10-07 06:00:00,-3549.5081659301354,-7205.91479784023,-7583.577036229635
2023-10-07 07:00:00,-3525.314451946752,-7156.798741908607,-7531.886806144641
2023-10-07 08:00:00,-3420.797607538536,-6944.617380283997,-7308.5850121774665
2023-10-07 09:00:00,-3470.9269829121063,-7046.385848174319,-7415.687168913574
2023-10-07 10:00:00,-3485.6367610140032,-7076.248410180746,-7447.114828805251
2023-10-07 11:00:00,-3508.8627264380516,-7123.399823875104,-7496.737449686845
2023-10-07 12:00:00,-3564.6050434557665,-7236.563216741562,-7615.831739802671
2023-10-07 13:00:00,-3516.411165200867,-7138.72403332577,-7512.8648014733635
2023-10-07 14:00:00,-3602.927886405446,-7314.363049337253,-7697.709064257301
2023-10-07 15:00:00,-3770.1548374585914,-7653.853227936629,-8054.99193460478
2023-10-07 16:00:00,-3805.3808850183973,-7725.366205373071,-8130.252909608531
2023-10-07 17:00:00,-3735.3158893225195,-7583.126107395092,-7980.558003282388
2023-10-07 18:00:00,-3541.9597271673197,-7190.590588389564,-7567.449684443117
2023-10-07 19:00:00,-3263.248142078744,-6624.77362405727,-6971.978233863986
2023-10-07 20:00:00,-3033.6981838044026,-6158.760485378034,-6481.541330817564
2023-10-07 21:00:00,-2873.6325720903387,-5833.808659334418,-6139.558768575243
2023-10-07 22:00:00,-2748.793007936081,-5580.369810727245,-5872.837181336675
2023-10-07 23:00:00,-2726.921890495102,-5535.968896165058,-5826.10921333984
2023-10-08 00:00:00,-2738.534873207126,-5559.544603012237,-5850.920523780637
2023-10-08 01:00:00,-2766.793131139718,-5616.912156340372,-5911.29471251991
2023-10-08 02:00:00,-2953.37505337957,-5995.695179685046,-6309.929766935384
2023-10-08 03:00:00,-3280.280516723046,-6659.351327433133,-7008.368155843822
2023-10-08 04:00:00,-3470.9269829121063,-7046.385848174319,-7415.687168913574
2023-10-08 05:00:00,-3528.411247336625,-7163.085597067855,-7538.50315559552
2023-10-08 06:00:00,-3534.217738692637,-7174.873450491445,-7550.9088108159185
2023-10-08 07:00:00,-3445.7655203693876,-6995.305150005432,-7361.929329625181
2023-10-08 08:00:00,-3347.0551673171835,-6794.911641804411,-7151.033190878406
2023-10-08 09:00:00,-3294.2160959774747,-6687.642175649747,-7038.141728372779
2023-10-08 10:00:00,-3298.280639926683,-6695.893673046259,-7046.825687027058
2023-10-08 11:00:00,-3336.7970325882293,-6774.086434089403,-7129.116533322368
2023-10-08 12:00:00,-3364.861740808954,-6831.0610589700855,-7189.077200220961
2023-10-08 13:00:00,-3393.700647877147,-6889.60739764058,-7250.691954482274
2023-10-08 14:00:00,-3519.120861167006,-7144.225031590112,-7518.654107242883
2023-10-08 15:00:00,-3766.090293509383,-7645.6017305401165,-8046.307975950501
2023-10-08 16:00:00,-3852.9941141376958,-7822.026603446505,-8231.9792824158
2023-10-08 17:00:00,-3803.638937611594,-7721.829849345994,-8126.531213042412
2023-10-08 18:00:00,-3602.1536875579777,-7312.791335547441,-7696.054976894582
2023-10-08 19:00:00,-3304.667780418296,-6708.860311812208,-7060.471907769496
2023-10-08 20:00:00,-3094.6663430425288,-6282.532946325723,-6611.800710631748
2023-10-08 21:00:00,-2904.4069762772024,-5896.2842824794425,-6205.308741243356
2023-10-08 22:00:00,-2759.438242088769,-5601.980875337159,-5895.580882574071
2023-10-08 23:00:00,-2757.889844393833,-5598.837447757535,-5892.272707848632
2023-10-09 00:00:00,-2747.438159953011,-5577.619311595074,-5869.942528451915
2023-10-09 01:00:00,-2794.6642896485755,-5673.493852773601,-5970.841857577823
2023-10-09 02:00:00,-2954.923451074507,-5998.83860726467,-6313.237941660823
2023-10-09 03:00:00,-3298.47418963855,-6696.286601493713,-7047.239208867737
2023-10-09 04:00:00,-3510.217574421121,-7126.150323007275,-7499.632102571604
2023-10-09 05:00:00,-3635.250688287246,-7379.9821000619,-7766.767211650854
2023-10-09 06:00:00,-3667.573490169046,-7445.601150786549,-7835.825359044406
2023-10-09 07:00:00,-3617.0570153717417,-7343.04682600132,-7727.896158626938
2023-10-09 08:00:00,-3586.282611184878,-7280.571202856297,-7662.146185958825
2023-10-09 09:00:00,-3540.6048791842504,-7187.840089257393,-7564.555031558357
2023-10-09 10:00:00,-3598.476243032503,-7305.325695045834,-7688.198061921663
2023-10-09 11:00:00,-3528.024147912891,-7162.299740172949,-7537.67611191416
2023-10-09 12:00:00,-3549.5081659301354,-7205.91479784023,-7583.577036229635
2023-10-09 13:00:00,-3529.9596450315616,-7166.229024647479,-7541.811330320959
2023-10-09 14:00:00,-3586.863260320479,-7281.749988198655,-7663.386751480865
2023-10-09 15:00:00,-3826.2842539000408,-7767.802477697994,-8174.913268401966
2023-10-09 16:00:00,-3827.445552171243,-7770.1600483827115,-8177.394399446046
2023-10-09 17:00:00,-3779.6387733400775,-7673.106721861825,-8075.2545047980975
2023-10-09 18:00:00,-3562.669546337096,-7232.633932267033,-7611.696521395872
2023-10-09 19:00:00,-3290.925750875734,-6680.962392043047,-7031.11185708122
2023-10-09 20:00:00,-3069.891979923544,-6232.2381050517415,-6558.869915024715
2023-10-09 21:00:00,-2890.6649467346406,-5868.38636271028,-6175.948690555079
2023-10-09 22:00:00,-2786.7287514620257,-5657.383786428029,-5953.887462109945
2023-10-09 23:00:00,-2730.5993350205763,-5543.434536666665,-5833.966128312759
2023-10-10 00:00:00,-2713.7605100881415,-5509.249761738255,-5797.989728173603
2023-10-10 01:00:00,-2760.0188912243707,-5603.159660679517,-5896.821448096111
2023-10-10 02:00:00,-2958.213796176247,-6005.518390871371,-6320.267812952382
2023-10-10 03:00:00,-3264.022340926212,-6626.345337847082,-6973.632321226706
2023-10-10 04:00:00,-3436.4751341997685,-6976.444584527689,-7342.080281272543
2023-10-10 05:00:00,-3581.8309678119354,-7271.533848564878,-7652.635183623187
2023-10-10 06:00:00,-3589.960055710352,-7288.036843357903,-7670.0031009317445
2023-10-10 07:00:00,-3495.701346031091,-7096.680689448301,-7468.617964520608
2023-10-10 08:00:00,-3389.055454792337,-6880.177114901708,-7240.767430305955
2023-10-10 09:00:00,-3352.8616586731955,-6806.699495228,-7163.438846098804
2023-10-10 10:00:00,-3331.5711903678184,-6763.477366008173,-7117.951443624009
2023-10-10 11:00:00,-3343.1841730798424,-6787.053072855351,-7142.762754064806
2023-10-10 12:00:00,-3354.022956944398,-6809.057065912718,-7165.919977142884
2023-10-10 13:00:00,-3419.8298589792007,-6942.652738046732,-7306.517402974067
2023-10-10 14:00:00,-3486.2174101496043,-7077.427195523105,-7448.355394327291
2023-10-10 15:00:00,-3683.8316659658794,-7478.607140372599,-7870.561193661521
2023-10-10 16:00:00,-3748.670819441347,-7610.238170269347,-8009.091010289305
2023-10-10 17:00:00,-3696.605946949106,-7504.540417904495,-7897.853635146398
2023-10-10 18:00:00,-3505.572381336311,-7116.720040268403,-7489.707578395286
2023-10-10 19:00:00,-3213.3123164170406,-6523.3980846144,-6865.2895989685585
2023-10-10 20:00:00,-3001.3753819226026,-6093.141434653386,-6412.483183424011
2023-10-10 21:00:00,-2841.6968696322724,-5768.975465504676,-6071.327664863052
2023-10-10 22:00:00,-2713.3734106644074,-5508.463904843349,-5797.162684492243
2023-10-10 23:00:00,-2669.6311757824506,-5419.662075718976,-5703.706748498575
2023-10-11 00:00:00,-2682.4054567656767,-5445.595353250872,-5730.999189983451
2023-10-11 01:00:00,-2724.018644817096,-5530.074969453263,-5819.9063857296405
2023-10-11 02:00:00,-2863.567987073251,-5813.376380066863,-6118.055632859886
2023-10-11 03:00:00,-3232.2801881800133,-6561.905072464793,-6905.814739355194
2023-10-11 04:00:00,-3421.7653560978715,-6946.582022521262,-7310.652621380867
2023-10-11 05:00:00,-3566.9276399981713,-7241.278358110998,-7620.79400189083
2023-10-11 06:00:00,-3577.57287415086,-7262.889422720912,-7643.537703128228
2023-10-11 07:00:00,-3541.7661774554526,-7190.1976599421105,-7567.036162602437
2023-10-11 08:00:00,-3431.4428416912247,-6966.228444893911,-7331.328713414864
2023-10-11 09:00:00,-3366.7972379276243,-6834.990343444615,-7193.212418627761
2023-10-11 10:00:00,-3370.0875830293644,-6841.670127051316,-7200.24228991932
2023-10-11 11:00:00,-3310.474271774308,-6720.648165235797,-7072.877562989895
2023-10-11 12:00:00,-3300.4096867572207,-6700.215885968242,-7051.374427274537
2023-10-11 13:00:00,-3302.538733587758,-6704.538098890225,-7055.923167522016
2023-10-11 14:00:00,-3403.958782606101,-6910.432605355588,-7272.608612038312
2023-10-11 15:00:00,-3632.540992321107,-7374.481101797559,-7760.977905881334
2023-10-11 16:00:00,-3653.0572617790162,-7416.1315172275745,-7804.811220993409
2023-10-11 17:00:00,-3597.702044185035,-7303.753981256023,-7686.543974558943
2023-10-11 18:00:00,-3428.9266954369527,-6961.120375077022,-7325.952929486025
2023-10-11 19:00:00,-3236.5382818410885,-6570.549498308758,-6914.912219850153
2023-10-11 20:00:00,-3049.182160753768,-6190.194761174273,-6514.62307807196
2023-10-11 21:00:00,-2822.9225475811672,-5730.861406101737,-6031.216046317096
2023-10-11 22:00:00,-2672.3408717485895,-5425.163073983317,-5709.496054268094
2023-10-11 23:00:00,-2646.7923097821363,-5373.296518919524,-5654.91117129834
2023-10-12 00:00:00,-2639.050321307454,-5357.5793810214045,-5638.370297671142
2023-10-12 01:00:00,-2671.760222612988,-5423.984288640958,-5708.255488746054
2023-10-12 02:00:00,-2755.760797563295,-5594.515234835552,-5887.723967601153
2023-10-12 03:00:00,-2858.148595140973,-5802.374383538179,-6106.477021320848
2023-10-12 04:00:00,-3005.246376159944,-6101.000003602446,-6420.75362023761
2023-10-12 05:00:00,-3174.215274619893,-6444.026538228898,-6781.758187151208
2023-10-12 06:00:00,-3188.92505272179,-6473.889100235325,-6813.185847042885
2023-10-12 07:00:00,-3137.6343790770175,-6369.763061660285,-6703.6025592626975
2023-10-12 08:00:00,-3080.343664364366,-6253.456241214202,-6581.2000944214315
2023-10-12 09:00:00,-3054.98865210978,-6201.982614597861,-6527.028733292358
2023-10-12 10:00:00,-3047.2466636350973,-6186.265476699742,-6510.48785966516
2023-10-12 11:00:00,-3024.7948970585176,-6140.685776795197,-6462.5193261462855
2023-10-12 12:00:00,-3046.278915075762,-6184.300834462478,-6508.420250461761
2023-10-12 13:00:00,-3136.085981382081,-6366.619634080661,-6700.294384537258
2023-10-12 14:00:00,-3250.6674108073844,-6599.233274972826,-6945.099314219789
2023-10-12 15:00:00,-3501.894936810837,-7109.254399766796,-7481.850663422367
2023-10-12 16:00:00,-3539.637130624915,-7185.8754470201275,-7562.487422354958
2023-10-12 17:00:00,-3462.6043453018224,-7029.489924933841,-7397.905729764337
2023-10-12 18:00:00,-3285.6999086553237,-6670.3533239618155,-7019.94676738286
2023-10-12 19:00:00,-3063.504839431931,-6219.2714662857925,-6545.2236942822765
2023-10-12 20:00:00,-2883.503607395559,-5853.84801015452,-6160.648382449921
2023-10-12 21:00:00,-2738.341323495259,-5559.151674564784,-5850.507001939957
2023-10-12 22:00:00,-2614.4695079003363,-5307.6774681948755,-5585.853023904788
2023-10-12 23:00:00,-2603.0500749001794,-5284.4946897951495,-5561.455235304671
2023-10-13 00:00:00,-2574.7918169675877,-5227.127136467015,-5501.081046565398
2023-10-13 01:00:00,-2622.405046086886,-5323.787534540448,-5602.807419372666
2023-10-13 02:00:00,-2679.6957607995378,-5440.094354986531,-5725.209884213932
2023-10-13 03:00:00,-2769.502827105857,-5622.413154604714,-5917.084018289429
2023-10-13 04:00:00,-2817.1160562251553,-5719.073552678147,-6018.8103910966975
2023-10-13 05:00:00,-2965.762234939062,-6020.8426003220375,-6336.3951647389
2023-10-13 06:00:00,-2995.7624402784577,-6081.746509677249,-6400.491050044293
2023-10-13 07:00:00,-2980.278463329092,-6050.312233881011,-6367.409302789897
2023-10-13 08:00:00,-2905.3747248365376,-5898.248924716707,-6207.376350446755
2023-10-13 09:00:00,-2857.180846581638,-5800.409741300915,-6104.409412117448
2023-10-13 10:00:00,-2814.0192608352822,-5712.7866975189,-6012.194041645818
2023-10-13 11:00:00,-2818.0838047844904,-5721.0381949154125,-6020.8780003000975
2023-10-13 12:00:00,-2877.890665751414,-5842.453085178384,-6148.656249070203
2023-10-13 13:00:00,-2964.60093666786,-6018.48502963732,-6333.91403369482
2023-10-13 14:00:00,-3044.5369676689584,-6180.764478435401,-6504.6985538956405
2023-10-13 15:00:00,-3305.8290786894986,-6711.217882496926,-7062.953038813575
2023-10-13 16:00:00,-3391.571601046609,-6885.285184718597,-7246.143214234794
2023-10-13 17:00:00,-3304.474230706429,-6708.467383364755,-7060.058385928816
2023-10-13 18:00:00,-3179.247567128437,-6454.242677862676,-6792.509755008888
2023-10-13 19:00:00,-2954.5363516507723,-5998.052750369764,-6312.410897979463
2023-10-13 20:00:00,-2796.0191376316448,-5676.244351905772,-5973.736510462582
2023-10-13 21:00:00,-2629.5663854259674,-5338.325887096208,-5618.1077274778245
2023-10-13 22:00:00,-2537.243172865377,-5150.899017661136,-5420.857809473488
2023-10-13 23:00:00,-2501.8235755937035,-5078.99311177724,-5345.183312629056
2023-10-14 00:00:00,-2473.5653176611117,-5021.625558449105,-5284.809123889783
2023-10-14 01:00:00,-2496.9848327970267,-5069.169900590916,-5334.8452666120575
2023-10-14 02:00:00,-2585.0499516965424,-5247.952344182022,-5522.997704121435
2023-10-14 03:00:00,-2670.5989243417857,-5421.62671795624,-5705.774357701974
2023-10-14 04:00:00,-2808.5998689030043,-5701.784700990216,-6000.61543010678
2023-10-14 05:00:00,-2991.6978963292495,-6073.495012280737,-6391.807091390014
2023-10-14 06:00:00,-3029.6336398551944,-6150.508987981521,-6472.857372163285
2023-10-14 07:00:00,-3026.1497450415873,-6143.436275927367,-6465.4139790310455
2023-10-14 08:00:00,-2954.3428019389053,-5997.6598219223115,-6311.997376138784
2023-10-14 09:00:00,-2893.5681924126466,-5874.280289422075,-6182.1515181652785
2023-10-14 10:00:00,-2836.277477699995,-5757.973468975993,-6059.7490533240125
2023-10-14 11:00:00,-2856.0195483104358,-5798.052170616196,-6101.9282810733675
2023-10-14 12:00:00,-2856.40664773417,-5798.838027511103,-6102.755324754728
2023-10-14 13:00:00,-2926.665193141915,-5941.471053936535,-6252.86375292155
2023-10-14 14:00:00,-3084.408208313574,-6261.707738610715,-6589.884053075711
2023-10-14 15:00:00,-3339.1196291306337,-6778.801575458839,-7134.078795410527
2023-10-14 16:00:00,-3388.86190508047,-6879.784186454255,-7240.353908465275
2023-10-14 17:00:00,-3318.2162602489907,-6736.365303133916,-7089.418436617093
2023-10-14 18:00:00,-3192.021848111663,-6480.175955394573,-6819.802196493764
2023-10-14 19:00:00,-2980.8591124646937,-6051.49101922337,-6368.649868311937
2023-10-14 20:00:00,-2775.1157687500017,-5633.80807958085,-5929.076151669148
2023-10-14 21:00:00,-2619.695350120747,-5318.286536276106,-5597.018113603147
2023-10-14 22:00:00,-2528.920535255093,-5134.003094420657,-5403.076370324249
2023-10-14 23:00:00,-2496.2106339495585,-5067.598186801104,-5333.191179249337
2023-10-15 00:00:00,-2495.6299848139574,-5066.419401458745,-5331.950613727297
2023-10-15 01:00:00,-2525.436640441486,-5126.930382366504,-5395.63297719201
2023-10-15 02:00:00,-2685.5022521555497,-5451.88220841012,-5737.6155394343305
2023-10-15 03:00:00,-3044.1498682452243,-6179.978621540495,-6503.8715102142805
2023-10-15 04:00:00,-3281.635364706115,-6662.101826565303,-7011.262808728582
2023-10-15 05:00:00,-3379.958618334585,-6861.709477871418,-7221.331903793997
2023-10-15 06:00:00,-3370.2811327412314,-6842.063055498768,-7200.65581176
2023-10-15 07:00:00,-3280.474066434913,-6659.744255880585,-7008.781677684502
2023-10-15 08:00:00,-3186.602456179385,-6469.173958865889,-6808.223584954725
2023-10-15 09:00:00,-3124.8600980937913,-6343.829784128388,-6676.310117777821
2023-10-15 10:00:00,-3098.924436703604,-6291.177372169688,-6620.898191126707
2023-10-15 11:00:00,-3095.440541889997,-6284.104660115535,-6613.454797994468
2023-10-15 12:00:00,-3101.634132669743,-6296.6783704340305,-6626.687496896227
2023-10-15 13:00:00,-3127.1826946361957,-6348.544925497824,-6681.27237986598
2023-10-15 14:00:00,-3270.7965808415593,-6640.097833507936,-6988.1055856505045
2023-10-15 15:00:00,-3516.024065777133,-7137.938176430864,-7512.0377577920035
2023-10-15 16:00:00,-3528.9918964722265,-7164.264382410213,-7539.74372111756
2023-10-15 17:00:00,-3468.9914857934355,-7042.4565636997895,-7411.551950506775
2023-10-15 18:00:00,-3293.82899655374,-6686.856318754841,-7037.314684691419
2023-10-15 19:00:00,-3045.3111665164265,-6182.3361922252125,-6506.352641258361
2023-10-15 20:00:00,-2862.793788225783,-5811.804666277051,-6116.401545497166
2023-10-15 21:00:00,-2653.953649121218,-5387.834871475284,-5670.211479403498
2023-10-15 22:00:00,-2531.436681509365,-5139.111164237546,-5408.452154253088
2023-10-15 23:00:00,-2512.6623594582593,-5100.997104834607,-5368.340535707133
2023-10-16 00:00:00,-2511.501061187057,-5098.639534149889,-5365.859404663053
2023-10-16 01:00:00,-2577.1144135099926,-5231.84227783645,-5506.043308653558
2023-10-16 02:00:00,-2762.9221369023767,-5609.053587391312,-5903.024275706311
2023-10-16 03:00:00,-3056.5370498047164,-6205.126042177486,-6530.336908017798
2023-10-16 04:00:00,-3276.6030721975712,-6651.885686931526,-7000.511240870903
2023-10-16 05:00:00,-3370.0875830293644,-6841.670127051316,-7200.24228991932
2023-10-16 06:00:00,-3348.6035650121203,-6798.055069384035,-7154.341365603845
2023-10-16 07:00:00,-3255.8932530277953,-6609.842343054057,-6956.264403918148
2023-10-16 08:00:00,-3138.6021276363526,-6371.72770389755,-6705.6701684660975
2023-10-16 09:00:00,-3054.408002974179,-6200.803829255503,-6525.788167770318
2023-10-16 10:00:00,-3094.859892754396,-6282.925874773176,-6612.214232472428
2023-10-16 11:00:00,-3079.956564940632,-6252.670384319296,-6580.373050740072
2023-10-16 12:00:00,-3116.7310101953744,-6327.326789335363,-6658.942200469262
2023-10-16 13:00:00,-3128.1504431955314,-6350.509567735089,-6683.33998906938
2023-10-16 14:00:00,-3261.8932940956743,-6622.023124925099,-6969.083580979227
2023-10-16 15:00:00,-3514.088568658462,-7134.008891956334,-7507.902539385203
2023-10-16 16:00:00,-3534.4112884045044,-7175.266378938897,-7551.3223326565985
2023-10-16 17:00:00,-3477.5076731155864,-7059.745415387721,-7429.7469114966925
2023-10-16 18:00:00,-3293.635446841873,-6686.463390307388,-7036.901162850739
2023-10-16 19:00:00,-3062.343541160729,-6216.913895601075,-6542.742563238196
2023-10-16 20:00:00,-2847.5033609882844,-5780.763318928265,-6083.73332008345
2023-10-16 21:00:00,-2703.3088256473197,-5488.031625575794,-5775.6595487768855
2023-10-16 22:00:00,-2598.2113321035026,-5274.671478608825,-5551.117189287672
2023-10-16 23:00:00,-2534.920576322972,-5146.1838762917005,-5415.8955473853275
2023-10-17 00:00:00,-2560.2755885775578,-5197.65750290804,-5470.066908514402
2023-10-17 01:00:00,-2617.3727535783423,-5313.57139490667,-5592.055851514987
2023-10-17 02:00:00,-2781.502909241615,-5646.774718346799,-5942.722372411587
2023-10-17 03:00:00,-3079.7630152287647,-6252.277455871844,-6579.959528899392
2023-10-17 04:00:00,-3239.2479778072275,-6576.050496573101,-6920.701525619672
2023-10-17 05:00:00,-3310.474271774308,-6720.648165235797,-7072.877562989895
2023-10-17 06:00:00,-3265.3771889092814,-6629.095836979252,-6976.526974111465
2023-10-17 07:00:00,-3162.408742196002,-6420.057902934266,-6756.533354869732
2023-10-17 08:00:00,-3097.1824892968007,-6287.641016142612,-6617.176494560587
2023-10-17 09:00:00,-3070.472629059145,-6233.4168903941,-6560.110480546754
2023-10-17 10:00:00,-3081.117863211834,-6255.027955004014,-6582.8541817841515
2023-10-17 11:00:00,-3064.6661377031332,-6221.629036970511,-6547.704825326356
2023-10-17 12:00:00,-3098.343787568003,-6289.99858682733,-6619.657625604667
2023-10-17 13:00:00,-3146.9247652466365,-6388.623627138028,-6723.451607615335
2023-10-17 14:00:00,-3270.409481417825,-6639.31197661303,-6987.2785419691445
2023-10-17 15:00:00,-3520.2821594382085,-7146.58260227483,-7521.135238286962
2023-10-17 16:00:00,-3564.7985931676335,-7236.956145189015,-7616.245261643351
2023-10-17 17:00:00,-3470.9269829121063,-7046.385848174319,-7415.687168913574
2023-10-17 18:00:00,-3271.957879112762,-6642.455404192654,-6990.5867166945845
2023-10-17 19:00:00,-3040.085324296016,-6171.727124143982,-6495.187551560002
2023-10-17 20:00:00,-2844.0194661746773,-5773.690606874112,-6076.289926951211
2023-10-17 21:00:00,-2684.5345035962146,-5449.917566172855,-5735.54793023093
2023-10-17 22:00:00,-2567.436927916639,-5212.195855463801,-5485.36721661956
2023-10-17 23:00:00,-2540.33996825525,-5157.185872820383,-5427.474158924367
2023-10-18 00:00:00,-2527.178587848289,-5130.466738393581,-5399.35467375813
2023-10-18 01:00:00,-2578.856360916796,-5235.378633863527,-5509.765005219677
2023-10-18 02:00:00,-2755.180148427694,-5593.336449493193,-5886.483402079113
2023-10-18 03:00:00,-3066.020985686203,-6224.379536102681,-6550.599478211116
2023-10-18 04:00:00,-3229.7640419257414,-6556.797002647904,-6900.438955426354
2023-10-18 05:00:00,-3324.990500164338,-6750.117798794771,-7103.89170104089
2023-10-18 06:00:00,-3305.8290786894986,-6711.217882496926,-7062.953038813575
2023-10-18 07:00:00,-3188.150853874322,-6472.317386445513,-6811.531759680165
2023-10-18 08:00:00,-3122.9246009751205,-6339.900499653858,-6672.174899371022
2023-10-18 09:00:00,-3071.053278194747,-6234.595675736459,-6561.351046068794
2023-10-18 10:00:00,-3078.795266669429,-6250.312813634579,-6577.891919695992
2023-10-18 11:00:00,-3078.408167245695,-6249.526956739673,-6577.064876014632
2023-10-18 12:00:00,-3111.1180685512295,-6315.931864359226,-6646.950067089544
2023-10-18 13:00:00,-3129.1181917548665,-6352.4742099723535,-6685.40759827278
2023-10-18 14:00:00,-3262.0868438075413,-6622.416053372552,-6969.497102819906
2023-10-18 15:00:00,-3495.507796319224,-7096.287761000848,-7468.204442679928
2023-10-18 16:00:00,-3503.2497847939067,-7112.004898898967,-7484.745316307127
2023-10-18 17:00:00,-3388.474805656736,-6878.998329559349,-7239.526864783915
2023-10-18 18:00:00,-3226.8607962477354,-6550.903075936109,-6894.236127816155
2023-10-18 19:00:00,-3046.085365363895,-6183.907906015024,-6508.006728621081
2023-10-18 20:00:00,-2857.567946005372,-5801.195598195821,-6105.236455798808
2023-10-18 21:00:00,-2684.7280533080816,-5450.3104946203075,-5735.96145207161
2023-10-18 22:00:00,-2562.017535984361,-5201.1938589351175,-5473.788605080521
2023-10-18 23:00:00,-2532.597979780567,-5141.468734922264,-5410.933285297168
2023-10-19 00:00:00,-2555.630395492748,-5188.227220169169,-5460.142384338083
2023-10-19 01:00:00,-2586.0177002558776,-5249.916986419287,-5525.065313324835
2023-10-19 02:00:00,-2637.30837390065,-5354.043024994327,-5634.648601105022
2023-10-19 03:00:00,-2723.0508962577605,-5528.110327215998,-5817.838776526241
2023-10-19 04:00:00,-2893.9552918363806,-5875.066146316981,-6182.9785618466385
2023-10-19 05:00:00,-3095.053442466263,-6283.318803220629,-6612.627754313108
2023-10-19 06:00:00,-3137.8279287888845,-6370.155990107738,-6704.0160811033775
2023-10-19 07:00:00,-3097.1824892968007,-6287.641016142612,-6617.176494560587
2023-10-19 08:00:00,-3043.569219109623,-6178.799836198135,-6502.630944692241
2023-10-19 09:00:00,-3000.6011830751345,-6091.569720863574,-6410.829096061292
2023-10-19 10:00:00,-2994.214042583521,-6078.603082097626,-6397.182875318853
2023-10-19 11:00:00,-2984.730106702035,-6059.349588172429,-6376.920305125535
2023-10-19 12:00:00,-2979.891363905358,-6049.526376986105,-6366.582259108537
2023-10-19 13:00:00,-3043.375669397756,-6178.406907750683,-6502.217422851561
2023-10-19 14:00:00,-3188.150853874322,-6472.317386445513,-6811.531759680165
2023-10-19 15:00:00,-3443.8300232507167,-6991.375865530902,-7357.794111218382
2023-10-19 16:00:00,-3403.958782606101,-6910.432605355588,-7272.608612038312
2023-10-19 17:00:00,-3310.474271774308,-6720.648165235797,-7072.877562989895
2023-10-19 18:00:00,-3168.989432399482,-6433.417470147668,-6770.59309745285
2023-10-19 19:00:00,-2970.213878312005,-6029.879954613456,-6345.90616707454
2023-10-19 20:00:00,-2803.1804769707264,-5690.782704461532,-5989.036818567741
2023-10-19 21:00:00,-2657.824643358559,-5395.693440424344,-5678.481916217097
2023-10-19 22:00:00,-2555.243296069014,-5187.4413632742635,-5459.315340656723
2023-10-19 23:00:00,-2518.081751390537,-5111.999101363291,-5379.919147246172
2023-10-20 00:00:00,-2525.82373986522,-5127.71623926141,-5396.46002087337
2023-10-20 01:00:00,-2530.6624826618963,-5137.539450447734,-5406.798066890369
2023-10-20 02:00:00,-2587.372548238947,-5252.667485551458,-5527.959966209595
2023-10-20 03:00:00,-2681.8248076300756,-5444.416567908514,-5729.758624461411
2023-10-20 04:00:00,-2777.8254647161407,-5639.309077845192,-5934.865457438667
2023-10-20 05:00:00,-2933.245883345395,-5954.830621149937,-6266.923495504669
2023-10-20 06:00:00,-3064.279038279399,-6220.843180075605,-6546.877781644996
2023-10-20 07:00:00,-3008.343171549817,-6107.286858761693,-6427.36996968849
2023-10-20 08:00:00,-2962.084790413588,-6013.376959820431,-6328.538249765981
2023-10-20 09:00:00,-2916.0199589892263,-5919.859989326621,-6230.120051684153
2023-10-20 10:00:00,-2882.1487594124897,-5851.097511022349,-6157.753729565161
2023-10-20 11:00:00,-2866.084133327523,-5818.484449883752,-6123.431416788725
2023-10-20 12:00:00,-2884.08425653116,-5855.026795496879,-6161.888947971961
2023-10-20 13:00:00,-3000.7947327870015,-6091.962649311027,-6411.242617901972
2023-10-20 14:00:00,-3129.6988408904676,-6353.652995314713,-6686.64816379482
2023-10-20 15:00:00,-3390.797402199141,-6883.713470928785,-7244.489126872075
2023-10-20 16:00:00,-3435.5073856404333,-6974.479942290423,-7340.012672069143
2023-10-20 17:00:00,-3357.8939511817393,-6816.915634861778,-7174.190413956483
2023-10-20 18:00:00,-3172.4733272130893,-6440.490182201822,-6778.036490585089
2023-10-20 19:00:00,-2946.600813464223,-5981.942684024192,-6295.456502511585
2023-10-20 20:00:00,-2777.0512658686725,-5637.737364055381,-5933.211370075947
2023-10-20 21:00:00,-2626.6631397479614,-5332.431960384413,-5611.904899867625
2023-10-20 22:00:00,-2549.436804713002,-5175.653509850674,-5446.909685436324
2023-10-20 23:00:00,-2486.9202477799395,-5048.737621323361,-5313.3421308967
2023-10-21 00:00:00,-2483.6299026781994,-5042.05783771666,-5306.312259605141
2023-10-21 01:00:00,-2535.69477517044,-5147.755590081512,-5417.5496347480475
2023-10-21 02:00:00,-2703.1152759354527,-5487.638697128341,-5775.246026936206
2023-10-21 03:00:00,-3076.8597695507588,-6246.383529160049,-6573.756701289193
2023-10-21 04:00:00,-3308.5387746556376,-6716.718880761267,-7068.742344583095
2023-10-21 05:00:00,-3439.3783798777745,-6982.3385112394835,-7348.283108882742
2023-10-21 06:00:00,-3507.701428166849,-7121.042253190386,-7494.256318642765
2023-10-21 07:00:00,-3414.797566470657,-6932.4365984129545,-7295.765835116388
2023-10-21 08:00:00,-3358.8616997410745,-6818.880277099043,-7176.258023159882
2023-10-21 09:00:00,-3314.3452660116495,-6728.506734184857,-7081.147999803494
2023-10-21 10:00:00,-3307.958125520036,-6715.540095418909,-7067.5017790610555
2023-10-21 11:00:00,-3278.151469892508,-6655.02911451115,-7003.819415596343
2023-10-21 12:00:00,-3288.7967040451967,-6676.640179121064,-7026.5631168337395
2023-10-21 13:00:00,-3266.344937468617,-6631.060479216518,-6978.594583314865
2023-10-21 14:00:00,-3402.797484334899,-6908.07503467087,-7270.1274809942315
2023-10-21 15:00:00,-3618.024763931077,-7345.011468238586,-7729.963767830338
2023-10-21 16:00:00,-3559.959850370957,-7227.1329340026905,-7605.907215626352
2023-10-21 17:00:00,-3509.2498258617857,-7124.18568077001,-7497.564493368205
2023-10-21 18:00:00,-3322.4743539100664,-6745.009728977882,-7098.515917112051
2023-10-21 19:00:00,-3063.311289720064,-6218.87853783834,-6544.8101724415965
2023-10-21 20:00:00,-2880.019712581952,-5846.775298100366,-6153.204989317682
2023-10-21 21:00:00,-2735.050978393519,-5552.471890958083,-5843.477130648398
2023-10-21 22:00:00,-2628.405087154765,-5335.96831641149,-5615.626596433744
2023-10-21 23:00:00,-2616.9856541546083,-5312.785538011764,-5591.228807833628
2023-10-22 00:00:00,-2594.5338875780285,-5267.205838107218,-5543.260274314753
2023-10-22 01:00:00,-2634.7922276463783,-5348.9349551774385,-5629.272817176183
2023-10-22 02:00:00,-2782.8577572246845,-5649.525217478969,-5945.617025296346
2023-10-22 03:00:00,-3121.3762032801837,-6336.757072074234,-6668.866724645582
2023-10-22 04:00:00,-3305.4419792657645,-6710.43202560202,-7062.125995132215
2023-10-22 05:00:00,-3435.7009353523003,-6974.872870737877,-7340.426193909823
2023-10-22 06:00:00,-3429.8944439962884,-6963.085017314287,-7328.020538689425
2023-10-22 07:00:00,-3379.765068622718,-6861.316549423965,-7220.918381953317
2023-10-22 08:00:00,-3286.474107502792,-6671.925037751627,-7021.60085474558
2023-10-22 09:00:00,-3228.7962933664057,-6554.832360410639,-6898.371346222955
2023-10-22 10:00:00,-3227.2478956714695,-6551.688932831015,-6895.063171497515
2023-10-22 11:00:00,-3219.1188077730526,-6535.18593803799,-6877.695254188957
2023-10-22 12:00:00,-3231.6995390444117,-6560.726287122434,-6904.574173833154
2023-10-22 13:00:00,-3255.312603892194,-6608.663557711698,-6955.023838396109
2023-10-22 14:00:00,-3407.055577995974,-6916.719460514835,-7279.224961489191
2023-10-22 15:00:00,-3618.024763931077,-7345.011468238586,-7729.963767830338
2023-10-22 16:00:00,-3605.831132083452,-7320.256976049048,-7703.911891867501
2023-10-22 17:00:00,-3524.733802811151,-7155.619956566248,-7530.646240622601
2023-10-22 18:00:00,-3343.5712725035764,-6787.838929750257,-7143.589797746166
2023-10-22 19:00:00,-3091.95664707639,-6277.031948061382,-6606.011404862229
2023-10-22 20:00:00,-2914.6651110061566,-5917.10949019445,-6227.225398799394
2023-10-22 21:00:00,-2740.857469749531,-5564.259744381672,-5855.882785868796
2023-10-22 22:00:00,-2637.30837390065,-5354.043024994327,-5634.648601105022
2023-10-22 23:00:00,-2604.9855720188502,-5288.423974269679,-5565.59045371147
2023-10-23 00:00:00,-2604.0178234595146,-5286.459332032415,-5563.522844508071
2023-10-23 01:00:00,-2665.953731256976,-5412.196435217369,-5695.849833525655
2023-10-23 02:00:00,-2824.6644949879706,-5734.397762128814,-6034.937742883216
2023-10-23 03:00:00,-3144.989268127966,-6384.694342663498,-6719.316389208536
2023-10-23 04:00:00,-3339.5067285543682,-6779.587432353745,-7134.905839091887
2023-10-23 05:00:00,-3482.53996562413,-7069.9615550214985,-7440.498479354372
2023-10-23 06:00:00,-3497.05619401416,-7099.431188580472,-7471.512617405368
2023-10-23 07:00:00,-3431.8299411149587,-6967.014301788817,-7332.155757096224
2023-10-23 08:00:00,-3353.829407232531,-6808.664137465265,-7165.506455302204
2023-10-23 09:00:00,-3322.087254486332,-6744.223872082976,-7097.688873430691
2023-10-23 10:00:00,-3306.6032775369667,-6712.789596286738,-7064.607126176295
2023-10-23 11:00:00,-3288.409604621462,-6675.854322226158,-7025.73607315238
2023-10-23 12:00:00,-3289.183803468931,-6677.42603601597,-7027.3901605150995
2023-10-23 13:00:00,-3295.18384453681,-6689.606817887012,-7040.209337576178
2023-10-23 14:00:00,-3448.2816666236595,-7000.413219822321,-7367.30511355402
2023-10-23 15:00:00,-3651.3153143722125,-7412.595161200498,-7801.08952442729
2023-10-23 16:00:00,-3626.1538518294938,-7361.514463031611,-7747.331685138895
2023-10-23 17:00:00,-3574.863178184721,-7257.388424456571,-7637.748397358709
2023-10-23 18:00:00,-3384.990910843129,-6871.925617505195,-7232.083471651676
2023-10-23 19:00:00,-3145.5699172635673,-6385.873128005857,-6720.556954730576
2023-10-23 20:00:00,-2935.374930175933,-5959.152834071919,-6271.472235752148
2023-10-23 21:00:00,-2771.2447745126606,-5625.949510631791,-5920.805714855549
2023-10-23 22:00:00,-2706.0185216134587,-5493.532623840136,-5781.4488545464055
2023-10-23 23:00:00,-2632.2760813921063,-5343.82688536055,-5623.897033247344
2023-10-24 00:00:00,-2610.9856130867292,-5300.604756140722,-5578.409630772549
2023-10-24 01:00:00,-2670.4053746299187,-5421.233789508788,-5705.360835861294
2023-10-24 02:00:00,-2835.8903782762604,-5757.187612081087,-6058.9220096426525
2023-10-24 03:00:00,-3158.731297670528,-6412.5922624326595,-6748.676439896813
2023-10-24 04:00:00,-3363.7004425377513,-6828.703488285368,-7186.596069176881
2023-10-24 05:00:00,-3550.2823647776036,-7207.486511630042,-7585.231123592354
2023-10-24 06:00:00,-3539.637130624915,-7185.8754470201275,-7562.487422354958
2023-10-24 07:00:00,-3483.8948136072,-7072.712054153669,-7443.393132239131
2023-10-24 08:00:00,-3387.700606809268,-6877.426615769537,-7237.872777421196
2023-10-24 09:00:00,-3362.152044842815,-6825.560060705743,-7183.287894451441
2023-10-24 10:00:00,-3333.1195880627547,-6766.6207935877965,-7121.259618349449
2023-10-24 11:00:00,-3317.6356111133896,-6735.186517791558,-7088.177871095053
2023-10-24 12:00:00,-3325.5711492999394,-6751.29658413713,-7105.13226656293
2023-10-24 13:00:00,-3332.5389389271536,-6765.442008245437,-7120.019052827409
2023-10-24 14:00:00,-3525.508001658619,-7157.19167035606,-7532.300327985321
2023-10-24 15:00:00,-3688.476859050689,-7488.03742311147,-7880.485717837841
2023-10-24 16:00:00,-3625.7667524057597,-7360.728606136705,-7746.504641457536
2023-10-24 17:00:00,-3579.5083712695305,-7266.818707195442,-7647.672921535027
2023-10-24 18:00:00,-3384.603811419395,-6871.139760610289,-7231.256427970316
2023-10-24 19:00:00,-3160.4732450773313,-6416.128618459737,-6752.398136462932
2023-10-24 20:00:00,-2946.79436317609,-5982.335612471645,-6295.870024352265
2023-10-24 21:00:00,-2773.760920766932,-5631.05758044868,-5926.181498784388
2023-10-24 22:00:00,-2662.469836443369,-5405.123723163215,-5688.406440393416
2023-10-24 23:00:00,-2637.501923612517,-5354.435953441781,-5635.062122945702
2023-10-25 00:00:00,-2638.66322188372,-5356.793524126499,-5637.543253989782
2023-10-25 01:00:00,-2662.663386155236,-5405.516651610668,-5688.819962234096
2023-10-25 02:00:00,-2839.180723378001,-5763.867395687787,-6065.951880934212
2023-10-25 03:00:00,-3130.4730397379362,-6355.224709104525,-6688.302251157539
2023-10-25 04:00:00,-3351.119711266392,-6803.163139200924,-7159.717149532685
2023-10-25 05:00:00,-3517.5724634720696,-7141.081604010487,-7515.345932517443
2023-10-25 06:00:00,-3555.7017567098815,-7218.488508158725,-7596.809735131394
2023-10-25 07:00:00,-3487.959357556408,-7080.963551550181,-7452.07709089341
2023-10-25 08:00:00,-3396.0232444195517,-6894.322539010015,-7255.654216570433
2023-10-25 09:00:00,-3362.345594554682,-6825.9529891531965,-7183.701416292121
2023-10-25 10:00:00,-3381.3134663176543,-6864.459977003588,-7224.226556678756
2023-10-25 11:00:00,-3356.1520037749356,-6813.379278834701,-7170.468717390363
2023-10-25 12:00:00,-3344.3454713510446,-6789.410643540069,-7145.243885108886
2023-10-25 13:00:00,-3375.5069749616423,-6852.67212358,-7211.820901458358
2023-10-25 14:00:00,-3481.185117641061,-7067.211055889327,-7437.603826469612
2023-10-25 15:00:00,-3653.6379109146174,-7417.310302569934,-7806.051786515449
2023-10-25 16:00:00,-3596.3471962019653,-7301.003482123851,-7683.649321674183
2023-10-25 17:00:00,-3533.0564404214347,-7172.515879806726,-7548.427679771839
2023-10-25 18:00:00,-3347.829366164652,-6796.483355594223,-7152.687278241126
2023-10-25 19:00:00,-3157.5699993993253,-6410.234691747942,-6746.1953088527325
2023-10-25 20:00:00,-2967.8912817696,-6025.16481324402,-6340.9439049863795
2023-10-25 21:00:00,-2805.5030735131313,-5695.497845830969,-5993.999080655901
2023-10-25 22:00:00,-2693.6313400539666,-5468.3852032031455,-5754.983456742888
2023-10-25 23:00:00,-2674.469918579127,-5429.4852869053,-5714.044794515573
2023-10-26 00:00:00,-2625.8889409004933,-5330.860246594601,-5610.250812504905
2023-10-26 01:00:00,-2656.276245663623,-5392.550012844719,-5675.173741491658
2023-10-26 02:00:00,-2736.4058263765883,-5555.222390090254,-5846.371783533157
2023-10-26 03:00:00,-2827.761290377844,-5740.684617288061,-6041.554092334095
2023-10-26 04:00:00,-2975.2461708205487,-6040.096094247233,-6356.657734932218
2023-10-26 05:00:00,-3218.1510592137174,-6533.221295800725,-6875.627644985558
2023-10-26 06:00:00,-3299.635487909752,-6698.64417217843,-7049.720339911817
2023-10-26 07:00:00,-3275.441773926369,-6649.528116246808,-6998.030109826823
2023-10-26 08:00:00,-3220.473655756122,-6537.936437170161,-6880.589907073717
2023-10-26 09:00:00,-3169.763631246951,-6434.9891839374795,-6772.247184815569
2023-10-26 10:00:00,-3151.5699583314463,-6398.0539098768995,-6733.376131791654
2023-10-26 11:00:00,-3139.182776771954,-6372.906489239908,-6706.9107339881375
2023-10-26 12:00:00,-3160.086145653597,-6415.342761564831,-6751.571092781572
2023-10-26 13:00:00,-3241.5705743496324,-6580.765637942536,-6925.663787707832
2023-10-26 14:00:00,-3420.216958402935,-6943.438594941638,-7307.344446655427
2023-10-26 15:00:00,-3574.088979337253,-7255.816710666759,-7636.094309995989
2023-10-26 16:00:00,-3533.4435398451687,-7173.301736701632,-7549.2547234531985
2023-10-26 17:00:00,-3465.5075909798284,-7035.383851645635,-7404.108557374536
2023-10-26 18:00:00,-3305.8290786894986,-6711.217882496926,-7062.953038813575
2023-10-26 19:00:00,-3117.5052090428426,-6328.898503125175,-6660.596287831982
2023-10-26 20:00:00,-2925.1167954469784,-5938.327626356911,-6249.55557819611
2023-10-26 21:00:00,-2753.244651309023,-5589.407165018663,-5882.348183672313
2023-10-26 22:00:00,-2645.2439120872,-5370.153091339899,-5651.6029965729
2023-10-26 23:00:00,-2587.7596476626813,-5253.453342446364,-5528.787009890954
2023-10-27 00:00:00,-2539.952868831516,-5156.400015925477,-5426.647115243007
2023-10-27 01:00:00,-2596.0822852729652,-5270.349265686842,-5546.568449040193
2023-10-27 02:00:00,-2669.050526646849,-5418.483290376616,-5702.466182976535
2023-10-27 03:00:00,-2669.050526646849,-5418.483290376616,-5702.466182976535
2023-10-27 04:00:00,-2669.050526646849,-5418.483290376616,-5702.466182976535
2023-10-27 05:00:00,-2669.050526646849,-5418.483290376616,-5702.466182976535
2023-10-27 06:00:00,-2669.050526646849,-5418.483290376616,-5702.466182976535
2023-10-27 07:00:00,-2669.050526646849,-5418.483290376616,-5702.466182976535
2023-10-27 08:00:00,-2669.050526646849,-5418.483290376616,-5702.466182976535
2023-10-27 09:00:00,-2669.050526646849,-5418.483290376616,-5702.466182976535
2023-10-27 10:00:00,-2669.050526646849,-5418.483290376616,-5702.466182976535
2023-10-27 11:00:00,-2669.050526646849,-5418.483290376616,-5702.466182976535
2023-10-27 12:00:00,-2686.8571001386194,-5454.6327075422905,-5740.51019231909
2023-10-27 13:00:00,-2686.8571001386194,-5454.6327075422905,-5740.51019231909
2023-10-27 14:00:00,-2686.8571001386194,-5454.6327075422905,-5740.51019231909
2023-10-27 15:00:00,-2686.8571001386194,-5454.6327075422905,-5740.51019231909
2023-10-27 16:00:00,-2686.8571001386194,-5454.6327075422905,-5740.51019231909
2023-10-27 17:00:00,-2686.8571001386194,-5454.6327075422905,-5740.51019231909
2023-10-27 18:00:00,-2686.8571001386194,-5454.6327075422905,-5740.51019231909
2023-10-27 19:00:00,-2686.8571001386194,-5454.6327075422905,-5740.51019231909
2023-10-27 20:00:00,-2686.8571001386194,-5454.6327075422905,-5740.51019231909
2023-10-27 21:00:00,-2686.8571001386194,-5454.6327075422905,-5740.51019231909
2023-10-27 22:00:00,-2578.856360916796,-5235.378633863527,-5509.765005219677
2023-10-27 23:00:00,-2597.6306829679015,-5273.492693266467,-5549.876623765632
2023-10-28 00:00:00,-2557.565892611419,-5192.156504643699,-5464.277602744883
2023-10-28 01:00:00,-2642.147116697327,-5363.866236180652,-5644.986647122021
2023-10-28 02:00:00,-2821.3741498862305,-5727.717978522113,-6027.907871591657
2023-10-28 03:00:00,-3103.3760800765467,-6300.214726461107,-6630.409193462346
2023-10-28 04:00:00,-3310.474271774308,-6720.648165235797,-7072.877562989895
2023-10-28 05:00:00,-3529.9596450315616,-7166.229024647479,-7541.811330320959
2023-10-28 06:00:00,-3576.2180261677904,-7260.138923588741,-7640.643050243468
2023-10-28 07:00:00,-3538.6693820655796,-7183.910804782863,-7560.419813151558
2023-10-28 08:00:00,-3460.0881990475505,-7024.3818551169525,-7392.5299458354975
2023-10-28 09:00:00,-3473.249579454511,-7051.100989543755,-7420.649431001734
2023-10-28 10:00:00,-3509.2498258617857,-7124.18568077001,-7497.564493368205
2023-10-28 11:00:00,-3520.6692588619426,-7147.368459169736,-7521.962281968322
2023-10-28 12:00:00,-3540.6048791842504,-7187.840089257393,-7564.555031558357
2023-10-28 13:00:00,-3661.573449101167,-7433.4203689155065,-7823.006181983327
2023-10-28 14:00:00,-3797.638896543715,-7709.649067474952,-8113.712035981333
2023-10-28 15:00:00,-3748.0901703057457,-7609.059384926989,-8007.850444767266
2023-10-28 16:00:00,-3635.831337422847,-7381.16088540426,-7768.007777172893
2023-10-28 17:00:00,-3560.153400082824,-7227.525862450144,-7606.320737467032
2023-10-28 18:00:00,-3361.3778459953464,-6823.988346915931,-7181.633807088721
2023-10-28 19:00:00,-3138.0214785007515,-6370.5489185551905,-6704.4296029440575
2023-10-28 20:00:00,-2952.407304820235,-5993.730537447782,-6307.862157731984
2023-10-28 21:00:00,-2814.0192608352822,-5712.7866975189,-6012.194041645818
2023-10-28 22:00:00,-2721.5024985628243,-5524.966899636374,-5814.530601800801
2023-10-28 23:00:00,-2689.9538955284925,-5460.919562701539,-5747.12654176997
2023-10-29 00:00:00,-2683.9538544606135,-5448.738780830496,-5734.30736470889
2023-10-29 01:00:00,-2749.180107359815,-5581.155667622151,-5873.664225018035
2023-10-29 02:00:00,-2932.665234209794,-5953.651835807577,-6265.682929982629
2023-10-29 03:00:00,-3231.3124396206777,-6559.940430227528,-6903.747130151794
2023-10-29 04:00:00,-3414.797566470657,-6932.4365984129545,-7295.765835116388
2023-10-29 05:00:00,-3574.669628472854,-7256.995496009117,-7637.334875518029
2023-10-29 06:00:00,-3579.1212718457964,-7266.032850300536,-7646.845877853668
2023-10-29 07:00:00,-3542.3468265910537,-7191.37644528447,-7568.276728124477
2023-10-29 08:00:00,-3509.2498258617857,-7124.18568077001,-7497.564493368205
2023-10-29 09:00:00,-3509.830474997387,-7125.364466112369,-7498.805058890245
2023-10-29 10:00:00,-3557.250154404818,-7221.631935738349,-7600.117909856833
2023-10-29 11:00:00,-3532.4757912858336,-7171.3370944643675,-7547.187114249799
2023-10-29 12:00:00,-3579.895470693265,-7267.604564090348,-7648.499965216387
2023-10-29 13:00:00,-3714.218970729009,-7540.296906622717,-7935.484122648274
2023-10-29 14:00:00,-3867.5103425277257,-7851.496237005478,-8262.993420466795
2023-10-29 15:00:00,-3790.6711069165003,-7695.503643366645,-8098.825249716855
2023-10-29 16:00:00,-3672.2186832538555,-7455.03143352542,-7845.749883220724
2023-10-29 17:00:00,-3629.831296354968,-7368.9801035332175,-7755.188600111815
2023-10-29 18:00:00,-3427.9589468776176,-6959.155732839758,-7323.885320282625
2023-10-29 19:00:00,-3207.6993747728957,-6512.003159638264,-6853.29746558884
2023-10-29 20:00:00,-3012.7948149227595,-6116.324213053112,-6436.880972024129
2023-10-29 21:00:00,-2863.567987073251,-5813.376380066863,-6118.055632859886
2023-10-29 22:00:00,-2760.4059906481048,-5603.945517574423,-5897.6484917774715
2023-10-29 23:00:00,-2733.3090309867152,-5548.935534931006,-5839.755434082278
2023-10-30 00:00:00,-2732.534832139247,-5547.363821141194,-5838.101346719559
2023-10-30 01:00:00,-2809.9547168860736,-5704.535200122387,-6003.510082991539
2023-10-30 02:00:00,-3004.2786276006086,-6099.0353613651805,-6418.68601103421
2023-10-30 03:00:00,-3266.538487180484,-6631.45340766397,-6979.008105155545
2023-10-30 04:00:00,-3428.1524965894846,-6959.54866128721,-7324.298842123305
2023-10-30 05:00:00,-3534.7983878282384,-7176.052235833803,-7552.1493763379585
2023-10-30 06:00:00,-3520.8628085738096,-7147.761387617188,-7522.375803809002
2023-10-30 07:00:00,-3474.991526861315,-7054.637345570832,-7424.371127567853
2023-10-30 08:00:00,-3442.8622746913816,-6989.411223293637,-7355.726502014982
2023-10-30 09:00:00,-3415.378215606258,-6933.615383755314,-7297.006400638428
2023-10-30 10:00:00,-3465.3140412679613,-7034.990923198183,-7403.695035533856
2023-10-30 11:00:00,-3511.57242240419,-7128.900822139445,-7502.526755456364
2023-10-30 12:00:00,-3586.669710608612,-7281.3570597512025,-7662.973229640185
2023-10-30 13:00:00,-3795.122750289443,-7704.540997658063,-8108.336252052493
2023-10-30 14:00:00,-3949.7689700712294,-8018.4908271729955,-8438.740202755775
2023-10-30 15:00:00,-3902.349290663798,-7922.223357547015,-8337.427351789187
2023-10-30 16:00:00,-3804.993785594663,-7724.580348478165,-8129.425865927171
2023-10-30 17:00:00,-3712.283473610338,-7536.367622148187,-7931.348904241474
2023-10-30 18:00:00,-3544.0887739978575,-7194.912801311546,-7571.998424690596
2023-10-30 19:00:00,-3350.5390621307906,-6801.984353858565,-7158.476584010645
2023-10-30 20:00:00,-3130.8601391616703,-6356.010565999431,-6689.129294838899
2023-10-30 21:00:00,-2959.762193871183,-6008.661818450994,-6323.575987677822
2023-10-30 22:00:00,-2833.761331445723,-5752.865399159104,-6054.373269395173
2023-10-30 23:00:00,-2833.95488115759,-5753.258327606557,-6054.786791235853
2023-10-31 00:00:00,-2834.9226297169253,-5755.222969843821,-6056.854400439253
2023-10-31 01:00:00,-2891.4391455821087,-5869.958076500092,-6177.602777917799
2023-10-31 02:00:00,-3072.021026754082,-6236.5603179737245,-6563.418655272194
2023-10-31 03:00:00,-3367.958536198827,-6837.347914129333,-7195.69354967184
2023-10-31 04:00:00,-3545.4436219809268,-7197.663300443717,-7574.893077575356
2023-10-31 05:00:00,-3723.122257474894,-7558.371615205554,-7954.5061273195515
2023-10-31 06:00:00,-3735.3158893225195,-7583.126107395092,-7980.558003282388
2023-10-31 07:00:00,-3697.380145796574,-7506.112131694308,-7899.507722509118
2023-10-31 08:00:00,-3626.734500965095,-7362.693248373969,-7748.572250660935
2023-10-31 09:00:00,-3638.153933965252,-7385.876026773695,-7772.970039261053
2023-10-31 10:00:00,-3692.5414029998974,-7496.288920507983,-7889.169676492119
2023-10-31 11:00:00,-3680.3477711522723,-7471.534428318445,-7863.117800529282
2023-10-31 12:00:00,-3735.1223396106525,-7582.733178947639,-7980.144481441708
2023-10-31 13:00:00,-3911.833226545284,-7941.476851472211,-8357.689921982505
2023-10-31 14:00:00,-4023.704960004449,-8168.589494100035,-8596.705545895516
2023-10-31 15:00:00,-3964.6722978849934,-8048.746317626876,-8470.581384488132
2023-10-31 16:00:00,-3907.381583172342,-7932.439497180792,-8348.178919646865
2023-10-31 17:00:00,-3799.5743936623853,-7713.578351949482,-8117.847254388133
2023-10-31 18:00:00,-3609.508576608926,-7327.7226165506545,-7711.7688068404195
2023-10-31 19:00:00,-3399.3135895212918,-6901.002322616716,-7262.684087861992
2023-10-31 20:00:00,-3219.8930066205207,-6536.757651827802,-6879.349341551677
2023-10-31 21:00:00,-3024.6013473466505,-6140.2928483477435,-6462.1058043056055
2023-10-31 22:00:00,-2939.4394741251413,-5967.404331468431,-6280.156194406427
2023-10-31 23:00:00,-2888.5358999041027,-5864.064149788298,-6171.399950307599
2023-11-01 00:00:00,-2893.3746427007795,-5873.887360974622,-6181.7379963245985
2023-11-01 01:00:00,-2951.4395562608993,-5991.765895210517,-6305.794548528584
2023-11-01 02:00:00,-3137.6343790770175,-6369.763061660285,-6703.6025592626975
2023-11-01 03:00:00,-3425.4428006233456,-6954.047663022869,-7318.509536353786
2023-11-01 04:00:00,-3552.6049613200084,-7212.201652999477,-7590.193385680514
2023-11-01 05:00:00,-3714.412520440876,-7540.68983507017,-7935.897644488954
2023-11-01 06:00:00,-3751.1869656956187,-7615.346240086236,-8014.466794218145
2023-11-01 07:00:00,-3697.186596084707,-7505.719203246855,-7899.094200668438
2023-11-01 08:00:00,-3592.669751676491,-7293.537841622245,-7675.792406701265
2023-11-01 09:00:00,-3586.863260320479,-7281.749988198655,-7663.386751480865
2023-11-01 10:00:00,-3625.3796529820256,-7359.942749241799,-7745.677597776176
2023-11-01 11:00:00,-3610.476325168261,-7329.687258787919,-7713.83641604382
2023-11-01 12:00:00,-3683.2510168302783,-7477.42835503024,-7869.320628139481
2023-11-01 13:00:00,-3864.6070968497197,-7845.602310293684,-8256.790592856596
2023-11-01 14:00:00,-3981.5111228174283,-8082.9310925552845,-8506.557784627286
2023-11-01 15:00:00,-3934.865642257465,-7988.235336719116,-8406.899021023419
2023-11-01 16:00:00,-3816.219668882953,-7747.370198430438,-8153.410132686608
2023-11-01 17:00:00,-3756.9934570516307,-7627.134093509826,-8026.872449438543
2023-11-01 18:00:00,-3590.1536054222192,-7288.429771805356,-7670.4166227724245
2023-11-01 19:00:00,-3395.8296947076847,-6893.929610562563,-7255.240694729753
2023-11-01 20:00:00,-3204.0219302474216,-6504.5375191366575,-6845.440550615921
2023-11-01 21:00:00,-3025.1819964822516,-6141.471633690103,-6463.3463698276455
2023-11-01 22:00:00,-2917.9554561078967,-5923.789273801151,-6234.255270090953
2023-11-01 23:00:00,-2898.213385497456,-5883.710572160947,-6192.076042341598
2023-11-02 00:00:00,-2881.374560565021,-5849.525797232537,-6156.099642202442
2023-11-02 01:00:00,-2909.8263682094803,-5907.286279008125,-6216.887352782394
2023-11-02 02:00:00,-3016.8593588719677,-6124.575710449624,-6445.564930678408
2023-11-02 03:00:00,-3151.9570577551804,-6398.839766771805,-6734.203175473014
2023-11-02 04:00:00,-3278.925668739976,-6656.600828300961,-7005.473502959062
2023-11-02 05:00:00,-3437.0557833353696,-6977.623369870047,-7343.320846794583
2023-11-02 06:00:00,-3485.249661590269,-7075.46255328584,-7446.287785123891
2023-11-02 07:00:00,-3542.540376302921,-7191.769373731922,-7568.690249965157
2023-11-02 08:00:00,-3538.0887329299785,-7182.732019440504,-7559.179247629518
2023-11-02 09:00:00,-3543.7016745741234,-7194.12694441664,-7571.171381009236
2023-11-02 10:00:00,-3566.5405405744373,-7240.492501216092,-7619.96695820947
2023-11-02 11:00:00,-3552.0243121844073,-7211.022867657119,-7588.952820158474
2023-11-02 12:00:00,-3630.6054952024365,-7370.551817323029,-7756.842687474535
2023-11-02 13:00:00,-3806.5421832896,-7727.723776057789,-8132.734040652611
2023-11-02 14:00:00,-3895.1879513247163,-7907.685004991255,-8322.12704368403
2023-11-02 15:00:00,-3835.381090357793,-7786.270114728283,-8194.348794913923
2023-11-02 16:00:00,-3726.9932517122356,-7566.230184154614,-7962.776564133151
2023-11-02 17:00:00,-3624.024804998956,-7357.192250109628,-7742.782944891416
2023-11-02 18:00:00,-3467.249538386632,-7038.920207672712,-7407.830253940655
2023-11-02 19:00:00,-3290.345101740133,-6679.783606700687,-7029.87129155918
2023-11-02 20:00:00,-3117.6987587547096,-6329.2914315726275,-6661.009809672662
2023-11-02 21:00:00,-2971.18162687134,-6031.84459685072,-6347.973776277939
2023-11-02 22:00:00,-2820.5999510387624,-5726.1462647323015,-6026.253784228937
2023-11-02 23:00:00,-2816.922506513288,-5718.680624230695,-6018.396869256017
2023-11-03 00:00:00,-2792.3416931061706,-5668.778711404166,-5965.879595489664
2023-11-03 01:00:00,-2842.858167903475,-5771.333036189394,-6073.808795907131
2023-11-03 02:00:00,-2901.3101808873294,-5889.997427320194,-6198.692391792477
2023-11-03 03:00:00,-2991.310796905515,-6072.709155385831,-6390.980047708654
2023-11-03 04:00:00,-3122.9246009751205,-6339.900499653858,-6672.174899371022
2023-11-03 05:00:00,-3319.377558520193,-6738.722873818635,-7091.899567661172
2023-11-03 06:00:00,-3421.18470696227,-6945.403237178903,-7309.4120558588265
2023-11-03 07:00:00,-3462.9914447255564,-7030.275781828747,-7398.732773445697
2023-11-03 08:00:00,-3417.313712724929,-6937.544668229843,-7301.141619045228
2023-11-03 09:00:00,-3415.571765318125,-6934.008312202766,-7297.419922479108
2023-11-03 10:00:00,-3424.2815023521434,-6951.690092338151,-7316.028405309706
2023-11-03 11:00:00,-3414.797566470657,-6932.4365984129545,-7295.765835116388
2023-11-03 12:00:00,-3474.2173280138463,-7053.06563178102,-7422.717040205133
2023-11-03 13:00:00,-3666.9928410334446,-7444.422365444189,-7834.5847935223655
2023-11-03 14:00:00,-3747.1224217464105,-7607.094742689724,-8005.782835563866
2023-11-03 15:00:00,-3704.92858455939,-7521.436341144974,-7915.6350742956365
2023-11-03 16:00:00,-3660.4121508299645,-7431.062798230788,-7820.525050939247
2023-11-03 17:00:00,-3556.4759555573496,-7220.060221948537,-7598.463822494113
2023-11-03 18:00:00,-3402.797484334899,-6908.07503467087,-7270.1274809942315
2023-11-03 19:00:00,-3186.7960058912527,-6469.566887313342,-6808.637106795405
2023-11-03 20:00:00,-3032.9239849569344,-6157.188771588222,-6479.887243454844
2023-11-03 21:00:00,-2839.761372513602,-5765.046181030146,-6067.192446456252
2023-11-03 22:00:00,-2727.6960893425703,-5537.54060995487,-5827.76330070256
2023-11-03 23:00:00,-2713.7605100881415,-5509.249761738255,-5797.989728173603
2023-11-04 00:00:00,-2730.4057853087093,-5543.041608219211,-5833.552606472079
2023-11-04 01:00:00,-2784.793254343355,-5653.4545019535,-5949.752243703146
2023-11-04 02:00:00,-2967.8912817696,-6025.16481324402,-6340.9439049863795
2023-11-04 03:00:00,-3296.538692519879,-6692.357317019183,-7043.103990460938
2023-11-04 04:00:00,-3464.73339213236,-7033.8121378558235,-7402.454470011816
2023-11-04 05:00:00,-3610.8634245919957,-7330.473115682825,-7714.66345972518
2023-11-04 06:00:00,-3664.8637942029072,-7440.100152522206,-7830.036053274886
2023-11-04 07:00:00,-3622.8635067277537,-7354.83467942491,-7740.301813847336
2023-11-04 08:00:00,-3588.411658015416,-7284.893415778279,-7666.694926206305
2023-11-04 09:00:00,-3532.8628907095676,-7172.122951359273,-7548.014157931159
2023-11-04 10:00:00,-3541.7661774554526,-7190.1976599421105,-7567.036162602437
2023-11-04 11:00:00,-3545.2500722690597,-7197.270371996264,-7574.479555734676
2023-11-04 12:00:00,-3591.702003117156,-7291.5731993849795,-7673.7247974978645
2023-11-04 13:00:00,-3762.9934981195097,-7639.314875380868,-8039.691626499622
2023-11-04 14:00:00,-3824.735856205104,-7764.65905011837,-8171.605093676526
2023-11-04 15:00:00,-3765.8967437975157,-7645.208802092663,-8045.894454109821
2023-11-04 16:00:00,-3661.1863496774326,-7432.634512020601,-7822.179138301967
2023-11-04 17:00:00,-3581.056768964467,-7269.962134775065,-7650.981096260467
2023-11-04 18:00:00,-3417.1201630130618,-6937.15173978239,-7300.728097204548
2023-11-04 19:00:00,-3188.344403586189,-6472.710314892966,-6811.945281520845
2023-11-04 20:00:00,-2998.6656859564637,-6087.640436389044,-6406.693877654492
2023-11-04 21:00:00,-2854.277600903632,-5794.51581458912,-6098.206584507248
2023-11-04 22:00:00,-2710.0830655626673,-5501.784121236648,-5790.132813200684
2023-11-04 23:00:00,-2698.8571822743775,-5478.994271284376,-5766.148546441247
2023-11-05 00:00:00,-2721.6960482746913,-5525.359828083828,-5814.944123641481
2023-11-05 01:00:00,-2752.083353037821,-5587.049594333946,-5879.867052628234
2023-11-05 02:00:00,-2927.052292565649,-5942.256910831441,-6253.69079660291
2023-11-05 03:00:00,-3243.1189720445686,-6583.90906552216,-6928.971962433271
2023-11-05 04:00:00,-3415.7653150299925,-6934.40124065022,-7297.833444319788
2023-11-05 05:00:00,-3492.411000929351,-7090.0009058416,-7461.588093229049
2023-11-05 06:00:00,-3459.7010996238164,-7023.595998222047,-7391.7029021541375
2023-11-05 07:00:00,-3439.1848301659074,-6981.94558279203,-7347.869587042062
2023-11-05 08:00:00,-3383.248963436325,-6868.389261478119,-7228.3617750855565
2023-11-05 09:00:00,-3371.0553315887,-6843.634769288581,-7202.30989912272
2023-11-05 10:00:00,-3396.990992978887,-6896.28718124728,-7257.721825773833
2023-11-05 11:00:00,-3378.7973200633824,-6859.3519071867,-7218.850772749917
2023-11-05 12:00:00,-3450.7978128779314,-7005.5212896392095,-7372.680897482859
2023-11-05 13:00:00,-3630.7990449143035,-7370.944745770482,-7757.256209315215
2023-11-05 14:00:00,-3725.831953441033,-7563.872613469896,-7960.295433089071
2023-11-05 15:00:00,-3654.2185600502185,-7418.489087912293,-7807.292352037489
2023-11-05 16:00:00,-3582.411616947537,-7272.7126339072365,-7653.875749145227
2023-11-05 17:00:00,-3521.830557133145,-7149.726029854453,-7524.443413012402
2023-11-05 18:00:00,-3353.0552083850625,-6807.092423675454,-7163.852367939484
2023-11-05 19:00:00,-3143.6344201448965,-6381.943843531328,-6716.421736323776
2023-11-05 20:00:00,-2956.66539848131,-6002.374963291747,-6316.959638226943
2023-11-05 21:00:00,-2810.3418163098077,-5705.321057017293,-6004.337126672899
2023-11-05 22:00:00,-2724.7928436645643,-5531.646683243075,-5821.560473092361
2023-11-05 23:00:00,-2663.631134714571,-5407.481293847933,-5690.887571437495
2023-11-06 00:00:00,-2671.373123189254,-5423.198431746052,-5707.428445064694
2023-11-06 01:00:00,-2718.7928025966853,-5519.465901372033,-5808.741296031282
2023-11-06 02:00:00,-2898.7940346330574,-5884.889357503305,-6193.316607863637
2023-11-06 03:00:00,-3219.8930066205207,-6536.757651827802,-6879.349341551677
2023-11-06 04:00:00,-3369.8940333174974,-6841.277198603862,-7199.82876807864
2023-11-06 05:00:00,-3498.217492285363,-7101.78875926519,-7473.993748449448
2023-11-06 06:00:00,-3435.8944850641674,-6975.265799185329,-7340.839715750503
2023-11-06 07:00:00,-3398.345840961956,-6899.037680379452,-7260.616478658592
2023-11-06 08:00:00,-3312.796868316713,-6725.363306605233,-7077.839825078054
2023-11-06 09:00:00,-3346.6680678934495,-6794.1257849095055,-7150.2061471970455
2023-11-06 10:00:00,-3398.9264900975577,-6900.21646572181,-7261.857044180632
2023-11-06 11:00:00,-3380.732817182053,-6863.28119166123,-7222.985991156717
2023-11-06 12:00:00,-3463.1849944374235,-7030.6687102762,-7399.146295286377
2023-11-06 13:00:00,-3624.218354710823,-7357.58517855708,-7743.196466732096
2023-11-06 14:00:00,-3686.3478122201514,-7483.715210189488,-7875.936977590361
2023-11-06 15:00:00,-3649.5733669654087,-7409.058805173421,-7797.36782786117
2023-11-06 16:00:00,-3589.766505998485,-7287.64391491045,-7669.5895790910645
2023-11-06 17:00:00,-3484.862562166535,-7074.676696390934,-7445.460741442531
2023-11-06 18:00:00,-3324.2163013168697,-6748.546085004959,-7102.237613678171
2023-11-06 19:00:00,-3101.247033246009,-6295.892513539125,-6625.8604532148665
2023-11-06 20:00:00,-2958.407345888114,-6005.911319318824,-6320.681334793062
2023-11-06 21:00:00,-2780.3416109704126,-5644.41714766208,-5940.2412413675065
2023-11-06 22:00:00,-2655.6955965280217,-5391.371227502361,-5673.933175969618
2023-11-06 23:00:00,-2682.792556189411,-5446.381210145778,-5731.826233664811
2023-11-07 00:00:00,-2627.824438019164,-5334.789531069131,-5614.386030911704
2023-11-07 01:00:00,-2709.5024164270662,-5500.60533589429,-5788.892247678645
2023-11-07 02:00:00,-2877.310016615813,-5841.2742998360245,-6147.415683548163
2023-11-07 03:00:00,-3204.0219302474216,-6504.5375191366575,-6845.440550615921
2023-11-07 04:00:00,-3395.636144995817,-6893.536682115109,-7254.827172889073
2023-11-07 05:00:00,-3517.5724634720696,-7141.081604010487,-7515.345932517443
2023-11-07 06:00:00,-3536.3467855231747,-7179.195663413427,-7555.457551063399
2023-11-07 07:00:00,-3518.7337617432718,-7143.439174695206,-7517.827063561523
2023-11-07 08:00:00,-3405.1200808773037,-6912.790176040306,-7275.089743082391
2023-11-07 09:00:00,-3452.539760284735,-7009.057645666286,-7376.402594048979
2023-11-07 10:00:00,-3472.66893031891,-7049.922204201396,-7419.408865479694
2023-11-07 11:00:00,-3480.798018217327,-7066.425198994421,-7436.776782788252
2023-11-07 12:00:00,-3523.7660542518156,-7153.655314328983,-7528.578631419201
2023-11-07 13:00:00,-3651.7024137959465,-7413.381018095404,-7801.91656810865
2023-11-07 14:00:00,-3735.8965384581206,-7584.304892737451,-7981.798568804428
2023-11-07 15:00:00,-3668.5412387283814,-7447.565793023813,-7837.892968247806
2023-11-07 16:00:00,-3607.573079490255,-7323.793332076124,-7707.63358843362
2023-11-07 17:00:00,-3545.2500722690597,-7197.270371996264,-7574.479555734676
2023-11-07 18:00:00,-3378.4102206396483,-6858.566050291794,-7218.023729068557
2023-11-07 19:00:00,-3163.5700404672043,-6422.415473618985,-6759.014485913811
2023-11-07 20:00:00,-2961.504141277987,-6012.198174478071,-6327.297684243941
2023-11-07 21:00:00,-2831.8258343270522,-5748.936114684574,-6050.238050988374
2023-11-07 22:00:00,-2731.1799841561774,-5544.613322009023,-5835.206693834799
2023-11-07 23:00:00,-2709.5024164270662,-5500.60533589429,-5788.892247678645
2023-11-08 00:00:00,-2680.276409935139,-5441.273140328889,-5726.450449735971
2023-11-08 01:00:00,-2765.438283156648,-5614.161657208201,-5908.400059635151
2023-11-08 02:00:00,-2901.116631175462,-5889.604498872742,-6198.278869951797
2023-11-08 03:00:00,-3219.5059071967867,-6535.971794932896,-6878.522297870317
2023-11-08 04:00:00,-3385.57155997873,-6873.104402847554,-7233.324037173716
2023-11-08 05:00:00,-3478.862521098656,-7062.495914519892,-7432.641564381453
2023-11-08 06:00:00,-3477.3141234037193,-7059.352486940267,-7429.3333896560125
2023-11-08 07:00:00,-3419.2492098435996,-6941.473952704373,-7305.276837452027
2023-11-08 08:00:00,-3389.829653639805,-6881.7488286915195,-7242.421517668675
2023-11-08 09:00:00,-3393.50709816528,-6889.214469193126,-7250.278432641594
2023-11-08 10:00:00,-3425.2492509114786,-6953.654734575415,-7318.096014513106
2023-11-08 11:00:00,-3435.8944850641674,-6975.265799185329,-7340.839715750503
2023-11-08 12:00:00,-3496.669094590426,-7098.645331685566,-7470.6855737240085
2023-11-08 13:00:00,-3652.2830629315476,-7414.559803437763,-7803.157133630689
2023-11-08 14:00:00,-3678.605823745469,-7467.998072291369,-7859.396103963163
2023-11-08 15:00:00,-3596.540745913833,-7301.396410571304,-7684.062843514863
2023-11-08 16:00:00,-3486.991608997073,-7078.998909312917,-7450.00948169001
2023-11-08 17:00:00,-3461.055947606886,-7026.346497354217,-7394.597555038897
2023-11-08 18:00:00,-3300.4096867572207,-6700.215885968242,-7051.374427274537
2023-11-08 19:00:00,-3093.311495059459,-6279.782447193552,-6608.906057746989
2023-11-08 20:00:00,-2973.504223413745,-6036.559738220157,-6352.936038366099
2023-11-08 21:00:00,-2784.793254343355,-5653.4545019535,-5949.752243703146
2023-11-08 22:00:00,-2676.986064833399,-5434.593356722188,-5719.420578444412
2023-11-08 23:00:00,-2651.437502866946,-5382.726801658395,-5664.835695474659
2023-11-09 00:00:00,-2625.695391188626,-5330.467318147149,-5609.837290664225
2023-11-09 01:00:00,-2678.5344625283356,-5437.736784301813,-5722.728753169852
2023-11-09 02:00:00,-2770.277025953325,-5623.984868394526,-5918.738105652149
2023-11-09 03:00:00,-2850.987255801892,-5787.836030982419,-6091.176713215689
2023-11-09 04:00:00,-3019.1819554143726,-6129.29085181906,-6450.527192766567
2023-11-09 05:00:00,-3211.183269586503,-6519.075871692418,-6860.740858721079
2023-11-09 06:00:00,-3266.15138775675,-6630.667550769064,-6978.181061474185
2023-11-09 07:00:00,-3252.409358214188,-6602.769630999903,-6948.821010785909
2023-11-09 08:00:00,-3228.7962933664057,-6554.832360410639,-6898.371346222955
2023-11-09 09:00:00,-3216.9897609425147,-6530.863725116007,-6873.146513941478
2023-11-09 10:00:00,-3216.9897609425147,-6530.863725116007,-6873.146513941478
2023-11-09 11:00:00,-3216.9897609425147,-6530.863725116007,-6873.146513941478
2023-11-09 12:00:00,-3216.9897609425147,-6530.863725116007,-6873.146513941478
2023-11-09 13:00:00,-3216.9897609425147,-6530.863725116007,-6873.146513941478
2023-11-09 14:00:00,-3216.9897609425147,-6530.863725116007,-6873.146513941478
2023-11-09 15:00:00,-3216.9897609425147,-6530.863725116007,-6873.146513941478
2023-11-09 16:00:00,-3216.9897609425147,-6530.863725116007,-6873.146513941478
2023-11-09 17:00:00,-3216.9897609425147,-6530.863725116007,-6873.146513941478
2023-11-09 18:00:00,-3216.9897609425147,-6530.863725116007,-6873.146513941478
2023-11-09 19:00:00,-3216.9897609425147,-6530.863725116007,-6873.146513941478
2023-11-09 20:00:00,-3216.9897609425147,-6530.863725116007,-6873.146513941478
2023-11-09 21:00:00,-3216.9897609425147,-6530.863725116007,-6873.146513941478
2023-11-09 22:00:00,-3216.9897609425147,-6530.863725116007,-6873.146513941478
2023-11-09 23:00:00,-3216.9897609425147,-6530.863725116007,-6873.146513941478
2023-11-10 00:00:00,-3216.9897609425147,-6530.863725116007,-6873.146513941478
2023-11-10 01:00:00,-3216.9897609425147,-6530.863725116007,-6873.146513941478
2023-11-10 02:00:00,-3216.9897609425147,-6530.863725116007,-6873.146513941478
2023-11-10 03:00:00,-2710.4701649864014,-5502.569978131554,-5790.959856882044
2023-11-10 04:00:00,-2710.4701649864014,-5502.569978131554,-5790.959856882044
2023-11-10 05:00:00,-2710.4701649864014,-5502.569978131554,-5790.959856882044
2023-11-10 06:00:00,-2710.4701649864014,-5502.569978131554,-5790.959856882044
2023-11-10 07:00:00,-2710.4701649864014,-5502.569978131554,-5790.959856882044
2023-11-10 08:00:00,-2710.4701649864014,-5502.569978131554,-5790.959856882044
2023-11-10 09:00:00,-2710.4701649864014,-5502.569978131554,-5790.959856882044
2023-11-10 10:00:00,-2710.4701649864014,-5502.569978131554,-5790.959856882044
2023-11-10 11:00:00,-2710.4701649864014,-5502.569978131554,-5790.959856882044
2023-11-10 12:00:00,-2710.4701649864014,-5502.569978131554,-5790.959856882044
2023-11-10 13:00:00,-2710.4701649864014,-5502.569978131554,-5790.959856882044
2023-11-10 14:00:00,-2710.4701649864014,-5502.569978131554,-5790.959856882044
2023-11-10 15:00:00,-2710.4701649864014,-5502.569978131554,-5790.959856882044
2023-11-10 16:00:00,-2710.4701649864014,-5502.569978131554,-5790.959856882044
2023-11-10 17:00:00,-2710.4701649864014,-5502.569978131554,-5790.959856882044
2023-11-10 18:00:00,-2710.4701649864014,-5502.569978131554,-5790.959856882044
2023-11-10 19:00:00,-2710.4701649864014,-5502.569978131554,-5790.959856882044
2023-11-10 20:00:00,-2710.4701649864014,-5502.569978131554,-5790.959856882044
2023-11-10 21:00:00,-2710.4701649864014,-5502.569978131554,-5790.959856882044
2023-11-10 22:00:00,-2588.3402967982825,-5254.632127788723,-5530.027575412994
2023-11-10 23:00:00,-2580.5983083235997,-5238.9149898906035,-5513.486701785797
2023-11-11 00:00:00,-2574.2111678319866,-5225.948351124655,-5499.8404810433585
2023-11-11 01:00:00,-2637.30837390065,-5354.043024994327,-5634.648601105022
2023-11-11 02:00:00,-2833.95488115759,-5753.258327606557,-6054.786791235853
2023-11-11 03:00:00,-3140.9247241787575,-6376.442845266985,-6710.632430554257
2023-11-11 04:00:00,-3409.765273962113,-6922.220458779177,-7285.01426725871
2023-11-11 05:00:00,-3542.3468265910537,-7191.37644528447,-7568.276728124477
2023-11-11 06:00:00,-3562.669546337096,-7232.633932267033,-7611.696521395872
2023-11-11 07:00:00,-3552.9920607437425,-7212.987509894383,-7591.020429361874
2023-11-11 08:00:00,-3509.2498258617857,-7124.18568077001,-7497.564493368205
2023-11-11 09:00:00,-3491.056152946281,-7087.25040670943,-7458.693440344289
2023-11-11 10:00:00,-3476.9270239799853,-7058.566630045361,-7428.506345974653
2023-11-11 11:00:00,-3492.604550641218,-7090.393834289053,-7462.001615069729
2023-11-11 12:00:00,-3503.2497847939067,-7112.004898898967,-7484.745316307127
2023-11-11 13:00:00,-3674.7348295081274,-7460.139503342309,-7851.125667149564
2023-11-11 14:00:00,-3733.3803922038487,-7579.196822920562,-7976.422784875589
2023-11-11 15:00:00,-3660.6057005418315,-7431.455726678241,-7820.938572779927
2023-11-11 16:00:00,-3580.282570116999,-7268.3904209852535,-7649.327008897747
2023-11-11 17:00:00,-3536.5403352350418,-7179.58859186088,-7555.871072904078
2023-11-11 18:00:00,-3371.635980724301,-6844.8135546309395,-7203.550464644759
2023-11-11 19:00:00,-3201.5057839931496,-6499.4294493197685,-6840.064766687082
2023-11-11 20:00:00,-2984.536556990168,-6058.956659724977,-6376.506783284855
2023-11-11 21:00:00,-2814.5999099708833,-5713.965482861258,-6013.434607167858
2023-11-11 22:00:00,-2814.5999099708833,-5713.965482861258,-6013.434607167858
2023-11-11 23:00:00,-2719.1799020204194,-5520.251758266939,-5809.568339712642
2023-11-12 00:00:00,-2663.631134714571,-5407.481293847933,-5690.887571437495
2023-11-12 01:00:00,-2683.9538544606135,-5448.738780830496,-5734.30736470889
2023-11-12 02:00:00,-2733.5025806985823,-5549.32846337846,-5840.168955922958
2023-11-12 03:00:00,-2925.6974445825795,-5939.50641169927,-6250.79614371815
2023-11-12 04:00:00,-3261.6997443838072,-6621.630196477646,-6968.670059138547
2023-11-12 05:00:00,-3384.603811419395,-6871.139760610289,-7231.256427970316
2023-11-12 06:00:00,-3503.6368842176407,-7112.790755793873,-7485.572359988486
2023-11-12 07:00:00,-3521.2499079975437,-7148.547244512094,-7523.202847490362
2023-11-12 08:00:00,-3444.7977718100524,-6993.340507768166,-7359.861720421781
2023-11-12 09:00:00,-3375.8940743853764,-6853.4579804749055,-7212.647945139718
2023-11-12 10:00:00,-3389.636103927938,-6881.355900244067,-7242.007995827995
2023-11-12 11:00:00,-3393.3135484534127,-6888.821540745674,-7249.864910800914
2023-11-12 12:00:00,-3388.087706233002,-6878.212472664443,-7238.699821102555
2023-11-12 13:00:00,-3509.0562761499186,-7123.792752322556,-7497.150971527525
2023-11-12 14:00:00,-3672.992882101324,-7456.603147315232,-7847.403970583444
2023-11-12 15:00:00,-3732.2190939326465,-7576.8392522358445,-7973.941653831509
2023-11-12 16:00:00,-3654.7992091858196,-7419.667873254652,-7808.532917559529
2023-11-12 17:00:00,-3616.8634656598747,-7342.653897553867,-7727.482636786258
2023-11-12 18:00:00,-3556.0888561336155,-7219.274365053631,-7597.636778812754
2023-11-12 19:00:00,-3378.99086977525,-6859.744835634153,-7219.264294590597
2023-11-12 20:00:00,-3171.699128365621,-6438.91846841201,-6776.382403222369
2023-11-12 21:00:00,-2926.665193141915,-5941.471053936535,-6252.86375292155
2023-11-12 22:00:00,-2810.1482665979406,-5704.92812856984,-6003.923604832219
2023-11-12 23:00:00,-2708.7282175795976,-5499.033622104477,-5787.238160315925
2023-11-13 00:00:00,-2684.3409538843475,-5449.524637725402,-5735.13440839025
2023-11-13 01:00:00,-2678.3409128164685,-5437.343855854359,-5722.315231329172
2023-11-13 02:00:00,-2739.5026217664613,-5561.509245249502,-5852.988132984037
2023-11-13 03:00:00,-2931.6974856504585,-5951.687193570312,-6263.615320779229
2023-11-13 04:00:00,-3214.473614688243,-6525.755655299118,-6867.7707300126385
2023-11-13 05:00:00,-3456.7978539458104,-7017.702071510252,-7385.500074543938
2023-11-13 06:00:00,-3562.4759966252286,-7232.241003819579,-7611.282999555192
2023-11-13 07:00:00,-3554.7340081505463,-7216.52386592146,-7594.742125927994
2023-11-13 08:00:00,-3541.9597271673197,-7190.590588389564,-7567.449684443117
2023-11-13 09:00:00,-3458.539801352614,-7021.238427537329,-7389.2217711100575
2023-11-13 10:00:00,-3433.9589879454966,-6971.3365147108,-7336.704497343704
2023-11-13 11:00:00,-3427.7653971657505,-6958.762804392304,-7323.471798441945
2023-11-13 12:00:00,-3459.7010996238164,-7023.595998222047,-7391.7029021541375
2023-11-13 13:00:00,-3561.7017977777605,-7230.669290029768,-7609.628912192472
2023-11-13 14:00:00,-3723.8964563223626,-7559.943328995366,-7956.1602146822715
2023-11-13 15:00:00,-3766.8644923568513,-7647.173444329928,-8047.962063313221
2023-11-13 16:00:00,-3706.6705319661933,-7524.972697172051,-7919.356770861756
2023-11-13 17:00:00,-3613.379570846267,-7335.581185499714,-7720.039243654019
2023-11-13 18:00:00,-3574.863178184721,-7257.388424456571,-7637.748397358709
2023-11-13 19:00:00,-3391.378051334742,-6884.892256271144,-7245.729692394114
2023-11-13 20:00:00,-3158.3441982467934,-6411.806405537754,-6747.8493962154525
2023-11-13 21:00:00,-3001.9560310582037,-6094.320219995745,-6413.723748946051
2023-11-13 22:00:00,-2829.1161383609133,-5743.435116420233,-6044.448745218854
2023-11-13 23:00:00,-2726.728340783235,-5535.575967717605,-5825.69569149916
2023-11-14 00:00:00,-2705.6314221897246,-5492.74676694523,-5780.6218108650455
2023-11-14 01:00:00,-2712.018562681338,-5505.713405711178,-5794.268031607484
2023-11-14 02:00:00,-2756.341446698896,-5595.694020177911,-5888.964533123192
2023-11-14 03:00:00,-2931.5039359385914,-5951.2942651228595,-6263.201798938549
2023-11-14 04:00:00,-3279.119218451843,-6656.993756748415,-7005.887024799742
2023-11-14 05:00:00,-3454.0881579796715,-7012.20107324591,-7379.710768774418
2023-11-14 06:00:00,-3592.08910254089,-7292.359056279885,-7674.5518411792245
2023-11-14 07:00:00,-3621.702208456551,-7352.477108740192,-7737.820682803257
2023-11-14 08:00:00,-3573.7018799135185,-7255.030853771853,-7635.267266314629
2023-11-14 09:00:00,-3474.2173280138463,-7053.06563178102,-7422.717040205133
2023-11-14 10:00:00,-3459.7010996238164,-7023.595998222047,-7391.7029021541375
2023-11-14 11:00:00,-3492.798100353085,-7090.786762736506,-7462.415136910409
2023-11-14 12:00:00,-3487.765807844541,-7080.570623102729,-7451.66356905273
2023-11-14 13:00:00,-3561.5082480658934,-7230.276361582314,-7609.215390351792
2023-11-14 14:00:00,-3751.1869656956187,-7615.346240086236,-8014.466794218145
2023-11-14 15:00:00,-3769.187088899256,-7651.888585699364,-8052.92432540138
2023-11-14 16:00:00,-3696.605946949106,-7504.540417904495,-7897.853635146398
2023-11-14 17:00:00,-3630.7990449143035,-7370.944745770482,-7757.256209315215
2023-11-14 18:00:00,-3573.3147804897844,-7254.244996876946,-7634.440222633269
2023-11-14 19:00:00,-3422.3460052334726,-6947.760807863621,-7311.893186902907
2023-11-14 20:00:00,-3194.925093789669,-6486.069882106367,-6826.0050241039635
2023-11-14 21:00:00,-3042.2143711265535,-6176.049337065965,-6499.736291807481
2023-11-14 22:00:00,-2877.310016615813,-5841.2742998360245,-6147.415683548163
2023-11-14 23:00:00,-2764.857634021047,-5612.982871865843,-5907.159494113111
2023-11-15 00:00:00,-2783.4384063602856,-5650.704002821329,-5946.857590818386
2023-11-15 01:00:00,-2750.14785591915,-5583.120309859416,-5875.731834221434
2023-11-15 02:00:00,-2803.9546758181946,-5692.354418251344,-5990.690905930461
2023-11-15 03:00:00,-2982.40751015963,-6054.634446802994,-6371.958043037376
2023-11-15 04:00:00,-3288.7967040451967,-6676.640179121064,-7026.5631168337395
2023-11-15 05:00:00,-3489.120655827611,-7083.321122234899,-7454.55822193749
2023-11-15 06:00:00,-3598.089143608769,-7304.5398381509285,-7687.371018240303
2023-11-15 07:00:00,-3656.9282560163574,-7423.990086176635,-7813.081657807008
2023-11-15 08:00:00,-3624.218354710823,-7357.58517855708,-7743.196466732096
2023-11-15 09:00:00,-3570.2179850999114,-7247.958141717699,-7627.823873182389
2023-11-15 10:00:00,-3540.4113294723834,-7187.447160809939,-7564.141509717677
2023-11-15 11:00:00,-3580.089020405132,-7267.997492537801,-7648.913487057067
2023-11-15 12:00:00,-3578.3470729983283,-7264.461136510724,-7645.191790490948
2023-11-15 13:00:00,-3633.7022905923095,-7376.838672482277,-7763.459036925414
2023-11-15 14:00:00,-3785.2517149842224,-7684.501646837962,-8087.246638177816
2023-11-15 15:00:00,-3813.703522628681,-7742.26212861355,-8148.034348757769
2023-11-15 16:00:00,-3706.089882830592,-7523.793911829692,-7918.116205339716
2023-11-15 17:00:00,-3605.2504829478507,-7319.0781907066885,-7702.671326345461
2023-11-15 18:00:00,-3545.6371716927943,-7198.056228891171,-7575.306599416036
2023-11-15 19:00:00,-3410.3459230977146,-6923.399244121536,-7286.25483278075
2023-11-15 20:00:00,-3212.3445678577054,-6521.433442377136,-6863.221989765159
2023-11-15 21:00:00,-3067.7629330930063,-6227.9158921297585,-6554.321174777235
2023-11-15 22:00:00,-2904.7940757009364,-5897.070139374348,-6206.135784924716
2023-11-15 23:00:00,-2803.7611261063275,-5691.961489803892,-5990.277384089781
2023-11-16 00:00:00,-2744.147814851271,-5570.939527988373,-5862.912657160356
2023-11-16 01:00:00,-2789.6319971400317,-5663.277713139824,-5960.090289720144
2023-11-16 02:00:00,-2806.4708220724665,-5697.462488068233,-5996.0666898593
2023-11-16 03:00:00,-2894.3423912601147,-5875.852003211887,-6183.8056055279985
2023-11-16 04:00:00,-2986.4720541088386,-6062.885944199506,-6380.642001691655
2023-11-16 05:00:00,-3113.0535656699,-6319.8611488337565,-6651.085285496344
2023-11-16 06:00:00,-3359.442348876676,-6820.059062441402,-7177.498588681922
2023-11-16 07:00:00,-3440.7332278608437,-6985.089010371654,-7351.177761767502
2023-11-16 08:00:00,-3468.9914857934355,-7042.4565636997895,-7411.551950506775
2023-11-16 09:00:00,-3435.8944850641674,-6975.265799185329,-7340.839715750503
2023-11-16 10:00:00,-3402.603934623032,-6907.682106223417,-7269.7139591535515
2023-11-16 11:00:00,-3408.991075114645,-6920.648744989365,-7283.36017989599
2023-11-16 12:00:00,-3391.378051334742,-6884.892256271144,-7245.729692394114
2023-11-16 13:00:00,-3486.2174101496043,-7077.427195523105,-7448.355394327291
2023-11-16 14:00:00,-3672.0251335419885,-7454.638505077967,-7845.336361380045
2023-11-16 15:00:00,-3720.799660932489,-7553.6564738361185,-7949.543865231392
2023-11-16 16:00:00,-3611.637623439464,-7332.044829472637,-7716.3175470879
2023-11-16 17:00:00,-3524.927352523018,-7156.012885013701,-7531.059762463281
2023-11-16 18:00:00,-3462.6043453018224,-7029.489924933841,-7397.905729764337
2023-11-16 19:00:00,-3319.377558520193,-6738.722873818635,-7091.899567661172
2023-11-16 20:00:00,-3159.311946806129,-6413.771047775019,-6749.917005418853
2023-11-16 21:00:00,-3022.6658502279797,-6136.363563873214,-6457.970585898806
2023-11-16 22:00:00,-2876.922917192079,-5840.488442941119,-6146.588639866803
2023-11-16 23:00:00,-2749.567206783549,-5581.941524517057,-5874.491268699394
2023-11-17 00:00:00,-2724.5992939526973,-5531.253754795622,-5821.146951251681
2023-11-17 01:00:00,-2692.8571412064985,-5466.813489413333,-5753.329369380169
2023-11-17 02:00:00,-2724.9863933764314,-5532.039611690529,-5821.973994933041
2023-11-17 03:00:00,-2801.0514301401886,-5686.46049153955,-5984.488078320262
2023-11-17 04:00:00,-2879.4390634463507,-5845.5965127580075,-6151.964423795642
2023-11-17 05:00:00,-3001.9560310582037,-6094.320219995745,-6413.723748946051
2023-11-17 06:00:00,-3196.2799417727388,-6488.820381238538,-6828.899676988723
2023-11-17 07:00:00,-3303.5064821470937,-6706.5027411274905,-7057.990776725416
2023-11-17 08:00:00,-3302.538733587758,-6704.538098890225,-7055.923167522016
2023-11-17 09:00:00,-3275.828873350103,-6650.313973141714,-6998.857153508183
2023-11-17 10:00:00,-3269.44173285849,-6637.347334375765,-6985.2109327657445
2023-11-17 11:00:00,-3282.216013841716,-6663.280611907662,-7012.503374250621
2023-11-17 12:00:00,-3292.861247994405,-6684.891676517576,-7035.247075488019
2023-11-17 13:00:00,-3405.894279724772,-6914.361889830117,-7276.743830445111
2023-11-17 14:00:00,-3606.60533093092,-7321.82868983886,-7705.56597923022
2023-11-17 15:00:00,-3642.7991270500615,-7395.306309512567,-7782.894563437371
2023-11-17 16:00:00,-3590.927804269688,-7290.001485595168,-7672.0707101351445
2023-11-17 17:00:00,-3541.5726277435856,-7189.804731494657,-7566.622640761757
2023-11-17 18:00:00,-3516.798264624601,-7139.5098902206755,-7513.691845154723
2023-11-17 19:00:00,-3347.4422667409176,-6795.697498699317,-7151.860234559766
2023-11-17 20:00:00,-3133.5698351278093,-6361.511564263772,-6694.918600608418
2023-11-17 21:00:00,-3006.7947738548805,-6104.143431182069,-6424.0617949630505
2023-11-17 22:00:00,-2855.8259985985683,-5797.659242168744,-6101.5147592326875
2023-11-17 23:00:00,-2781.502909241615,-5646.774718346799,-5942.722372411587
2023-11-18 00:00:00,-2751.889803325954,-5586.656665886492,-5879.453530787554
2023-11-18 01:00:00,-2776.8577161568055,-5637.344435607927,-5932.797848235267
2023-11-18 02:00:00,-2807.4385706318017,-5699.427130305498,-5998.1342990627
2023-11-18 03:00:00,-2978.730065634156,-6047.168806301387,-6364.101128064457
2023-11-18 04:00:00,-3333.7002371983563,-6767.799578930155,-7122.500183871489
2023-11-18 05:00:00,-3546.7984699639965,-7200.413799575888,-7577.787730460115
2023-11-18 06:00:00,-3732.025544220779,-7576.446323788391,-7973.528131990829
2023-11-18 07:00:00,-3847.187622781684,-7810.238750022915,-8219.573627195401
2023-11-18 08:00:00,-3824.929405916971,-7765.0519785658225,-8172.018615517206
2023-11-18 09:00:00,-3767.6386912043195,-7648.74515811974,-8049.616150675941
2023-11-18 10:00:00,-3763.1870478313767,-7639.707803828322,-8040.105148340302
2023-11-18 11:00:00,-3789.896908069032,-7693.931929576833,-8097.171162354135
2023-11-18 12:00:00,-3756.9934570516307,-7627.134093509826,-8026.872449438543
2023-11-18 13:00:00,-3827.445552171243,-7770.1600483827115,-8177.394399446046
2023-11-18 14:00:00,-3943.188279867749,-8005.131259959594,-8424.680460172656
2023-11-18 15:00:00,-3932.155946291326,-7982.734338454775,-8401.109715253899
2023-11-18 16:00:00,-3845.058575951146,-7805.916537100933,-8215.024886947922
2023-11-18 17:00:00,-3780.80007161128,-7675.464292546543,-8077.7356358421775
2023-11-18 18:00:00,-3710.928625627269,-7533.617123016016,-7928.454251356715
2023-11-18 19:00:00,-3544.0887739978575,-7194.912801311546,-7571.998424690596
2023-11-18 20:00:00,-3307.571026096302,-6714.754238524003,-7066.674735379695
2023-11-18 21:00:00,-3150.795759483978,-6396.482196087088,-6731.722044428934
2023-11-18 22:00:00,-2970.988077159473,-6031.451668403268,-6347.56025443726
2023-11-18 23:00:00,-2850.2130569544233,-5786.264317192607,-6089.522625852969
2023-11-19 00:00:00,-2861.245390530846,-5808.6612386974275,-6113.093370771727
2023-11-19 01:00:00,-2853.890501479898,-5793.729957694214,-6097.379540825888
2023-11-19 02:00:00,-2910.0199179213473,-5907.679207455579,-6217.300874623074
2023-11-19 03:00:00,-3071.246827906614,-6234.988604183912,-6561.764567909474
2023-11-19 04:00:00,-3376.861822944712,-6855.42262271217,-7214.715554343118
2023-11-19 05:00:00,-3601.379488710509,-7311.219621757629,-7694.400889531862
2023-11-19 06:00:00,-3765.7031940856486,-7644.815873645211,-8045.480932269141
2023-11-19 07:00:00,-3796.090498848778,-7706.505639895328,-8110.403861255893
2023-11-19 08:00:00,-3781.187171035014,-7676.250149441449,-8078.562679523538
2023-11-19 09:00:00,-3734.735240186918,-7581.947322052733,-7979.317437760349
2023-11-19 10:00:00,-3705.122134271257,-7521.829269592427,-7916.0485961363165
2023-11-19 11:00:00,-3734.154591051317,-7580.768536710374,-7978.076872238309
2023-11-19 12:00:00,-3721.5738597799577,-7555.22818762593,-7951.197952594112
2023-11-19 13:00:00,-3789.122709221564,-7692.360215787021,-8095.517074991415
2023-11-19 14:00:00,-3924.220408104776,-7966.624272109202,-8384.155319786021
2023-11-19 15:00:00,-3887.4459628500335,-7891.967867093135,-8305.586170056831
2023-11-19 16:00:00,-3862.090950595448,-7840.494240476795,-8251.414808927757
2023-11-19 17:00:00,-3771.1225860179266,-7655.817870173893,-8057.05954380818
2023-11-19 18:00:00,-3723.122257474894,-7558.371615205554,-7954.5061273195515
2023-11-19 19:00:00,-3542.1532768791867,-7190.983516837016,-7567.863206283797
2023-11-19 20:00:00,-3323.0550030456675,-6746.188514320242,-7099.756482634091
2023-11-19 21:00:00,-3151.182858907712,-6397.268052981994,-6732.549088110294
2023-11-19 22:00:00,-2970.988077159473,-6031.451668403268,-6347.56025443726
2023-11-19 23:00:00,-2876.922917192079,-5840.488442941119,-6146.588639866803
2023-11-20 00:00:00,-2826.7935418185084,-5738.719975050796,-6039.486483130695
2023-11-20 01:00:00,-2835.3097291406593,-5756.008826738727,-6057.681444120613
2023-11-20 02:00:00,-2903.826327141601,-5895.105497137083,-6204.068175721316
2023-11-20 03:00:00,-3069.50488049981,-6231.452248156836,-6558.042871343355
2023-11-20 04:00:00,-3353.635857520664,-6808.271209017812,-7165.092933461524
2023-11-20 05:00:00,-3613.379570846267,-7335.581185499714,-7720.039243654019
2023-11-20 06:00:00,-3777.50972650954,-7668.784508939842,-8070.705764550618
2023-11-20 07:00:00,-3849.1231199003546,-7814.168034497446,-8223.7088456022
2023-11-20 08:00:00,-3841.187581713805,-7798.057968151873,-8206.754450134322
2023-11-20 09:00:00,-3751.574065119353,-7616.132096981142,-8015.293837899504
2023-11-20 10:00:00,-3771.3161357297936,-7656.210798621347,-8057.473065648859
2023-11-20 11:00:00,-3801.509890781056,-7717.507636424012,-8121.982472794932
2023-11-20 12:00:00,-3799.7679433742524,-7713.971280396935,-8118.260776228813
2023-11-20 13:00:00,-3890.736307951774,-7898.647650699836,-8312.61604134839
2023-11-20 14:00:00,-3962.9303504781897,-8045.209961599799,-8466.859687922011
2023-11-20 15:00:00,-3967.7690932748665,-8055.033172786123,-8477.19773393901
2023-11-20 16:00:00,-3910.0912791384803,-7937.940495445135,-8353.968225416385
2023-11-20 17:00:00,-3829.768148713648,-7774.875189752147,-8182.356661534205
2023-11-20 18:00:00,-3763.7676969669783,-7640.88658917068,-8041.345713862342
2023-11-20 19:00:00,-3604.669833812249,-7317.899405364329,-7701.430760823421
2023-11-20 20:00:00,-3384.4102617075273,-6870.746832162837,-7230.842906129636
2023-11-20 21:00:00,-3195.118643501536,-6486.46281055382,-6826.4185459446435
2023-11-20 22:00:00,-3049.182160753768,-6190.194761174273,-6514.62307807196
2023-11-20 23:00:00,-2938.471725565806,-5965.439689231167,-6278.088585203027
2023-11-21 00:00:00,-2896.8585375143866,-5880.960073028776,-6189.181389456838
2023-11-21 01:00:00,-2903.2456780059997,-5893.926711794724,-6202.827610199276
2023-11-21 02:00:00,-2963.633188108525,-6016.5203874000545,-6331.846424491421
2023-11-21 03:00:00,-3137.0537299414163,-6368.584276317926,-6702.361993740657
2023-11-21 04:00:00,-3449.2494151829947,-7002.377862059585,-7369.37272275742
2023-11-21 05:00:00,-3657.1218057282244,-7424.383014624087,-7813.495179647688
2023-11-21 06:00:00,-3842.348879985007,-7800.415538836591,-8209.235581178402
2023-11-21 07:00:00,-3852.2199152902276,-7820.454889656693,-8230.32519505308
2023-11-21 08:00:00,-3844.671476527412,-7805.130680206027,-8214.197843266562
2023-11-21 09:00:00,-3780.0258727638115,-7673.8925787567305,-8076.0815484794575
2023-11-21 10:00:00,-3799.3808439505183,-7713.185423502029,-8117.433732547453
2023-11-21 11:00:00,-3840.0262834426026,-7795.700397467155,-8204.273319090242
2023-11-21 12:00:00,-3830.155248137382,-7775.661046647053,-8183.183705215565
2023-11-21 13:00:00,-3969.8981401054043,-8059.355385708106,-8481.74647418649
2023-11-21 14:00:00,-4057.3826098693185,-8236.959043956853,-8668.658346173828
2023-11-21 15:00:00,-4045.769627157294,-8213.383337109675,-8643.847035733032
2023-11-21 16:00:00,-3975.7046314614163,-8071.143239131695,-8494.152129406888
2023-11-21 17:00:00,-3906.413834613006,-7930.474854943528,-8346.111310443466
2023-11-21 18:00:00,-3847.381172493551,-7810.631678470369,-8219.98714903608
2023-11-21 19:00:00,-3719.251263237553,-7550.513046256495,-7946.235690505952
2023-11-21 20:00:00,-3492.023901505617,-7089.215048946694,-7460.761049547689
2023-11-21 21:00:00,-3299.441938197885,-6698.251243730978,-7049.306818071137
2023-11-21 22:00:00,-3170.924929518153,-6437.346754622197,-6774.728315859649
2023-11-21 23:00:00,-3097.763138432402,-6288.81980148497,-6618.417060082627
2023-11-22 00:00:00,-3084.408208313574,-6261.707738610715,-6589.884053075711
2023-11-22 01:00:00,-3052.085406431774,-6196.088687886067,-6520.825905682159
2023-11-22 02:00:00,-3111.6987176868306,-6317.110649701585,-6648.190632611584
2023-11-22 03:00:00,-3294.7967451130758,-6688.820960992106,-7039.382293894819
2023-11-22 04:00:00,-3634.0893900160436,-7377.624529377183,-7764.286080606774
2023-11-22 05:00:00,-3850.8650673071584,-7817.704390524522,-8227.43054216832
2023-11-22 06:00:00,-4013.640374987361,-8148.157214832479,-8575.20241018016
2023-11-22 07:00:00,-4069.3826920050765,-8261.320607698939,-8694.296700295985
2023-11-22 08:00:00,-4010.350029885621,-8141.477431225779,-8568.1725388886
2023-11-22 09:00:00,-3962.7368007663226,-8044.817033152345,-8466.446166081332
2023-11-22 10:00:00,-3941.252782749078,-8001.201975485064,-8420.545241765858
2023-11-22 11:00:00,-3988.4789124446424,-8097.076516663592,-8521.444570891765
2023-11-22 12:00:00,-4045.576077445427,-8212.990408662221,-8643.43351389235
2023-11-22 13:00:00,-4121.447564497317,-8367.01836006379,-8805.534075438893
2023-11-22 14:00:00,-4233.5128476683485,-8594.523931139067,-9044.963221192584
2023-11-22 15:00:00,-4225.964408905534,-8579.199721688401,-9028.835869406066
2023-11-22 16:00:00,-4117.576570259976,-8359.159791114731,-8797.263638625293
2023-11-22 17:00:00,-4055.2535630387806,-8232.63683103487,-8664.10960592635
2023-11-22 18:00:00,-3960.0271048001837,-8039.316034888004,-8460.656860311812
2023-11-22 19:00:00,-3827.832651594977,-7770.945905277617,-8178.221443127405
2023-11-22 20:00:00,-3630.4119454905695,-7370.158888875576,-7756.429165633855
2023-11-22 21:00:00,-3434.1525376573636,-6971.729443158253,-7337.118019184383
2023-11-22 22:00:00,-3269.248183146623,-6636.954405928313,-6984.7974109250645
2023-11-22 23:00:00,-3161.828093060401,-6418.879117591908,-6755.292789347692
2023-11-23 00:00:00,-3130.6665894498033,-6355.617637551977,-6688.715772998219
2023-11-23 01:00:00,-3135.6988819583466,-6365.833777185755,-6699.467340855898
2023-11-23 02:00:00,-3158.537747958661,-6412.199333985207,-6748.262918056133
2023-11-23 03:00:00,-3229.9575916376084,-6557.189931095357,-6900.852477267034
2023-11-23 04:00:00,-3349.3777638595884,-6799.626783173847,-7155.995452966565
2023-11-23 05:00:00,-3531.314493014631,-7168.97952377965,-7544.705983205719
2023-11-23 06:00:00,-3806.929282713334,-7728.509632952695,-8133.561084333971
2023-11-23 07:00:00,-3889.5750096805714,-7896.290080015118,-8310.13491030431
2023-11-23 08:00:00,-3972.2207366478087,-8064.070527077542,-8486.70873627465
2023-11-23 09:00:00,-3938.5430867829396,-7995.700977220723,-8414.755935996338
2023-11-23 10:00:00,-3924.4139578166437,-7967.017200556656,-8384.568841626702
2023-11-23 11:00:00,-3929.446250325187,-7977.2333401904325,-8395.32040948438
2023-11-23 12:00:00,-3916.09132020636,-7950.121277316177,-8366.787402477463
2023-11-23 13:00:00,-4002.027392275337,-8124.581507985301,-8550.391099739361
2023-11-23 14:00:00,-4202.931993193352,-8532.441236441497,-8979.626770365152
2023-11-23 15:00:00,-4167.125296497945,-8459.749473662694,-8903.125229839361
2023-11-23 16:00:00,-4059.511656699856,-8241.281256878836,-8673.207086421307
2023-11-23 17:00:00,-3957.898057969646,-8034.993821966021,-8456.108120064333
2023-11-23 18:00:00,-3902.542840375665,-7922.616285994468,-8337.840873629866
2023-11-23 19:00:00,-3756.4128079160296,-7625.955308167467,-8025.631883916503
2023-11-23 20:00:00,-3622.2828575921526,-7353.655894082551,-7739.061248325297
2023-11-23 21:00:00,-3441.8945261320464,-6987.4465810563715,-7353.658892811582
2023-11-23 22:00:00,-3234.6027847224177,-6566.620213834229,-6910.777001443354
2023-11-23 23:00:00,-3111.5051679749636,-6316.717721254133,-6647.777110770904
2023-11-24 00:00:00,-3105.5051269070846,-6304.53693938309,-6634.957933709826
2023-11-24 01:00:00,-3085.3759568729097,-6263.67238084798,-6591.951662279111
2023-11-24 02:00:00,-3105.6986766189516,-6304.929867830543,-6635.371455550506
2023-11-24 03:00:00,-3176.537871162298,-6448.7416795983345,-6786.720449239368
2023-11-24 04:00:00,-3237.5060304004237,-6572.514140546024,-6916.979829053553
2023-11-24 05:00:00,-3397.378092402621,-6897.073038142186,-7258.548869455193
2023-11-24 06:00:00,-3629.831296354968,-7368.9801035332175,-7755.188600111815
2023-11-24 07:00:00,-3776.5419779502045,-7666.819866702577,-8068.638155347218
2023-11-24 08:00:00,-3844.284377103678,-7804.34482331112,-8213.370799585202
2023-11-24 09:00:00,-3775.9613288146033,-7665.641081360218,-8067.397589825178
2023-11-24 10:00:00,-3775.187129967135,-7664.069367570406,-8065.743502462458
2023-11-24 11:00:00,-3738.9933338479937,-7590.5917478966985,-7988.414918255307
2023-11-24 12:00:00,-3802.2840896285243,-7719.079350213824,-8123.636560157652
2023-11-24 13:00:00,-3884.3491674601605,-7885.681011933888,-8298.969820605951
2023-11-24 14:00:00,-4091.0602597341876,-8305.328593813672,-8740.61114645214
2023-11-24 15:00:00,-4093.7699557003266,-8310.829592078015,-8746.400452221658
2023-11-24 16:00:00,-4038.80183753008,-8199.237913001367,-8628.960249468553
2023-11-24 17:00:00,-3958.2851573933804,-8035.779678860927,-8456.935163745693
2023-11-24 18:00:00,-3915.317121358891,-7948.549563526365,-8365.133315114743
2023-11-24 19:00:00,-3798.219545679316,-7710.827852817311,-8114.9526015033725
2023-11-24 20:00:00,-3548.3468676589328,-7203.557227155512,-7581.095905185555
2023-11-24 21:00:00,-3374.34567669044,-6850.314552895282,-7209.339770414279
2023-11-24 22:00:00,-3216.7962112306477,-6530.470796668555,-6872.732992100798
2023-11-24 23:00:00,-3081.892062059302,-6256.599668793826,-6584.5082691468715
2023-11-25 00:00:00,-3107.8277234494894,-6309.252080752526,-6639.920195797985
2023-11-25 01:00:00,-3080.150114652499,-6253.06331276675,-6580.786572580752
2023-11-25 02:00:00,-3126.2149460768605,-6346.580283260559,-6679.204770662581
2023-11-25 03:00:00,-3336.4099331644948,-6773.300577194497,-7128.289489641008
2023-11-25 04:00:00,-3654.0250103383514,-7418.09615946484,-7806.878830196809
2023-11-25 05:00:00,-3973.7691343427455,-8067.213954657165,-8490.01691100009
2023-11-25 06:00:00,-4176.02858324383,-8477.824182245531,-8922.14723451064
2023-11-25 07:00:00,-4288.287416126729,-8705.72268176826,-9161.989902105011
2023-11-25 08:00:00,-4303.38429365236,-8736.371100669594,-9194.244605678046
2023-11-25 09:00:00,-4244.351631532904,-8616.527924196434,-9068.120444270662
2023-11-25 10:00:00,-4213.964326769775,-8554.838157946315,-9003.19751528391
2023-11-25 11:00:00,-4240.0935378718295,-8607.883498352468,-9059.022963775702
2023-11-25 12:00:00,-4234.674145939552,-8596.881501823784,-9047.444352236664
2023-11-25 13:00:00,-4251.7065205838535,-8631.459205199648,-9083.8342742165
2023-11-25 14:00:00,-4350.610423347925,-8832.245641848122,-9295.143934803955
2023-11-25 15:00:00,-4326.029609940807,-8782.343729021592,-9242.6266610376
2023-11-25 16:00:00,-4216.480473024047,-8559.946227763205,-9008.573299212749
2023-11-25 17:00:00,-4122.608862768519,-8369.375930748509,-8808.015206482973
2023-11-25 18:00:00,-4018.092018360304,-8157.194569123898,-8584.713412515797
2023-11-25 19:00:00,-3864.0264477141186,-7844.423524951325,-8255.550027334557
2023-11-25 20:00:00,-3647.6378698467383,-7405.129520698892,-7793.2326094543705
2023-11-25 21:00:00,-3443.8300232507167,-6991.375865530902,-7357.794111218382
2023-11-25 22:00:00,-3270.022381994091,-6638.526119718124,-6986.4514982877845
2023-11-25 23:00:00,-3212.1510181458384,-6521.040513929683,-6862.808467924479
2023-11-26 00:00:00,-3135.892431670214,-6366.226705633208,-6699.880862696578
2023-11-26 01:00:00,-3139.7634259075553,-6374.085274582268,-6708.151299510177
2023-11-26 02:00:00,-3219.1188077730526,-6535.18593803799,-6877.695254188957
2023-11-26 03:00:00,-3382.474764588857,-6866.817547688307,-7226.707687722836
2023-11-26 04:00:00,-3707.638280525529,-7526.937339409315,-7921.424380065156
2023-11-26 05:00:00,-3952.6722157492354,-8024.38475388479,-8444.943030365974
2023-11-26 06:00:00,-4139.447687700955,-8403.560705676919,-8843.991606622129
2023-11-26 07:00:00,-4171.383390159021,-8468.39389950666,-8912.22271033432
2023-11-26 08:00:00,-4119.899166802381,-8363.874932484166,-8802.225900713453
2023-11-26 09:00:00,-4055.4471127506476,-8233.029759482324,-8664.523127767028
2023-11-26 10:00:00,-4029.898550784195,-8181.16320441853,-8609.938244797275
2023-11-26 11:00:00,-4055.6406624625147,-8233.422687929777,-8664.93664960771
2023-11-26 12:00:00,-4063.3826509371975,-8249.139825827895,-8681.477523234907
2023-11-26 13:00:00,-4198.286800108543,-8523.010953702624,-8969.702246188834
2023-11-26 14:00:00,-4260.8033570416055,-8649.926842229937,-9103.269800728458
2023-11-26 15:00:00,-4264.48080156708,-8657.392482731544,-9111.126715701377
2023-11-26 16:00:00,-4205.835238871358,-8538.33516315329,-8985.829597975351
2023-11-26 17:00:00,-4071.5117388356143,-8265.642820620922,-8698.845440543464
2023-11-26 18:00:00,-4038.608287818213,-8198.844984553914,-8628.546727627872
2023-11-26 19:00:00,-3850.284418171557,-7816.525605182163,-8226.18997664628
2023-11-26 20:00:00,-3646.0894721518016,-7401.986093119268,-7789.9244347289305
2023-11-26 21:00:00,-3445.5719706575205,-6994.912221557978,-7361.515807784501
2023-11-26 22:00:00,-3275.054674502635,-6648.742259351902,-6997.203066145464
2023-11-26 23:00:00,-3161.0538942129324,-6417.307403802096,-6753.638701984972
2023-11-27 00:00:00,-3122.7310512632534,-6339.507571206405,-6671.761377530342
2023-11-27 01:00:00,-3117.8923084665767,-6329.684360020081,-6661.423331513342
2023-11-27 02:00:00,-3188.537953298056,-6473.103243340419,-6812.358803361525
2023-11-27 03:00:00,-3383.829612571926,-6869.568046820477,-7229.6023406075965
2023-11-27 04:00:00,-3696.412397237239,-7504.147489457043,-7897.440113305718
2023-11-27 05:00:00,-3940.091484477876,-7998.844404800347,-8418.064110721778
2023-11-27 06:00:00,-4154.157465802851,-8433.423267683344,-8875.419266513803
2023-11-27 07:00:00,-4189.964162498259,-8506.115030462146,-8951.920807039594
2023-11-27 08:00:00,-4172.73823814209,-8471.144398638831,-8915.11736321908
2023-11-27 09:00:00,-4109.834581785293,-8343.44265321661,-8780.722764998096
2023-11-27 10:00:00,-4082.737622123904,-8288.432670573195,-8722.829707302903
2023-11-27 11:00:00,-4117.383020548109,-8358.766862667278,-8796.850116784613
2023-11-27 12:00:00,-4105.770037836085,-8335.191155820099,-8772.038806343817
2023-11-27 13:00:00,-4188.996413938924,-8504.150388224882,-8949.853197836195
2023-11-27 14:00:00,-4284.029322465653,-8697.078255924294,-9152.892421610051
2023-11-27 15:00:00,-4245.706479515974,-8619.278423328604,-9071.015097155421
2023-11-27 16:00:00,-4160.544606294465,-8446.389906449293,-8889.065487256243
2023-11-27 17:00:00,-4077.1246804797593,-8277.037745597057,-8710.837573923183
2023-11-27 18:00:00,-4011.3177784449563,-8143.442073463044,-8570.240148092
2023-11-27 19:00:00,-3858.6070557818407,-7833.421528422641,-8243.971415795519
2023-11-27 20:00:00,-3623.250606151488,-7355.620536319816,-7741.128857528696
2023-11-27 21:00:00,-3446.5397192168557,-6996.8768637952435,-7363.583416987901
2023-11-27 22:00:00,-3267.8933351635533,-6634.203906796141,-6981.902758040305
2023-11-27 23:00:00,-3153.118356026383,-6401.197337456523,-6736.684306517093
2023-11-28 00:00:00,-3134.3440339752774,-6363.083278053584,-6696.572687971138
2023-11-28 01:00:00,-3133.9569345515433,-6362.297421158678,-6695.745644289778
2023-11-28 02:00:00,-3193.1831463828657,-6482.533526079291,-6822.283327537843
2023-11-28 03:00:00,-3386.732858249932,-6875.461973532272,-7235.805168217796
2023-11-28 04:00:00,-3708.606029084864,-7528.901981646581,-7923.491989268555
2023-11-28 05:00:00,-3920.155864155568,-7958.3727747126895,-8375.471361131742
2023-11-28 06:00:00,-4116.995921124375,-8357.981005772372,-8796.023073103253
2023-11-28 07:00:00,-4149.705822429909,-8424.385913391925,-8865.908264178166
2023-11-28 08:00:00,-4127.060506141463,-8378.413285039927,-8817.52620881861
2023-11-28 09:00:00,-4073.2536862424176,-8269.179176647998,-8702.567137109585
2023-11-28 10:00:00,-4051.5761185133065,-8225.171190533265,-8656.25269095343
2023-11-28 11:00:00,-4095.7054528189974,-8314.758876552543,-8750.535670628458
2023-11-28 12:00:00,-4072.4794873949495,-8267.607462858186,-8700.913049746865
2023-11-28 13:00:00,-4147.770325311239,-8420.456628917396,-8861.773045771366
2023-11-28 14:00:00,-4228.287005447938,-8583.914863057837,-9033.798131494226
2023-11-28 15:00:00,-4201.77069492215,-8530.083665756778,-8977.145639321072
2023-11-28 16:00:00,-4113.124926887033,-8350.122436823312,-8787.752636289655
2023-11-28 17:00:00,-4028.350153089258,-8178.019776838906,-8606.630070071835
2023-11-28 18:00:00,-3962.5432510544556,-8044.424104704893,-8466.032644240651
2023-11-28 19:00:00,-3827.252002459376,-7769.767119935258,-8176.980877605366
2023-11-28 20:00:00,-3591.121353981555,-7290.394414042621,-7672.4842319758245
2023-11-28 21:00:00,-3411.894320792651,-6926.54267170116,-7289.563007506189
2023-11-28 22:00:00,-3221.2478546035904,-6539.508150959973,-6882.243994436437
2023-11-28 23:00:00,-3115.1826125004377,-6324.183361755739,-6655.634025743823
2023-11-29 00:00:00,-3065.633886262469,-6223.5936792077755,-6549.772434529756
2023-11-29 01:00:00,-3069.698430211677,-6231.845176604288,-6558.456393184035
2023-11-29 02:00:00,-3120.4084547208486,-6334.79242983697,-6666.799115442182
2023-11-29 03:00:00,-3304.087131282695,-6707.681526469849,-7059.231342247456
2023-11-29 04:00:00,-3618.992512490412,-7346.97611047585,-7732.031377033738
2023-11-29 05:00:00,-3825.316505340705,-7765.8378354607285,-8172.845659198566
2023-11-29 06:00:00,-3995.059602648123,-8110.4360838769935,-8535.504313474883
2023-11-29 07:00:00,-4051.189019089572,-8224.385333638358,-8655.42564727207
2023-11-29 08:00:00,-3995.833801495591,-8112.007797666805,-8537.158400837603
2023-11-29 09:00:00,-3930.994648020124,-7980.376767770056,-8398.62858420982
2023-11-29 10:00:00,-3917.252618477562,-7952.478848000895,-8369.268533521543
2023-11-29 11:00:00,-3926.155905223447,-7970.553556583732,-8388.290538192821
2023-11-29 12:00:00,-3930.0268994607886,-7978.412125532792,-8396.56097500642
2023-11-29 13:00:00,-3977.4465788682196,-8074.679595158772,-8497.873825973009
2023-11-29 14:00:00,-4083.8989203951064,-8290.790241257911,-8725.31083834698
2023-11-29 15:00:00,-4050.414820242104,-8222.813619848546,-8653.77155990935
2023-11-29 16:00:00,-3975.5110817495492,-8070.750310684242,-8493.738607566209
2023-11-29 17:00:00,-3838.8649851714,-7793.342826782437,-8201.792188046164
2023-11-29 18:00:00,-3788.3485103740954,-7690.788501997209,-8093.862987628695
2023-11-29 19:00:00,-3645.8959224399346,-7401.5931646718145,-7789.5109128882505
2023-11-29 20:00:00,-3456.2172048102093,-7016.523286167892,-7384.259509021898
2023-11-29 21:00:00,-3315.1194648591177,-6730.078447974669,-7082.802087166213
2023-11-29 22:00:00,-3145.182817839833,-6385.087271110951,-6719.729911049216
2023-11-29 23:00:00,-3015.8916103126326,-6122.61106821236,-6443.497321475008
2023-11-30 00:00:00,-3005.246376159944,-6101.000003602446,-6420.75362023761
2023-11-30 01:00:00,-2979.697814193491,-6049.1334485386515,-6366.168737267857
2023-11-30 02:00:00,-2997.117288261527,-6084.497008809421,-6403.385702929053
2023-11-30 03:00:00,-3059.0531960589883,-6210.234111994374,-6535.712691946637
2023-11-30 04:00:00,-3170.344280382552,-6436.167969279839,-6773.487750337609
2023-11-30 05:00:00,-3324.603400740604,-6749.331941899865,-7103.064657359531
2023-11-30 06:00:00,-3580.669669540733,-7269.176277880159,-7650.154052579107
2023-11-30 07:00:00,-3699.702742338979,-7510.827273063744,-7904.469984597277
2023-11-30 08:00:00,-3702.799537728852,-7517.114128222991,-7911.0863340481565
2023-11-30 09:00:00,-3689.6381573218914,-7490.394993796189,-7882.96684888192
2023-11-30 10:00:00,-3664.476694779173,-7439.3142956273,-7829.209009593526
2023-11-30 11:00:00,-3680.9284202878735,-7472.713213660804,-7864.358366051322
2023-11-30 12:00:00,-3675.702578067463,-7462.104145579574,-7853.193276352963
2023-11-30 13:00:00,-3774.800030543401,-7663.2835106755,-8064.916458781098
2023-11-30 14:00:00,-3930.8010983082568,-7979.983839322604,-8398.21506236914
2023-11-30 15:00:00,-3917.059068765695,-7952.085919553442,-8368.855011680864
2023-11-30 16:00:00,-3814.2841717642827,-7743.440913955908,-8149.274914279808
2023-11-30 17:00:00,-3753.8966616617577,-7620.847238350579,-8020.256099987664
2023-11-30 18:00:00,-3694.089800694834,-7499.432348087607,-7892.477851217559
2023-11-30 19:00:00,-3578.7341724220623,-7265.24699340563,-7646.018834172308
2023-11-30 20:00:00,-3404.5394317417026,-6911.611390697946,-7273.849177560351
2023-11-30 21:00:00,-3237.699580112291,-6572.907068993476,-6917.393350894233
2023-11-30 22:00:00,-3098.730886991737,-6290.784443722236,-6620.484669286027
2023-11-30 23:00:00,-2970.600977735739,-6030.665811508362,-6346.7332107559
2023-12-01 00:00:00,-2912.3425144637517,-5912.394348825014,-6222.2631367112335
2023-12-01 01:00:00,-2924.34259659951,-5936.7559125671,-6247.901490833391
2023-12-01 02:00:00,-2939.052374701407,-5966.618474573525,-6279.329150725067
2023-12-01 03:00:00,-3014.7303120414304,-6120.253497527641,-6441.016190430928
2023-12-01 04:00:00,-3063.117740008197,-6218.485609390887,-6544.3966506009165
2023-12-01 05:00:00,-3200.15093601008,-6496.678950187598,-6837.170113802322
2023-12-01 06:00:00,-3400.668437504361,-6903.752821748887,-7265.578740746752
2023-12-01 07:00:00,-3463.5720938611576,-7031.454567171106,-7399.973338967737
2023-12-01 08:00:00,-3457.5720527932785,-7019.2737853000635,-7387.1541619066575
2023-12-01 09:00:00,-3420.991157250403,-6945.01030873145,-7308.9985340181465
2023-12-01 10:00:00,-3417.89436186053,-6938.723453572202,-7302.382184567267
2023-12-01 11:00:00,-3451.5720117253995,-7007.093003429021,-7374.334984845579
2023-12-01 12:00:00,-3514.8627675059306,-7135.580605746146,-7509.5566267479235
2023-12-01 13:00:00,-3666.2186421859765,-7442.8506516543775,-7832.9307061596455
2023-12-01 14:00:00,-3862.6715997310494,-7841.673025819154,-8252.655374449796
2023-12-01 15:00:00,-3883.5749686126924,-7884.109298144076,-8297.315733243231
2023-12-01 16:00:00,-3857.0586580869044,-7830.2781008430175,-8240.663241070079
2023-12-01 17:00:00,-3779.8323230519445,-7673.499650309278,-8075.6680266387775
2023-12-01 18:00:00,-3745.5740240514738,-7603.9513151101,-8002.474660838426
2023-12-01 19:00:00,-3601.573038422376,-7311.612550205082,-7694.814411372542
2023-12-01 20:00:00,-3425.6363503352127,-6954.440591470321,-7318.923058194466
2023-12-01 21:00:00,-3262.4739432312754,-6623.201910267458,-6970.324146501266
2023-12-01 22:00:00,-3101.053483534142,-6295.499585091671,-6625.4469313741865
2023-12-01 23:00:00,-2979.11716505789,-6047.954663196293,-6364.928171745817
2023-12-02 00:00:00,-2977.9558667866877,-6045.597092511575,-6362.447040701737
2023-12-02 01:00:00,-2983.9559078545667,-6057.7778743826175,-6375.266217762816
2023-12-02 02:00:00,-3029.8271895670614,-6150.901916428974,-6473.270894003965
2023-12-02 03:00:00,-3241.1834749258983,-6579.97978104763,-6924.836744026472
2023-12-02 04:00:00,-3620.540910185349,-7350.119538055474,-7735.339551759177
2023-12-02 05:00:00,-3866.7361436802576,-7849.924523215666,-8261.339333104075
2023-12-02 06:00:00,-4029.511451360461,-8180.377347523624,-8609.111201115915
2023-12-02 07:00:00,-4097.834499649535,-8319.081089474526,-8755.084410875937
2023-12-02 08:00:00,-4074.4149845136203,-8271.536747332715,-8705.048268153663
2023-12-02 09:00:00,-4034.7372935808717,-8190.986415604854,-8620.276290814274
2023-12-02 10:00:00,-4051.189019089572,-8224.385333638358,-8655.42564727207
2023-12-02 11:00:00,-4094.737704259662,-8312.794234315279,-8748.46806142506
2023-12-02 12:00:00,-4091.253809446055,-8305.721522261125,-8741.02466829282
2023-12-02 13:00:00,-4174.867284972628,-8475.466611560812,-8919.66610346656
2023-12-02 14:00:00,-4261.384006177206,-8651.105627572297,-9104.510366250497
2023-12-02 15:00:00,-4229.835403142874,-8587.05829063746,-9037.106306219664
2023-12-02 16:00:00,-4141.576734531493,-8407.8829185989,-8848.540346869608
2023-12-02 17:00:00,-4094.350604835928,-8312.008377420372,-8747.6410177437
2023-12-02 18:00:00,-3966.2206955799297,-8051.889745206499,-8473.88955921357
2023-12-02 19:00:00,-3851.2521667308924,-7818.490247419428,-8228.25758584968
2023-12-02 20:00:00,-3622.4764073040196,-7354.048822530004,-7739.474770165977
2023-12-02 21:00:00,-3428.9266954369527,-6961.120375077022,-7325.952929486025
2023-12-02 22:00:00,-3241.5705743496324,-6580.765637942536,-6925.663787707832
2023-12-02 23:00:00,-3147.505414382238,-6389.802412480387,-6724.692173137375
2023-12-03 00:00:00,-3103.5696297884137,-6300.60765490856,-6630.822715303026
2023-12-03 01:00:00,-3132.0214374328725,-6358.368136684148,-6691.610425882979
2023-12-03 02:00:00,-3169.3765318232163,-6434.203327042574,-6771.42014113421
2023-12-03 03:00:00,-3375.3134252497753,-6852.279195132546,-7211.407379617678
2023-12-03 04:00:00,-3699.315642915245,-7510.041416168838,-7903.642940915917
2023-12-03 05:00:00,-3900.8008929688613,-7919.079929967392,-8334.119177063747
2023-12-03 06:00:00,-4120.479815937982,-8365.053717826526,-8803.466466235492
2023-12-03 07:00:00,-4231.964449973412,-8591.380503559443,-9041.655046467145
2023-12-03 08:00:00,-4224.996660346198,-8577.235079451135,-9026.768260202667
2023-12-03 09:00:00,-4116.995921124375,-8357.981005772372,-8796.023073103253
2023-12-03 10:00:00,-4104.608739564883,-8332.83358513538,-8769.557675299737
2023-12-03 11:00:00,-4146.415477328169,-8417.706129785225,-8858.878392886607
2023-12-03 12:00:00,-4115.447523429439,-8354.837578192748,-8792.714898377813
2023-12-03 13:00:00,-4160.157506870731,-8445.604049554388,-8888.238443574883
2023-12-03 14:00:00,-4270.287292923092,-8669.180336155134,-9123.532370921776
2023-12-03 15:00:00,-4242.803233837968,-8613.38449661681,-9064.812269545222
2023-12-03 16:00:00,-4161.5123548538,-8448.354548686557,-8891.133096459642
2023-12-03 17:00:00,-4085.0602186663086,-8293.14781194263,-8727.79196939106
2023-12-03 18:00:00,-4032.995346174068,-8187.450059577778,-8616.554594248155
2023-12-03 19:00:00,-3828.4133007305786,-7772.124690619976,-8179.462008649445
2023-12-03 20:00:00,-3607.379529778388,-7323.4004036286715,-7707.22006659294
2023-12-03 21:00:00,-3430.8621925556236,-6965.049659551552,-7330.088147892824
2023-12-03 22:00:00,-3280.66761614678,-6660.1371843280385,-7009.195199525182
2023-12-03 23:00:00,-3130.6665894498033,-6355.617637551977,-6688.715772998219
2023-12-04 00:00:00,-3109.1825714325587,-6312.002579884696,-6642.814848682745
2023-12-04 01:00:00,-3102.2147818053445,-6297.857155776389,-6627.928062418267
2023-12-04 02:00:00,-3188.731503009923,-6473.496171787872,-6812.772325202205
2023-12-04 03:00:00,-3366.7972379276243,-6834.990343444615,-7193.212418627761
2023-12-04 04:00:00,-3720.025462085021,-7552.084760046307,-7947.889777868672
2023-12-04 05:00:00,-3887.639512561901,-7892.360795540589,-8305.99969189751
2023-12-04 06:00:00,-4097.447400225801,-8318.295232579621,-8754.257367194577
2023-12-04 07:00:00,-4095.1248036833963,-8313.580091210184,-8749.29510510642
2023-12-04 08:00:00,-3990.220859851446,-8100.612872690669,-8525.166267457886
2023-12-04 09:00:00,-3915.123571647024,-7948.156635078912,-8364.719793274064
2023-12-04 10:00:00,-3901.1879923925953,-7919.865786862298,-8334.946220745107
2023-12-04 11:00:00,-3925.768805799713,-7969.767699688826,-8387.463494511461
2023-12-04 12:00:00,-3979.1885262750234,-8078.215951185849,-8501.595522539128
2023-12-04 13:00:00,-4084.4795695307075,-8291.96902660027,-8726.551403869022
2023-12-04 14:00:00,-4200.996496074682,-8528.511951966966,-8975.491551958352
2023-12-04 15:00:00,-4223.641812363128,-8574.484580318966,-9023.873607317906
2023-12-04 16:00:00,-4164.996249667407,-8455.427260740711,-8898.576489591882
2023-12-04 17:00:00,-4089.5118620392514,-8302.185166234049,-8737.3029717267
2023-12-04 18:00:00,-3990.6079592751803,-8101.398729585575,-8525.993311139246
2023-12-04 19:00:00,-3882.026570917756,-7880.965870564452,-8294.007558517793
2023-12-04 20:00:00,-3642.0249282025934,-7393.734595722755,-7781.240476074652
2023-12-04 21:00:00,-3422.1524555216056,-6947.367879416168,-7311.479665062227
2023-12-04 22:00:00,-3295.958043384278,-6691.178531676824,-7041.863424938898
2023-12-04 23:00:00,-3202.667082264352,-6501.787020004486,-6842.545897731161
2023-12-05 00:00:00,-3162.602291907869,-6420.45083138172,-6756.946876710412
2023-12-05 01:00:00,-3170.344280382552,-6436.167969279839,-6773.487750337609
2023-12-05 02:00:00,-3212.5381175695725,-6521.826370824589,-6863.6355116058385
2023-12-05 03:00:00,-3372.7972789955033,-6847.171125315657,-7206.031595688839
2023-12-05 04:00:00,-3720.412561508755,-7552.870616941213,-7948.716821550032
2023-12-05 05:00:00,-3933.1236948506616,-7984.698980692039,-8403.1773244573
2023-12-05 06:00:00,-4120.286266226115,-8364.660789379073,-8803.052944394813
2023-12-05 07:00:00,-4136.737991734815,-8398.059707412576,-8838.202300852608
2023-12-05 08:00:00,-4082.5440724120367,-8288.03974212574,-8722.416185462222
2023-12-05 09:00:00,-3981.7046725292953,-8083.324021002738,-8506.971306467967
2023-12-05 10:00:00,-3985.3821170547694,-8090.789661504345,-8514.828221440886
2023-12-05 11:00:00,-3987.3176141734402,-8094.718945978874,-8518.963439847686
2023-12-05 12:00:00,-4000.866094004135,-8122.223937300583,-8547.909968695283
2023-12-05 13:00:00,-4131.125050090671,-8386.664782436439,-8826.21016747289
2023-12-05 14:00:00,-4247.448426922778,-8622.814779355682,-9074.73679372154
2023-12-05 15:00:00,-4220.738566685122,-8568.59065360717,-9017.670779707707
2023-12-05 16:00:00,-4141.963833955227,-8408.668775493807,-8849.367390550968
2023-12-05 17:00:00,-4097.253850513934,-8317.902304132167,-8753.843845353898
2023-12-05 18:00:00,-4007.446784207615,-8135.583504513984,-8561.969711278402
2023-12-05 19:00:00,-3840.8004822900707,-7797.272111256967,-8205.927406452962
2023-12-05 20:00:00,-3637.1861854059166,-7383.91138453643,-7770.902430057653
2023-12-05 21:00:00,-3446.92681864059,-6997.662720690149,-7364.410460669261
2023-12-05 22:00:00,-3262.8610426550094,-6623.987767162364,-6971.151190182626
2023-12-05 23:00:00,-3162.602291907869,-6420.45083138172,-6756.946876710412
2023-12-06 00:00:00,-3141.505373314359,-6377.621630609345,-6711.872996076297
2023-12-06 01:00:00,-3164.53778902654,-6424.380115856249,-6761.082095117211
2023-12-06 02:00:00,-3225.3123985527986,-6547.759648356486,-6890.927953090716
2023-12-06 03:00:00,-3364.861740808954,-6831.0610589700855,-7189.077200220961
2023-12-06 04:00:00,-3664.0895953554386,-7438.5284387323945,-7828.381965912166
2023-12-06 05:00:00,-3893.833103341647,-7904.934505859084,-8319.232390799269
2023-12-06 06:00:00,-4052.9309664963757,-8227.921689665434,-8659.147343838189
2023-12-06 07:00:00,-4013.640374987361,-8148.157214832479,-8575.20241018016
2023-12-06 08:00:00,-3939.897934766009,-7998.451476352893,-8417.650588881097
2023-12-06 09:00:00,-3832.477844679787,-7780.376188016489,-8188.145967303724
2023-12-06 10:00:00,-3796.6711479843793,-7707.684425237688,-8111.644426777933
2023-12-06 11:00:00,-3862.6715997310494,-7841.673025819154,-8252.655374449796
2023-12-06 12:00:00,-3936.6075896642687,-7991.771692746193,-8410.620717589538
2023-12-06 13:00:00,-4035.898591852074,-8193.343986289572,-8622.757421858354
2023-12-06 14:00:00,-4190.54481163386,-8507.293815804505,-8953.161372561635
2023-12-06 15:00:00,-4108.479733802224,-8340.692154084441,-8777.828112113335
2023-12-06 16:00:00,-4042.672831767421,-8207.096481950426,-8637.230686282152
2023-12-06 17:00:00,-3947.4463735288246,-8013.77568580356,-8433.777940667616
2023-12-06 18:00:00,-3882.9943194770913,-7882.930512801717,-8296.075167721192
2023-12-06 19:00:00,-3752.9289131024225,-7618.882596113313,-8018.188490784264
2023-12-06 20:00:00,-3599.637541303706,-7307.683265730552,-7690.679192965742
2023-12-06 21:00:00,-3437.2493330472366,-6978.0162983175005,-7343.734368635263
2023-12-06 22:00:00,-3264.409440349946,-6627.131194741988,-6974.459364908066
2023-12-06 23:00:00,-3130.4730397379362,-6355.224709104525,-6688.302251157539
2023-12-07 00:00:00,-3143.6344201448965,-6381.943843531328,-6716.421736323776
2023-12-07 01:00:00,-3103.1825303646797,-6299.821798013654,-6629.995671621667
2023-12-07 02:00:00,-3139.182776771954,-6372.906489239908,-6706.9107339881375
2023-12-07 03:00:00,-3214.66716440011,-6526.148583746572,-6868.1842518533185
2023-12-07 04:00:00,-3312.4097688929787,-6724.5774497103275,-7077.012781396694
2023-12-07 05:00:00,-3451.7655614372666,-7007.485931876474,-7374.748506686259
2023-12-07 06:00:00,-3723.8964563223626,-7559.943328995366,-7956.1602146822715
2023-12-07 07:00:00,-3804.219586747195,-7723.008634688354,-8127.771778564452
2023-12-07 08:00:00,-3799.7679433742524,-7713.971280396935,-8118.260776228813
2023-12-07 09:00:00,-3810.606727238808,-7735.975273454302,-8141.41799930689
2023-12-07 10:00:00,-3791.0582063402344,-7696.2895002615505,-8099.652293398215
2023-12-07 11:00:00,-3804.800235882796,-7724.187420030713,-8129.012344086491
2023-12-07 12:00:00,-3795.509849713177,-7705.326854552969,-8109.163295733853
2023-12-07 13:00:00,-3892.0911559348433,-7901.398149832007,-8315.51069423315
2023-12-07 14:00:00,-4051.189019089572,-8224.385333638358,-8655.42564727207
2023-12-07 15:00:00,-4040.156685513149,-8201.988412133538,-8631.854902353312
2023-12-07 16:00:00,-3929.833349748921,-7978.019197085338,-8396.14745316574
2023-12-07 17:00:00,-3844.671476527412,-7805.130680206027,-8214.197843266562
2023-12-07 18:00:00,-3771.3161357297936,-7656.210798621347,-8057.473065648859
2023-12-07 19:00:00,-3642.9926767619286,-7395.69923796002,-7783.308085278051
2023-12-07 20:00:00,-3464.539842420493,-7033.419209408371,-7402.040948171136
2023-12-07 21:00:00,-3321.700155062598,-6743.4380151880705,-7096.861829749331
2023-12-07 22:00:00,-3148.2796132297062,-6391.374126270199,-6726.346260500095
2023-12-07 23:00:00,-3014.9238617532974,-6120.646425975095,-6441.429712271608
2023-12-08 00:00:00,-2991.310796905515,-6072.709155385831,-6390.980047708654
2023-12-08 01:00:00,-2970.213878312005,-6029.879954613456,-6345.90616707454
2023-12-08 02:00:00,-3001.3753819226026,-6093.141434653386,-6412.483183424011
2023-12-08 03:00:00,-3060.214494330191,-6212.591682679093,-6538.193822990717
2023-12-08 04:00:00,-3141.892472738093,-6378.407487504251,-6712.700039757657
2023-12-08 05:00:00,-3233.4414864512155,-6564.262643149511,-6908.295870399274
2023-12-08 06:00:00,-3505.765931048178,-7117.112968715856,-7490.121100235966
2023-12-08 07:00:00,-3594.798798507029,-7297.860054544228,-7680.341146948744
2023-12-08 08:00:00,-3607.573079490255,-7323.793332076124,-7707.63358843362
2023-12-08 09:00:00,-3582.0245175238024,-7271.926777012331,-7653.048705463867
2023-12-08 10:00:00,-3541.9597271673197,-7190.590588389564,-7567.449684443117
2023-12-08 11:00:00,-3562.4759966252286,-7232.241003819579,-7611.282999555192
2023-12-08 12:00:00,-3553.5727098793436,-7214.166295236742,-7592.260994883914
2023-12-08 13:00:00,-3709.7673273560667,-7531.259552331298,-7925.973120312635
2023-12-08 14:00:00,-3894.9944016128493,-7907.292076543802,-8321.713521843349
2023-12-08 15:00:00,-3920.736513291169,-7959.551560055049,-8376.711926653783
2023-12-08 16:00:00,-3846.2198742223486,-7808.274107785651,-8217.506017992
2023-12-08 17:00:00,-3811.1873763744093,-7737.154058796661,-8142.658564828929
2023-12-08 18:00:00,-3751.1869656956187,-7615.346240086236,-8014.466794218145
2023-12-08 19:00:00,-3614.927968541204,-7338.724613079337,-7723.347418379459
2023-12-08 20:00:00,-3413.8298179113217,-6930.471956175689,-7293.698225912989
2023-12-08 21:00:00,-3246.796416570043,-6591.3747060237665,-6936.82887740619
2023-12-08 22:00:00,-3086.537255144112,-6266.029951532698,-6594.432793323191
2023-12-08 23:00:00,-2988.407551227509,-6066.815228674036,-6384.777220098455
2023-12-09 00:00:00,-2967.310632633999,-6023.986027901661,-6339.70333946434
2023-12-09 01:00:00,-2978.1494164985547,-6045.990020959028,-6362.860562542417
2023-12-09 02:00:00,-3042.795020262155,-6177.2281224083235,-6500.976857329521
2023-12-09 03:00:00,-3229.5704922138743,-6556.404074200451,-6900.025433585674
2023-12-09 04:00:00,-3573.1212307779174,-7253.852068429494,-7634.026700792589
2023-12-09 05:00:00,-3803.638937611594,-7721.829849345994,-8126.531213042412
2023-12-09 06:00:00,-3986.543415325972,-8093.147232189062,-8517.309352484966
2023-12-09 07:00:00,-4031.059849055397,-8183.520775103248,-8612.419375841355
2023-12-09 08:00:00,-3947.2528238169575,-8013.382757356107,-8433.364418826935
2023-12-09 09:00:00,-3881.6394714940216,-7880.1800136695465,-8293.180514836433
2023-12-09 10:00:00,-3860.5425529005115,-7837.350812897172,-8248.106634202317
2023-12-09 11:00:00,-3887.833062273768,-7892.753723988041,-8306.413213738191
2023-12-09 12:00:00,-3918.994565884366,-7956.015204027972,-8372.990230087662
2023-12-09 13:00:00,-4009.962930461887,-8140.691574330873,-8567.34549520724
2023-12-09 14:00:00,-4139.447687700955,-8403.560705676919,-8843.991606622129
2023-12-09 15:00:00,-4121.060465073583,-8366.232503168885,-8804.707031757533
2023-12-09 16:00:00,-4033.382445597802,-8188.235916472684,-8617.381637929515
2023-12-09 17:00:00,-3952.091566613634,-8023.205968542432,-8443.702464843935
2023-12-09 18:00:00,-3885.510465731363,-7888.038582618606,-8301.450951650031
2023-12-09 19:00:00,-3742.4772286616007,-7597.664459950853,-7995.858311387547
2023-12-09 20:00:00,-3533.4435398451687,-7173.301736701632,-7549.2547234531985
2023-12-09 21:00:00,-3359.248799164809,-6819.666133993949,-7177.085066841242
2023-12-09 22:00:00,-3193.957345230334,-6484.105239869103,-6823.937414900563
2023-12-09 23:00:00,-3059.827394906457,-6211.805825784187,-6537.366779309357
2023-12-10 00:00:00,-3018.0206571431704,-6126.933281134342,-6448.046061722487
2023-12-10 01:00:00,-3015.8916103126326,-6122.61106821236,-6443.497321475008
2023-12-10 02:00:00,-3074.730722720221,-6242.061316238066,-6569.207961041713
2023-12-10 03:00:00,-3212.3445678577054,-6521.433442377136,-6863.221989765159
2023-12-10 04:00:00,-3583.960014642473,-7275.85606148686,-7657.183923870666
2023-12-10 05:00:00,-3805.3808850183973,-7725.366205373071,-8130.252909608531
2023-12-10 06:00:00,-3977.2530291563526,-8074.286666711319,-8497.460304132328
2023-12-10 07:00:00,-4008.6080824788173,-8137.9410751987025,-8564.45084232248
2023-12-10 08:00:00,-3995.059602648123,-8110.4360838769935,-8535.504313474883
2023-12-10 09:00:00,-3950.7367186305646,-8020.455469410261,-8440.807811959176
2023-12-10 10:00:00,-3951.898016901767,-8022.8130400949785,-8443.288943003254
2023-12-10 11:00:00,-3954.0270637323047,-8027.1352530169615,-8447.837683250735
2023-12-10 12:00:00,-3954.0270637323047,-8027.1352530169615,-8447.837683250735
2023-12-10 13:00:00,-3954.0270637323047,-8027.1352530169615,-8447.837683250735
2023-12-10 14:00:00,-3954.0270637323047,-8027.1352530169615,-8447.837683250735
2023-12-10 15:00:00,-3954.0270637323047,-8027.1352530169615,-8447.837683250735
2023-12-10 16:00:00,-3954.0270637323047,-8027.1352530169615,-8447.837683250735
2023-12-10 17:00:00,-3954.0270637323047,-8027.1352530169615,-8447.837683250735
2023-12-10 18:00:00,-3954.0270637323047,-8027.1352530169615,-8447.837683250735
2023-12-10 19:00:00,-3954.0270637323047,-8027.1352530169615,-8447.837683250735
2023-12-10 20:00:00,-3954.0270637323047,-8027.1352530169615,-8447.837683250735
2023-12-10 21:00:00,-3954.0270637323047,-8027.1352530169615,-8447.837683250735
2023-12-10 22:00:00,-3954.0270637323047,-8027.1352530169615,-8447.837683250735
2023-12-10 23:00:00,-3954.0270637323047,-8027.1352530169615,-8447.837683250735
2023-12-11 00:00:00,-3954.0270637323047,-8027.1352530169615,-8447.837683250735
2023-12-11 01:00:00,-3954.0270637323047,-8027.1352530169615,-8447.837683250735
2023-12-11 02:00:00,-3954.0270637323047,-8027.1352530169615,-8447.837683250735
2023-12-11 03:00:00,-3954.0270637323047,-8027.1352530169615,-8447.837683250735
2023-12-11 04:00:00,-3954.0270637323047,-8027.1352530169615,-8447.837683250735
2023-12-11 05:00:00,-3214.66716440011,-6526.148583746572,-6868.1842518533185
2023-12-11 06:00:00,-3214.66716440011,-6526.148583746572,-6868.1842518533185
2023-12-11 07:00:00,-3214.66716440011,-6526.148583746572,-6868.1842518533185
2023-12-11 08:00:00,-3214.66716440011,-6526.148583746572,-6868.1842518533185
2023-12-11 09:00:00,-3214.66716440011,-6526.148583746572,-6868.1842518533185
2023-12-11 10:00:00,-3214.66716440011,-6526.148583746572,-6868.1842518533185
2023-12-11 11:00:00,-3214.66716440011,-6526.148583746572,-6868.1842518533185
2023-12-11 12:00:00,-3214.66716440011,-6526.148583746572,-6868.1842518533185
2023-12-11 13:00:00,-3214.66716440011,-6526.148583746572,-6868.1842518533185
2023-12-11 14:00:00,-3214.66716440011,-6526.148583746572,-6868.1842518533185
2023-12-11 15:00:00,-3214.66716440011,-6526.148583746572,-6868.1842518533185
2023-12-11 16:00:00,-3214.66716440011,-6526.148583746572,-6868.1842518533185
2023-12-11 17:00:00,-3214.66716440011,-6526.148583746572,-6868.1842518533185
2023-12-11 18:00:00,-3214.66716440011,-6526.148583746572,-6868.1842518533185
2023-12-11 19:00:00,-3214.66716440011,-6526.148583746572,-6868.1842518533185
2023-12-11 20:00:00,-3214.66716440011,-6526.148583746572,-6868.1842518533185
2023-12-11 21:00:00,-3214.66716440011,-6526.148583746572,-6868.1842518533185
2023-12-11 22:00:00,-3214.66716440011,-6526.148583746572,-6868.1842518533185
2023-12-11 23:00:00,-3072.408126177816,-6237.34617486863,-6564.245698953554
2023-12-12 00:00:00,-3052.8596052792423,-6197.660401675879,-6522.479993044879
2023-12-12 01:00:00,-3046.666014499496,-6185.086691357384,-6509.247294143121
2023-12-12 02:00:00,-3078.795266669429,-6250.312813634579,-6577.891919695992
2023-12-12 03:00:00,-3279.119218451843,-6656.993756748415,-7005.887024799742
2023-12-12 04:00:00,-3607.185980066521,-7323.007475181218,-7706.80654475226
2023-12-12 05:00:00,-3812.155124933745,-7739.118701033925,-8144.726174032329
2023-12-12 06:00:00,-3994.2854038006544,-8108.864370087182,-8533.850226112165
2023-12-12 07:00:00,-4053.511615631977,-8229.100475007794,-8660.38790936023
2023-12-12 08:00:00,-4026.608205682455,-8174.483420811829,-8602.908373505716
2023-12-12 09:00:00,-3997.5757489023945,-8115.544153693882,-8540.880097403724
2023-12-12 10:00:00,-3987.8982633090413,-8095.897731321234,-8520.204005369726
2023-12-12 11:00:00,-4006.2854859364124,-8133.225933829266,-8559.488580234321
2023-12-12 12:00:00,-4038.80183753008,-8199.237913001367,-8628.960249468553
2023-12-12 13:00:00,-4093.7699557003266,-8310.829592078015,-8746.400452221658
2023-12-12 14:00:00,-4154.157465802851,-8433.423267683344,-8875.419266513803
2023-12-12 15:00:00,-4120.866915361717,-8365.83957472143,-8804.293509916852
2023-12-12 16:00:00,-4070.7375399881457,-8264.071106831108,-8697.191353180744
2023-12-12 17:00:00,-3989.0595615802436,-8098.255302005951,-8522.685136413806
2023-12-12 18:00:00,-3926.543004647181,-7971.339413478638,-8389.117581874181
2023-12-12 19:00:00,-3763.9612466788453,-7641.2795176181335,-8041.759235703022
2023-12-12 20:00:00,-3588.79875743915,-7285.679272673185,-7667.521969887665
2023-12-12 21:00:00,-3376.281173809111,-6854.243837369811,-7213.474988821078
2023-12-12 22:00:00,-3235.9576327054874,-6569.3707129664,-6913.671654328113
2023-12-12 23:00:00,-3067.182283957405,-6226.737106787399,-6553.080609255195
2023-12-13 00:00:00,-3078.408167245695,-6249.526956739673,-6577.064876014632
2023-12-13 01:00:00,-3056.3435000928494,-6204.7331137300325,-6529.923386177118
2023-12-13 02:00:00,-3120.2149050089815,-6334.399501389516,-6666.385593601502
2023-12-13 03:00:00,-3297.6999907910817,-6694.714887703901,-7045.585121505018
2023-12-13 04:00:00,-3622.0893078802856,-7353.262965635098,-7738.647726484617
2023-12-13 05:00:00,-3814.864820899884,-7744.619699298268,-8150.515479801848
2023-12-13 06:00:00,-4066.0923469033364,-8254.640824092237,-8687.266829004426
2023-12-13 07:00:00,-4082.737622123904,-8288.432670573195,-8722.829707302903
2023-12-13 08:00:00,-4086.6086163612454,-8296.291239522254,-8731.1001441165
2023-12-13 09:00:00,-4022.93076115698,-8167.017780310222,-8595.051458532796
2023-12-13 10:00:00,-4024.092059428183,-8169.375350994941,-8597.532589576876
2023-12-13 11:00:00,-4040.5437849368836,-8202.774269028445,-8632.681946034672
2023-12-13 12:00:00,-4038.995387241947,-8199.63084144882,-8629.373771309232
2023-12-13 13:00:00,-4106.931336107287,-8337.548726504816,-8774.519937387895
2023-12-13 14:00:00,-4163.254302260604,-8451.890904713635,-8894.854793025761
2023-12-13 15:00:00,-4126.286307293994,-8376.841571250116,-8815.872121455892
2023-12-13 16:00:00,-4031.059849055397,-8183.520775103248,-8612.419375841355
2023-12-13 17:00:00,-3914.930021935157,-7947.763706631459,-8364.306271433385
2023-12-13 18:00:00,-3869.4458396463965,-7855.425521480009,-8267.128638873595
2023-12-13 19:00:00,-3758.9289541703015,-7631.063377984356,-8031.007667845342
2023-12-13 20:00:00,-3578.9277221339294,-7265.639921853083,-7646.432356012988
2023-12-13 21:00:00,-3333.8937869102233,-6768.192507377608,-7122.913705712169
2023-12-13 22:00:00,-3232.0866384681462,-6561.51214401734,-6905.401217514514
2023-12-13 23:00:00,-3123.3117003988546,-6340.686356548764,-6673.001943052381
2023-12-14 00:00:00,-3075.698471279556,-6244.025958475331,-6571.275570245113
2023-12-14 01:00:00,-3071.053278194747,-6234.595675736459,-6561.351046068794
2023-12-14 02:00:00,-3089.053401398384,-6271.138021349587,-6599.80857725203
2023-12-14 03:00:00,-3140.7311744668905,-6376.049916819533,-6710.218908713577
2023-12-14 04:00:00,-3279.506317875577,-6657.779613643321,-7006.714068481102
2023-12-14 05:00:00,-3408.2168762671768,-6919.077031199553,-7281.70609253327
2023-12-14 06:00:00,-3708.025379949263,-7527.723196304221,-7922.251423746516
2023-12-14 07:00:00,-3841.768230849406,-7799.236753494232,-8207.995015656363
2023-12-14 08:00:00,-3889.9621091043055,-7897.075936910024,-8310.96195398567
2023-12-14 09:00:00,-3858.2199563581066,-7832.635671527735,-8243.144372114159
2023-12-14 10:00:00,-3876.800728697345,-7870.356802483222,-8282.842468819434
2023-12-14 11:00:00,-3833.445593239122,-7782.340830253754,-8190.213576507124
2023-12-14 12:00:00,-3824.929405916971,-7765.0519785658225,-8172.018615517206
2023-12-14 13:00:00,-3943.188279867749,-8005.131259959594,-8424.680460172656
2023-12-14 14:00:00,-4043.2534809030226,-8208.275267292785,-8638.471251804192
2023-12-14 15:00:00,-4010.156480173754,-8141.084502778326,-8567.75901704792
2023-12-14 16:00:00,-3939.3172856304077,-7997.272691010535,-8416.410023359058
2023-12-14 17:00:00,-3842.348879985007,-7800.415538836591,-8209.235581178402
2023-12-14 18:00:00,-3794.1550017301074,-7702.576355420799,-8106.268642849094
2023-12-14 19:00:00,-3652.0895132196806,-7414.16687499031,-7802.74361179001
2023-12-14 20:00:00,-3491.6368020818823,-7088.429192051788,-7459.934005866329
2023-12-14 21:00:00,-3327.5066464186098,-6755.22586861166,-7109.2674849697305
2023-12-14 22:00:00,-3151.3764086195793,-6397.660981429447,-6732.962609950974
2023-12-14 23:00:00,-3027.3110433127895,-6145.793846612085,-6467.895110075125
2023-12-15 00:00:00,-2980.6655627528266,-6051.098090775917,-6368.236346471257
2023-12-15 01:00:00,-2957.6331470406453,-6004.339605529012,-6319.027247430343
2023-12-15 02:00:00,-2957.826696752513,-6004.732533976465,-6319.440769271023
2023-12-15 03:00:00,-3023.8271484991824,-6138.721134557932,-6460.451716942886
2023-12-15 04:00:00,-3105.3115771952175,-6304.144010935637,-6634.544411869146
2023-12-15 05:00:00,-3172.0862277893552,-6439.704325306916,-6777.209446903729
2023-12-15 06:00:00,-3430.2815434200224,-6963.870874209193,-7328.847582370785
2023-12-15 07:00:00,-3492.217451217484,-7089.607977394147,-7461.174571388369
2023-12-15 08:00:00,-3508.475627014317,-7122.613966980198,-7495.910406005485
2023-12-15 09:00:00,-3468.2172869459673,-7040.884849909978,-7409.897863144055
2023-12-15 10:00:00,-3480.4109187935924,-7065.6393420995155,-7435.949739106892
2023-12-15 11:00:00,-3473.636678878245,-7051.8868464386605,-7421.476474683094
2023-12-15 12:00:00,-3543.5081248622564,-7193.734015969188,-7570.757859168556
2023-12-15 13:00:00,-3643.9604253212638,-7397.663880197285,-7785.375694481451
2023-12-15 14:00:00,-3843.1230788324756,-7801.987252626403,-8210.889668541122
2023-12-15 15:00:00,-3855.5102603919677,-7827.134673263394,-8237.355066344639
2023-12-15 16:00:00,-3824.155207069503,-7763.480264776011,-8170.364528154487
2023-12-15 17:00:00,-3756.9934570516307,-7627.134093509826,-8026.872449438543
2023-12-15 18:00:00,-3738.0255852886585,-7588.627105659434,-7986.347309051908
2023-12-15 19:00:00,-3581.4438683882013,-7270.747991669971,-7651.808139941827
2023-12-15 20:00:00,-3348.4100153002532,-6797.662140936582,-7153.927843763165
2023-12-15 21:00:00,-3186.215356755651,-6468.388101970983,-6807.396541273365
2023-12-15 22:00:00,-3038.9240260248134,-6169.369553459264,-6492.706420515922
2023-12-15 23:00:00,-2924.5361463113773,-5937.148841014552,-6248.315012674071
2023-12-16 00:00:00,-2883.116507971825,-5853.062153259614,-6159.821338768561
2023-12-16 01:00:00,-2864.9228350563208,-5816.126879199034,-6120.950285744646
2023-12-16 02:00:00,-2965.762234939062,-6020.8426003220375,-6336.3951647389
2023-12-16 03:00:00,-3169.3765318232163,-6434.203327042574,-6771.42014113421
2023-12-16 04:00:00,-3492.023901505617,-7089.215048946694,-7460.761049547689
2023-12-16 05:00:00,-3723.8964563223626,-7559.943328995366,-7956.1602146822715
2023-12-16 06:00:00,-3898.2847467145893,-7913.971860150503,-8328.743393134908
2023-12-16 07:00:00,-3929.25270061332,-7976.84041174298,-8394.9068876437
2023-12-16 08:00:00,-3853.574763273297,-7823.205388788864,-8233.219847937838
2023-12-16 09:00:00,-3779.2516739163434,-7672.320864966919,-8074.4274611167375
2023-12-16 10:00:00,-3725.057754593565,-7562.3008996800845,-7958.641345726351
2023-12-16 11:00:00,-3756.4128079160296,-7625.955308167467,-8025.631883916503
2023-12-16 12:00:00,-3774.800030543401,-7663.2835106755,-8064.916458781098
2023-12-16 13:00:00,-3846.8005233579497,-7809.452893128009,-8218.746583514041
2023-12-16 14:00:00,-4004.349988817742,-8129.2966493547365,-8555.353361827521
2023-12-16 15:00:00,-4002.6080414109383,-8125.760293327659,-8551.631665261402
2023-12-16 16:00:00,-3909.317080291012,-7936.368781655323,-8352.314138053665
2023-12-16 17:00:00,-3831.7036458323187,-7778.804474226677,-8186.491879941004
2023-12-16 18:00:00,-3794.735650865709,-7703.755140763157,-8107.509208371133
2023-12-16 19:00:00,-3700.6704908983143,-7512.791915301008,-7906.537593800677
2023-12-16 20:00:00,-3438.6041810303063,-6980.766797449672,-7346.629021520022
2023-12-16 21:00:00,-3247.7641651293784,-6593.339348261032,-6938.89648660959
2023-12-16 22:00:00,-3102.7954309409456,-6299.035941118748,-6629.168627940307
2023-12-16 23:00:00,-2990.34304834618,-6070.744513148566,-6388.912438505255
2023-12-17 00:00:00,-2982.213960447763,-6054.24151835554,-6371.544521196696
2023-12-17 01:00:00,-2948.7298602947603,-5986.264896946175,-6300.0052427590645
2023-12-17 02:00:00,-3011.4399669396903,-6113.5737139209405,-6433.986319139369
2023-12-17 03:00:00,-3180.021765975905,-6455.814391652488,-6794.163842371607
2023-12-17 04:00:00,-3501.507837387103,-7108.46854287189,-7481.023619741007
2023-12-17 05:00:00,-3692.928502423632,-7497.074777402889,-7889.996720173479
2023-12-17 06:00:00,-3867.7038922395927,-7851.889165452932,-8263.406942307476
2023-12-17 07:00:00,-3842.7359794087415,-7801.201395731497,-8210.062624859762
2023-12-17 08:00:00,-3738.0255852886585,-7588.627105659434,-7986.347309051908
2023-12-17 09:00:00,-3683.4445665421454,-7477.821283477693,-7869.734149980161
2023-12-17 10:00:00,-3649.1862675416746,-7408.272948278515,-7796.54078417981
2023-12-17 11:00:00,-3672.799332389457,-7456.210218867779,-7846.990448742764
2023-12-17 12:00:00,-3722.928707763027,-7557.9786867581015,-7954.0926054788715
2023-12-17 13:00:00,-3834.0262423747236,-7783.519615596113,-8191.454142029164
2023-12-17 14:00:00,-3981.124023393694,-8082.145235660379,-8505.730740945928
2023-12-17 15:00:00,-3971.2529880884736,-8062.105884840276,-8484.64112707125
2023-12-17 16:00:00,-3916.865519053828,-7951.692991105989,-8368.441489840183
2023-12-17 17:00:00,-3858.6070557818407,-7833.421528422641,-8243.971415795519
2023-12-17 18:00:00,-3791.638855475836,-7697.46828560391,-8100.892858920254
2023-12-17 19:00:00,-3641.250729355125,-7392.1628819329435,-7779.586388711932
2023-12-17 20:00:00,-3448.4752163355265,-7000.806148269773,-7367.7186353947
2023-12-17 21:00:00,-3257.441650722732,-6612.985770633681,-6959.572578643588
2023-12-17 22:00:00,-3095.053442466263,-6283.318803220629,-6612.627754313108
2023-12-17 23:00:00,-2990.730147769914,-6071.5303700434715,-6389.739482186615
2023-12-18 00:00:00,-2956.084749345709,-6001.196177949389,-6315.719072704903
2023-12-18 01:00:00,-2942.3427198031472,-5973.298258180226,-6286.359022016626
2023-12-18 02:00:00,-3011.246417227823,-6113.180785473488,-6433.572797298689
2023-12-18 03:00:00,-3204.7961290948897,-6506.109232926469,-6847.094637978641
2023-12-18 04:00:00,-3529.3789958959605,-7165.050239305119,-7540.57076479892
2023-12-18 05:00:00,-3721.960959203692,-7556.014044520836,-7952.0249962754715
2023-12-18 06:00:00,-3881.6394714940216,-7880.1800136695465,-8293.180514836433
2023-12-18 07:00:00,-3842.7359794087415,-7801.201395731497,-8210.062624859762
2023-12-18 08:00:00,-3786.606562967292,-7687.252145970132,-8090.141291062576
2023-12-18 09:00:00,-3693.315601847366,-7497.8606342977955,-7890.823763854839
2023-12-18 10:00:00,-3666.6057416097105,-7443.6365085492835,-7833.7577498410055
2023-12-18 11:00:00,-3713.444771881541,-7538.725192832905,-7933.830035285554
2023-12-18 12:00:00,-3726.412602576634,-7565.051398812255,-7961.535998611111
2023-12-18 13:00:00,-3823.1874585101677,-7761.515622538745,-8168.296918951087
2023-12-18 14:00:00,-3940.285034189743,-7999.2373332478,-8418.477632562457
2023-12-18 15:00:00,-3976.0917308851504,-8071.929096026602,-8494.979173088248
2023-12-18 16:00:00,-3895.5750507484504,-7908.4708618861605,-8322.954087365388
2023-12-18 17:00:00,-3862.2845003073153,-7840.887168924248,-8251.828330768436
2023-12-18 18:00:00,-3783.703317289286,-7681.358219258337,-8083.938463452377
2023-12-18 19:00:00,-3639.5087819483215,-7388.626525905866,-7775.864692145812
2023-12-18 20:00:00,-3453.7010585559374,-7011.415216351003,-7378.883725093059
2023-12-18 21:00:00,-3238.2802292478923,-6574.085854335835,-6918.633916416273
2023-12-18 22:00:00,-3077.44041868636,-6247.562314502407,-6574.997266811232
2023-12-18 23:00:00,-2946.79436317609,-5982.335612471645,-6295.870024352265
2023-12-19 00:00:00,-2912.1489647518847,-5912.001420377561,-6221.8496148705535
2023-12-19 01:00:00,-2909.0521693620117,-5905.7145652183135,-6215.233265419674
2023-12-19 02:00:00,-2970.020328600138,-6029.487026166003,-6345.49264523386
2023-12-19 03:00:00,-3153.505455450117,-6401.983194351429,-6737.511350198453
2023-12-19 04:00:00,-3514.8627675059306,-7135.580605746146,-7509.5566267479235
2023-12-19 05:00:00,-3638.541033388986,-7386.661883668601,-7773.797082942413
2023-12-19 06:00:00,-3717.122216407015,-7546.190833334512,-7941.686950258473
2023-12-19 07:00:00,-3709.380227932332,-7530.4736954363925,-7925.146076631275
2023-12-19 08:00:00,-3645.5088230162005,-7400.807307776909,-7788.683869206891
2023-12-19 09:00:00,-3524.3467033874167,-7154.834099671342,-7529.819196941241
2023-12-19 10:00:00,-3539.0564814893137,-7184.696661677769,-7561.246856832918
2023-12-19 11:00:00,-3584.7342134899413,-7277.427775276672,-7658.838011233386
2023-12-19 12:00:00,-3531.5080427264984,-7169.372452227102,-7545.119505046399
2023-12-19 13:00:00,-3701.057590322049,-7513.577772195915,-7907.364637482037
2023-12-19 14:00:00,-3853.574763273297,-7823.205388788864,-8233.219847937838
2023-12-19 15:00:00,-3850.671517595291,-7817.311462077069,-8227.01702032764
2023-12-19 16:00:00,-3776.7355276620715,-7667.212795150031,-8069.051677187898
2023-12-19 17:00:00,-3720.606111220622,-7553.263545388665,-7949.130343390712
2023-12-19 18:00:00,-3682.283268270943,-7475.4637127929755,-7867.253018936081
2023-12-19 19:00:00,-3582.992266083138,-7273.891419249596,-7655.116314667266
2023-12-19 20:00:00,-3399.1200398094247,-6900.609394169263,-7262.270566021312
2023-12-19 21:00:00,-3208.860673044098,-6514.360730322982,-6855.77859663292
2023-12-19 22:00:00,-3036.7949791942756,-6165.047340537281,-6488.157680268443
2023-12-19 23:00:00,-2928.6006902605855,-5945.400338411065,-6256.998971328349
2023-12-20 00:00:00,-2909.0521693620117,-5905.7145652183135,-6215.233265419674
2023-12-20 01:00:00,-2917.5683566841626,-5923.003416906245,-6233.428226409593
2023-12-20 02:00:00,-3002.343130481938,-6095.106076890651,-6414.550792627411
2023-12-20 03:00:00,-3173.828175196159,-6443.240681333992,-6780.931143469848
2023-12-20 04:00:00,-3547.1855693877305,-7201.199656470794,-7578.614774141475
2023-12-20 05:00:00,-3718.2835146782177,-7548.54840401923,-7944.168081302553
2023-12-20 06:00:00,-3883.1878691889583,-7883.32344124917,-8296.488689561871
2023-12-20 07:00:00,-3888.8008108331032,-7894.718366225306,-8308.48082294159
2023-12-20 08:00:00,-3809.83252839134,-7734.40355966449,-8139.76391194417
2023-12-20 09:00:00,-3742.2836789497337,-7597.271531503399,-7995.444789546867
2023-12-20 10:00:00,-3741.3159303903985,-7595.306889266135,-7993.377180343467
2023-12-20 11:00:00,-3791.0582063402344,-7696.2895002615505,-8099.652293398215
2023-12-20 12:00:00,-3801.316341069189,-7717.114707976559,-8121.568950954252
2023-12-20 13:00:00,-3874.4781321549403,-7865.641661113786,-8277.880206731274
2023-12-20 14:00:00,-4006.866135072014,-8134.404719171625,-8560.72914575636
2023-12-20 15:00:00,-3997.962848326129,-8116.330010588788,-8541.707141085082
2023-12-20 16:00:00,-3917.833267613163,-7953.657633343254,-8370.509099043584
2023-12-20 17:00:00,-3850.09086845969,-7816.13267673471,-8225.7764548056
2023-12-20 18:00:00,-3768.993539187389,-7651.495657251911,-8052.5108035607
2023-12-20 19:00:00,-3632.1538928973728,-7373.695244902653,-7760.150862199975
2023-12-20 20:00:00,-3429.700894284421,-6962.692088866834,-7327.607016848745
2023-12-20 21:00:00,-3290.345101740133,-6679.783606700687,-7029.87129155918
2023-12-20 22:00:00,-3107.8277234494894,-6309.252080752526,-6639.920195797985
2023-12-20 23:00:00,-2985.69785526137,-6061.314230409695,-6378.987914328935
2023-12-21 00:00:00,-2932.858783921661,-5954.044764255031,-6266.096451823309
2023-12-21 01:00:00,-2934.4071816165974,-5957.188191834654,-6269.404626548749
2023-12-21 02:00:00,-2973.891322837479,-6037.345595115063,-6353.763082047459
2023-12-21 03:00:00,-3074.343623296487,-6241.27545934316,-6568.380917360353
2023-12-21 04:00:00,-3279.31276816371,-6657.386685195867,-7006.300546640422
2023-12-21 05:00:00,-3435.5073856404333,-6974.479942290423,-7340.012672069143
2023-12-21 06:00:00,-3710.347976491668,-7532.438337673658,-7927.213685834675
2023-12-21 07:00:00,-3807.122832425201,-7728.902561400148,-8133.974606174651
2023-12-21 08:00:00,-3813.897072340548,-7742.6550570610025,-8148.447870598449
2023-12-21 09:00:00,-3772.4774340009963,-7658.568369306065,-8059.954196692939
2023-12-21 10:00:00,-3758.7354044584345,-7630.670449536903,-8030.594146004662
2023-12-21 11:00:00,-3724.0900060342296,-7560.336257442819,-7956.573736522952
2023-12-21 12:00:00,-3701.63823945765,-7514.756557538273,-7908.605203004077
2023-12-21 13:00:00,-3788.3485103740954,-7690.788501997209,-8093.862987628695
2023-12-21 14:00:00,-3905.058986629937,-7927.724355811357,-8343.216657558707
2023-12-21 15:00:00,-3886.8653137144324,-7890.789081750777,-8304.34560453479
2023-12-21 16:00:00,-3804.800235882796,-7724.187420030713,-8129.012344086491
2023-12-21 17:00:00,-3726.6061522885016,-7565.444327259708,-7961.949520451791
2023-12-21 18:00:00,-3665.2508936266413,-7440.886009417113,-7830.863096956246
2023-12-21 19:00:00,-3514.475668082196,-7134.79474885124,-7508.7295830665635
2023-12-21 20:00:00,-3345.8938690459813,-6792.554071119693,-7148.5520598343255
2023-12-21 21:00:00,-3198.7960880270107,-6493.928451055427,-6834.275460917563
2023-12-21 22:00:00,-3034.278832940004,-6159.939270720392,-6482.781896339603
2023-12-21 23:00:00,-2883.310057683692,-5853.455081707067,-6160.234860609241
2023-12-22 00:00:00,-2853.309852344297,-5792.551172351855,-6096.138975303848
2023-12-22 01:00:00,-2846.7291621408162,-5779.191605138453,-6082.07923272073
2023-12-22 02:00:00,-2850.987255801892,-5787.836030982419,-6091.176713215689
2023-12-22 03:00:00,-2913.8909121586885,-5915.537776404638,-6225.571311436674
2023-12-22 04:00:00,-2993.0527443123187,-6076.245511412908,-6394.701744274774
2023-12-22 05:00:00,-3077.246868974493,-6247.169386054955,-6574.583744970552
2023-12-22 06:00:00,-3310.861371198042,-6721.434022130704,-7073.704606671255
2023-12-22 07:00:00,-3429.12024514882,-6961.513303524475,-7326.366451326705
2023-12-22 08:00:00,-3422.3460052334726,-6947.760807863621,-7311.893186902907
2023-12-22 09:00:00,-3386.152209114331,-6874.283188189913,-7234.564602695756
2023-12-22 10:00:00,-3366.4101385038903,-6834.204486549709,-7192.385374946401
2023-12-22 11:00:00,-3372.6037292836363,-6846.778196868205,-7205.618073848159
2023-12-22 12:00:00,-3399.894238656893,-6902.181107959075,-7263.924653384032
2023-12-22 13:00:00,-3539.830680336782,-7186.268375467581,-7562.900944195637
2023-12-22 14:00:00,-3695.444648677904,-7502.182847219778,-7895.372504102318
2023-12-22 15:00:00,-3702.025338881384,-7515.542414433179,-7909.432246685436
2023-12-22 16:00:00,-3657.5089051519585,-7425.168871518994,-7814.322223329048
2023-12-22 17:00:00,-3600.02464072744,-7308.469122625458,-7691.506236647102
2023-12-22 18:00:00,-3581.056768964467,-7269.962134775065,-7650.981096260467
2023-12-22 19:00:00,-3450.7978128779314,-7005.5212896392095,-7372.680897482859
2023-12-22 20:00:00,-3268.0868848754203,-6634.596835243595,-6982.316279880985
2023-12-22 21:00:00,-3091.5695476526557,-6276.246091166476,-6605.184361180869
2023-12-22 22:00:00,-2952.213755108368,-5993.3376090003285,-6307.448635891304
2023-12-22 23:00:00,-2861.6324899545803,-5809.447095592333,-6113.920414453087
2023-12-23 00:00:00,-2796.7933364791133,-5677.816065695584,-5975.390597825302
2023-12-23 01:00:00,-2797.9546347503156,-5680.173636380302,-5977.871728869382
2023-12-23 02:00:00,-2860.858291107112,-5807.875381802522,-6112.266327090367
2023-12-23 03:00:00,-3006.6012241430135,-6103.750502734616,-6423.6482731223705
2023-12-23 04:00:00,-3344.7325707747787,-6790.196500434975,-7146.0709287902455
2023-12-23 05:00:00,-3537.8951832181115,-7182.339090993051,-7558.765725788838
2023-12-23 06:00:00,-3775.5742293908693,-7664.855224465312,-8066.570546143818
2023-12-23 07:00:00,-3832.864944103521,-7781.162044911395,-8188.973010985084
2023-12-23 08:00:00,-3861.3167517479797,-7838.9225266869835,-8249.760721565037
2023-12-23 09:00:00,-3781.5742704587483,-7677.036006336355,-8079.389723204897
2023-12-23 10:00:00,-3772.8645334247303,-7659.3542262009705,-8060.781240374299
2023-12-23 11:00:00,-3777.703276221407,-7669.177437387295,-8071.119286391298
2023-12-23 12:00:00,-3748.670819441347,-7610.238170269347,-8009.091010289305
2023-12-23 13:00:00,-3828.4133007305786,-7772.124690619976,-8179.462008649445
2023-12-23 14:00:00,-3880.0910737990853,-7877.036586089922,-8289.872340110993
2023-12-23 15:00:00,-3865.9619448327894,-7848.3528094258545,-8259.685245741355
2023-12-23 16:00:00,-3811.3809260862768,-7737.546987244114,-8143.072086669609
2023-12-23 17:00:00,-3748.4772697294798,-7609.845241821895,-8008.677488448625
2023-12-23 18:00:00,-3682.089718559076,-7475.070784345522,-7866.839497095401
2023-12-23 19:00:00,-3548.1533179470657,-7203.164298708059,-7580.682383344875
2023-12-23 20:00:00,-3330.9905412322173,-6762.2985806658135,-7116.71087810197
2023-12-23 21:00:00,-3150.02156063651,-6394.910482297276,-6730.067957066214
2023-12-23 22:00:00,-2993.2462940241858,-6076.63843986036,-6395.115266115454
2023-12-23 23:00:00,-2870.7293264123327,-5827.914732622623,-6133.355940965044
2023-12-24 00:00:00,-2859.116343700309,-5804.3390257754445,-6108.544630524247
2023-12-24 01:00:00,-2851.374355225626,-5788.621887877325,-6092.003756897049
2023-12-24 02:00:00,-2911.7618653281506,-5911.215563482655,-6221.0225711891935
2023-12-24 03:00:00,-3071.633927330348,-6235.774461078819,-6562.591611590834
2023-12-24 04:00:00,-3366.2165887920232,-6833.811558102256,-7191.971853105721
2023-12-24 05:00:00,-3563.250195472697,-7233.812717609391,-7612.937086917911
2023-12-24 06:00:00,-3779.8323230519445,-7673.499650309278,-8075.6680266387775
2023-12-24 07:00:00,-3829.1874995780468,-7773.696404409789,-8181.116096012165
2023-12-24 08:00:00,-3780.606521899413,-7675.07136409909,-8077.3221140014975
2023-12-24 09:00:00,-3699.702742338979,-7510.827273063744,-7904.469984597277
2023-12-24 10:00:00,-3686.5413619320184,-7484.108138636941,-7876.350499431041
2023-12-24 11:00:00,-3697.9607949321753,-7507.2909170366665,-7900.748288031158
2023-12-24 12:00:00,-3693.315601847366,-7497.8606342977955,-7890.823763854839
2023-12-24 13:00:00,-3771.7032351535277,-7656.996655516253,-8058.300109330219
2023-12-24 14:00:00,-3901.1879923925953,-7919.865786862298,-8334.946220745107
2023-12-24 15:00:00,-3873.3168338837377,-7863.284090429068,-8275.399075687194
2023-12-24 16:00:00,-3770.7354865941925,-7655.0320132789875,-8056.23250012682
2023-12-24 17:00:00,-3699.122093203378,-7509.648487721384,-7903.229419075237
2023-12-24 18:00:00,-3628.4764483718986,-7366.229604401046,-7752.2939472270555
2023-12-24 19:00:00,-3516.991814336468,-7139.902818668129,-7514.105366995403
2023-12-24 20:00:00,-3351.313260978259,-6803.5560676483765,-7160.130671373365
2023-12-24 21:00:00,-3177.6991694335,-6451.099250283052,-6789.201580283448
2023-12-24 22:00:00,-2994.407592295388,-6078.996010545078,-6397.596397159533
2023-12-24 23:00:00,-2879.0519640226166,-5844.810655863102,-6151.137380114282
2023-12-25 00:00:00,-2833.761331445723,-5752.865399159104,-6054.373269395173
2023-12-25 01:00:00,-2818.6644539200915,-5722.216980257771,-6022.1185658221375
2023-12-25 02:00:00,-2861.6324899545803,-5809.447095592333,-6113.920414453087
2023-12-25 03:00:00,-2959.568644159316,-6008.268890003542,-6323.162465837142
2023-12-25 04:00:00,-3049.7628098893692,-6191.373546516631,-6515.863643594
2023-12-25 05:00:00,-3196.2799417727388,-6488.820381238538,-6828.899676988723
2023-12-25 06:00:00,-3445.1848712337865,-6994.126364663072,-7360.688764103141
2023-12-25 07:00:00,-3592.669751676491,-7293.537841622245,-7675.792406701265
2023-12-25 08:00:00,-3625.5732026938927,-7360.3356776892515,-7746.091119616856
2023-12-25 09:00:00,-3644.7346241687324,-7399.235593987097,-7787.029781844171
2023-12-25 10:00:00,-3645.3152733043335,-7400.414379329456,-7788.270347366211
2023-12-25 11:00:00,-3653.4443612027503,-7416.917374122481,-7805.638264674769
2023-12-25 12:00:00,-3602.3472372698448,-7313.184263994894,-7696.468498735262
2023-12-25 13:00:00,-3690.799455593094,-7492.752564480907,-7885.447979926
2023-12-25 14:00:00,-3799.7679433742524,-7713.971280396935,-8118.260776228813
2023-12-25 15:00:00,-3762.6063986957756,-7638.529018485962,-8038.864582818262
2023-12-25 16:00:00,-3724.2835557460967,-7560.729185890272,-7956.987258363632
2023-12-25 17:00:00,-3642.6055773381945,-7394.913381065114,-7782.481041596691
2023-12-25 18:00:00,-3584.1535643543402,-7276.248989934314,-7657.597445711346
2023-12-25 19:00:00,-3473.443129166378,-7051.493917991208,-7421.062952842414
2023-12-25 20:00:00,-3299.054838774151,-6697.465386836072,-7048.479774389777
2023-12-25 21:00:00,-3130.8601391616703,-6356.010565999431,-6689.129294838899
2023-12-25 22:00:00,-2967.8912817696,-6025.16481324402,-6340.9439049863795
2023-12-25 23:00:00,-2866.471232751257,-5819.270306778658,-6124.258460470085
2023-12-26 00:00:00,-2795.4384884960436,-5675.065566563413,-5972.495944940543
2023-12-26 01:00:00,-2778.599663563609,-5640.880791635004,-5936.519544801387
2023-12-26 02:00:00,-2835.5032788525264,-5756.401755186181,-6058.0949659612925
2023-12-26 03:00:00,-3008.9238206854184,-6108.465644104052,-6428.61053521053
2023-12-26 04:00:00,-3320.3453070795285,-6740.687516055899,-7093.967176864572
2023-12-26 05:00:00,-3548.3468676589328,-7203.557227155512,-7581.095905185555
2023-12-26 06:00:00,-3774.4129311196666,-7662.497653780594,-8064.089415099739
2023-12-26 07:00:00,-3841.187581713805,-7798.057968151873,-8206.754450134322
2023-12-26 08:00:00,-3805.5744347302643,-7725.759133820525,-8130.666431449211
2023-12-26 09:00:00,-3752.9289131024225,-7618.882596113313,-8018.188490784264
2023-12-26 10:00:00,-3819.8971134084277,-7754.835838932045,-8161.267047659528
2023-12-26 11:00:00,-3783.896867001153,-7681.751147705791,-8084.351985293057
2023-12-26 12:00:00,-3772.6709837128633,-7658.961297753517,-8060.367718533619
2023-12-26 13:00:00,-3850.284418171557,-7816.525605182163,-8226.18997664628
2023-12-26 14:00:00,-3919.3816653081,-7956.801060922878,-8373.817273769022
2023-12-26 15:00:00,-3932.54304571506,-7983.520195349681,-8401.936758935259
2023-12-26 16:00:00,-3836.542388628995,-7788.627685413002,-8196.829925958004
2023-12-26 17:00:00,-3777.703276221407,-7669.177437387295,-8071.119286391298
2023-12-26 18:00:00,-3734.348140763184,-7581.1614651578275,-7978.490394078989
2023-12-26 19:00:00,-3599.4439915918388,-7307.290337283099,-7690.265671125062
2023-12-26 20:00:00,-3396.2167941314187,-6894.715467457469,-7256.067738411113
2023-12-26 21:00:00,-3220.8607551798564,-6538.722294065067,-6881.416950755077
2023-12-26 22:00:00,-3020.3432536855753,-6131.648422503778,-6453.008323810647
2023-12-26 23:00:00,-2890.6649467346406,-5868.38636271028,-6175.948690555079
2023-12-27 00:00:00,-2863.761536785118,-5813.7693085143155,-6118.469154700566
2023-12-27 01:00:00,-2848.664659259487,-5783.120889612984,-6086.21445112753
2023-12-27 02:00:00,-2910.9876664806825,-5909.643849692843,-6219.368483826474
2023-12-27 03:00:00,-3062.343541160729,-6216.913895601075,-6542.742563238196
2023-12-27 04:00:00,-3333.7002371983563,-6767.799578930155,-7122.500183871489
2023-12-27 05:00:00,-3520.2821594382085,-7146.58260227483,-7521.135238286962
2023-12-27 06:00:00,-3765.8967437975157,-7645.208802092663,-8045.894454109821
2023-12-27 07:00:00,-3823.1874585101677,-7761.515622538745,-8168.296918951087
2023-12-27 08:00:00,-3805.3808850183973,-7725.366205373071,-8130.252909608531
2023-12-27 09:00:00,-3761.4451004245734,-7636.1714478012445,-8036.383451774182
2023-12-27 10:00:00,-3768.4128900517876,-7650.316871909552,-8051.27023803866
2023-12-27 11:00:00,-3759.5096033059026,-7632.242163326715,-8032.248233367382
2023-12-27 12:00:00,-3733.96104133945,-7580.375608262922,-7977.663350397629
2023-12-27 13:00:00,-3811.574475798144,-7737.939915691567,-8143.485608510289
2023-12-27 14:00:00,-3922.478460697973,-7963.087916082125,-8380.433623219902
2023-12-27 15:00:00,-3912.413875680885,-7942.65563681457,-8358.930487504544
2023-12-27 16:00:00,-3837.5101371883306,-7790.592327650266,-8198.897535161403
2023-12-27 17:00:00,-3751.1869656956187,-7615.346240086236,-8014.466794218145
2023-12-27 18:00:00,-3703.7672862881873,-7519.078770460256,-7913.1539432515565
2023-12-27 19:00:00,-3588.79875743915,-7285.679272673185,-7667.521969887665
2023-12-27 20:00:00,-3400.474887792494,-6903.359893301434,-7265.165218906072
2023-12-27 21:00:00,-3250.2803113836503,-6598.44741807792,-6944.272270538429
2023-12-27 22:00:00,-3075.892020991423,-6244.418886922784,-6571.689092085793
2023-12-27 23:00:00,-2956.084749345709,-6001.196177949389,-6315.719072704903
2023-12-28 00:00:00,-2918.5361052434982,-5924.96805914351,-6235.495835612992
2023-12-28 01:00:00,-2901.6972803110634,-5890.7832842151,-6199.519435473836
2023-12-28 02:00:00,-2957.826696752513,-6004.732533976465,-6319.440769271023
2023-12-28 03:00:00,-3047.6337630588314,-6187.051333594649,-6511.31490334652
2023-12-28 04:00:00,-3260.151346688871,-6618.486768898022,-6965.361884413107
2023-12-28 05:00:00,-3402.797484334899,-6908.07503467087,-7270.1274809942315
2023-12-28 06:00:00,-3668.5412387283814,-7447.565793023813,-7837.892968247806
2023-12-28 07:00:00,-3777.3161767976726,-7668.391580492389,-8070.292242709938
2023-12-28 08:00:00,-3776.7355276620715,-7667.212795150031,-8069.051677187898
2023-12-28 09:00:00,-3743.057877797202,-7598.843245293211,-7997.098876909587
2023-12-28 10:00:00,-3739.767532695462,-7592.16346168651,-7990.069005618027
2023-12-28 11:00:00,-3745.3804743396067,-7603.5583866626475,-8002.061138997746
2023-12-28 12:00:00,-3723.509356898628,-7559.15747210046,-7955.3331710009115
2023-12-28 13:00:00,-3790.090457780899,-7694.324858024286,-8097.584684194815
2023-12-28 14:00:00,-3933.1236948506616,-7984.698980692039,-8403.1773244573
2023-12-28 15:00:00,-3934.672092545598,-7987.842408271663,-8406.48549918274
2023-12-28 16:00:00,-3836.348838917128,-7788.2347569655485,-8196.416404117323
2023-12-28 17:00:00,-3760.4773518652382,-7634.206805563979,-8034.3158425707825
2023-12-28 18:00:00,-3696.799496660973,-7504.933346351949,-7898.267156987078
2023-12-28 19:00:00,-3571.572833082981,-7250.70864084987,-7630.7185260671495
2023-12-28 20:00:00,-3413.2491687757206,-6929.293170833331,-7292.457660390949
2023-12-28 21:00:00,-3273.312727095831,-6645.205903324825,-6993.481369579344
2023-12-28 22:00:00,-3065.827435974336,-6223.986607655229,-6550.185956370436
2023-12-28 23:00:00,-2961.117041854253,-6011.4123175831655,-6326.470640562582
2023-12-29 00:00:00,-2898.7940346330574,-5884.889357503305,-6193.316607863637
2023-12-29 01:00:00,-2853.309852344297,-5792.551172351855,-6096.138975303848
2023-12-29 02:00:00,-2890.4713970227735,-5867.993434262828,-6175.535168714399
2023-12-29 03:00:00,-2961.31059156612,-6011.805246030619,-6326.884162403261
2023-12-29 04:00:00,-3029.8271895670614,-6150.901916428974,-6473.270894003965
2023-12-29 05:00:00,-3147.505414382238,-6389.802412480387,-6724.692173137375
2023-12-29 06:00:00,-3367.958536198827,-6837.347914129333,-7195.69354967184
2023-12-29 07:00:00,-3458.9269007763482,-7022.024284432235,-7390.0488147914175
2023-12-29 08:00:00,-3524.733802811151,-7155.619956566248,-7530.646240622601
2023-12-29 09:00:00,-3522.411206268746,-7150.904815196813,-7525.683978534442
2023-12-29 10:00:00,-3548.1533179470657,-7203.164298708059,-7580.682383344875
2023-12-29 11:00:00,-3551.0565636250717,-7209.058225419853,-7586.885210955074
2023-12-29 12:00:00,-3545.0565225571927,-7196.877443548811,-7574.066033893996
2023-12-29 13:00:00,-3659.8315016943634,-7429.884012888429,-7819.284485417207
2023-12-29 14:00:00,-3784.2839664248872,-7682.5370046006965,-8085.179028974417
2023-12-29 15:00:00,-3774.993580255268,-7663.6764391229535,-8065.329980621778
2023-12-29 16:00:00,-3736.0900881699877,-7584.697821184904,-7982.212090645108
2023-12-29 17:00:00,-3676.476776914931,-7463.675859369386,-7854.847363715683
2023-12-29 18:00:00,-3632.540992321107,-7374.481101797559,-7760.977905881334
2023-12-29 19:00:00,-3513.701469234728,-7133.223035061428,-7507.075495703843
2023-12-29 20:00:00,-3370.0875830293644,-6841.670127051316,-7200.24228991932
2023-12-29 21:00:00,-3201.6993337050167,-6499.822377767222,-6840.478288527762
2023-12-29 22:00:00,-3040.085324296016,-6171.727124143982,-6495.187551560002
2023-12-29 23:00:00,-2937.8910764302045,-5964.260903888808,-6276.848019680988
2023-12-30 00:00:00,-2867.4389813105927,-5821.234949015922,-6126.326069673485
2023-12-30 01:00:00,-2855.0517997511,-5796.087528378932,-6099.860671869968
2023-12-30 02:00:00,-2882.1487594124897,-5851.097511022349,-6157.753729565161
2023-12-30 03:00:00,-2972.3429251425428,-6034.202167535439,-6350.454907322019
2023-12-30 04:00:00,-3110.343869703761,-6314.360150569414,-6645.295979726824
2023-12-30 05:00:00,-3296.151593096145,-6691.571460124277,-7042.276946779578
2023-12-30 06:00:00,-3559.959850370957,-7227.1329340026905,-7605.907215626352
2023-12-30 07:00:00,-3721.3803100680907,-7554.835259178478,-7950.784430753432
2023-12-30 08:00:00,-3758.9289541703015,-7631.063377984356,-8031.007667845342
2023-12-30 09:00:00,-3782.5420190180835,-7679.000648573619,-8081.457332408297
2023-12-30 10:00:00,-3746.9288720345435,-7606.701814242271,-8005.369313723186
2023-12-30 11:00:00,-3746.7353223226764,-7606.308885794818,-8004.955791882506
2023-12-30 12:00:00,-3751.1869656956187,-7615.346240086236,-8014.466794218145
2023-12-30 13:00:00,-3828.026201306844,-7771.33883372507,-8178.634964968085
2023-12-30 14:00:00,-3972.6078360715433,-8064.8563839724475,-8487.53577995601
2023-12-30 15:00:00,-3984.8014679191683,-8089.610876161985,-8513.587655918845
2023-12-30 16:00:00,-3933.7043439862628,-7985.8777660343985,-8404.417889979339
2023-12-30 17:00:00,-3858.4135060699737,-7833.028599975189,-8243.557893954838
2023-12-30 18:00:00,-3795.896949136911,-7706.112711447875,-8109.990339415213
2023-12-30 19:00:00,-3667.767039880913,-7445.994079234001,-7836.238880885086
2023-12-30 20:00:00,-3511.9595218279246,-7129.686679034351,-7503.353799137724
2023-12-30 21:00:00,-3327.700196130477,-6755.618797059113,-7109.6810068104105
2023-12-30 22:00:00,-3117.8923084665767,-6329.684360020081,-6661.423331513342
2023-12-30 23:00:00,-2989.7623992105787,-6069.565727806207,-6387.671872983215
2023-12-31 00:00:00,-2916.0199589892263,-5919.859989326621,-6230.120051684153
2023-12-31 01:00:00,-2871.697074971668,-5829.879374859888,-6135.423550168444
2023-12-31 02:00:00,-2899.3746837686585,-5886.068142845665,-6194.557173385677
2023-12-31 03:00:00,-2985.310755837636,-6060.528373514789,-6378.160870647575
2023-12-31 04:00:00,-3073.182325025284,-6238.917888658442,-6565.899786316274
2023-12-31 05:00:00,-3218.3446089255845,-6533.614224248178,-6876.041166826238
2023-12-31 06:00:00,-3474.7979771494474,-7054.244417123379,-7423.957605727173
2023-12-31 07:00:00,-3627.315150100696,-7363.872033716329,-7749.812816182975
2023-12-31 08:00:00,-3620.540910185349,-7350.119538055474,-7735.339551759177
2023-12-31 09:00:00,-3560.7340492184253,-7228.704647792502,-7607.561302989072
2023-12-31 10:00:00,-3557.250154404818,-7221.631935738349,-7600.117909856833
2023-12-31 11:00:00,-3616.2828165242736,-7341.4751122115085,-7726.242071264218
2023-12-31 12:00:00,-3670.283186135185,-7451.10214905089,-7841.614664813925
2023-12-31 13:00:00,-3804.606686170929,-7723.7944915832595,-8128.598822245811
2023-12-31 14:00:00,-4003.1886905465394,-8126.939078670019,-8552.872230783441
2023-12-31 15:00:00,-4001.059643716002,-8122.616865748036,-8548.323490535962
2023-12-31 16:00:00,-3940.091484477876,-7998.844404800347,-8418.064110721778
2023-12-31 17:00:00,-3835.381090357793,-7786.270114728283,-8194.348794913923
2023-12-31 18:00:00,-3731.444895085178,-7575.267538446033,-7972.28756646879
2023-12-31 19:00:00,-3601.185938998642,-7310.826693310176,-7693.987367691182
2023-12-31 20:00:00,-3422.5395549453397,-6948.153736311074,-7312.306708743587
2023-12-31 21:00:00,-3274.183700799233,-6646.974081338363,-6995.342217862403
2023-12-31 22:00:00,-3125.8278466531265,-6345.794426365653,-6678.377726981221
2023-12-31 23:00:00,-2993.439843736053,-6077.031368307814,-6395.528787956134
